id	ind	lev	sl	ret	n	dd	sh	raw_x	fixed_x	h1_x	h2_x	sh_ok	both
1	obv_increasing	1.0	3.5	82.4218	325	-43.9584	2.18461	1.49352572186611	0.6314058653968696	0.5318449843748025	1.187199059776983	False	False
2	iftrsi_extreme_oversold	5.0	2.0	39363.7	187	-92.2241	3.99088	556.6528948647912	41.363254109256744	0.32665013734968895	126.62861385842966	False	False
3	stoch_oversold	4.0	2.5	107.61	65	-79.8875	4.06459	1.268031224236394	0.9692081137777396	0.3939428718638499	2.4602757988541715	False	False
4	price_above_sma	4.0	4.5	7.7478	373	-99.2217	2.11983	0.00020765929466487292	3.100687069864435e-05	0.000559769701295368	0.05539219187264168	False	False
5	regime_trending_bullish	5.0	7.5	126.677	133	-90.1884	3.46149	0.12365772592444867	0.12365772592444867	0.0829026383873678	1.4916018154530863	False	False
6	bottom_hunter_signal	4.0	5.5	1.63223	8	-13.066	9.82723	0.5906388975380188	0.5906388975380188	0.5182643275163532	1.1396479869037135	False	False
7	stoch_rsi_oversold	2.0	7.0	740.507	206	-82.3838	3.14502	8.00276476934472	6.860324785584552	0.8192115968134972	8.374301355436481	False	False
8	smc_ob_zone_revisit_bullish	3.0	9.5	99.8314	2	0.0	100.145	2.0122805526226326	2.0122805526226326	1.243445864738375	1.61830973883694	False	True
9	cci_bullish_cross_zero	5.0	2.0	48.3578	46	-65.3528	3.48979	3.021437569232203	0.7089784659516347	3.944643367509212	0.1797319554389295	False	False
10	tsi_oversold	2.0	3.0	427.295	65	-31.4008	5.43623	3.943055254848372	2.56677998560252	0.657334195550528	3.9048325843641822	False	False
11	bb_lower_break	4.0	4.5	28.5487	24	-39.9237	7.16817	0.4686293179258414	0.4464787975930498	0.21978558718869995	2.031428918083329	False	False
12	stoch_rsi_oversold	1.0	7.0	314.743	206	-50.9822	3.81971	4.718224929016686	4.406544722196091	1.207351071516429	3.649762547244426	False	True
13	ema_bullish_cross	1.0	9.5	6.06541	9	-5.77017	7.59772	0.9416264487967139	0.9416264487967139	1.0648620927002992	0.8842707945485393	False	False
14	ema_pullback_bounce_bullish	4.0	2.0	2.99471	5	-2.87345	12.0402	0.7997701061453049	0.7989082852415657	0.9027683229364705	0.8849538302838593	False	False
15	aroon_oscillator_zerolag_bullish	1.0	6.0	15.1515	0	0.0	0.0					False	False
16	tsi_positive	2.0	4.0	641.624	379	-61.0824	2.21077	9.545352948723702	2.6972949156721073	0.8109784637380368	3.325976010804878	False	False
17	aroon_bullish	5.0	4.5	760.614	296	-98.2617	2.7961	0.0985991375552636	0.01648598991836914	0.003451974592903637	4.77581438526809	False	False
18	keltner_lower_break	3.0	9.0	206.694	28	-34.424	7.57619	2.9747144660460405	2.9747144660460405	0.9979751725863649	2.980749970299094	False	False
19	aroon_oscillator_zerolag_trend	5.0	5.5	15.1515	0	0.0	0.0					False	False
20	macd_bullish_cross	4.0	9.0	277.008	26	-47.607	8.691	4.1779555432364015	4.1779555432364015	1.3012747130059648	3.210663744925358	False	True
21	anchored_vwap_pullback_long	5.0	7.5	0.808951	164	-97.7272	2.75049	0.033358877316033465	0.030973369783287127	0.04068197965551427	0.7613535537248332	False	False
22	volatility_stop_long	1.0	6.5	259.419	455	-54.2815	2.0063	3.2052098868092402	2.001281905446418	0.8601620812531909	2.326633490435549	False	False
23	rsi_bullish_cross_50	5.0	7.5	5.02441	33	-81.1116	5.06358	1.7429892331278978	1.6180641840009489	3.740389241874565	0.4325924601339156	False	False
24	cci_oversold	3.0	4.0	809.734	108	-68.2951	4.18246	6.073425545787288	3.7500695687114782	0.41622669806986967	9.009680508485735	False	False
25	tsi_positive	5.0	3.5	203.889	379	-94.862	2.36913	0.03069839746329231	0.0008579438563679944	0.0019279272679048097	0.44500841429582205	False	False
26	drawdown_recovery	2.0	3.0	46.2042	11	-9.28922	9.34208	1.4195384062815275	1.1616956585514318	1.7327447548401531	0.6704366902894471	False	False
27	macd_histogram_positive	2.0	8.5	31.5172	356	-85.4846	1.74757	0.08494224361064259	0.04335633979076713	0.042780441071181216	1.013461729359632	False	False
28	price_above_ema	2.0	3.5	283.176	368	-77.4916	1.98894	0.6354415352157249	0.1378773656262942	0.07480519504567003	1.8431522776207896	False	False
29	supertrend_bullish_cross	4.0	10.0	15.1515	0	0.0	0.0					False	False
30	rsi_dipbuy_macd_bullish	3.0	3.0	54.6753	12	-23.4896	12.1901	1.0880709277162606	1.0880709277162606	0.6974852950005204	1.5599912077220908	False	False
31	sma_bullish_cross	4.0	4.5	383.811	10	-17.4084	13.9318	5.061271812695302	5.061271812695302	1.102519103826097	4.590643187162068	False	True
32	vwmacd_positive	3.0	2.5	972.351	382	-83.1006	2.19718	10.910822845032207	0.3131513752003466	0.17615125393822065	1.7777413909876223	False	False
33	aroon_oscillator_zerolag_trend	2.0	7.5	15.1515	0	0.0	0.0					False	False
34	composer_rsi_strategy	1.0	2.0	15.1515	0	0.0	0.0					False	False
35	turtle_ha_breakout_bullish	2.0	7.5	58.709	9	-7.13563	15.2943	1.7856589382051873	1.7856589382051873	1.2825158946290505	1.3923094019210291	False	True
36	rsi_oversold	5.0	3.5	65.83	53	-81.9374	3.81042	0.06022292196410457	0.030654830137113422	0.010113438336820218	3.0310987338013153	False	False
37	smc_liquidity_sweep_bullish	2.0	6.0	54.4028	10	-12.7464	15.553	1.1693368728142979	1.1693368728142979	0.815808567841806	1.4333471342520208	False	False
38	cci_oversold	4.0	5.0	614.072	108	-75.1415	3.86351	2.0300596591991367	1.4783357820091796	0.14430992387162012	10.244172696843254	False	False
39	fisher_buy_signal	1.0	4.5	20.9153	27	-7.88772	10.597	1.0593359983361048	0.9922101726155004	1.0850175276501124	0.9144646490314208	False	False
40	aroon_bullish	2.0	5.0	704.354	296	-70.8413	2.42611	5.221293246109432	2.1695183485332756	0.31472680778260814	6.8933382695249525	False	False
41	smc_bos_bullish	1.0	2.0	48.966	22	-4.36174	11.1773	1.383582759683636	1.2973475492674666	1.0627139111299293	1.2207872087494018	False	True
42	smart_pullback_hunter_bullish	5.0	6.0	34.5656	1	0.0	0.0	1.2372834698251112	1.2372834698251112	1.0	1.2372834698251112	False	False
43	sma_bullish_cross	1.0	10.0	70.8727	10	0.0	10.3548	1.579639902412917	1.579639902412917	0.9843670276321146	1.6047265481989235	False	False
44	drawdown_shallow	1.0	9.5	178.672	656	-79.1395	1.51563	1.50564764436462	1.1458227048617078	0.36864492700044693	3.108201472308116	False	False
45	connors_rsi_oversold	5.0	9.5	105.154	74	-94.778	4.30821	0.04469294662150093	0.04469294662150093	0.008797529746052569	5.080169992213391	False	False
46	multi_day_momentum_bullish	4.0	4.5	69.1064	398	-99.3786	2.12459	0.029600455187780005	0.0041706502218480145	0.008448831226611718	0.49363635158334135	False	False
47	ema12_above_ema26	2.0	4.5	246.111	378	-67.7095	1.95825	3.2477793210382195	1.165464003161505	0.5375656777136705	2.168040206953607	False	False
48	aroon_oscillator_zerolag_strong	4.0	9.0	15.1515	0	0.0	0.0					False	False
49	keltner_lower_break	1.0	7.0	41.7596	28	-9.56346	7.71844	1.2151294339979892	1.2151294339979892	0.9199527691325343	1.3208606732536825	False	False
50	ulcer_decreasing	1.0	9.5	26.0922	375	-74.9284	1.68126	0.5089243280468357	0.4052393837301217	0.21423544244618503	1.89156088788584	False	False
51	drawdown_shallow	2.0	6.5	276.574	656	-97.5445	1.56508	0.24633266378472726	0.06452905283636164	0.027559218148193787	2.341468923006829	False	False
52	rsi_macd_combo_bullish	3.0	3.0	507.258	235	-84.5558	2.54718	0.20143764499117492	0.022009752970234598	0.014650968565072633	1.5022728956435714	False	False
53	connors_rsi_very_oversold	1.0	2.0	104.027	44	-8.91762	11.9112	1.82730797984554	1.6532291943015849	0.7175370027602557	2.3040333640521165	False	False
54	rsi_macd_combo_bullish	1.0	10.0	40.3831	235	-50.0722	2.53357	0.5928925960675081	0.5186819693504283	0.37550362708022506	1.3812968289640897	False	False
55	obv_divergence_bullish	4.0	6.5	0.701718	54	-79.9182	3.99392	0.6681344659594363	0.6681344659594363	0.8716695549718744	0.7664997155728287	False	False
56	aroon_strong_uptrend	1.0	5.0	69.1561	106	-25.6416	4.27355	1.2673053622513955	1.0493516417917728	0.7668053650076143	1.3684719613057912	False	False
57	dual_path_kaku_bullish	1.0	7.0	16.1213	6	-6.89924	14.2589	0.9993299283739783	0.9993299283739783	0.9993299283739783	1.0	False	False
58	smc_sweep_volume_bullish	3.0	6.0	15.1515	0	0.0	0.0					False	False
59	smart_pullback_hunter_bullish	2.0	3.5	22.9065	1	0.0	0.0	1.094782653235926	1.094782653235926	1.0	1.094782653235926	False	False
60	regime_trending_bullish	4.0	3.0	561.591	133	-74.7977	3.46956	2.354835913618167	1.1280512559681102	0.22885628014485815	4.929081497147876	False	False
61	price_above_vwap	2.0	9.5	60.5595	352	-95.5818	1.80372	1.5449816366047924	1.2493630635910389	1.0932303537176178	1.1428177596263023	False	True
62	aroon_oscillator_zerolag_reversion	4.0	3.5	15.1515	0	0.0	0.0					False	False
63	sma_bullish_cross	4.0	5.0	399.546	10	-13.0443	14.0762	5.183365943786589	5.183365943786589	1.0742614772441426	4.82505056132492	False	True
64	rebalancing_frontrun_bullish	2.0	6.5	295.812	366	-72.7934	2.03998	0.9439603720130797	0.6508004436307763	0.30832398065889693	2.110768167432185	False	False
65	turtle_ha_breakout_bullish	5.0	2.0	155.1	9	-8.94307	14.9064	2.9719955802478144	1.7749375854054243	1.0108548214764008	1.755877844865047	False	True
66	adx_increasing	2.0	7.0	325.493	339	-89.7746	2.14196	1.882016176165637	0.951724420801816	0.12908174420349275	7.373036572092314	False	False
67	macd_bullish_cross	1.0	5.0	83.0146	26	-8.37346	12.7026	1.8465438725513463	1.8354910298299218	1.2202723929878723	1.504165004778703	False	True
68	rsi_extreme_oversold	1.0	3.5	13.245	2	0.0	17.9003	0.9411081730688787	0.9411081730688787	0.9411081730688787	1.0	False	False
69	donchian_lower_break	1.0	4.5	27.9459	13	-2.30242	7.12526	1.1087989739572668	1.0998606612318234	0.9328659411952885	1.1790125597495427	False	False
70	fisher_extreme_oversold	5.0	8.5	1412.27	85	-97.9141	4.47082	0.09758228287019352	0.09758228287019352	0.0022650699988111694	43.08135418393692	False	False
71	cci_very_oversold	3.0	2.0	50.7311	12	-6.51504	12.6218	1.1507711930352515	0.7419831744055846	0.5237657161507245	1.4166318098454218	False	False
72	volume_accumulation_bullish	1.0	9.5	4.13154	10	-9.45534	12.166	0.6735505941687491	0.6735505941687491	0.6735505941687491	1.0	False	False
73	smc_fvg_bullish	4.0	2.5	103.383	38	-56.38	4.50899	2.5847888276198936	1.3139237118647131	3.070482859614598	0.427920874969364	False	False
74	smc_ob_zone_revisit_bullish	3.0	7.5	99.8314	2	0.0	100.145	2.0122805526226326	2.0122805526226326	1.243445864738375	1.61830973883694	False	True
75	connors_rsi_very_oversold	4.0	9.0	146.545	44	-66.34	5.2856	0.21915574676300373	0.21915574676300373	0.03161986432602602	6.930951521592031	False	False
76	multi_ma_golden_cross	3.0	10.0	46.0162	3	0.0	29.2032	1.756912484286963	1.756912484286963	1.5497123533132904	1.1337023161302664	False	True
77	multi_ma_golden_cross	3.0	6.0	46.0162	3	0.0	29.2032	1.756912484286963	1.756912484286963	1.5497123533132904	1.1337023161302664	False	True
78	smc_ob_zone_revisit_bullish	5.0	9.0	164.834	2	0.0	133.989	2.858409182036992	2.858409182036992	1.404782769180375	2.0347695350112676	False	True
79	rsi_oversold	1.0	9.0	27.1439	52	-30.0679	6.18413	0.9573286952354445	0.9573286952354445	0.6146886038631902	1.5574206016165457	False	False
80	rsi_hidden_bullish_divergence	2.0	5.5	115.347	22	-20.8376	11.6371	2.399236856476291	2.2864721696569075	1.5917709148747277	1.436432936605613	False	True
81	rsi_hidden_bullish_divergence	5.0	10.0	708.564	22	-49.9446	9.77161	5.984152938727994	5.984152938727994	1.1500282555626287	5.203483401197272	False	True
82	composer_rsi_strategy	1.0	7.0	15.1515	0	0.0	0.0					False	False
83	volume_spike_trend_bullish	3.0	2.0	37.6172	26	-15.5196	8.90651	1.4329348157103579	1.2204030885037798	1.226800921108104	0.9947849463639586	False	False
84	vwmacd_histogram_positive	1.0	5.0	43.1407	356	-56.5101	1.89867	0.9523433659657029	0.58627720287475	0.5025213862332572	1.1666711486038435	False	False
85	vwap_reclaim_bullish	1.0	4.0	15.1515	0	0.0	0.0					False	False
86	aroon_oscillator_zerolag_bullish	2.0	3.0	15.1515	0	0.0	0.0					False	False
87	bottom_hunter_signal	2.0	4.5	10.4434	8	0.0	17.0265	0.8551273363863136	0.8551273363863136	0.7991451041325119	1.0700526499684577	False	False
88	connors_rsi_very_oversold	4.0	5.0	303.493	44	-58.9819	5.93022	1.1161539842701949	1.102939624024376	0.09506126830620847	11.60240804353273	False	False
89	aroon_oscillator_zerolag_strong	3.0	9.0	15.1515	0	0.0	0.0					False	False
90	supertrend_bullish_cross	4.0	4.0	15.1515	0	0.0	0.0					False	False
91	connors_rsi_very_oversold	1.0	3.0	82.5013	44	-12.9261	11.0849	1.472389283598003	1.393770198220707	0.6319909848843811	2.205364050368042	False	False
92	vwap_reclaim_bullish	2.0	5.0	15.1515	0	0.0	0.0					False	False
93	cci_very_oversold	1.0	4.5	18.2969	12	-4.64336	13.0063	0.9886884418844654	0.9663142247320985	0.8564301113381231	1.128304822470905	False	False
94	composer_rsi_strategy	3.0	3.0	15.1515	0	0.0	0.0					False	False
95	trend_with_sma_filter	2.0	2.0	379.563	263	-63.3325	2.7934	6.380357757495048	1.2389424944717358	1.043230840764057	1.187601483832994	False	True
96	rsi_extreme_oversold	3.0	7.0	13.6861	2	0.0	20.7112	0.9506847478744035	0.9506847478744035	0.9506847478744035	1.0	False	False
97	aroon_bullish	2.0	4.5	1358.83	296	-67.5563	2.64269	13.839962086546409	4.929865240824861	0.5334614565205701	9.241277285484207	False	False
98	ulcer_low_risk	1.0	7.0	140.91	684	-72.1345	1.41213	1.6365405324218383	0.9837319616040203	0.43271887120388014	2.2733743015809584	False	False
99	iftrsi_extreme_oversold	1.0	4.0	572.837	187	-38.2288	4.76369	9.371717184281982	6.823971853857793	1.3561865177337928	5.031735505865922	False	True
100	rsi_macd_combo_bullish	2.0	4.0	107.711	235	-78.0899	2.26525	0.3213354428182345	0.12035310238301836	0.09723323682353764	1.237777392944755	False	False
101	sma_bullish_cross	5.0	4.5	529.668	10	-22.5039	14.3935	6.630659495244548	6.630659495244548	1.0961148805478855	6.049237733119961	False	True
102	willr_very_oversold	5.0	9.5	128.166	72	-95.0719	4.03259	0.23058239455711113	0.23058239455711113	0.03880980413004722	5.94134393939366	False	False
103	connors_rsi_oversold	4.0	9.0	234.488	74	-89.9367	4.40616	0.28499097041268495	0.28499097041268495	0.03085519294588664	9.23640214833521	False	False
104	smc_sweep_volume_bullish	5.0	7.5	15.1515	0	0.0	0.0					False	False
105	trend_with_sma_filter	1.0	2.0	171.444	263	-32.0821	3.63854	3.243539443577281	1.5008454461378165	1.1659015397242378	1.2872831838722842	False	True
106	smc_sweep_volume_bullish	3.0	3.0	15.1515	0	0.0	0.0					False	False
107	turtle_ha_breakout_bullish	3.0	10.0	63.8175	9	-24.2964	15.1517	2.0451204382075776	2.0451204382075776	1.4344265651057466	1.425740771927778	False	True
108	willr_very_oversold	4.0	10.0	451.9	72	-88.0899	4.57915	1.4142567339727692	1.3828016362548727	0.10858901604573336	12.734268037501073	False	False
109	willr_very_oversold	5.0	4.5	2174.84	72	-79.3321	5.27027	10.686487353126019	9.946254260230978	0.3203446465637216	31.04860457923249	False	False
110	smart_pullback_hunter_bullish	4.0	2.0	30.6614	1	0.0	0.0	1.1895653064718519	1.1895653064718519	1.0	1.1895653064718519	False	False
111	ad_accumulation	1.0	3.0	290.222	381	-27.8199	2.68444	2.3680960364832844	0.632211647842423	0.32796090038045267	1.9277043303303019	False	False
112	ad_divergence_bullish	4.0	3.0	123.43	74	-80.2142	3.93249	1.982176580459771	1.4668365508089993	1.2875839604703117	1.1392162343131496	False	True
113	vwap_bullish_cross	1.0	9.5	15.1515	0	0.0	0.0					False	False
114	cci_oversold	1.0	6.5	83.2899	108	-29.2937	4.6193	1.4345549695635638	1.4124066749406208	0.7071030928355454	1.9974550942448088	False	False
115	aroon_up_strong	3.0	9.5	220.151	178	-85.0574	2.84321	0.868298937351348	0.8368606015988307	0.3606490898334909	2.320428985375239	False	False
116	smc_sweep_volume_bullish	3.0	10.0	15.1515	0	0.0	0.0					False	False
117	willr_very_oversold	1.0	3.5	176.296	72	-18.0213	8.01267	2.937005944950062	2.7615664568014644	1.1127942789026066	2.481650480378828	False	True
118	tsi_oversold	3.0	6.0	151.488	65	-54.6529	3.976	0.8719947713801441	0.7042197600278938	0.22361349676623798	3.1492721602760554	False	False
119	smc_order_block_bullish	4.0	6.5	19.7908	2	0.0	29.0483	1.0597261538228264	1.0597261538228264	1.0122765582305886	1.0468741424529058	False	True
120	vwap_bullish_cross	1.0	6.0	15.1515	0	0.0	0.0					False	False
121	ema12_above_ema26	2.0	7.5	68.0413	378	-74.4517	1.76392	0.553502792838751	0.3405762319286271	0.21473615530112578	1.5860218389913672	False	False
122	dual_path_kaku_bullish	5.0	3.0	25.1368	6	-27.9268	9.73786	1.212774664978337	1.160126066910742	1.160126066910742	1.0	False	False
123	aroon_bullish	1.0	2.0	853.703	296	-25.1239	3.71113	12.077917091000387	4.453703038885468	1.3162297751308598	3.3836820310820586	False	True
124	sar_bullish	3.0	4.5	115.219	385	-97.0448	1.88556	0.03991046029593997	0.0018677332812611445	0.0069820391360655935	0.26750541566193764	False	False
125	willr_very_oversold	3.0	6.0	397.65	72	-70.0938	4.77884	3.1343890801649352	3.1343890801649352	0.4585457398324634	6.835499292415476	False	False
126	donchian_lower_break	1.0	8.0	13.6838	13	-5.61969	6.74893	0.9409087436590119	0.9409087436590119	0.8893154892544151	1.0580145685395084	False	False
127	ema12_above_ema26	3.0	2.5	1925.68	378	-72.7104	2.34536	9.986224686593584	0.27930620204394907	0.08869067830570264	3.1492171148046135	False	False
128	macd_bullish_cross	5.0	9.5	251.498	26	-59.4881	8.00856	3.341645979311346	3.341645979311346	0.9471615941998275	3.5280632151627778	False	False
129	willr_oversold	3.0	6.5	540.582	143	-86.0198	3.37977	1.3347821803406679	0.7155185761708853	0.04191363359574061	17.071260942730543	False	False
130	multi_day_momentum_bullish	2.0	3.5	346.02	398	-89.6529	2.0029	2.944552238605399	0.618984288912957	0.27869416755996584	2.221016300169871	False	False
131	keltner_lower_break	4.0	7.0	36.0213	28	-48.1195	5.4867	0.7141214532730022	0.7141214532730022	0.4600293462918233	1.5523389084399704	False	False
132	intraday_return_bullish	4.0	3.5	178.733	348	-93.8978	2.1577	0.08315827475771531	0.007420011644060346	0.023564808857166063	0.3148768016339721	False	False
133	coppock_positive	2.0	8.0	129.54	376	-86.4143	1.86431	0.39098527548670226	0.25738120386608776	0.12055043364518041	2.135050004246733	False	False
134	cci_very_oversold	5.0	2.5	47.4946	12	-13.9032	9.46176	0.8912022205159483	0.4666467561090521	0.30734854894612806	1.5182982243096446	False	False
135	macd_histogram_increasing	1.0	5.0	110.904	339	-51.4731	2.20002	2.2371455942313623	1.1974518322450942	0.8543479154899741	1.4015974177900907	False	False
136	stoch_rsi_oversold	1.0	4.5	641.856	206	-37.7035	4.65616	10.589464921323517	9.024725787493125	1.6521095228563585	5.462546921156978	False	True
137	composer_rsi_strategy	3.0	5.0	15.1515	0	0.0	0.0					False	False
138	vwap_bullish_cross	4.0	2.0	15.1515	0	0.0	0.0					False	False
139	willr_oversold	3.0	6.0	948.598	143	-84.1716	3.60522	3.2451009568478075	1.642872371418966	0.06647056012466812	24.715789491433423	False	False
140	composer_rsi_strategy	2.0	5.5	15.1515	0	0.0	0.0					False	False
141	rsi_oversold	1.0	6.0	44.3976	46	-14.5852	7.12335	1.1439746212912425	1.1439746212912425	0.7108570259904072	1.6092893218539845	False	False
142	intraday_return_bullish	4.0	6.5	58.3295	348	-96.7645	2.35262	0.00733350111395521	0.004578910295206753	0.016351834483320747	0.28002425659808067	False	False
143	bb_very_oversold	3.0	6.5	25.0874	59	-60.2053	3.79047	0.3169781481838186	0.3169781481838186	0.20285283366087442	1.5626015297066873	False	False
144	multi_day_momentum_bullish	1.0	9.0	115.261	398	-68.4653	2.05343	1.4190864282292825	1.1111442193700876	0.49456043587482884	2.246730912481064	False	False
145	adx_increasing	4.0	3.0	19923.2	339	-90.2889	2.95853	6.784053118198847	0.25212116745807195	0.005173832034910925	48.73006424577766	False	False
146	fisher_extreme_oversold	1.0	4.0	142.45	85	-33.6164	7.17568	2.17439106741985	1.8293105351905368	0.7139960463682461	2.5620737600654184	False	False
147	supertrend_bullish	3.0	2.0	111333.0	686	-87.4674	2.26201	1056.7783872225027	0.5389412063678779	0.02109711166713116	25.545734168319232	False	False
148	supertrend_bullish_cross	2.0	3.5	15.1515	0	0.0	0.0					False	False
149	supertrend_bullish_cross	2.0	8.5	15.1515	0	0.0	0.0					False	False
150	rsi_bullish_cross_50	4.0	5.0	50.2345	33	-62.1797	5.44179	2.4675257278795013	1.984216648123015	2.5410047826340274	0.78087875382358	False	False
151	turtle_ha_breakout_bullish	1.0	2.5	37.9697	9	0.0	13.0727	1.2900123027819161	1.1986307027990084	1.0237118206196092	1.17086730724036	False	True
152	fisher_buy_signal	2.0	6.5	0.374037	27	-28.0542	6.78986	0.706448649579482	0.6113077924063277	0.8814544852527103	0.6935216765401875	False	False
153	vwap_bullish_cross	3.0	10.0	15.1515	0	0.0	0.0					False	False
154	willr_oversold	3.0	8.0	746.968	143	-87.6543	3.53583	1.3953126745715867	0.8399207827916305	0.03731418130585289	22.509425462321076	False	False
155	dual_path_kaku_bullish	3.0	4.0	24.5721	6	-12.5215	12.745	1.2098060343626602	1.2098060343626602	1.2098060343626602	1.0	False	False
156	aroon_oscillator_zerolag_bullish	5.0	5.0	15.1515	0	0.0	0.0					False	False
157	vwap_bounce_bullish	2.0	4.0	15.1515	0	0.0	0.0					False	False
158	trix_bullish_cross	1.0	10.0	19.2979	9	-2.59833	9.90793	1.1259873646985383	1.1259873646985383	1.0970016996515095	1.0264226254674325	False	True
159	coppock_buy_signal	1.0	9.0	10.2806	16	-16.8642	11.0661	0.9612053845577401	0.8741344340720273	0.9323024353394394	0.9376082276925148	False	False
160	turtle_ha_breakout_bullish	5.0	4.5	139.703	9	-22.3164	16.5438	3.3793809111210615	2.7286956640007523	1.3811280078885777	1.9757007666308142	False	True
161	trend_with_sma_filter	2.0	5.0	94.5985	263	-76.6139	2.15546	2.312817168573115	1.3096052536427625	1.2518040130963706	1.046174353126907	False	True
162	keltner_lower_break	5.0	9.5	168.159	28	-61.3772	6.48618	2.1128649907409054	2.1128649907409054	0.7298359887734202	2.894986028699181	False	False
163	smart_pullback_hunter_bullish	3.0	9.5	26.8107	1	0.0	0.0	1.1425008165891852	1.1425008165891852	1.0	1.1425008165891852	False	False
164	stoch_oversold	4.0	6.0	303.403	65	-89.4143	4.70455	0.7783345067409122	0.7783345067409122	0.1253597553242888	6.208806843372226	False	False
165	roc_above_threshold	5.0	3.0	7.98822	27	-65.476	5.00482	0.2972358390489373	0.10022444911838589	0.15831858060962983	0.6330555057559029	False	False
166	smart_entry_signal	5.0	4.0	9.58127	10	-20.7956	9.24593	0.6213684177773167	0.4277824431680554	0.4345808229116954	0.9843564663113971	False	False
167	aroon_oscillator_zerolag_strong	4.0	6.0	15.1515	0	0.0	0.0					False	False
168	smc_order_block_bullish	3.0	2.5	3.25596	2	0.0	27.1943	0.8284926037593437	0.8000905085735358	0.9122456539670588	0.8770559827763532	False	False
169	cmf_positive	3.0	4.0	481.063	379	-92.1032	2.08452	2.707227934453792	0.14142486886295041	0.1037897914933724	1.3626086614884614	False	False
170	cmf_positive	1.0	9.0	156.225	379	-51.8748	2.17026	2.2595795923060815	1.7300314259688867	0.8654231455866243	1.9990584199087857	False	False
171	smc_sweep_volume_bullish	2.0	10.0	15.1515	0	0.0	0.0					False	False
172	vwap_bounce_bullish	4.0	7.5	15.1515	0	0.0	0.0					False	False
173	aroon_oscillator_zerolag_reversion	1.0	7.5	15.1515	0	0.0	0.0					False	False
174	macd_histogram_positive	2.0	7.0	57.1427	356	-84.0777	1.76163	0.12041077539740457	0.04700945173358118	0.04358749286472555	1.0785078159800512	False	False
175	cci_very_oversold	1.0	2.5	25.1917	12	-2.66008	14.229	1.0366644428286453	0.9326518110486489	0.8105112561882588	1.1506956922903242	False	False
176	rebalancing_frontrun_bullish	5.0	2.0	1442.62	366	-92.4302	2.39211	0.6226878784268184	0.0033840936756204996	0.008663364197459646	0.39062119501022613	False	False
177	aroon_oscillator_zerolag_bullish	3.0	3.0	15.1515	0	0.0	0.0					False	False
178	anchored_vwap_pullback_long	3.0	6.5	22.7363	164	-86.3812	2.29568	0.6478804766904902	0.35956617455503165	0.3700412373749071	0.9716921743798448	False	False
179	bb_very_oversold	3.0	5.0	117.334	59	-48.6359	4.40683	0.9732292789137635	0.9651940713309776	0.33876739309873916	2.8491351027094174	False	False
180	intraday_return_bullish	1.0	5.0	237.084	348	-40.2473	2.59543	2.667865072548025	1.974707884129956	0.9675894853622249	2.04085297949544	False	False
181	dual_path_kaku_bullish	3.0	3.5	20.7884	6	-17.3824	11.4948	1.1215267732174299	1.1136404140854212	1.1136404140854212	1.0	False	False
182	smc_fvg_bullish	3.0	2.5	108.573	38	-42.2107	5.03927	2.625775279323167	1.6215141890700233	2.8336306893786207	0.5722390695258883	False	False
183	regime_trending_bullish	4.0	9.0	126.825	133	-82.8108	3.25751	0.37229203503789926	0.37229203503789926	0.1843897658013824	2.0190493405090506	False	False
184	sma_bullish_cross	5.0	5.0	556.811	10	-17.0738	14.5683	6.8417273939919925	6.8417273939919925	1.0582565098541066	6.465093604701951	False	True
185	aroon_oscillator_zerolag_strong	2.0	8.0	15.1515	0	0.0	0.0					False	False
186	smc_order_block_bullish	3.0	10.0	18.6236	2	0.0	28.6808	1.0446646971794857	1.0446646971794857	1.0092074186729414	1.0351337870198862	False	True
187	macd_bullish_cross	2.0	10.0	135.345	26	-26.5245	10.3095	2.4683775588483208	2.4683775588483208	1.2398769264204614	1.990824658681692	False	True
188	supertrend_swing_break_bullish	5.0	6.5	15.1515	0	0.0	0.0					False	False
189	aroon_up_strong	2.0	2.5	1270.87	178	-40.9832	3.58511	20.95438795274786	6.644526250449436	2.824798233018514	2.3522126900190155	False	True
190	multi_ma_ema_cross	1.0	3.5	6.63768	9	-7.87196	7.637	0.9305122352106476	0.8995140928013212	1.088540909488652	0.8263484495257719	False	False
191	turtle_ha_breakout_bullish	2.0	3.5	62.3069	9	-3.52409	13.6845	1.6006015647312675	1.431710863615747	1.0126593907790875	1.4138128542058581	False	True
192	drawdown_shallow	4.0	5.0	316.547	656	-99.8148	1.86665	0.0007571560504823779	5.066726217099479e-05	0.00014675635201342237	0.3452474899782254	False	False
193	obv_divergence_bullish	3.0	4.5	57.6521	54	-63.674	4.81573	1.8163728886799384	1.74447009926487	1.651467658353085	1.056315024058377	False	True
194	volume_accumulation_bullish	1.0	5.0	6.46095	10	-5.14839	12.1011	0.7617432826336771	0.7617432826336771	0.7617432826336771	1.0	False	False
195	ad_accumulation	4.0	3.0	417.731	381	-92.3572	2.2181	0.0142711579179579	0.00015508766557140988	0.0006015863898969671	0.2577978294987217	False	False
196	donchian_upper_break	1.0	5.0	10.9187	26	-5.03299	11.3729	0.910957992608221	0.908143618573192	0.9356434995208581	0.9706085908129016	False	False
197	price_above_ema	4.0	4.5	53.3064	368	-98.7236	2.15551	0.001581430634867052	0.00024469551655758193	0.002502520406055244	0.09777962887555378	False	False
198	aroon_oscillator_zerolag_reversion	5.0	8.5	15.1515	0	0.0	0.0					False	False
199	bb_very_oversold	1.0	10.0	52.2638	59	-17.2798	6.35967	1.108974096826362	1.108974096826362	0.7031540930136742	1.5771423473813102	False	False
200	adx_increasing	4.0	5.0	653.257	339	-96.991	2.5683	0.22934171050872976	0.05517627775030493	0.0074316231077316336	7.42452583378472	False	False
201	rsi_oversold	2.0	5.0	53.8351	26	-17.5034	7.1473	1.2523952201778707	1.2523952201778707	0.8126469513672299	1.5411307678824002	False	False
202	aroon_oscillator_zerolag_bullish	4.0	8.0	15.1515	0	0.0	0.0					False	False
203	sma10_above_sma20	1.0	7.0	231.023	375	-48.4011	2.3567	3.034887237180791	2.5472916384663122	0.8931589912323205	2.8520024580973313	False	False
204	sma_bullish_cross	1.0	5.0	76.3925	10	0.0	10.4998	1.666714605258637	1.666714605258637	1.0395425836119923	1.6033153730629046	False	True
205	cmf_bullish_divergence	4.0	5.5	145.028	115	-93.4341	3.1741	0.9264330510783233	0.6095236202063452	0.19237279702875254	3.1684501635397218	False	False
206	smart_entry_signal	3.0	9.5	31.7516	10	-28.472	11.6883	0.8544248217508664	0.8544248217508664	0.5309426808376687	1.6092600060007223	False	False
207	tsi_oversold	1.0	9.5	60.2093	65	-20.9139	5.4075	1.1726863479233558	1.172246384863336	0.6410067554185519	1.828758238433705	False	False
208	trix_positive	1.0	6.0	180.762	371	-51.8368	2.37836	3.0291694500104396	2.495669299307885	0.8435417288884945	2.958560571266987	False	False
209	fisher_buy_signal	3.0	3.5	5.37197	27	-48.3786	6.10874	0.8839267695440893	0.6352899563698647	1.2154263631124882	0.5226889720764338	False	False
210	iftrsi_buy_signal	2.0	2.5	10.9922	47	-26.6685	5.90503	1.187771837591802	0.6509045498037652	1.3497888496777033	0.48222694235412095	False	False
211	volume_spike_trend_bullish	2.0	5.5	4.29626	26	-21.4429	8.88871	0.7669788343802829	0.7669788343802829	0.8507233886227461	0.9015607712654534	False	False
212	fisher_extreme_oversold	1.0	10.0	173.978	85	-44.715	7.03205	2.4373325839127946	2.3582967652528897	0.6764494286317638	3.4862868759057903	False	False
213	dual_path_kaku_bullish	3.0	7.0	14.521	6	-21.3207	9.28046	0.8791788214829392	0.8791788214829392	0.8791788214829392	1.0	False	False
214	trix_bullish_cross	2.0	3.5	14.1069	9	-12.2806	8.77997	1.028924703337972	1.028924703337972	1.0043562854015413	1.0244618551141023	False	True
215	dual_path_mou_bullish	3.0	7.5	42.0163	34	-39.262	6.0762	0.5933353660568731	0.3686148673240802	0.23669440861225732	1.5573450572207193	False	False
216	stoch_oversold	2.0	3.0	167.358	65	-39.7797	5.82055	2.8827505022175437	2.098971945312514	0.9567048334841971	2.19395980019075	False	False
217	keltner_lower_break	2.0	7.5	109.872	28	-23.39	7.60793	1.6528926836533808	1.6528926836533808	0.7905700790936154	2.090760487101173	False	False
218	intraday_return_bullish	4.0	2.0	2537.59	348	-84.302	2.46519	7.13207707728013	0.0996470662243879	0.10356686216875674	0.9621520256355577	False	False
219	anchored_vwap_pullback_long	1.0	5.5	40.1323	164	-34.8853	3.20933	1.3499604608191271	1.3092029990963576	1.1900503529719757	1.1001240374634704	False	True
220	aroon_oscillator_zerolag_bullish	2.0	7.5	15.1515	0	0.0	0.0					False	False
221	ema12_above_ema26	2.0	8.0	80.9716	378	-77.6333	1.79353	0.6262315655430957	0.4083182073244437	0.21329285269632697	1.9143548513825763	False	False
222	composer_rsi_strategy	4.0	6.0	15.1515	0	0.0	0.0					False	False
223	dual_path_mou_bullish	1.0	4.0	30.6954	34	-4.48428	11.2936	1.0445701285282776	1.0108297013339984	0.8627290939649925	1.1716652520530568	False	False
224	smc_order_block_bullish	1.0	2.0	11.7497	2	0.0	27.4822	0.9506036607125957	0.9356524945385364	0.9756920807341176	0.9589628869740798	False	False
225	donchian_upper_break	1.0	6.0	13.5341	26	-6.03096	11.6226	0.9753788996746401	0.9736610744879192	1.0046588975037736	0.9691459229666178	False	False
226	donchian_lower_break	5.0	5.5	8.71221	13	-27.8318	7.28639	0.6465772375337888	0.6465772375337888	0.5034321584328265	1.2843383695363635	False	False
227	rsi_hidden_bullish_divergence	2.0	3.5	131.469	22	-15.0842	11.9702	2.703919234344787	2.3107108869850457	1.7397799506308016	1.3281627289400812	False	True
228	bb_lower_break	5.0	9.5	22.579	24	-78.4853	6.11974	0.16836327006230864	0.16836327006230864	0.08064081352737355	2.0878171077125565	False	False
229	cmf_positive	1.0	8.5	96.5699	379	-51.544	2.01839	1.4774202320249505	1.0999713859692324	0.7176226918836439	1.5327990577917552	False	False
230	connors_rsi_oversold	3.0	7.0	258.724	74	-85.0702	4.50605	0.9545516625736763	0.9545516625736763	0.09962561742094415	9.581387672012582	False	False
231	cci_oversold	3.0	9.0	560.759	108	-65.0841	4.02917	2.8052600723756367	2.6521204394253437	0.2522929027872589	10.512069147112285	False	False
232	volatility_stop_long	2.0	10.0	116.379	455	-92.9186	1.75079	0.31700375793090835	0.20459736059132752	0.09932099267873369	2.059960891179607	False	False
233	supertrend_swing_break_bullish	1.0	7.0	15.1515	0	0.0	0.0					False	False
234	sma_bullish_cross	2.0	5.0	160.341	10	-4.06419	12.0612	2.5869355713212725	2.5869355713212725	1.0646136706868672	2.4299289428175705	False	True
235	regime_trending_bullish	4.0	4.5	182.236	133	-79.7514	3.12183	1.0875462148640969	0.8843683396252053	0.3341538312543	2.646590452982651	False	False
236	trix_bullish_cross	3.0	10.0	21.2364	9	-27.9702	9.35538	1.3149084612969357	1.3149084612969357	1.3073631280868403	1.005771413502488	False	True
237	trix_positive	3.0	6.0	102.045	371	-93.9072	1.96859	0.5328728924548845	0.2598668672617668	0.07674761669890347	3.385992665821498	False	False
238	intraday_return_bullish	5.0	2.5	503.845	348	-92.8475	2.35375	0.10312660382065156	0.0013325118121708629	0.006027288271847436	0.22107982098596948	False	False
239	macd_bullish_cross	2.0	9.0	146.265	26	-24.7436	10.6245	2.653551554030313	2.653551554030313	1.3036709055440674	2.035445865015216	False	True
240	willr_oversold	2.0	4.5	1742.43	143	-62.0262	4.59083	17.073845925670202	10.0662314105485	0.49315470085756014	20.41191413778283	False	False
241	coppock_positive	1.0	8.5	122.301	376	-57.6287	2.10158	1.4298447774493273	1.1889521734118185	0.5431107772119448	2.1891522379933166	False	False
242	adx_increasing	2.0	9.5	1030.06	339	-88.6168	2.47086	5.023931326149758	3.617317397787981	0.15226149074821582	23.757270338103304	False	False
243	connors_rsi_oversold	4.0	8.5	308.718	74	-91.6153	4.51231	0.3275015780728499	0.3275015780728499	0.02691200579326693	12.169348527518032	False	False
244	donchian_lower_break	5.0	2.0	145.689	13	-13.5144	9.00159	2.2901778674715083	1.5749123775372171	0.7849598710434648	2.0063603702997597	False	False
245	smc_sweep_volume_bullish	3.0	8.0	15.1515	0	0.0	0.0					False	False
246	vwap_bounce_bullish	4.0	9.5	15.1515	0	0.0	0.0					False	False
247	rsi_bullish_cross_50	1.0	4.0	48.0924	33	-8.59823	9.87999	1.6866161670248516	1.5847654654101015	1.4639094096072023	1.0825570592071865	False	True
248	anchored_vwap_pullback_long	3.0	6.0	15.2271	164	-86.5554	2.23788	0.5395127808334663	0.4924593942245254	0.4710824244277792	1.0453784065977683	False	False
249	dual_path_kaku_bullish	1.0	6.0	16.891	6	-6.12076	14.5561	1.0264123503527744	1.0264123503527744	1.0264123503527744	1.0	False	False
250	supertrend_swing_break_bullish	2.0	5.0	15.1515	0	0.0	0.0					False	False
251	rsi_bullish_cross_50	2.0	9.0	28.6693	33	-43.2684	6.51241	1.7175806738860215	1.7175806738860215	2.236018166895245	0.7681425398573197	False	False
252	keltner_lower_break	3.0	9.5	185.529	28	-35.5197	7.42429	2.71956967028468	2.71956967028468	0.9774524407530142	2.7823038307516703	False	False
253	ema_8_21_bullish_cross	1.0	2.5	8.61335	11	-3.02517	9.77327	0.8796746108010459	0.8739987420603567	0.9273523947529685	0.9424666901228801	False	False
254	rsi_hidden_bullish_divergence	1.0	8.5	122.366	22	-6.08727	15.099	2.1776819125491733	2.1776819125491733	1.20872799534307	1.8016310707944572	False	True
255	ad_divergence_bullish	2.0	3.0	162.461	74	-52.3451	5.41775	3.024360360038684	1.8134594564102724	1.47728795211962	1.227559903814495	False	True
256	bb_lower_break	4.0	2.0	12.357	24	-24.2166	7.29015	0.5112518415392697	0.37020486759633553	0.21203598181976524	1.7459530425879175	False	False
257	rsi_oversold	1.0	3.5	15.1515	0	0.0	0.0					False	False
258	ad_divergence_bullish	2.0	10.0	0.249818	74	-70.8495	3.63192	0.7101768828743238	0.5701954139752847	0.8830495376760182	0.6457116952644661	False	False
259	tsi_oversold	2.0	4.0	375.136	65	-40.275	5.284	3.4461847112525295	2.5653033722903125	0.6046533850010568	4.242601523327	False	False
260	squeeze_retest_go	1.0	6.0	2.39946	24	-14.6803	10.8656	0.7403062485761774	0.7403062485761774	0.7635355342217562	0.9695766803188073	False	False
261	supertrend_swing_break_bullish	5.0	2.5	15.1515	0	0.0	0.0					False	False
262	macd_histogram_positive	2.0	2.0	2107.87	356	-62.7112	2.56546	9.999118158586002	0.30520090842776415	0.10953631995778353	2.7862987230663947	False	False
263	fisher_extreme_oversold	5.0	8.0	1861.05	85	-97.38	4.67805	0.1275962180882052	0.1275962180882052	0.0037044559398996947	34.44398318087706	False	False
264	donchian_upper_break	2.0	6.5	8.96537	26	-15.906	9.54892	0.96796901300537	0.96796901300537	1.0853121616049013	0.8918807392464757	False	False
265	smc_ob_zone_revisit_bullish	1.0	4.5	41.4862	2	0.0	67.9243	1.3010195311689468	1.3010195311689468	1.080668452221	1.2039025739069917	False	True
266	fisher_extreme_oversold	4.0	2.0	681.07	85	-87.0204	4.49059	7.465433128210532	2.312839929901817	0.36892433558823134	6.269144393020616	False	False
267	vwap_bullish_cross	5.0	8.0	15.1515	0	0.0	0.0					False	False
268	volume_spike_trend_bullish	4.0	4.5	0.110044	26	-34.2461	6.22512	0.6827122168661778	0.6827122168661778	0.7989110225942817	0.8545535079103367	False	False
269	rsi_dipbuy_macd_bullish	3.0	4.0	46.7396	12	-33.0992	11.289	1.0745602808126133	1.0745602808126133	0.7267953276054575	1.4784909038324758	False	False
270	smc_bos_bullish	2.0	7.0	16.1299	22	-49.9292	7.60011	1.2218270392044956	1.2218270392044956	1.5399046329485424	0.79344331659357	False	False
271	multi_ma_golden_cross	5.0	6.5	70.5046	3	0.0	36.4414	2.4241498498932414	2.4241498498932414	1.9813478528535484	1.223485238294713	False	True
272	smc_order_block_bullish	1.0	4.5	11.035	2	0.0	25.5355	0.952629304927932	0.952629304927932	1.0030691395576472	0.9497144985918327	False	False
273	opening_range_breakout_bullish	2.0	6.0	8.55569	52	-63.6532	4.7118	1.5230038159553563	1.3905394134386182	1.9350649618246083	0.7186008949939608	False	False
274	willr_very_oversold	3.0	3.0	896.677	72	-46.8705	5.57585	11.413526948384364	8.492224252178653	1.0570343608057053	8.034009647241366	False	True
275	stoch_rsi_oversold	5.0	8.0	1469.79	206	-98.5462	3.56998	0.27247386360007614	0.27247386360007614	0.020015441442561236	13.61318282097353	False	False
276	cmf_positive	1.0	3.0	529.573	379	-20.1602	2.99405	5.405975336679443	1.7875109233662227	0.5717424106154553	3.126427024089481	False	False
277	tsi_positive	2.0	9.5	25.6689	379	-79.4401	1.7157	0.33820204789675273	0.2374765391882272	0.16020687464362016	1.4823117904053331	False	False
278	trix_positive	3.0	5.5	215.01	371	-94.0408	2.04689	0.9710955972763603	0.3912971326791134	0.08716266413907367	4.489274582690285	False	False
279	sma_bullish_cross	2.0	8.5	146.351	10	-3.83296	11.7884	2.3736643683809397	2.3736643683809397	0.9802057215849691	2.421598156500027	False	False
280	cmf_bullish_divergence	1.0	3.5	203.74	115	-21.6138	5.11702	3.3682172495280884	2.3948633893409332	1.1837170974065367	2.0231720861242573	False	True
281	bottom_hunter_signal	3.0	2.5	20.304	8	0.0	14.7572	1.0377523365916186	1.0377523365916186	0.9390781206672576	1.105075620177636	False	False
282	bb_lower_break	2.0	6.5	4.30437	24	-17.909	8.7101	0.510556220439579	0.510556220439579	0.3830101728700354	1.3330095558919348	False	False
283	willr_oversold	4.0	8.5	1451.81	143	-97.2865	3.25761	0.33034960678469516	0.2933134657937516	0.004936315971349838	59.4195078872848	False	False
284	price_above_vwap	1.0	9.0	281.719	352	-69.8123	2.06316	4.578018456775906	4.161111364374095	1.3184904449481618	3.1559662645395132	False	True
285	supertrend_bullish_cross	2.0	6.5	15.1515	0	0.0	0.0					False	False
286	coppock_positive	5.0	2.0	3855.65	376	-95.5884	2.53602	1.0457219189091216	0.002384012016779535	0.002024347192511206	1.1776695349487785	False	False
287	connors_rsi_oversold	1.0	6.0	114.003	74	-30.6267	7.29893	1.7297731916965882	1.7297731916965882	0.656708390115251	2.6340050130820107	False	False
288	regime_trending_bullish	3.0	9.5	154.104	133	-73.3098	3.18434	0.9206593430177802	0.9206593430177802	0.3391302374588507	2.714766309003902	False	False
289	rsi_extreme_oversold	1.0	7.0	14.663	2	0.0	19.7839	0.9835730612833258	0.9835730612833258	0.9835730612833258	1.0	False	False
290	multi_ma_golden_cross	2.0	4.0	34.9235	3	0.0	25.952	1.4719612111658202	1.4719612111658202	1.3515655414014573	1.0890786765986376	False	True
291	fisher_extreme_oversold	5.0	4.5	1597.42	85	-94.1127	4.75944	1.6033210807848972	1.1205692221603585	0.04207415937365823	26.63319336243052	False	False
292	macd_positive	1.0	4.5	192.074	378	-34.2416	2.44417	3.323677101579216	2.0716295290630344	1.0056867954083892	2.0599152126898392	False	True
293	turtle_ha_breakout_bullish	1.0	5.5	36.3866	9	-1.35569	13.661	1.3322660621112228	1.314381334409289	1.0892912725644286	1.206639002362471	False	True
294	rsi_macd_combo_bullish	4.0	3.5	303.154	235	-93.3353	2.53443	0.010956490658320073	0.0011896385138777995	0.0022714833725984342	0.5237275906259127	False	False
295	smc_liquidity_sweep_bullish	3.0	3.5	94.421	10	-11.8629	18.5983	1.447797987350968	1.447797987350968	0.7851065471186864	1.8440783517400738	False	False
296	cci_oversold	2.0	8.0	272.563	108	-51.0069	3.9771	2.036177751516898	2.036177751516898	0.40128989222158795	5.074081832075006	False	False
297	vwap_bounce_bullish	2.0	7.0	15.1515	0	0.0	0.0					False	False
298	smc_ob_zone_revisit_bullish	5.0	3.0	164.834	2	0.0	133.989	2.858409182036992	2.858409182036992	1.404782769180375	2.0347695350112676	False	True
299	sma_bullish_cross	3.0	3.5	246.911	10	-8.89689	14.018	3.1154412720684963	3.1154412720684963	0.8965914463776495	3.4747613137012396	False	False
300	vwap_reclaim_bullish	3.0	4.0	15.1515	0	0.0	0.0					False	False
301	bb_very_oversold	5.0	4.5	202.523	59	-69.7223	4.29172	0.6970828399710018	0.6511418505704271	0.14526808353915105	4.482346257393412	False	False
302	ema12_above_ema26	2.0	8.5	26.0852	378	-78.8175	1.69581	0.35388931676159047	0.24131611654514787	0.18119588068726972	1.3317969240241232	False	False
303	opening_range_breakout_bullish	3.0	3.5	30.068	52	-58.5485	4.37594	1.435026759804652	0.793310690776413	0.8896217160188248	0.8917393499864	False	False
304	smc_fvg_bullish	4.0	2.0	229.031	38	-45.2633	4.98918	4.686094289486337	1.9357463794112024	3.7205409264374922	0.5202862749489297	False	False
305	connors_rsi_very_oversold	5.0	10.0	60.5141	44	-81.6755	5.115	0.033196600700113446	0.033196600700113446	0.0081450253392308	4.075690291621422	False	False
306	cmf_bullish_divergence	3.0	8.0	103.399	115	-85.6866	3.05576	0.757168749267683	0.4487365045562518	0.15466413589069936	2.9013610813651893	False	False
307	ema12_above_ema26	3.0	3.0	1247.29	378	-77.143	2.25216	3.7091985835246355	0.187614912509079	0.06030523960002461	3.111088087095544	False	False
308	tsi_positive	1.0	4.0	328.012	379	-30.4925	2.69578	5.549463823234643	3.0902657167581573	1.224150773129327	2.524415933552396	False	True
309	rsi_extreme_oversold	2.0	4.0	14.1799	2	0.0	20.225	0.9672932542598286	0.9672932542598286	0.9672932542598286	1.0	False	False
310	momentum_positive	1.0	4.0	85.4667	369	-54.9124	2.14195	1.1048988850896546	0.512894152564927	0.37385813859631456	1.371895111045693	False	False
311	sar_bullish	1.0	9.0	30.0896	385	-68.4594	1.67223	0.4217384470547592	0.320857204269524	0.20482475136942674	1.5664962467881562	False	False
312	rsi_bullish_cross_50	2.0	5.5	70.5681	33	-22.7597	7.52872	2.187958051058905	2.0430406277137196	1.7809514626257918	1.1471624413062387	False	True
313	rsi_extreme_oversold	5.0	7.5	12.6687	2	0.0	21.9259	0.9164623567989432	0.9164623567989432	0.9164623567989432	1.0	False	False
314	cci_very_oversold	3.0	8.0	3.39546	12	-33.1673	8.82905	0.6768247259598058	0.6768247259598058	0.45701488538745133	1.480968667762326	False	False
315	bb_oversold	1.0	7.5	49.4493	119	-35.9856	4.03542	1.1775127412906392	1.176122904302266	0.6739250824526256	1.7451834557366293	False	False
316	bottom_hunter_signal	1.0	6.0	15.0186	8	0.0	22.4344	0.9998716487692297	0.9998716487692297	0.9665492678902989	1.0344756154558619	False	False
317	aroon_oscillator_zerolag_strong	5.0	5.0	15.1515	0	0.0	0.0					False	False
318	aroon_oscillator_zerolag_strong	5.0	2.0	15.1515	0	0.0	0.0					False	False
319	connors_rsi_oversold	4.0	9.5	187.849	74	-88.1653	4.32759	0.2674269214414072	0.2674269214414072	0.03864488856567654	6.92011107722353	False	False
320	dual_path_mou_bullish	5.0	2.0	119.185	34	-36.1759	5.9732	1.1585720767002803	0.6127287180904446	0.33740831508077557	1.815985826975714	False	False
321	price_above_ema	1.0	3.0	213.882	368	-32.9268	2.59538	1.5881511989451236	0.6847456020685055	0.31805499453882247	2.152915734152776	False	False
322	aroon_oscillator_zerolag_strong	1.0	4.0	15.1515	0	0.0	0.0					False	False
323	drawdown_recovery	1.0	7.0	9.52905	11	-8.33769	11.2524	0.9713947057686771	0.9608669905622691	1.3556881887190813	0.7087669558220037	False	False
324	rsi_bullish_cross_50	4.0	6.5	25.8054	33	-58.2953	5.20512	1.6413759699945585	1.4728316617413881	1.8541833656369704	0.7943290232438391	False	False
325	ulcer_low_risk	1.0	8.0	147.796	684	-72.2565	1.41919	1.5685245648872514	1.083945547417406	0.46927957967421546	2.309807616538322	False	False
326	cmf_positive	2.0	8.0	62.5183	379	-80.1506	1.76122	0.5094980765515029	0.2355305075755725	0.23369589010278033	1.0078504481699933	False	False
327	coppock_turning_up	3.0	2.5	672.561	165	-58.6129	2.97714	8.945567070612608	0.3862389432360454	0.43095649072183995	0.8962365147096546	False	False
328	tsi_positive	2.0	5.5	174.388	379	-73.3786	1.88382	2.3454380963197066	1.2315233814872766	0.5514156389056383	2.2333849361461886	False	False
329	ema_pullback_bounce_bullish	1.0	4.5	7.44219	5	0.0	11.077	0.9068435238796715	0.9068435238796715	1.0030691395576472	0.9040688105304376	False	False
330	vwap_bounce_bullish	4.0	2.5	15.1515	0	0.0	0.0					False	False
331	vwap_bounce_bullish	3.0	2.5	15.1515	0	0.0	0.0					False	False
332	smart_pullback_hunter_bullish	5.0	7.5	34.5656	1	0.0	0.0	1.2372834698251112	1.2372834698251112	1.0	1.2372834698251112	False	False
333	cmf_bullish_divergence	5.0	4.5	435.744	115	-96.2518	3.44586	2.244458805943756	0.8331237028204052	0.17969020654479734	4.6364446835487625	False	False
334	bottom_hunter_signal	1.0	4.0	14.8808	8	0.0	24.6756	0.9758072954958795	0.9758072954958795	0.9432374647158065	1.0345298315624964	False	False
335	smart_pullback_hunter_bullish	2.0	4.0	22.9065	1	0.0	0.0	1.094782653235926	1.094782653235926	1.0	1.094782653235926	False	False
336	keltner_lower_break	4.0	10.0	168.559	28	-50.6501	6.7306	2.312063460209779	2.312063460209779	0.8370095577323484	2.762290393043647	False	False
337	vwap_bounce_bullish	2.0	9.5	15.1515	0	0.0	0.0					False	False
338	drawdown_shallow	4.0	3.5	3691.01	656	-99.4872	1.86854	0.03188910942543994	0.00016688135022689283	0.0001385386697241326	1.2045831720428533	False	False
339	vwap_reclaim_bullish	2.0	7.5	15.1515	0	0.0	0.0					False	False
340	regime_trending_bullish	3.0	7.0	241.145	133	-67.9875	3.30929	1.649241858060313	1.649241858060313	0.4635717519161703	3.5576841152274343	False	False
341	multi_day_momentum_bullish	2.0	7.5	23.9736	398	-93.3389	1.64654	0.15423345545475045	0.07872476774457092	0.06717275220565924	1.17197472426831	False	False
342	supertrend_bullish_cross	1.0	9.0	15.1515	0	0.0	0.0					False	False
343	turtle_ha_breakout_bullish	4.0	5.0	106.756	9	-18.9755	16.3913	2.6877787373042614	2.41177073468993	1.3318606402907471	1.8108281465269798	False	True
344	willr_very_oversold	1.0	9.0	113.071	72	-28.6343	6.68901	1.9137721527027374	1.8863331314617986	0.8076310315608002	2.335637262248748	False	False
345	willr_oversold	3.0	8.5	1229.98	143	-89.307	3.70854	2.17411744400012	1.2365887150547124	0.031916579736050395	38.74439947141211	False	False
346	smc_liquidity_sweep_bullish	4.0	2.0	142.628	10	-9.93988	18.4938	1.8772603894372697	1.875234824346	0.7720694652073032	2.4288421040488797	False	False
347	connors_rsi_oversold	5.0	7.5	590.566	74	-96.589	4.75784	0.19409963091947044	0.19409963091947044	0.0077910151534630314	24.913265742166487	False	False
348	aroon_bullish	2.0	6.5	78.0495	296	-77.4645	1.92945	0.32046465569195387	0.16872479253843317	0.08242936228436716	2.0469015877662793	False	False
349	iftrsi_extreme_oversold	5.0	7.0	45.2161	187	-99.0906	3.3549	0.01806390743799721	0.014512341396285341	0.004763455767217696	3.046599381936091	False	False
350	vwap_reclaim_bullish	5.0	6.0	15.1515	0	0.0	0.0					False	False
351	ulcer_low_risk	5.0	2.5	104680.0	684	-97.1572	2.34503	0.7672472469584447	0.00011544575495701952	2.1315561970800043e-05	5.416031494509383	False	False
352	smc_liquidity_sweep_bullish	2.0	5.0	59.097	10	-10.9103	16.0742	1.243121170777711	1.243121170777711	0.8514563424938795	1.4599940228722263	False	False
353	macd_bullish_cross	2.0	5.0	175.202	26	-18.4877	11.6145	3.0676619768210562	3.0282896208070165	1.4224409987411992	2.12893865087334	False	True
354	supertrend_swing_break_bullish	4.0	6.0	15.1515	0	0.0	0.0					False	False
355	macd_bullish_cross	5.0	5.0	516.989	26	-44.2142	8.93233	7.425564460730305	7.137659872753718	1.6423132630945252	4.346101339585237	False	True
356	rsi_macd_combo_bullish	4.0	4.5	14.3818	235	-96.0748	2.32952	0.0014039517650731045	0.0003422675835221244	0.003548456239210316	0.09645534859358834	False	False
357	price_above_sma	5.0	2.5	2544.92	373	-98.5913	2.51478	0.006738415870129113	3.097711101049329e-05	7.069902008033229e-05	0.43815474352113104	False	False
358	smc_sweep_volume_bullish	1.0	7.5	15.1515	0	0.0	0.0					False	False
359	bottom_hunter_signal	3.0	9.5	8.73819	8	-13.6342	12.0615	0.8090130657912186	0.8090130657912186	0.7321425517921122	1.1049939165684954	False	False
360	ema_8_21_bullish_cross	3.0	2.0	1.38758	11	-7.65388	8.84046	0.740435055527605	0.7137164501163429	0.8189254727926962	0.8715279641777778	False	False
361	macd_histogram_positive	1.0	6.5	93.361	356	-50.7949	1.99762	0.8581748727258548	0.5320158884211079	0.3029606939699705	1.7560558151937713	False	False
362	sma10_above_sma20	3.0	10.0	54.0114	375	-97.5943	2.13519	0.05560540149284564	0.03968082025601125	0.03113026262490759	1.2746702697028416	False	False
363	cmf_bullish_divergence	4.0	8.5	55.5288	115	-95.0838	3.24411	0.12340491463340626	0.12340491463340626	0.040027523744374266	3.0830014722244834	False	False
364	coppock_turning_up	1.0	2.0	209.593	165	-20.0918	4.40696	3.753721397744026	1.3558356309760904	1.13650162529365	1.1929904901154604	False	True
365	multi_ma_golden_cross	4.0	10.0	57.8878	3	0.0	32.7891	2.073651084308496	2.073651084308496	1.7585475797492829	1.1791839516813858	False	True
366	macd_histogram_positive	2.0	3.0	2271.03	356	-57.5321	2.52223	5.820846830575954	0.46488945913784385	0.06602646986109618	7.040955848705219	False	False
367	smc_liquidity_sweep_bullish	4.0	8.5	51.922	10	-35.569	11.8531	0.7315979958751219	0.7315979958751219	0.4777582038344078	1.5313143552605442	False	False
368	ema_reclaim_bullish	4.0	4.0	1.38836	31	-44.2412	5.68291	1.1398465861109224	0.5959224278260015	1.4346072518168491	0.4153906423317597	False	False
369	cmf_positive	1.0	5.0	226.875	379	-35.4151	2.43559	3.83785243679504	2.13720665308172	1.169799940911243	1.8269847504154368	False	True
370	drawdown_shallow	2.0	8.5	119.246	656	-96.2499	1.5365	0.10772069743377623	0.04965466816565983	0.02579515878977072	1.9249607482684232	False	False
371	anchored_vwap_pullback_long	2.0	7.5	57.1201	164	-61.319	2.58462	1.4047708921288047	1.0614530829901982	0.9467535160194545	1.1211503997925325	False	False
372	price_above_vwap	3.0	6.0	31.3584	352	-97.7814	1.96872	1.4964944736826367	0.3502650606126752	1.567287729493158	0.22348484839216287	False	False
373	aroon_oscillator_zerolag_trend	3.0	4.0	15.1515	0	0.0	0.0					False	False
374	smc_order_block_bullish	2.0	8.5	17.4563	2	0.0	28.3135	1.029631446893636	1.029631446893636	1.0061382791152942	1.0233498399434715	False	True
375	squeeze_retest_go	2.0	2.5	12.2045	24	-13.9977	9.78441	0.7068449535763858	0.6502871246821369	0.6167534700572771	1.0543712459724721	False	False
376	vwmacd_positive	1.0	7.0	80.9479	382	-52.7823	2.02502	1.7942917991607539	1.4117754055893368	0.8341644858947848	1.6924424732311236	False	False
377	aroon_oscillator_zerolag_bullish	2.0	9.5	15.1515	0	0.0	0.0					False	False
378	aroon_oscillator_zerolag_strong	1.0	9.0	15.1515	0	0.0	0.0					False	False
379	bottom_hunter_signal	4.0	9.5	3.69229	8	-24.8515	9.85019	0.6775570899012962	0.6775570899012962	0.5942039209213604	1.140277043023698	False	False
380	multi_day_momentum_bullish	1.0	7.0	67.7921	398	-71.6815	1.91454	0.975822811090411	0.7077228314845481	0.3900703232347229	1.8143467711556165	False	False
381	vwap_bounce_bullish	5.0	6.5	15.1515	0	0.0	0.0					False	False
382	smart_entry_signal	1.0	6.0	13.8129	10	-5.82866	14.2059	0.928127453062722	0.8994175061811601	0.8659616272849455	1.0386343665147255	False	False
383	bb_oversold	2.0	3.5	363.182	119	-58.6531	4.14445	5.386106291396173	3.964531970214268	0.897566872896516	4.416976706616217	False	False
384	rsi_macd_combo_bullish	1.0	4.0	69.3753	235	-29.882	2.91495	0.8266469369538731	0.5262717198419381	0.3687395538297394	1.4272179764174064	False	False
385	volume_spike_trend_bullish	2.0	3.5	21.4444	26	-15.2561	9.90005	1.070065135634161	1.0653427985586674	1.081069760551473	0.9854524078216904	False	False
386	rsi_dipbuy_macd_bullish	4.0	3.5	45.9212	12	-38.4563	11.6022	0.8880502430729048	0.8880502430729048	0.5816964827945438	1.526655686151992	False	False
387	composer_rsi_strategy	2.0	5.0	15.1515	0	0.0	0.0					False	False
388	ulcer_low_risk	3.0	2.0	82233.2	684	-86.1204	2.22651	819.0187623711795	0.4345222100233091	0.048349777227367836	8.987057127066807	False	False
389	composer_rsi_strategy	1.0	4.5	15.1515	0	0.0	0.0					False	False
390	rsi_extreme_oversold	2.0	7.0	14.1799	2	0.0	20.225	0.9672932542598286	0.9672932542598286	0.9672932542598286	1.0	False	False
391	aroon_oscillator_zerolag_strong	5.0	7.0	15.1515	0	0.0	0.0					False	False
392	rsi_dipbuy_macd_bullish	4.0	6.5	5.96352	12	-65.6312	9.0813	0.7261006102489597	0.7261006102489597	0.7562942198162323	0.9600769002642794	False	False
393	cci_bullish_cross_zero	2.0	2.5	31.4561	46	-25.6145	4.78235	1.86058737552546	1.2279897402126811	2.3977905496321146	0.5121338644032473	False	False
394	dual_path_mou_bullish	3.0	3.5	50.3797	34	-25.0245	6.55718	0.8802719051500218	0.7678028776043136	0.5193628805336014	1.478355320302177	False	False
395	sar_bullish	2.0	5.0	49.1192	385	-90.7564	1.63297	0.14461303039347048	0.03074090329468429	0.05397866767842777	0.5695009643035281	False	False
396	smart_entry_signal	2.0	5.5	12.5667	10	-11.0186	13.3595	0.860125648497696	0.7926535343533351	0.7542105753692177	1.0509711216463626	False	False
397	smc_order_block_bullish	5.0	9.0	20.9729	2	0.0	29.4234	1.0749916072350385	1.0749916072350385	1.0153456977882356	1.0587444350990325	False	True
398	obv_divergence_bullish	4.0	3.0	107.275	54	-65.6595	4.73697	2.9254490702265445	2.5282154943374024	2.46428058130213	1.025944656432544	False	True
399	cci_very_oversold	4.0	5.0	0.392911	12	-24.5999	8.21279	0.6508598048998786	0.620832494802944	0.4837201426040715	1.2834538819507046	False	False
400	iftrsi_extreme_oversold	4.0	8.5	552.046	187	-94.7086	3.39806	0.6448922802469	0.5535771085869672	0.030318588600029648	18.258670147541945	False	False
401	composer_rsi_strategy	5.0	7.5	15.1515	0	0.0	0.0					False	False
402	coppock_positive	5.0	2.5	2769.45	376	-96.6329	2.53912	0.11385309863508246	0.0008548895795233015	0.0005981725279525983	1.4291689095943358	False	False
403	turtle_ha_breakout_bullish	5.0	9.0	93.2599	9	-41.568	14.9563	2.8814759688454785	2.8814759688454785	1.7442643406286498	1.6519720673799747	False	True
404	keltner_lower_break	3.0	4.0	112.002	28	-37.1761	6.64131	1.375673399231524	1.2991659392347243	0.46000972579109356	2.8242140685188932	False	False
405	trix_bullish_cross	3.0	3.0	18.5878	9	-21.499	8.49131	1.0954631220414552	1.0954631220414552	1.0169514271472735	1.0772029939664087	False	True
406	aroon_strong_uptrend	5.0	3.0	98.7765	106	-81.8895	3.03433	0.31876034118610025	0.06407998300670463	0.09106197490435135	0.7036963900026578	False	False
407	coppock_turning_up	2.0	5.5	65.2472	165	-72.5837	2.48162	1.7477213460293068	0.6379580825583228	0.6057421608471468	1.0531842156506348	False	False
408	rsi_bullish_cross_50	1.0	10.0	22.2535	33	-21.3484	8.46566	1.3513957157844596	1.3513957157844596	1.5431888610751574	0.8757163493539781	False	False
409	adx_increasing	3.0	7.0	166.52	339	-97.3881	2.21015	0.2542184383158627	0.0776064900814822	0.014461797235126727	5.366310204722088	False	False
410	rsi_oversold	1.0	2.5	128.172	65	-18.6094	7.29745	1.9972930007934049	1.7833369098397267	0.7133034792732792	2.500109647098045	False	False
411	stoch_oversold	4.0	10.0	1859.62	65	-93.0457	5.95807	5.483224118926249	5.3609209289488255	0.14806062449496046	36.20760716925986	False	False
412	aroon_oscillator_zerolag_strong	4.0	7.0	15.1515	0	0.0	0.0					False	False
413	soxl_trend_surge_bullish	1.0	3.0	8.9434	95	-14.7717	5.38302	0.840534921847185	0.6934746152194783	0.7371996237369385	0.9406876955582075	False	False
414	bottom_hunter_signal	1.0	8.5	13.4155	8	0.0	21.6823	0.957843141929663	0.957843141929663	0.9259724785520264	1.034418585990238	False	False
415	supertrend_swing_break_bullish	4.0	2.0	15.1515	0	0.0	0.0					False	False
416	ulcer_low_risk	1.0	5.5	487.461	684	-68.5586	1.71375	6.41483336852253	3.0366684175865206	0.701743654179848	4.327318671852591	False	False
417	drawdown_shallow	5.0	2.0	117977.0	656	-98.6832	2.31222	4.413295102136485	0.0006646904192884072	0.00010395256347661244	6.394170543355099	False	False
418	sma10_above_sma20	3.0	4.0	1053.29	375	-91.4395	2.25965	4.502308306227311	0.44658563926746186	0.08087046089161422	5.522234377592998	False	False
419	vwap_bounce_bullish	4.0	4.0	15.1515	0	0.0	0.0					False	False
420	bb_lower_break	5.0	5.0	8.79387	24	-56.6361	5.89305	0.22560530873445886	0.22197349006259678	0.10975130419348636	2.0225134607172235	False	False
421	dual_path_kaku_bullish	1.0	10.0	13.9102	6	-10.0213	12.7347	0.9324905882424838	0.9324905882424838	0.9324905882424838	1.0	False	False
422	multi_day_momentum_bullish	2.0	8.0	68.1633	398	-92.2968	1.74005	0.29061647539434776	0.15608328530937784	0.1019451789502889	1.5310511680546264	False	False
423	cmf_positive	3.0	5.5	106.98	379	-92.0454	1.93068	0.7958414047424694	0.11263299619780046	0.1497934263940876	0.7519221564601727	False	False
424	bb_bandwidth_expansion_bullish	5.0	2.0	941.167	366	-98.126	2.31858	0.02333820959230959	5.3815431224516475e-05	0.00029504298180896873	0.18239861492235157	False	False
425	fisher_extreme_oversold	3.0	7.5	610.493	85	-85.8898	4.66609	1.6863655916676836	1.3468653720037387	0.09167564651493118	14.691637563574476	False	False
426	trix_positive	1.0	10.0	100.863	371	-59.265	2.06124	1.4390232696435703	1.3749784138414567	0.5681569341645938	2.420067997345129	False	False
427	willr_very_oversold	4.0	9.5	280.206	72	-86.9143	4.40108	1.1830646000379197	1.118756272718888	0.13640858926517987	8.201509001343112	False	False
428	aroon_strong_uptrend	2.0	3.0	258.416	106	-44.5096	3.7437	2.5588960492259973	1.1695262660797583	0.7026814834356047	1.6643760987718357	False	False
429	obv_divergence_bullish	3.0	2.5	41.1853	54	-47.4293	4.77597	1.9000445053947144	1.6204929955592422	1.9273122239036353	0.840804606259928	False	False
430	volatility_stop_long	4.0	5.0	168.598	455	-99.205	2.21312	0.016569161011021277	0.002184284241934382	0.00947892551332959	0.23043584833141323	False	False
431	macd_bullish_cross	5.0	4.0	416.885	26	-36.5179	8.55468	6.70383303294566	6.043077201971807	1.9599767891458235	3.083239166625763	False	True
432	vwap_bounce_bullish	1.0	6.0	15.1515	0	0.0	0.0					False	False
433	coppock_buy_signal	2.0	6.5	8.67112	16	-32.7845	9.60973	0.9928592347903723	0.7439971045188607	0.8570614312669239	0.8680790867220225	False	False
434	price_above_vwap	1.0	4.0	951.769	352	-39.5679	2.81791	15.914121588008896	6.897597180288331	1.7728032656321282	3.8907854661633072	False	True
435	smc_fvg_bullish	4.0	3.0	34.1257	38	-63.11	4.11852	1.4945577645484889	0.9026450558582869	2.4666438182501684	0.36594057446795103	False	False
436	macd_positive	2.0	9.0	51.6317	378	-79.784	1.75857	0.4523458852625262	0.31899332818726006	0.16632980350577395	1.9178362594301175	False	False
437	smart_pullback_hunter_bullish	4.0	6.5	30.6614	1	0.0	0.0	1.1895653064718519	1.1895653064718519	1.0	1.1895653064718519	False	False
438	macd_histogram_positive	2.0	6.0	128.531	356	-86.243	1.83962	0.2182749525759524	0.08385014628727967	0.05121026471770473	1.6373699052231339	False	False
439	smc_ob_zone_revisit_bullish	1.0	8.5	41.4862	2	0.0	67.9243	1.3010195311689468	1.3010195311689468	1.080668452221	1.2039025739069917	False	True
440	vwap_bounce_bullish	1.0	3.0	15.1515	0	0.0	0.0					False	False
441	macd_histogram_increasing	1.0	6.5	34.3604	339	-61.0965	1.88282	1.2187837677491886	0.7037402245548042	0.6383597820707209	1.102419426035897	False	False
442	tsi_positive	1.0	8.5	98.5283	379	-43.2387	2.0446	1.6129186655347356	1.3684849511951072	0.7626186389643171	1.794455159204598	False	False
443	connors_rsi_very_oversold	3.0	6.5	114.327	44	-58.7337	5.57968	0.6168623341800854	0.6168623341800854	0.11643875814584095	5.2977405805673214	False	False
444	sma_bullish_cross	1.0	3.0	61.0491	10	0.0	10.3522	1.4347134572507316	1.4347134572507316	0.9956828083013782	1.4409342466184925	False	False
445	smc_sweep_volume_bullish	1.0	9.5	15.1515	0	0.0	0.0					False	False
446	bb_lower_break	3.0	2.5	0.773556	24	-21.0384	7.80506	0.4863606764390578	0.408842502185663	0.28508815941321475	1.4340914860412535	False	False
447	coppock_turning_up	1.0	5.0	114.03	165	-41.1342	3.65299	2.440226741325042	1.5565718270797455	0.9952704428170668	1.5639687065094996	False	False
448	vwap_reclaim_bullish	1.0	10.0	15.1515	0	0.0	0.0					False	False
449	rsi_oversold	4.0	2.0	952.152	88	-69.4245	4.37776	4.8371579994474665	1.3007217936704722	0.0989839528718018	13.140733987003834	False	False
450	multi_ma_golden_cross	3.0	5.5	46.0162	3	0.0	29.2032	1.756912484286963	1.756912484286963	1.5497123533132904	1.1337023161302664	False	True
451	drawdown_shallow	2.0	4.0	2134.98	656	-95.7393	1.85064	12.465932915171551	0.9754032123362397	0.12110804190379061	8.053992096669441	False	False
452	rsi_bullish_cross_50	1.0	6.5	35.7818	33	-10.1066	9.16592	1.4251414569144978	1.3973608292415158	1.3351146446831186	1.0466223517255862	False	True
453	rsi_dipbuy_macd_bullish	4.0	4.5	37.481	12	-49.2352	10.5768	0.90645862462958	0.90645862462958	0.6310583811553351	1.4364100877165198	False	False
454	aroon_oscillator_zerolag_reversion	3.0	4.0	15.1515	0	0.0	0.0					False	False
455	aroon_oscillator_zerolag_trend	2.0	9.5	15.1515	0	0.0	0.0					False	False
456	price_above_sma	3.0	2.0	1544.82	373	-89.8778	2.2989	2.6572900273938806	0.03530556423497617	0.021482166007708435	1.6434825157904212	False	False
457	multi_day_momentum_bullish	1.0	6.0	86.8556	398	-71.7642	2.00475	1.274784493816574	0.9751547479056577	0.48099615419166597	2.0273649579266313	False	False
458	vwmacd_positive	3.0	2.0	3674.12	382	-85.569	2.53316	60.42664496862352	1.0166833792982535	0.34404914633544603	2.9550527595467178	False	False
459	rsi_bullish_cross_50	5.0	6.0	29.5061	33	-65.6955	5.1073	1.8364981054781522	1.515233929531848	1.9934583198099212	0.7601031405945462	False	False
460	dual_path_kaku_bullish	5.0	6.5	12.1376	6	-33.2802	6.98486	0.7371993125598487	0.7371993125598487	0.7371993125598487	1.0	False	False
461	smart_entry_signal	4.0	2.0	45.0733	10	-8.34763	13.1538	1.1232902516829952	0.7810667982424098	0.7270112726611554	1.0743530776123857	False	False
462	smart_entry_signal	4.0	9.5	27.5709	10	-37.9261	10.151	0.7051640779936389	0.7051640779936389	0.40201667457879653	1.7540667404715433	False	False
463	dual_path_kaku_bullish	2.0	5.0	19.8962	6	-10.3727	13.609	1.091494151727622	1.091494151727622	1.091494151727622	1.0	False	False
464	tsi_positive	1.0	8.0	138.05	379	-42.8352	2.16475	2.043244160332436	1.7005031687716754	0.8018262177516073	2.1207876858155625	False	False
465	macd_bullish_cross	4.0	4.0	335.964	26	-29.6869	9.13688	5.560558194181693	5.144111863381953	1.876247202981823	2.7417026153092627	False	True
466	smc_ob_zone_revisit_bullish	1.0	2.0	35.1269	2	0.0	136.628	1.1704592457034568	1.1704592457034568	0.972630452221	1.2033956401742463	False	False
467	smc_order_block_bullish	3.0	5.0	1.4765	2	0.0	21.5552	0.8418475817112114	0.8418475817112114	1.0092074186729414	0.8341670563799461	False	False
468	smc_bos_bullish	1.0	4.0	26.6873	22	-11.3893	9.9185	1.120334872871291	1.1020203483074533	1.0202693377418146	1.0801268915388362	False	True
469	price_above_sma	1.0	10.0	23.2097	373	-72.4322	1.73925	0.38700399330466706	0.3381149333549469	0.23598916060969372	1.432756201519614	False	False
470	connors_rsi_oversold	3.0	4.5	720.395	74	-68.2734	5.35703	4.08036145951417	3.769213636718163	0.24273955869366484	15.52780954617651	False	False
471	ema_pullback_bounce_bullish	2.0	4.0	1.97243	5	-2.31849	10.7506	0.84017902746388	0.84017902746388	1.0061382791152942	0.8350532376152673	False	False
472	bb_very_oversold	1.0	8.5	51.7168	59	-15.9265	6.30204	1.0291971945879552	1.0291971945879552	0.6388025657415896	1.6111350357416834	False	False
473	cci_oversold	4.0	2.5	1528.56	108	-66.5606	4.22266	16.836714772253732	4.944436256540098	0.611546813096045	8.085131261674265	False	False
474	coppock_buy_signal	3.0	2.5	6.7322	16	-19.3565	8.53924	0.9714522246044881	0.7564369339193603	1.2636471079746563	0.5986140664950036	False	False
475	anchored_vwap_pullback_long	1.0	7.5	52.3388	164	-33.0329	3.35322	1.5410953976397639	1.3688154465604532	1.2472594308055664	1.0974584859834475	False	True
476	rsi_extreme_oversold	1.0	6.5	14.663	2	0.0	19.7839	0.9835730612833258	0.9835730612833258	0.9835730612833258	1.0	False	False
477	stoch_rsi_oversold	3.0	8.5	1845.78	206	-89.2277	3.28973	10.025211162564725	7.736454863126365	0.40447901328963365	19.126962361299437	False	False
478	rsi_bullish_cross_50	5.0	3.5	112.91	33	-57.2685	5.60284	4.1497421771953755	2.5043746563750715	2.8829270726700704	0.8686916433358143	False	False
479	rsi_oversold	1.0	7.0	13.0241	3	0.0	26.2648	0.9602808934336914	0.9602808934336914	0.9602808934336914	1.0	False	False
480	vwap_reclaim_bullish	4.0	6.5	15.1515	0	0.0	0.0					False	False
481	rsi_bullish_cross_50	1.0	7.0	44.4707	33	-12.265	9.40811	1.64910395091796	1.6252303035366693	1.5929716621557382	1.0202506059255791	False	True
482	ema12_above_ema26	3.0	2.0	3080.99	378	-76.3191	2.51599	32.31585785099264	0.5556452340635643	0.23626311756588517	2.3518069167466025	False	False
483	bottom_hunter_signal	1.0	8.0	13.8603	8	0.0	21.8902	0.9677208776922224	0.9677208776922224	0.9350531554110998	1.0349367542284376	False	False
484	ema_pullback_bounce_bullish	3.0	2.0	6.3356	5	-0.62695	11.9256	0.8516873116662801	0.8510176547816546	0.9270762422023529	0.9179586489671936	False	False
485	smc_bos_bullish	4.0	3.0	58.0955	22	-45.668	7.33086	1.3544693377831925	1.1572082062343712	0.9493921864779943	1.2188937540420697	False	False
486	adx_increasing	3.0	6.5	270.056	339	-96.3646	2.24544	0.562331230433588	0.14427817643293686	0.024694630088608723	5.842491906752247	False	False
487	donchian_lower_break	2.0	7.5	9.27357	13	-12.8748	6.59633	0.8200958937138813	0.8200958937138813	0.7547439146579049	1.0865882821799204	False	False
488	coppock_positive	2.0	9.0	220.894	376	-85.765	1.97401	0.715694275476702	0.4722172509701794	0.1210420231616536	3.901267003274768	False	False
489	ulcer_decreasing	4.0	2.5	1825.4	375	-86.4951	2.32293	0.15854268252099368	0.0008710949245410556	0.000932326217635396	0.9343241754483335	False	False
490	rebalancing_frontrun_bullish	2.0	7.5	146.911	366	-77.4478	1.90167	0.3389867926180893	0.2621149918730959	0.20797384277995729	1.2603267236371738	False	False
491	vwmacd_histogram_positive	1.0	2.0	341.81	356	-22.9136	2.87267	4.656202683624916	1.1944698274370888	0.6636051271852632	1.7999707634923396	False	False
492	rsi_bullish_cross_50	1.0	7.5	39.9487	33	-14.2272	9.219	1.5842207251614728	1.5697914703016496	1.5834406732018915	0.9913800351783048	False	False
493	fisher_buy_signal	2.0	5.5	4.51955	27	-24.7964	7.06279	0.8109509771363532	0.6589830011592895	0.985614621053409	0.6686010810746488	False	False
494	willr_oversold	5.0	4.0	8699.5	143	-97.5138	3.95856	9.929834303002568	4.195351358945898	0.025791485033092747	162.66420307178447	False	False
495	ttm_squeeze_momentum_bullish	1.0	9.5	1.00087	9	0.0	9.90726	0.8214738502507886	0.8214738502507886	0.8749151665902094	0.9389182878750443	False	False
496	iftrsi_extreme_oversold	1.0	6.0	320.636	187	-44.3217	4.06382	5.160284136640616	4.52001081710502	1.1333371347319303	3.9882314613948884	False	True
497	ema12_above_ema26	5.0	3.5	188.849	378	-96.063	2.35778	0.01610071062729256	0.000452087056084404	0.0010264536194894264	0.44043593154192234	False	False
498	macd_histogram_positive	5.0	3.0	2741.42	356	-94.841	2.66337	0.0034862126230594623	4.32345770221084e-05	3.039447993633931e-05	1.422448323269963	False	False
499	vwmacd_histogram_positive	1.0	4.0	110.079	356	-47.4418	2.17042	1.6028482843010023	0.7840678459957545	0.4774916357072125	1.6420556662410892	False	False
500	dual_path_kaku_bullish	4.0	7.5	10.3315	6	-30.625	7.05894	0.7136948281269038	0.7136948281269038	0.7136948281269038	1.0	False	False
501	aroon_bullish	2.0	10.0	100.658	296	-86.6595	2.03875	0.18367067645192225	0.14668428654690105	0.045809206973578716	3.202069981947168	False	False
502	keltner_lower_break	2.0	6.0	80.0871	28	-19.7789	7.30203	1.5112123951543208	1.5112123951543208	0.8492591909054227	1.7794477956054477	False	False
503	macd_positive	2.0	9.5	18.3127	378	-81.9698	1.6988	0.2544319830525455	0.17903949939496713	0.11940259420967685	1.4994607159084405	False	False
504	aroon_oscillator_zerolag_reversion	4.0	7.0	15.1515	0	0.0	0.0					False	False
505	adx_increasing	4.0	3.5	11851.9	339	-93.4027	2.91065	8.381242067136276	0.5419881915755737	0.010226072178875133	53.00062253571849	False	False
506	ma_band_bullish	4.0	3.5	318.772	285	-94.4407	2.38242	0.004989125434914279	0.0005691426956728236	0.0005068009391281202	1.1230103414014079	False	False
507	fisher_extreme_oversold	5.0	6.0	481.082	85	-96.0893	4.29696	0.21741053073639602	0.1923323425742692	0.019013016809440418	10.115824569132638	False	False
508	fisher_extreme_oversold	5.0	9.5	1438.44	85	-98.4462	4.4724	0.5596949490857797	0.5596949490857797	0.010922660382605616	51.241632485167784	False	False
509	trend_with_sma_filter	2.0	9.0	5.6163	263	-83.0212	1.90722	0.485728849653351	0.3347841004887048	0.3068797433922955	1.0909292897209515	False	False
510	vwap_reclaim_bullish	2.0	9.0	15.1515	0	0.0	0.0					False	False
511	smc_liquidity_sweep_bullish	5.0	9.0	42.7088	10	-46.7773	10.7224	0.4900255901274761	0.4900255901274761	0.335477886500776	1.460679257398215	False	False
512	obv_divergence_bullish	3.0	5.0	69.9257	54	-54.5	4.88019	1.754687696224469	1.7141970049476871	1.3167795063054868	1.3018102094839257	False	True
513	tsi_oversold	3.0	7.5	18.5583	65	-63.3176	3.51603	0.21389190607983538	0.2004663330108881	0.11903452762128906	1.6841023946318843	False	False
514	smc_liquidity_sweep_bullish	4.0	3.0	131.714	10	-13.8139	17.737	1.6986871696918977	1.6986871696918977	0.7634585299684286	2.224989443450378	False	False
515	stoch_rsi_oversold	2.0	5.5	1421.09	206	-82.1019	3.50054	20.8418302658373	16.473426157335282	1.3838376288217908	11.90416116330126	False	True
516	smc_liquidity_sweep_bullish	5.0	6.0	89.4914	10	-32.076	12.478	1.008299924246838	1.008299924246838	0.5449880332715782	1.8501322280307435	False	False
517	composer_rsi_strategy	3.0	9.5	15.1515	0	0.0	0.0					False	False
518	supertrend_bullish	3.0	6.5	28.966	686	-99.05	1.72738	0.0024745970064165546	0.00013369627354914508	0.0004502624516991013	0.2969296530159952	False	False
519	supertrend_swing_break_bullish	3.0	5.0	15.1515	0	0.0	0.0					False	False
520	iftrsi_extreme_oversold	4.0	6.0	637.605	187	-94.1496	3.23584	1.8581863139357764	1.3535965554293856	0.09185698479734465	14.735913206989077	False	False
521	iftrsi_extreme_oversold	1.0	8.0	301.469	187	-46.6173	3.89763	4.427183057494951	4.15807898087605	1.0223125669656543	4.067326486279753	False	True
522	price_above_vwap	3.0	2.0	69088.1	352	-69.9654	3.33262	1088.7938871104714	6.60568561332648	1.2961190800540419	5.096511358393901	False	True
523	sma10_above_sma20	4.0	2.0	6031.39	375	-91.5707	2.5877	5.669508376771654	0.03455616170150662	0.01111024788495778	3.110296193147264	False	False
524	willr_very_oversold	1.0	5.0	174.5	72	-25.3423	7.73926	2.676756111906317	2.6703035750845707	1.0226842771208369	2.6110732655461146	False	True
525	aroon_oscillator_zerolag_trend	4.0	8.5	15.1515	0	0.0	0.0					False	False
526	momentum_positive	2.0	2.5	486.511	369	-78.8767	2.15217	1.0021024393548559	0.06539782139996614	0.049317346937172823	1.3260612231083466	False	False
527	vwmacd_histogram_positive	1.0	3.5	178.93	356	-35.0667	2.37283	1.9331865510124548	0.8152079665095107	0.39760416032714346	2.0503003938358395	False	False
528	smc_bos_bullish	1.0	2.5	42.561	22	-6.16809	10.9255	1.30041601414611	1.2381922049829286	1.0420343584754213	1.1882450851184045	False	True
529	macd_histogram_increasing	2.0	3.5	86.3102	339	-68.9169	1.76221	1.4621552668069102	0.16349830514357133	0.31845371091160535	0.5134130944040226	False	False
530	rsi_oversold	1.0	10.0	15.1515	0	0.0	0.0					False	False
531	multi_day_momentum_bullish	1.0	8.5	113.516	398	-68.3908	2.04803	1.3610901341434627	1.0482999465884928	0.4720927432256723	2.220538149825742	False	False
532	stoch_oversold	4.0	4.5	584.457	65	-84.4139	5.113	2.949524791487924	2.778037292864274	0.2986601073530799	9.301668433340655	False	False
533	vwap_bullish_cross	1.0	5.0	15.1515	0	0.0	0.0					False	False
534	aroon_oscillator_zerolag_trend	3.0	6.5	15.1515	0	0.0	0.0					False	False
535	trix_bullish_cross	1.0	6.0	12.9172	9	-3.54155	9.66379	1.0664013713121112	1.0664013713121112	1.0970016996515095	0.9721054868473591	False	False
536	connors_rsi_very_oversold	2.0	7.5	137.876	44	-36.2652	7.17451	1.061575941060828	1.061575941060828	0.24619182510722867	4.311986966254707	False	False
537	multi_ma_golden_cross	3.0	2.0	46.0162	3	0.0	29.2032	1.756912484286963	1.756912484286963	1.5497123533132904	1.1337023161302664	False	True
538	adx_increasing	4.0	8.0	117.745	339	-99.1357	2.66086	0.007952182674634142	0.005565121461080046	0.0013312357979793719	4.180417525976323	False	False
539	vwmacd_histogram_positive	4.0	4.0	84.3293	356	-97.86	2.1247	0.003973183677772546	0.0001791611007642303	0.0008154857425349734	0.21969863042277119	False	False
540	regime_trending_bullish	2.0	9.5	170.198	133	-56.0469	3.47052	1.6997890168070142	1.6997890168070142	0.6096557000074994	2.7881130559200966	False	False
541	cmf_bullish_divergence	3.0	3.0	891.121	115	-60.6812	3.72657	7.789131168565347	1.8684305404031563	0.4504826843519063	4.147618999143555	False	False
542	smc_bos_bullish	1.0	7.0	22.2013	22	-24.5016	9.20638	1.198798736038336	1.198798736038336	1.2746401591767167	0.9404997382262252	False	False
543	tsi_oversold	3.0	10.0	63.0028	65	-62.8633	3.85593	0.3879136732976536	0.3879136732976536	0.10952800994275558	3.5416846658712697	False	False
544	supertrend_bullish_cross	4.0	5.5	15.1515	0	0.0	0.0					False	False
545	ad_divergence_bullish	1.0	4.0	67.3534	74	-31.317	6.92411	1.8387677378100753	1.5051164460198068	1.3652812974803041	1.1024222252202354	False	True
546	trix_positive	2.0	7.0	288.885	371	-82.3812	2.03019	2.4417163459758884	1.8707655952371594	0.36141044683475176	5.176290867132949	False	False
547	aroon_bullish	1.0	4.0	395.123	296	-38.4713	3.035	5.486090298905952	3.1194817398626333	0.9438266415099641	3.3051427059443705	False	False
548	stoch_rsi_oversold	5.0	4.0	19458.5	206	-98.3586	3.8353	90.4464286466814	41.96556908891667	0.188314303435022	222.84854800419848	False	False
549	donchian_lower_break	3.0	5.0	33.0961	13	-13.4045	7.50936	1.0324351436420751	1.02389459864348	0.7432093677591866	1.3776664329872126	False	False
550	macd_bullish_cross	3.0	2.0	342.918	26	-12.8226	11.2093	6.195685578219942	5.0873484602532315	2.3880117935597958	2.130369906033651	False	True
551	obv_divergence_bullish	3.0	6.5	19.9457	54	-66.6729	4.34688	1.0288546263221918	1.0288546263221918	1.1195536024652157	0.9189864818055095	False	False
552	tsi_positive	3.0	2.0	4024.68	379	-76.3191	2.56896	49.55158526527626	0.8503930554621484	0.36040792522037596	2.359529288769565	False	False
553	smc_sweep_volume_bullish	1.0	6.0	15.1515	0	0.0	0.0					False	False
554	cci_oversold	3.0	6.5	79.8363	108	-73.3533	3.19877	0.5196643543191075	0.4918598914998214	0.1561144109760638	3.150637333380041	False	False
555	bb_oversold	1.0	2.0	162.459	119	-21.9664	5.77771	3.153342058442859	2.2990168093470515	1.1272378527692488	2.03951349193884	False	True
556	trix_positive	3.0	3.5	1279.08	371	-84.464	2.29645	4.759259807477844	0.573212586073213	0.06734645634694154	8.511399369259372	False	False
557	willr_oversold	2.0	5.0	1237.89	143	-65.6619	4.2942	10.013866417990958	6.312923723805553	0.3386457233634659	18.64167561634889	False	False
558	iftrsi_extreme_oversold	1.0	9.0	337.893	187	-44.5526	3.97167	5.0356951446128075	4.763841161891555	1.1036248251370602	4.316540416078379	False	True
559	dual_path_mou_bullish	2.0	2.0	67.7321	34	-9.39915	9.32738	1.3421109407482346	1.0774829943493294	0.7550749847211624	1.4269880689362624	False	False
560	smc_liquidity_sweep_bullish	1.0	4.0	40.7512	10	-4.41201	15.8333	1.192269878652335	1.192269878652335	0.9471860638738053	1.258749388452977	False	False
561	regime_trending_bullish	2.0	7.5	213.231	133	-46.9394	3.6197	2.1673380459942027	2.1673380459942027	0.7013203843971125	3.0903679605111543	False	False
562	aroon_oscillator_zerolag_strong	2.0	9.0	15.1515	0	0.0	0.0					False	False
563	cci_very_oversold	3.0	3.0	30.1839	12	-9.44708	11.4908	0.8885535390688565	0.6713936992590506	0.48901420415353886	1.3729533693631704	False	False
564	willr_very_oversold	3.0	6.5	272.885	72	-73.1466	4.51039	1.9286312386458144	1.9286312386458144	0.34512525983204634	5.588206553134867	False	False
565	volatility_stop_long	3.0	7.0	32.6798	455	-96.8083	1.90012	0.025479974240928124	0.005277247407883506	0.026758972984635355	0.19721412368530108	False	False
566	cmf_bullish_divergence	4.0	7.0	83.8159	115	-94.614	3.18756	0.2803717435786202	0.2504148897286093	0.0730192797889193	3.42943521837653	False	False
567	composer_rsi_strategy	5.0	3.0	15.1515	0	0.0	0.0					False	False
568	ema12_above_ema26	4.0	4.5	19.4181	378	-96.5843	2.06783	0.061984648483807726	0.009087958586531974	0.023726397747318276	0.38303153657445344	False	False
569	sma10_above_sma20	1.0	10.0	217.774	375	-63.1819	2.27243	2.5550874735001776	2.350567802807131	0.7559218250763181	3.109538215237824	False	False
570	vwap_reclaim_bullish	1.0	3.0	15.1515	0	0.0	0.0					False	False
571	volatility_stop_long	5.0	2.0	3029.77	455	-92.1308	2.30634	2.220064951280415	0.0012150525415442178	0.008800424471165828	0.13806749271302543	False	False
572	obv_divergence_bullish	2.0	4.5	53.8024	54	-45.72	5.81265	1.7714724701282756	1.7274283346303463	1.573789685302287	1.0976233678253828	False	True
573	ema_pullback_bounce_bullish	1.0	7.5	5.87332	5	0.0	10.9875	0.8853709063507773	0.8853709063507773	1.0030691395576472	0.8826618938164376	False	False
574	smc_sweep_volume_bullish	4.0	7.5	15.1515	0	0.0	0.0					False	False
575	connors_rsi_very_oversold	3.0	4.5	284.885	44	-40.1244	6.94637	1.9814700103745952	1.9155482043892982	0.2356082390627368	8.130225886876703	False	False
576	connors_rsi_very_oversold	1.0	7.5	74.0272	44	-13.6782	10.1305	1.1627713704017815	1.1627713704017815	0.5220702900184122	2.227231452609137	False	False
577	smc_bos_bullish	1.0	3.0	35.3984	22	-7.83848	10.6694	1.2118650899552252	1.1714664077215526	1.0213945478651267	1.1469283933129462	False	True
578	macd_positive	3.0	4.0	451.45	378	-84.1283	2.08695	3.667427353359638	0.4709875194219929	0.1927790059188929	2.4431473602480804	False	False
579	composer_rsi_strategy	5.0	7.0	15.1515	0	0.0	0.0					False	False
580	smc_liquidity_sweep_bullish	4.0	7.5	63.0784	10	-31.5044	12.4829	0.8712839594114489	0.8712839594114489	0.538742664606967	1.6172544271151856	False	False
581	aroon_bullish	3.0	2.5	7271.35	296	-64.4012	2.83989	67.64058565783466	2.9636579181512945	0.2814941668544311	10.528310235586112	False	False
582	macd_positive	1.0	9.5	81.5614	378	-46.8707	1.98757	1.2249228998784891	1.0545048664681391	0.5349497231047335	1.9712223802042894	False	False
583	connors_rsi_very_oversold	5.0	5.0	377.687	44	-70.0946	5.66006	0.7451827825536157	0.7331944633050559	0.043402009262752284	16.893099553671703	False	False
584	ema_stack_bullish	4.0	2.5	178.583	239	-88.4936	2.3213	0.03707833496377142	0.003405583350506847	0.004175005643822242	0.8157074842631872	False	False
585	ulcer_low_risk	4.0	2.5	52559.8	684	-94.9621	2.26357	6.760336967660919	0.001816854418711025	0.0006320840943979687	2.874387181726976	False	False
586	ema_bullish_cross	1.0	5.5	0.764741	9	-11.5773	7.44987	0.8751428380338624	0.8633314667853694	1.1120490469378177	0.7763429762047576	False	False
587	stoch_oversold	4.0	5.5	366.198	65	-87.6616	4.8022	0.9422048104106253	0.9327761039351635	0.12935640499534323	7.210900024384127	False	False
588	price_above_sma	3.0	4.5	51.9225	373	-97.7161	1.84885	0.013425956466144076	0.0025505192134666573	0.00850434025991852	0.2999079452979335	False	False
589	coppock_buy_signal	2.0	2.0	14.9002	16	-9.67196	11.6397	0.9724831451751025	0.7955782640379369	1.07063958480728	0.743086913026053	False	False
590	willr_oversold	4.0	2.5	6198.61	143	-90.6152	4.18754	41.15543653784982	9.01609693969622	0.1643632218219938	54.85471043796344	False	False
591	cci_bullish_cross_zero	1.0	7.5	3.00754	46	-27.4008	6.1477	1.1346701812423328	1.1346701812423328	1.5468226468770498	0.7335489841276693	False	False
592	cci_oversold	2.0	9.0	442.897	108	-46.4539	4.33765	3.690107940340606	3.570600195072929	0.5293924014598389	6.744713723179128	False	False
593	iftrsi_extreme_oversold	2.0	9.5	780.57	187	-76.2966	3.33371	9.302543370987124	8.41107410073248	0.847263473532838	9.927341805094919	False	False
594	vwmacd_positive	3.0	5.0	52.3457	382	-92.6883	1.85176	1.0934343562072806	0.3129040050911747	0.27625391891350914	1.1326681131685226	False	False
595	dual_path_kaku_bullish	3.0	2.0	28.2902	6	-9.27231	13.8653	1.3604048525065358	1.2441645422141399	1.2441645422141399	1.0	False	False
596	bb_oversold	3.0	8.5	114.293	119	-79.1009	3.1999	0.9047120474468718	0.8377424589362147	0.24032803431114522	3.4858291141000035	False	False
597	supertrend_bullish_cross	3.0	5.0	15.1515	0	0.0	0.0					False	False
598	composer_rsi_strategy	4.0	9.5	15.1515	0	0.0	0.0					False	False
599	vwap_bullish_cross	3.0	3.0	15.1515	0	0.0	0.0					False	False
600	intraday_return_bullish	3.0	4.5	453.924	348	-86.5545	2.18573	0.8367799613014069	0.2098647269932845	0.20661079643543323	1.0157490828842919	False	False
601	turtle_ha_breakout_bullish	3.0	7.5	80.5502	9	-16.2764	16.1374	2.263638979312604	2.263638979312604	1.4344265651057466	1.578079376371371	False	True
602	connors_rsi_oversold	2.0	3.0	390.131	74	-44.2261	6.30685	3.0582421737100116	2.291612653113187	0.3200635754828358	7.159867065960714	False	False
603	connors_rsi_very_oversold	4.0	3.0	412.567	44	-55.3863	6.44507	2.0985219570716898	1.6202065699737047	0.12246087932094801	13.230401242893528	False	False
604	smart_entry_signal	1.0	5.5	15.1127	10	-5.50975	14.3484	0.9448953562155099	0.9099923917486027	0.8752236887917855	1.0397255049218492	False	False
605	supertrend_bullish_cross	2.0	5.5	15.1515	0	0.0	0.0					False	False
606	aroon_oscillator_zerolag_bullish	1.0	3.5	15.1515	0	0.0	0.0					False	False
607	dual_path_mou_bullish	2.0	9.0	28.7806	34	-25.2313	7.02747	0.6525986528647312	0.5219610918984289	0.38472253415953545	1.3567208716762713	False	False
608	supertrend_bullish_cross	2.0	9.5	15.1515	0	0.0	0.0					False	False
609	obv_divergence_bullish	1.0	7.0	28.7894	54	-25.323	7.24392	1.293703377131314	1.293703377131314	1.2745806279633403	1.0150031694727149	False	True
610	aroon_oscillator_zerolag_reversion	3.0	8.0	15.1515	0	0.0	0.0					False	False
611	connors_rsi_oversold	1.0	8.5	117.086	74	-32.3665	6.9262	1.5426633068866493	1.5426633068866493	0.5502774833652995	2.8034280040903625	False	False
612	smart_pullback_hunter_bullish	3.0	4.5	26.8107	1	0.0	0.0	1.1425008165891852	1.1425008165891852	1.0	1.1425008165891852	False	False
613	adx_increasing	4.0	9.5	200.069	339	-99.3738	2.77185	0.009261667356390918	0.00859718831441173	0.0007686760449824116	11.184410351448445	False	False
614	cmf_bullish_divergence	1.0	8.0	102.214	115	-32.8818	4.18579	1.838335864499384	1.6379770434212337	0.8546236756604192	1.916606209341756	False	False
615	willr_oversold	2.0	8.5	755.784	143	-74.2457	3.85491	3.960038437163439	2.932422226327739	0.17192096326462425	17.05680430497646	False	False
616	fisher_extreme_oversold	3.0	4.5	755.939	85	-76.7889	4.92796	4.878487017941435	2.9188246688923085	0.24196178808708818	12.063163741548108	False	False
617	aroon_up_strong	5.0	3.0	1144.08	178	-87.1977	3.03996	7.38980943122628	0.40984429606930844	0.47608315401457196	0.8608670410059578	False	False
618	obv_divergence_bullish	4.0	5.0	64.2429	54	-67.8719	4.43083	1.4816751076092591	1.4332949181242958	1.134865417112867	1.2629646621628863	False	True
619	rsi_hidden_bullish_divergence	3.0	7.0	317.611	22	-35.8786	11.3376	4.6276179291579895	4.520606807357147	1.6986863008313031	2.661236983629556	False	True
620	bottom_hunter_signal	2.0	6.5	12.6002	8	0.0	16.143	0.9322176392337043	0.9322176392337043	0.8714506178269757	1.0697308833841388	False	False
621	sma10_above_sma20	2.0	9.0	429.622	375	-85.377	2.1204	2.6328092968288	1.9817651608615656	0.3734311618280054	5.306908912369574	False	False
622	rsi_extreme_oversold	5.0	6.5	12.6687	2	0.0	21.9259	0.9164623567989432	0.9164623567989432	0.9164623567989432	1.0	False	False
623	cci_bullish_cross_zero	1.0	5.5	10.6258	46	-23.7222	6.45225	1.2569333507130338	1.2152125231935171	1.5324586675216916	0.7929822506461277	False	False
624	rsi_hidden_bullish_divergence	3.0	5.5	162.243	22	-30.431	10.0731	3.115476430207239	2.8800780029795687	1.9051901613414448	1.5117010687015648	False	True
625	dual_path_mou_bullish	4.0	6.5	5.62799	34	-60.1251	5.04422	0.2468150371905459	0.23823228002267732	0.18840724393684133	1.264453929927124	False	False
626	vwap_bullish_cross	4.0	10.0	15.1515	0	0.0	0.0					False	False
627	ad_divergence_bullish	1.0	8.5	14.2838	74	-43.9914	5.29355	1.0339237489496802	0.9293628615154591	1.146747515900011	0.8104337254971594	False	False
628	donchian_upper_break	3.0	2.5	28.8391	26	-15.663	9.08095	1.0743740538961353	0.9716788823012242	0.9355083263740455	1.038664066270124	False	False
629	connors_rsi_very_oversold	2.0	6.5	88.509	44	-39.0925	6.72678	0.9069296396887894	0.9069296396887894	0.2634839962326779	3.442067270332033	False	False
630	coppock_positive	5.0	3.0	1845.35	376	-95.6921	2.52365	0.02620803082436881	0.000522503786071958	0.0003755620539528101	1.3912581970744347	False	False
631	obv_divergence_bullish	1.0	9.5	17.527	54	-34.371	6.77253	1.1606788463252904	1.1606788463252904	1.2822344139185813	0.9052001987516389	False	False
632	fisher_extreme_oversold	4.0	3.0	541.577	85	-89.4853	4.3163	2.785507494530265	1.4062695500393159	0.18104031598358453	7.767714845166454	False	False
633	adx_increasing	1.0	3.0	851.024	339	-37.9608	3.4171	8.234028312907842	3.7340694682668203	0.5781352789190103	6.458816135989374	False	False
634	smart_pullback_hunter_bullish	4.0	4.5	30.6614	1	0.0	0.0	1.1895653064718519	1.1895653064718519	1.0	1.1895653064718519	False	False
635	bb_oversold	1.0	8.0	76.873	119	-22.5083	4.34181	1.5970477760547115	1.5970477760547115	0.9002200961658585	1.774063679378769	False	False
636	stoch_rsi_oversold	2.0	5.0	2118.55	206	-76.8622	3.72308	31.872593978121277	24.282521410229375	1.5531242554842704	15.634628925847272	False	True
637	bb_oversold	5.0	3.5	595.547	119	-93.0997	3.52704	3.3997055310727524	1.342034292361775	0.16151013275736587	8.309288522336189	False	False
638	iftrsi_extreme_oversold	3.0	4.5	5706.56	187	-79.685	3.81817	83.99833930721194	34.526684238546714	0.9207179284295912	37.49974142182356	False	False
639	coppock_positive	4.0	3.5	969.493	376	-94.9133	2.33112	0.07863473022500307	0.0055441273498760425	0.002099617079625404	2.640542127265026	False	False
640	regime_trending_bullish	4.0	9.5	85.6406	133	-84.7764	3.20721	0.25302266420267927	0.25302266420267927	0.14116444385864882	1.792396564506262	False	False
641	supertrend_bullish	1.0	2.5	3483.25	686	-35.9878	2.45881	44.66971377436395	4.4830523754539175	0.5711148850571436	7.8496507318407005	False	False
642	cci_oversold	3.0	6.0	173.28	108	-70.9154	3.42887	1.0443370000900396	0.9527503429582117	0.21473848627588382	4.436793606406313	False	False
643	smc_order_block_bullish	4.0	7.5	19.7908	2	0.0	29.0483	1.0597261538228264	1.0597261538228264	1.0122765582305886	1.0468741424529058	False	True
644	trix_bullish_cross	3.0	6.0	1.81659	9	-38.3383	8.72158	1.1065759501639212	1.1065759501639212	1.3073631280868403	0.8464182034743892	False	False
645	vwap_bounce_bullish	5.0	4.5	15.1515	0	0.0	0.0					False	False
646	fisher_extreme_oversold	3.0	4.0	553.093	85	-79.6605	4.68281	3.5281814981273936	1.8960693566121891	0.2043735932830128	9.277467436737526	False	False
647	vwap_reclaim_bullish	1.0	7.5	15.1515	0	0.0	0.0					False	False
648	sar_bullish_cross	1.0	3.0	9.90505	20	-6.74877	15.0844	0.894153604639812	0.8594765629291936	0.8913357197310044	0.9642568382523417	False	False
649	drawdown_recovery	1.0	2.5	39.6776	11	-2.64305	13.0331	1.3504934909819346	1.2125480612841333	1.437040093661171	0.8437816499572429	False	False
650	ad_accumulation	2.0	5.5	6.56198	381	-88.0098	1.57208	0.21498934176883755	0.049202869705957955	0.10112602784861072	0.48655000846682567	False	False
651	smart_pullback_hunter_bullish	3.0	7.5	26.8107	1	0.0	0.0	1.1425008165891852	1.1425008165891852	1.0	1.1425008165891852	False	False
652	bb_very_oversold	3.0	2.5	123.736	59	-45.5756	4.53879	1.6074971466607093	1.1854891848285882	0.47809622554764114	2.4796037313841066	False	False
653	aroon_strong_uptrend	3.0	2.0	409.98	106	-53.7808	3.42738	4.178262075952636	0.729137745640025	0.7842614029998989	0.9297126479143064	False	False
654	tsi_oversold	1.0	7.5	52.6264	65	-25.0344	5.35405	1.0415418612853895	1.0234015037236712	0.6650338380564123	1.5388713252766246	False	False
655	bb_very_oversold	5.0	2.5	131.743	59	-69.4521	3.94114	1.0059279990569405	0.57437255979274	0.20078874429044039	2.8605814624843298	False	False
656	smart_entry_signal	2.0	6.0	9.42758	10	-12.0094	13.0135	0.823672986617293	0.7674888839145768	0.7370750361393368	1.0412628922213158	False	False
657	sma10_above_sma20	1.0	9.5	248.465	375	-60.796	2.3349	2.968572654122394	2.6401228788334636	0.7994416308872707	3.3024585871307304	False	False
658	drawdown_recovery	1.0	6.5	12.4232	11	-6.98543	11.4381	1.0089264623646037	0.9876680614135843	1.3697794983426745	0.7210416440080941	False	False
659	cmf_bullish_divergence	1.0	7.0	124.556	115	-29.0849	4.37728	2.1556059026340897	1.86665782728845	0.9155657208778272	2.038802660172482	False	False
660	fisher_extreme_oversold	5.0	4.0	1099.81	85	-95.9664	4.46116	0.9984263574060712	0.5906631275550049	0.03379348652794794	17.47860869775938	False	False
661	price_above_ema	2.0	7.5	0.7268	368	-92.765	1.63663	0.04741950035158133	0.029319437330127426	0.06552027646084531	0.4474864715756902	False	False
662	ma_band_bullish	4.0	3.0	948.767	285	-91.049	2.51603	0.008825763833718301	0.0006796068907774218	0.0003491265729934873	1.9465917044077297	False	False
663	cmf_positive	2.0	3.5	1060.53	379	-62.3512	2.34855	7.101652565118895	0.8959876270063932	0.2391821211959257	3.7460476666332703	False	False
664	vwap_reclaim_bullish	4.0	2.0	15.1515	0	0.0	0.0					False	False
665	volume_accumulation_bullish	1.0	4.5	6.96265	10	-4.64222	12.1398	0.7764352744136823	0.7764352744136823	0.7764352744136823	1.0	False	False
666	aroon_oscillator_zerolag_strong	2.0	4.0	15.1515	0	0.0	0.0					False	False
667	macd_positive	1.0	7.5	114.047	378	-43.3668	2.12425	1.6608455266871371	1.3451242108333001	0.6946794500473721	1.936323596072366	False	False
668	aroon_oscillator_zerolag_trend	4.0	4.5	15.1515	0	0.0	0.0					False	False
669	macd_bullish_cross	4.0	5.5	339.296	26	-39.3652	9.09558	4.9728906823023244	4.951441307176997	1.4479887392510278	3.4195302580447757	False	True
670	sma10_above_sma20	5.0	4.5	73.7907	375	-98.5842	2.51435	0.0017805590967388807	0.00024314583543207555	0.0012066729022638105	0.2015010322813379	False	False
671	trix_positive	2.0	5.5	317.878	371	-81.8103	2.04507	3.453379604461589	1.998023104566364	0.3861205364832513	5.174609780573094	False	False
672	iftrsi_extreme_oversold	2.0	5.5	1208.68	187	-67.6009	3.5789	16.281392760162227	11.281694029366191	0.9244554346053764	12.203610479267741	False	False
673	aroon_oscillator_zerolag_strong	1.0	8.5	15.1515	0	0.0	0.0					False	False
674	rsi_oversold	2.0	2.5	103.245	46	-22.4543	6.40118	1.4540844687536316	1.2162425683988687	0.452705100858056	2.6866111428689576	False	False
675	dual_path_mou_bullish	1.0	6.5	27.0321	34	-6.84026	10.8045	0.9853217397313452	0.8662754314534118	0.761197167156715	1.1380434253180336	False	False
676	sma10_above_sma20	4.0	5.5	102.976	375	-98.5357	2.31633	0.00764597996944291	0.002970322717171676	0.004942120268694075	0.6010219411266107	False	False
677	connors_rsi_oversold	3.0	7.5	429.596	74	-83.2956	4.83738	1.3596995077599827	1.3596995077599827	0.09994459074288695	13.60453324840646	False	False
678	trix_positive	1.0	8.0	207.427	371	-53.0721	2.36232	2.8048070828646514	2.5911243006696076	0.7708274901774287	3.361484033312284	False	False
679	rsi_hidden_bullish_divergence	5.0	7.0	501.313	22	-57.4829	9.21365	6.468066242771176	6.16311791604683	1.9742594581359822	3.1217365532419943	False	True
680	sar_bullish	3.0	3.0	1537.98	385	-90.5121	2.16658	0.2255588832227638	0.0019929675045546537	0.0024812821653241043	0.8032006727837561	False	False
681	momentum_positive	3.0	2.5	819.431	369	-91.7877	2.13117	0.2985731192582906	0.00372508330974395	0.006302534250033744	0.5910453100233459	False	False
682	smc_order_block_bullish	2.0	5.5	17.4563	2	0.0	28.3135	1.029631446893636	1.029631446893636	1.0061382791152942	1.0233498399434715	False	True
683	dual_path_mou_bullish	5.0	7.5	24.9409	34	-67.4599	5.17201	0.14595270237539174	0.14595270237539174	0.08576186494304824	1.701836853388325	False	False
684	vwap_bounce_bullish	4.0	5.5	15.1515	0	0.0	0.0					False	False
685	smc_fvg_bullish	1.0	7.0	5.71879	38	-26.5024	6.62114	1.0726828803335533	1.0726828803335533	1.5403862636307333	0.6963726603256054	False	False
686	macd_histogram_positive	5.0	2.5	4405.71	356	-94.0929	2.66381	0.014511141271806334	6.075433679050606e-05	5.598125577625532e-05	1.0852621283332338	False	False
687	tsi_oversold	3.0	4.5	458.277	65	-53.5646	4.5537	2.8471601349730653	1.9525481634844233	0.3459524214617003	5.643978889451381	False	False
688	aroon_oscillator_zerolag_bullish	5.0	7.5	15.1515	0	0.0	0.0					False	False
689	coppock_positive	3.0	6.0	29.1827	376	-95.5633	1.89006	0.05849335847603255	0.02840278862154974	0.030934876003989906	0.9181478088965488	False	False
690	bb_bandwidth_expansion_bullish	1.0	3.5	123.015	366	-50.512	2.3049	0.9543148517284934	0.4947203619384211	0.2471723386772338	2.0015199297217614	False	False
691	drawdown_recovery	3.0	3.0	48.7031	11	-21.8033	7.58427	1.4192215925832292	1.0304577472488252	1.9644933714861719	0.5245412187210725	False	False
692	aroon_strong_uptrend	5.0	4.0	17.7365	106	-89.2306	3.01354	0.10077188919348452	0.033481804808200816	0.04266755934862464	0.7847133822356795	False	False
693	multi_ma_golden_cross	5.0	7.5	70.5046	3	0.0	36.4414	2.4241498498932414	2.4241498498932414	1.9813478528535484	1.223485238294713	False	True
694	adx_increasing	3.0	3.0	10074.2	339	-81.8899	2.86644	24.125883824759768	1.5943671870413305	0.04123561137572772	38.66481261824607	False	False
695	macd_positive	3.0	4.5	134.893	378	-89.0215	1.91556	1.0287309034365968	0.19316079722777124	0.15703256057216464	1.2300684426463522	False	False
696	aroon_strong_uptrend	1.0	5.5	47.4031	106	-28.3145	4.0335	1.0446279299392087	0.8944595960807981	0.7185797313141609	1.244760403198379	False	False
697	stoch_oversold	1.0	7.0	103.444	65	-33.419	7.7093	1.727653620801582	1.6237339766525551	0.7743649824963426	2.0968587337434568	False	False
698	cci_bullish_cross_zero	4.0	3.0	3.12975	46	-66.872	3.38277	1.6711348955807377	0.7967431926074265	2.745411063453689	0.29020907040606697	False	False
699	ulcer_decreasing	4.0	3.5	260.083	375	-94.26	2.21145	0.00698990252578673	0.00019622448937684384	0.00026976653123354083	0.7273863384000344	False	False
700	rsi_hidden_bullish_divergence	5.0	7.5	404.288	22	-60.6036	8.86799	5.096510847567197	5.050728070579097	1.8198288821587971	2.7753862575186745	False	True
701	vwap_reclaim_bullish	1.0	2.0	15.1515	0	0.0	0.0					False	False
702	macd_positive	3.0	3.0	1247.29	378	-77.143	2.25216	3.7091985835246355	0.187614912509079	0.06030523960002461	3.111088087095544	False	False
703	adx_increasing	4.0	2.5	40161.8	339	-85.6982	3.06015	38.6444537018917	1.1496293109692453	0.017341358026447415	66.29407623185791	False	False
704	macd_positive	1.0	2.0	458.18	378	-30.6596	3.28814	6.705034689566883	1.9947641856265395	0.9395479737964699	2.12311051831256	False	False
705	aroon_oscillator_zerolag_trend	1.0	4.0	15.1515	0	0.0	0.0					False	False
706	connors_rsi_oversold	1.0	4.5	163.082	74	-20.2655	8.14019	2.2086482973647272	2.1576621690181117	0.7068771424400815	3.05238639004515	False	False
707	rsi_macd_combo_bullish	2.0	2.5	342.483	235	-61.5728	2.73732	0.7340465460019959	0.14007921066241777	0.07417566781075462	1.8884792654621414	False	False
708	drawdown_recovery	4.0	2.0	94.0806	11	-21.1097	7.26506	1.9904096234000708	1.1043474310382522	2.4228941055256	0.45579682104954616	False	False
709	smc_bos_bullish	2.0	5.5	49.4472	22	-41.2779	8.60952	1.6533696967698637	1.6502701359930532	1.6504812393711505	0.9998720958632783	False	False
710	multi_ma_golden_cross	4.0	8.0	57.8878	3	0.0	32.7891	2.073651084308496	2.073651084308496	1.7585475797492829	1.1791839516813858	False	True
711	aroon_oscillator_zerolag_strong	4.0	5.0	15.1515	0	0.0	0.0					False	False
712	cmf_bullish_divergence	3.0	6.0	181.08	115	-80.584	3.13778	1.7326554621646895	0.7971049490308989	0.2601010026121647	3.064597756354897	False	False
713	composer_rsi_strategy	4.0	2.0	15.1515	0	0.0	0.0					False	False
714	connors_rsi_very_oversold	2.0	5.5	127.303	44	-31.0125	7.43312	1.2819206183920677	1.2819206183920677	0.3244787026814501	3.950708036609002	False	False
715	vwmacd_histogram_positive	5.0	2.0	887.118	356	-94.672	2.29714	0.1739257356756092	0.00028158446603249735	0.001281659634089405	0.21970299956630693	False	False
716	roc_above_threshold	3.0	3.5	14.5218	27	-45.5216	5.49175	0.6577920958204366	0.27761850231714225	0.3312872448199955	0.8379993696044223	False	False
717	smc_sweep_volume_bullish	1.0	8.5	15.1515	0	0.0	0.0					False	False
718	coppock_turning_up	2.0	5.0	135.352	165	-68.5303	2.69191	2.6798781733751063	0.9720213644563922	0.6269472761552147	1.550403680541307	False	False
719	trix_bullish_cross	4.0	3.0	16.7039	9	-32.5188	8.10795	1.0884414183450521	1.0884414183450521	1.0173248175622844	1.0699055007359177	False	True
720	sma_bullish_cross	3.0	2.0	171.873	10	-3.54248	12.4868	2.5018929604115523	2.353416632417697	0.9950892415511318	2.365030727042353	False	False
721	bottom_hunter_signal	4.0	6.5	3.56014	8	-17.0999	9.96258	0.7087515702142702	0.7087515702142702	0.6219354435463372	1.1395902542117535	False	False
722	volume_accumulation_trend	3.0	4.5	0.685566	6	-14.1984	10.0684	0.5715982669654452	0.5715982669654452	0.5715982669654452	1.0	False	False
723	rsi_dipbuy_macd_bullish	2.0	9.0	0.444435	12	-46.0727	9.2315	0.7706107908795966	0.7706107908795966	0.8751224440855432	0.8805748225150871	False	False
724	keltner_lower_break	4.0	6.0	89.8624	28	-43.3255	5.95495	1.21890491131621	1.21890491131621	0.5709855261846074	2.134738720018135	False	False
725	stoch_oversold	5.0	4.0	757.751	65	-90.7	5.00617	2.0135458919931475	1.7771454499118442	0.13335418638985058	13.326506636368334	False	False
726	aroon_up_strong	1.0	4.5	296.442	178	-31.4102	4.00748	5.17528609239574	4.031620697159233	2.0487999386421296	1.96779618210612	False	True
727	sma_bullish_cross	3.0	8.5	235.837	10	-12.1104	12.7948	3.271406186102503	3.271406186102503	0.939095572022201	3.4835710907016875	False	False
728	aroon_oscillator_zerolag_bullish	5.0	7.0	15.1515	0	0.0	0.0					False	False
729	smc_liquidity_sweep_bullish	4.0	5.5	88.2941	10	-23.7244	13.9039	1.2021327681758085	1.2021327681758085	0.6670869058854032	1.802063205813125	False	False
730	keltner_lower_break	3.0	10.0	167.518	28	-36.6215	7.28387	2.501078209796637	2.501078209796637	0.9559032448678629	2.616455403017664	False	False
731	cci_oversold	4.0	8.5	588.132	108	-83.2619	4.00912	0.864172260815325	0.7670519218552285	0.04824389762837714	15.899460026298682	False	False
732	rsi_macd_combo_bullish	3.0	2.0	490.865	235	-75.3889	2.60898	0.4905777735540281	0.0202733582189763	0.021226624234451787	0.9550910213067091	False	False
733	aroon_oscillator_zerolag_trend	4.0	7.0	15.1515	0	0.0	0.0					False	False
734	stoch_oversold	1.0	3.5	104.857	65	-19.9383	8.37634	2.0589124009699873	1.8125899275372446	0.9956524418210015	1.8205046775379796	False	False
735	supertrend_bullish_cross	5.0	8.5	15.1515	0	0.0	0.0					False	False
736	macd_bullish_cross	2.0	2.0	195.513	26	-8.60462	12.1661	3.687062943205376	3.250602482700001	1.8567406742946648	1.750703546113048	False	True
737	rebalancing_frontrun_bullish	2.0	5.5	285.677	366	-73.1543	2.02609	1.0047910159171978	0.5792675300043189	0.25332394988194296	2.286667053289974	False	False
738	supertrend_bullish	5.0	2.0	161632.0	686	-98.733	2.2749	8.920874250988978	0.0007126206269558682	7.796608770832692e-05	9.1401357680252	False	False
739	cci_oversold	1.0	2.5	210.021	108	-17.4735	6.28844	3.3586034306578774	2.583393915748836	1.1094114017019279	2.3286166987158223	False	True
740	multi_ma_golden_cross	1.0	2.0	24.6661	3	0.0	22.9607	1.219412276229978	1.219412276229978	1.16725915388252	1.0446799857375175	False	True
741	stoch_rsi_oversold	1.0	3.5	592.154	206	-40.5872	4.69859	9.308506944890249	7.081841582159044	1.2920193373777569	5.481219496708256	False	True
742	momentum_positive	1.0	7.5	9.4303	369	-60.2939	1.70274	0.4135474178726151	0.297113114933775	0.33061175797451864	0.89867679466099	False	False
743	bb_very_oversold	1.0	2.0	74.5508	59	-6.91413	7.59647	1.634230837108324	1.4389086910480493	0.9168459040560636	1.5694117023181495	False	False
744	macd_histogram_positive	1.0	8.5	75.7186	356	-58.4202	1.92246	0.7547117882358427	0.5645104927344019	0.33989722124921146	1.6608270307702946	False	False
745	price_above_ema	3.0	3.5	370.007	368	-91.9881	2.03214	0.11179540631599394	0.009511150849437176	0.009655199319639981	0.9850807357327377	False	False
746	smart_pullback_hunter_bullish	3.0	5.0	26.8107	1	0.0	0.0	1.1425008165891852	1.1425008165891852	1.0	1.1425008165891852	False	False
747	price_above_sma	1.0	5.0	32.9231	373	-64.2594	1.86392	0.6184137613162631	0.42778079986202466	0.3766134267965814	1.1358617867150012	False	False
748	multi_ma_bullish_cross	1.0	3.5	6.58238	3	0.0	22.7899	0.8977532881486313	0.8511298672658332	0.9323978799924999	0.9128397710135071	False	False
749	cmf_bullish_divergence	2.0	3.0	532.351	115	-40.8466	4.08857	6.009921395762583	2.5934905109260225	0.8190933534149153	3.166294171614746	False	False
750	coppock_positive	1.0	5.5	153.4	376	-50.535	2.26032	1.9895187194920514	1.5435701801731125	0.6159065633406992	2.506175891032452	False	False
751	ulcer_low_risk	1.0	6.0	250.444	684	-71.8882	1.53955	3.201739401733397	1.7423276526809517	0.5810629331749296	2.998517980076386	False	False
752	multi_ma_golden_cross	4.0	7.0	57.8878	3	0.0	32.7891	2.073651084308496	2.073651084308496	1.7585475797492829	1.1791839516813858	False	True
753	smc_order_block_bullish	2.0	7.0	17.4563	2	0.0	28.3135	1.029631446893636	1.029631446893636	1.0061382791152942	1.0233498399434715	False	True
754	drawdown_shallow	1.0	8.5	190.53	656	-75.9649	1.53122	1.464855515758822	1.046721988871322	0.33019449875901274	3.170016438206177	False	False
755	ad_divergence_bullish	1.0	10.0	19.8803	74	-39.1833	5.33633	1.0403904945600537	0.9507499299305913	1.0910236861671518	0.8714292292504184	False	False
756	ad_divergence_bullish	2.0	3.5	113.254	74	-57.7009	5.03721	2.4451980652320304	1.492302689734413	1.4456448777412516	1.0322747396069087	False	True
757	turtle_ha_breakout_bullish	4.0	10.0	73.3582	9	-35.6445	14.9346	2.3776648404883507	2.3776648404883507	1.5910640692958236	1.4943866097992287	False	True
758	smart_entry_signal	3.0	4.5	11.783	10	-13.6009	11.7533	0.7601599509803636	0.6419397746898454	0.6008893112631268	1.0683161817946578	False	False
759	price_above_vwap	2.0	7.0	73.4491	352	-94.5696	1.77655	1.6577386257124611	0.9638615298870304	1.1641564264129385	0.827948468108304	False	False
760	aroon_up_strong	3.0	3.5	661.707	178	-71.271	2.88981	8.756089291236776	2.461686874560166	1.5341195193296406	1.6046252221833672	False	True
761	vwap_bullish_cross	4.0	3.0	15.1515	0	0.0	0.0					False	False
762	intraday_return_bullish	3.0	5.5	364.475	348	-86.0097	2.18736	0.35004986103918523	0.13898197902747417	0.09784745374202	1.4203944375896325	False	False
763	bb_very_oversold	4.0	9.0	36.2652	59	-66.0634	4.00357	0.1314335209356985	0.1314335209356985	0.07132017256110887	1.8428659973177017	False	False
764	stoch_oversold	5.0	3.5	400.643	65	-89.2441	4.62128	2.065106750670611	1.7138226087372543	0.24344713436183324	7.039814262878181	False	False
765	smc_ob_zone_revisit_bullish	4.0	9.5	131.772	2	0.0	117.848	2.421307394189211	2.421307394189211	1.324114316959375	1.8286241325064525	False	True
766	donchian_lower_break	2.0	6.5	15.8328	13	-10.9962	7.06278	0.8869680736835316	0.8869680736835316	0.7594718815280033	1.167874802552288	False	False
767	iftrsi_extreme_oversold	1.0	6.5	233.352	187	-47.6302	3.76837	3.742625538345691	3.354169993764744	0.9697354845197479	3.45885042602712	False	False
768	aroon_oscillator_zerolag_reversion	3.0	6.5	15.1515	0	0.0	0.0					False	False
769	intraday_return_bullish	1.0	6.0	190.58	348	-42.656	2.46162	2.037693795847341	1.6596158979305158	0.8195612351782141	2.0250053646932553	False	False
770	smc_liquidity_sweep_bullish	5.0	3.5	142.131	10	-19.8634	15.4986	1.5229350498337098	1.5229350498337098	0.6396625776176211	2.380841248374691	False	False
771	sma10_above_sma20	1.0	8.0	216.619	375	-54.941	2.31084	2.6893923767841565	2.368522239397503	0.8691344488055786	2.7251505709530686	False	False
772	coppock_positive	2.0	4.5	286.133	376	-77.2872	1.98127	1.922829153824098	0.7722082224455447	0.26466781995830413	2.9176505952525633	False	False
773	multi_ma_golden_cross	5.0	4.5	70.5046	3	0.0	36.4414	2.4241498498932414	2.4241498498932414	1.9813478528535484	1.223485238294713	False	True
774	willr_very_oversold	4.0	2.0	2701.49	72	-49.1576	5.83589	43.890273513840555	19.318009282820626	1.1985438388199938	16.11789961879062	False	True
775	aroon_oscillator_zerolag_reversion	1.0	4.5	15.1515	0	0.0	0.0					False	False
776	stoch_oversold	2.0	9.5	568.532	65	-62.8887	6.99132	5.876300964548973	5.312430852551042	0.6776264365143851	7.839763277060794	False	False
777	cci_very_oversold	4.0	3.5	18.4615	12	-14.6344	9.3743	0.6672259203245544	0.49287242808304277	0.3503289479821143	1.4068846748804955	False	False
778	opening_range_breakout_bullish	2.0	5.5	13.5613	52	-61.0183	4.77967	1.4830773757089868	1.3060374580021767	1.6457434604798695	0.7935850813718924	False	False
779	stoch_oversold	3.0	6.0	263.354	65	-72.8931	4.8859	1.92615507194892	1.4602356954396665	0.3095765049926431	4.716881520044191	False	False
780	supertrend_swing_break_bullish	1.0	2.5	15.1515	0	0.0	0.0					False	False
781	smart_pullback_hunter_bullish	4.0	2.5	30.6614	1	0.0	0.0	1.1895653064718519	1.1895653064718519	1.0	1.1895653064718519	False	False
782	ulcer_decreasing	1.0	6.0	36.1253	375	-64.9929	1.73802	0.5667935483144416	0.37191727898094395	0.23448386744204625	1.5861103070251317	False	False
783	willr_very_oversold	1.0	2.0	210.335	72	-10.5048	8.81704	3.769505511356258	3.1477576677826393	1.2711049752366737	2.4763947345863717	False	True
784	bottom_hunter_signal	5.0	4.0	0.0726502	8	-27.6921	8.72	0.5609456270348018	0.5609456270348018	0.47745451747557843	1.1748671475571364	False	False
785	tsi_oversold	5.0	3.5	1359.53	65	-74.957	4.60082	3.2741207995327164	1.0628149657210648	0.09390495905508338	11.317985508067064	False	False
786	regime_trending_bullish	3.0	8.5	203.785	133	-68.7927	3.27117	1.197651970569702	1.197651970569702	0.37216161068236847	3.218096483336295	False	False
787	sma_bullish_cross	5.0	6.5	508.901	10	-23.6098	14.2116	6.1063118388024025	6.1063118388024025	0.9446857590040281	6.463855076253314	False	False
788	coppock_turning_up	2.0	4.0	140.324	165	-58.099	2.71199	3.399783431525731	0.9253032539020617	0.9408492132893247	0.9834766728103942	False	False
789	ad_accumulation	2.0	6.5	1.51989	381	-86.5239	1.59213	0.1380875417339809	0.03476623656166119	0.07476624510912383	0.46499909833533404	False	False
790	smc_ob_zone_revisit_bullish	3.0	7.0	99.8314	2	0.0	100.145	2.0122805526226326	2.0122805526226326	1.243445864738375	1.61830973883694	False	True
791	iftrsi_extreme_oversold	1.0	5.0	520.409	187	-38.4145	4.57585	8.213012834746928	6.713148372563698	1.3191277728307693	5.089081217778993	False	True
792	bottom_hunter_signal	5.0	2.5	17.2438	8	-12.3802	10.0798	0.9037630588460536	0.9037630588460536	0.7692073286550918	1.1749277797784683	False	False
793	aroon_oscillator_zerolag_bullish	5.0	2.0	15.1515	0	0.0	0.0					False	False
794	roc_positive	1.0	9.5	27.1719	369	-67.5656	1.77212	0.5309243714001036	0.4225078316116122	0.28889177053933635	1.4625125209445242	False	False
795	smart_pullback_hunter_bullish	2.0	5.0	22.9065	1	0.0	0.0	1.094782653235926	1.094782653235926	1.0	1.094782653235926	False	False
796	connors_rsi_oversold	2.0	9.0	205.573	74	-60.5745	4.99848	1.424056005763942	1.424056005763942	0.2679913754182537	5.3138128178245285	False	False
797	sma10_above_sma20	3.0	2.0	4345.46	375	-81.1802	2.56502	30.250950532552718	0.34427625274899704	0.07266663104069278	4.73774892021903	False	False
798	ema_bullish_cross	1.0	3.5	6.63768	9	-7.87196	7.637	0.9305122352106476	0.8995140928013212	1.088540909488652	0.8263484495257719	False	False
799	drawdown_recovery	3.0	4.5	18.4152	11	-37.1534	7.12418	1.0699418031857908	0.859069533909855	1.998549675617063	0.42984647536699955	False	False
800	bb_oversold	3.0	8.0	33.8508	119	-76.8072	2.95496	0.5056646138210092	0.5056646138210092	0.25499821141720797	1.9830123945209988	False	False
801	vwap_bullish_cross	4.0	2.5	15.1515	0	0.0	0.0					False	False
802	cci_very_oversold	1.0	8.5	19.7355	12	-3.75032	13.1992	1.0048914630488086	1.0048914630488086	0.8535277940200094	1.1773388870160812	False	False
803	willr_very_oversold	2.0	2.5	447.794	72	-27.13	6.34424	6.944704587917971	5.31707034578091	1.1878918032765557	4.476056094599579	False	True
804	sar_bullish	5.0	3.0	511.507	385	-97.9762	2.44143	4.9355904338967024e-05	1.7935107396596376e-07	4.6716712124349885e-06	0.038391202165205744	False	False
805	rsi_hidden_bullish_divergence	4.0	9.5	649.764	22	-37.4948	10.9698	6.8845033020394535	6.8845033020394535	1.3888142073628515	4.957108924679051	False	True
806	multi_ma_golden_cross	4.0	2.5	57.8878	3	0.0	32.7891	2.073651084308496	2.073651084308496	1.7585475797492829	1.1791839516813858	False	True
807	bb_very_oversold	1.0	4.0	65.2969	59	-13.5714	7.06848	1.315981292857648	1.2770288468213113	0.7526191549179421	1.696779624165353	False	False
808	ema_reclaim_bullish	1.0	6.0	8.74946	31	-12.6032	10.993	0.9804092171348495	0.9159163087235785	1.0539993263173775	0.8689913606716859	False	False
809	rsi_oversold	4.0	3.0	15.1515	0	0.0	0.0					False	False
810	volume_accumulation_trend	1.0	4.5	9.82606	6	-4.64222	12.4741	0.8383657681024013	0.8383657681024013	0.8383657681024013	1.0	False	False
811	sma_bullish_cross	1.0	8.0	72.5545	10	0.0	10.4003	1.6090342663752795	1.6090342663752795	1.006077923581949	1.599313759561108	False	True
812	bb_very_oversold	1.0	6.5	33.2909	59	-13.6669	6.12068	0.9300427813675494	0.9300427813675494	0.6846946434040133	1.3583322000939997	False	False
813	cci_very_oversold	2.0	8.0	11.5439	12	-18.0587	10.6524	0.8261510823795085	0.8261510823795085	0.6098176725834296	1.3547509682354801	False	False
814	momentum_positive	5.0	2.0	65.585	369	-97.149	2.06628	0.002460053741313915	2.868617396892685e-06	0.00015859986314476553	0.01808713664698621	False	False
815	keltner_lower_break	4.0	2.5	64.9403	28	-35.7035	5.62584	1.1607973882542693	0.8703512006722831	0.4516233662472102	1.9271615813515488	False	False
816	bb_oversold	1.0	6.0	69.7465	119	-31.8101	4.39247	1.6008461765733084	1.5572957451996934	0.8661839271864175	1.797881138545459	False	False
817	bb_lower_break	1.0	4.0	14.5076	24	-9.8399	11.9488	0.7850789926954878	0.7693517264872385	0.6168133842132646	1.2473006361049275	False	False
818	smc_ob_zone_revisit_bullish	1.0	3.0	41.4862	2	0.0	67.9243	1.3010195311689468	1.3010195311689468	1.080668452221	1.2039025739069917	False	True
819	opening_range_breakout_bullish	1.0	3.5	35.7217	52	-22.1024	7.67325	1.3527382293189687	1.136909302502815	1.034395782978725	1.0991047345812683	False	True
820	price_above_vwap	1.0	5.0	708.008	352	-52.415	2.61767	12.11915876961154	6.961052943131001	1.7477774976107932	3.982802703803394	False	True
821	dual_path_mou_bullish	5.0	5.5	3.77843	34	-57.142	4.71765	0.15278690099799033	0.1354316980142132	0.12855723655804185	1.0534739361254675	False	False
822	cci_very_oversold	5.0	2.0	67.7095	12	-10.8616	10.192	1.1203883416091576	0.5002967333985623	0.31985759978408407	1.5641233278067532	False	False
823	ad_accumulation	3.0	2.5	1151.8	381	-76.2397	2.19105	1.278977007200192	0.005857262569668325	0.009589782700018716	0.610781573774022	False	False
824	adx_increasing	2.0	8.0	668.746	339	-86.6954	2.33833	3.5512425052976266	2.1329063342776675	0.16832470315887668	12.671380339607557	False	False
825	regime_trending_bullish	1.0	4.0	117.069	133	-17.0351	5.0339	2.0270412184677964	1.884192235209432	0.9702886597248986	1.9418883404693692	False	False
826	drawdown_shallow	1.0	4.0	784.187	656	-68.8298	2.02855	10.005161153939286	3.077575248591492	0.5852328435700108	5.25871929848948	False	False
827	sar_bullish	4.0	3.0	1273.0	385	-97.0842	2.32961	0.002834811180603253	1.869972679037814e-05	9.404636269102341e-05	0.19883519420962184	False	False
828	ad_divergence_bullish	3.0	4.5	75.8323	74	-81.8454	3.92331	2.0783136583547495	0.944701514630884	1.1489060786794494	0.8222617428543177	False	False
829	aroon_oscillator_zerolag_trend	5.0	2.0	15.1515	0	0.0	0.0					False	False
830	tsi_positive	4.0	4.5	23.9287	379	-95.3294	2.07892	0.10449113763444032	0.01536543547313859	0.04018914312359592	0.3823280189349748	False	False
831	dual_path_kaku_bullish	2.0	8.0	13.8245	6	-16.0332	10.9452	0.8895935083096265	0.8895935083096265	0.8895935083096265	1.0	False	False
832	bb_oversold	2.0	8.0	79.7299	119	-53.9388	3.19241	1.2481922054198016	1.2481922054198016	0.5621844513524988	2.220253872936029	False	False
833	vwmacd_positive	1.0	9.5	31.5096	382	-65.2214	1.79525	1.0150655077772974	0.874388467270624	0.619555171881038	1.411316549284681	False	False
834	connors_rsi_oversold	2.0	7.5	286.414	74	-65.8474	5.38851	1.887920362326613	1.887920362326613	0.258922841163556	7.291440005225547	False	False
835	smart_pullback_hunter_bullish	2.0	7.5	22.9065	1	0.0	0.0	1.094782653235926	1.094782653235926	1.0	1.094782653235926	False	False
836	drawdown_recovery	4.0	2.5	67.8463	11	-27.6722	6.93548	1.631841234464296	0.9665197350347925	2.2673103587507972	0.4262847083569576	False	False
837	connors_rsi_oversold	5.0	2.0	4415.58	74	-72.6832	5.7139	16.401126967198838	4.072002026621963	0.060035829333886424	67.82619765233387	False	False
838	sma_bullish_cross	5.0	2.0	299.308	10	-9.13341	13.1116	3.570283957515637	3.200519287826239	0.9369341052935012	3.415949179076638	False	False
839	sma10_above_sma20	1.0	2.5	646.619	375	-28.7603	3.18639	7.348970073126656	2.4438676165063153	0.5899692312379676	4.142364528702969	False	False
840	multi_day_momentum_bullish	1.0	5.5	125.436	398	-70.4094	2.13889	1.7320612749626112	1.252071599251316	0.5457564206928889	2.2941949041326817	False	False
841	bb_bandwidth_expansion_bullish	3.0	3.5	324.785	366	-95.2174	2.01527	0.04462530736845486	0.0045366057672774724	0.0036094889282925727	1.2568554322795693	False	False
842	rsi_bullish_cross_50	2.0	10.0	13.3951	33	-47.4417	6.14503	1.4644648521387462	1.4644648521387462	2.127194654173664	0.6884489152252202	False	False
843	willr_very_oversold	4.0	7.5	331.397	72	-75.9558	4.47645	0.8458115296613379	0.8458115296613379	0.10020088268552808	8.441158470787583	False	False
844	aroon_oscillator_zerolag_strong	3.0	3.0	15.1515	0	0.0	0.0					False	False
845	macd_histogram_increasing	4.0	2.0	313.941	339	-90.1447	2.06731	0.7802585741481709	0.002504209902967978	0.044358894189162466	0.05645338885791689	False	False
846	rsi_dipbuy_macd_bullish	4.0	2.0	42.9241	12	-22.0482	11.2283	1.0286353813723013	0.985790801866286	0.6928034715999853	1.4229010711936323	False	False
847	trix_bullish_cross	1.0	8.0	17.7344	9	-3.96262	9.84909	1.109660649984547	1.109660649984547	1.0970016996515095	1.0115395904464493	False	True
848	multi_ma_golden_cross	4.0	6.5	57.8878	3	0.0	32.7891	2.073651084308496	2.073651084308496	1.7585475797492829	1.1791839516813858	False	True
849	cmf_positive	2.0	7.0	143.507	379	-77.1886	1.86187	1.295070636768941	0.48213420545621566	0.34837383958480844	1.383956401636882	False	False
850	aroon_strong_uptrend	2.0	8.5	19.5478	106	-59.5961	2.86354	0.3881131047508886	0.26515650314833894	0.18181341652580368	1.458398990652634	False	False
851	multi_ma_bullish_cross	1.0	4.0	5.40548	3	0.0	22.6625	0.884147647882938	0.8464782822088214	0.9323978799924999	0.9078509297078521	False	False
852	ad_divergence_bullish	4.0	4.5	1.7229	74	-89.9401	3.37022	0.8692929002525414	0.7021718179035016	1.0818767256577397	0.6490312632214245	False	False
853	cci_oversold	3.0	8.5	614.987	108	-71.3018	4.03664	2.281072910517962	2.1124576465214626	0.16428767815111298	12.85828414093484	False	False
854	supertrend_swing_break_bullish	3.0	6.5	15.1515	0	0.0	0.0					False	False
855	willr_oversold	4.0	5.0	3646.5	143	-95.0561	3.88049	4.529620864143315	3.403610615762898	0.03457174020373012	98.4506592871962	False	False
856	willr_oversold	5.0	3.0	8548.41	143	-95.2741	4.03017	17.11571597497576	3.6088860458523775	0.041044025795198606	87.92719466311578	False	False
857	smc_sweep_volume_bullish	1.0	5.5	15.1515	0	0.0	0.0					False	False
858	cmf_positive	3.0	3.0	3110.71	379	-72.9959	2.44121	7.67557009337451	0.1489894657479526	0.03257599903065869	4.573596211361995	False	False
859	vwap_bullish_cross	1.0	10.0	15.1515	0	0.0	0.0					False	False
860	aroon_oscillator_zerolag_bullish	2.0	5.5	15.1515	0	0.0	0.0					False	False
861	connors_rsi_very_oversold	5.0	8.0	220.343	44	-84.0122	5.29444	0.11229697986369051	0.11229697986369051	0.009687620423648546	11.59180221280772	False	False
862	bb_bandwidth_expansion_bullish	1.0	3.0	199.181	366	-45.7565	2.58183	1.3764516695010394	0.627275064606828	0.2602590141463719	2.410195345833607	False	False
863	willr_oversold	3.0	10.0	3243.71	143	-91.476	4.07934	5.943842024354077	3.847582707313742	0.040760820616637945	94.39414244136235	False	False
864	rsi_hidden_bullish_divergence	3.0	4.0	173.919	22	-29.3669	10.3299	3.43793279452756	2.8108807216451153	2.111607937739855	1.3311565425605105	False	True
865	smc_sweep_volume_bullish	2.0	2.0	15.1515	0	0.0	0.0					False	False
866	bottom_hunter_signal	1.0	7.0	14.5991	8	0.0	22.3024	0.9853688811098344	0.9853688811098344	0.9523773863103947	1.0346411992490205	False	False
867	bb_oversold	2.0	8.5	150.891	119	-56.824	3.4635	1.8402316826910252	1.7599683195263034	0.5508729631308643	3.1948714809374463	False	False
868	obv_divergence_bullish	1.0	8.5	19.939	54	-31.2287	6.90743	1.210879194928861	1.210879194928861	1.336005366721324	0.9063430620046584	False	False
869	vwap_bounce_bullish	1.0	5.0	15.1515	0	0.0	0.0					False	False
870	stoch_oversold	3.0	4.0	448.214	65	-67.0065	5.44034	4.20528004455372	2.780845124248616	0.43594260851218014	6.378924817051736	False	False
871	rsi_extreme_oversold	1.0	10.0	14.663	2	0.0	19.7839	0.9835730612833258	0.9835730612833258	0.9835730612833258	1.0	False	False
872	willr_very_oversold	4.0	6.5	277.667	72	-83.9983	4.35087	1.069523392113041	1.069523392113041	0.15948327100364354	6.706179183449322	False	False
873	fisher_extreme_oversold	2.0	5.0	314.857	85	-61.9575	5.14208	2.803984936729785	2.1531799280848287	0.38074101937701826	5.655234972076127	False	False
874	drawdown_shallow	1.0	3.0	1320.1	656	-49.5249	2.27923	12.337334665320988	2.4105958835189405	0.4198019225333032	5.742222115068344	False	False
875	turtle_ha_breakout_bullish	3.0	4.5	89.2208	9	-11.4117	16.5656	2.2879171315733866	2.0493982303939866	1.2634426140051593	1.622074645636116	False	True
876	ulcer_low_risk	3.0	4.5	2793.91	684	-98.6624	1.95341	6.105542099465998	0.14706440070943264	0.03168463370175704	4.641505472139241	False	False
877	vwmacd_positive	4.0	4.5	14.1719	382	-97.3516	2.06135	0.23051747991421817	0.038093400926309536	0.06543126990754886	0.5821895399574798	False	False
878	composer_rsi_strategy	3.0	8.5	15.1515	0	0.0	0.0					False	False
879	aroon_bullish	2.0	3.0	2049.18	296	-54.7812	2.80501	22.297069491795995	4.449703980258406	0.5984744848572293	7.435077171786057	False	False
880	rsi_oversold	1.0	2.0	62.4903	52	-12.9938	7.67493	1.3325775480428215	1.1483488874563261	0.647968673733083	1.7722290197154877	False	False
881	rsi_bullish_cross_50	3.0	4.0	96.2612	33	-41.9141	6.62712	3.220292990956139	2.5915040288753834	2.4838909328756893	1.0433244046972328	False	True
882	bb_lower_break	3.0	4.5	29.3718	24	-25.9363	8.44621	0.6226148099468249	0.6019256684171228	0.33787311145675836	1.7815139707977576	False	False
883	turtle_ha_breakout_bullish	5.0	2.5	137.336	9	-11.4521	14.1473	2.645416224844566	1.673331019494295	0.9818867761768472	1.7041995677034274	False	False
884	sma10_above_sma20	2.0	3.0	2231.68	375	-57.0269	2.61472	14.648131360835047	2.0635938654630985	0.20264902919350283	10.183092777082294	False	False
885	aroon_oscillator_zerolag_bullish	1.0	8.5	15.1515	0	0.0	0.0					False	False
886	ema_reclaim_bullish	3.0	3.5	24.111	31	-26.974	7.16355	1.4090843906542596	0.8587088130633869	1.3886907765843401	0.618358548600351	False	False
887	obv_increasing	5.0	2.5	9.58825	325	-96.9028	2.09881	0.008392136282308114	1.783587989026368e-05	0.0015215498573983926	0.011722179068624267	False	False
888	bb_very_oversold	4.0	3.5	151.373	59	-68.7914	4.19379	0.8575710157921989	0.676132426745488	0.19939946785114823	3.3908436869561798	False	False
889	multi_ma_golden_cross	3.0	8.0	46.0162	3	0.0	29.2032	1.756912484286963	1.756912484286963	1.5497123533132904	1.1337023161302664	False	True
890	rsi_oversold	2.0	7.0	55.3127	32	-25.8637	6.28583	1.2768166064807644	1.2768166064807644	0.745193595076616	1.71340255058082	False	False
891	macd_bullish_cross	3.0	4.5	261.421	26	-25.1051	10.1836	4.410344515712706	4.246123702063438	1.7064945069614537	2.488214104845842	False	True
892	rsi_extreme_oversold	2.0	5.0	14.1799	2	0.0	20.225	0.9672932542598286	0.9672932542598286	0.9672932542598286	1.0	False	False
893	price_above_vwap	4.0	2.5	96670.4	352	-76.7214	3.15225	1021.243266053844	8.605475189966933	0.7813447325099102	11.013672751492933	False	False
894	connors_rsi_very_oversold	1.0	6.5	54.6029	44	-14.9393	9.62373	1.0701691576636458	1.0701691576636458	0.5400698013815105	1.9815385991331667	False	False
895	volume_spike_trend_bullish	1.0	6.0	11.3115	26	-11.8233	11.5324	0.9238041412091239	0.9238041412091239	0.9579177671502467	0.9643877302301128	False	False
896	sma10_above_sma20	4.0	4.5	320.112	375	-97.2182	2.34282	0.06082868139439545	0.010196748422756212	0.010158207005102933	1.0037941161893948	False	False
897	vwap_reclaim_bullish	5.0	9.5	15.1515	0	0.0	0.0					False	False
898	donchian_upper_break	4.0	2.0	29.697	26	-30.3813	7.85329	1.037617034872912	0.8527679533402138	0.8816412711725216	0.9672504920352607	False	False
899	dual_path_kaku_bullish	4.0	3.5	21.0963	6	-24.9022	9.99653	1.109300129480413	1.0983523730165088	1.0983523730165088	1.0	False	False
900	adx_increasing	5.0	4.0	2080.79	339	-97.9174	2.86815	0.21201164212060641	0.013903004939240042	0.001146627207765809	12.125130857770172	False	False
901	roc_positive	1.0	7.0	15.5675	369	-57.9173	1.74146	0.4879910620407423	0.3312789233099537	0.34978951737355946	0.9470807638759589	False	False
902	aroon_oscillator_zerolag_reversion	3.0	2.5	15.1515	0	0.0	0.0					False	False
903	ema12_above_ema26	2.0	5.0	174.728	378	-70.5759	1.88432	2.3941950194909865	1.070647392115589	0.5581497644851799	1.9182080872203215	False	False
904	vwap_reclaim_bullish	3.0	5.5	15.1515	0	0.0	0.0					False	False
905	smc_liquidity_sweep_bullish	1.0	9.0	30.1213	10	-9.16869	14.6019	1.0169399060094075	1.0169399060094075	0.8539488176707287	1.190867514499594	False	False
906	macd_histogram_positive	2.0	4.5	490.268	356	-81.8105	2.09029	1.1679827713900768	0.2360838109703941	0.07983282079977876	2.957227473678954	False	False
907	vwmacd_positive	3.0	4.5	178.902	382	-89.9626	1.961	2.7882179751940335	0.5673688264434561	0.36131652619085974	1.5702819697313066	False	False
908	keltner_lower_break	4.0	6.5	60.6872	28	-45.768	5.71095	0.9390164609051699	0.9390164609051699	0.5151434336112543	1.8228252553322566	False	False
909	tsi_positive	1.0	6.5	206.824	379	-40.8513	2.35608	3.209587182620484	2.3841882732647695	0.9795583666025439	2.4339420238264937	False	False
910	multi_ma_golden_cross	2.0	2.5	34.9235	3	0.0	25.952	1.4719612111658202	1.4719612111658202	1.3515655414014573	1.0890786765986376	False	True
911	sma_bullish_cross	1.0	2.5	56.6622	10	0.0	10.1995	1.4016931487632376	1.3962744580835882	1.0071225791808245	1.3863997163277713	False	True
912	rsi_oversold	4.0	2.0	183.799	52	-61.0653	4.7466	1.1561910544715974	0.5849175748799768	0.11386315320150422	5.137022455761831	False	False
913	sma_bullish_cross	5.0	4.0	565.048	10	-20.0224	14.6499	7.078770296708537	7.078770296708537	1.1339738707550715	6.242445685274075	False	True
914	multi_ma_ema_cross	1.0	5.5	0.764741	9	-11.5773	7.44987	0.8751428380338624	0.8633314667853694	1.1120490469378177	0.7763429762047576	False	False
915	coppock_buy_signal	3.0	2.0	12.3987	16	-15.5465	10.3383	0.9240862867906896	0.6742823182965119	1.0787407504116944	0.6250642872619546	False	False
916	smart_pullback_hunter_bullish	5.0	2.0	34.5656	1	0.0	0.0	1.2372834698251112	1.2372834698251112	1.0	1.2372834698251112	False	False
917	rebalancing_frontrun_bullish	3.0	7.5	74.1047	366	-92.3112	2.03539	0.023264997121532738	0.014967428600477154	0.035735892574496365	0.4188346091895001	False	False
918	macd_positive	1.0	5.5	154.023	378	-40.372	2.31172	2.6286937223690767	1.9600102460949687	0.8993013658705948	2.1794810065672707	False	False
919	supertrend_bullish_cross	4.0	9.0	15.1515	0	0.0	0.0					False	False
920	aroon_up_strong	1.0	10.0	220.73	178	-38.4039	3.56029	2.9655995974063893	2.954816264082744	1.2802993536572143	2.3079104551933285	False	True
921	opening_range_breakout_bullish	1.0	4.5	33.3639	52	-28.1741	7.35337	1.5097225027764276	1.3510062866796273	1.3962744310057018	0.967579335894972	False	False
922	donchian_lower_break	3.0	5.5	24.2544	13	-14.8996	7.35657	0.9269369027452949	0.9269369027452949	0.7101187629389939	1.305326589187628	False	False
923	smc_fvg_bullish	3.0	2.0	195.325	38	-31.9565	5.52446	4.0597701356791305	2.1578342353849007	3.2702318731784517	0.6598413565358678	False	False
924	anchored_vwap_pullback_long	3.0	9.0	12.9717	164	-89.6742	2.29005	0.3784292365108963	0.2501805460953705	0.21908332023035412	1.141942462038276	False	False
925	supertrend_swing_break_bullish	2.0	3.0	15.1515	0	0.0	0.0					False	False
926	smc_sweep_volume_bullish	5.0	3.0	15.1515	0	0.0	0.0					False	False
927	vwap_reclaim_bullish	4.0	8.0	15.1515	0	0.0	0.0					False	False
928	dual_path_kaku_bullish	3.0	10.0	8.24146	6	-30.4186	7.27011	0.7004960962254153	0.7004960962254153	0.7004960962254153	1.0	False	False
929	supertrend_bullish_cross	3.0	10.0	15.1515	0	0.0	0.0					False	False
930	bb_very_oversold	2.0	4.5	131.808	59	-25.6425	5.41355	1.688845527535435	1.651904498092073	0.6385682725607538	2.5868878381127374	False	False
931	ad_divergence_bullish	2.0	7.0	4.30278	74	-73.0905	3.70997	0.8685311417950243	0.627425565576189	0.9513667536996396	0.6594991501818622	False	False
932	ulcer_low_risk	1.0	10.0	341.536	684	-77.7109	1.58383	2.744679534376777	2.203838781704306	0.41059544647744606	5.367421389134564	False	False
933	rsi_hidden_bullish_divergence	1.0	3.5	69.7222	22	-6.90882	12.2879	1.7496469234688765	1.6250928525020265	1.340007652577223	1.2127489342142947	False	True
934	supertrend_bullish_cross	2.0	3.0	15.1515	0	0.0	0.0					False	False
935	willr_oversold	4.0	9.5	3654.24	143	-97.4995	3.46569	1.433271994017006	1.3557231776585175	0.010117522248165723	133.9975484515793	False	False
936	aroon_oscillator_zerolag_reversion	1.0	7.0	15.1515	0	0.0	0.0					False	False
937	composer_rsi_strategy	1.0	8.0	15.1515	0	0.0	0.0					False	False
938	vwap_reclaim_bullish	2.0	6.0	15.1515	0	0.0	0.0					False	False
939	smc_order_block_bullish	5.0	8.5	20.9729	2	0.0	29.4234	1.0749916072350385	1.0749916072350385	1.0153456977882356	1.0587444350990325	False	True
940	rsi_dipbuy_macd_bullish	5.0	2.5	21.873	12	-35.7784	10.105	0.7548984217079376	0.7352247502130923	0.5732546809232976	1.2825446955425153	False	False
941	dual_path_mou_bullish	4.0	8.5	14.256	34	-61.8515	5.1803	0.15750418809475747	0.15750418809475747	0.1010787384984953	1.558232625717842	False	False
942	ad_accumulation	3.0	3.5	199.613	381	-86.913	1.90105	0.19500947021097353	0.003261587249317956	0.009845562690193318	0.3312748445110874	False	False
943	obv_divergence_bullish	5.0	4.0	53.3437	54	-80.6945	4.17832	1.403842081257185	1.2590335900102958	1.1715479858547662	1.0746752204876175	False	True
944	anchored_vwap_pullback_long	2.0	8.0	44.8181	164	-64.6122	2.50249	1.2113534753584256	0.9365697173609362	0.8558471900259266	1.0943188553701566	False	False
945	stoch_rsi_oversold	2.0	10.0	2251.43	206	-74.6345	3.64879	23.3433980898899	21.63293319257738	1.3333791838638724	16.224141980295027	False	True
946	rsi_hidden_bullish_divergence	1.0	5.5	63.666	22	-10.5993	12.3021	1.644459400475074	1.608515005647901	1.2790240469660406	1.2576112305811937	False	True
947	keltner_lower_break	2.0	4.5	115.999	28	-14.6782	7.88106	1.9019563490831737	1.8909258249194083	0.8717291539736077	2.169166668683721	False	False
948	vwap_bullish_cross	2.0	10.0	15.1515	0	0.0	0.0					False	False
949	dual_path_mou_bullish	3.0	2.5	60.985	34	-22.5159	6.91541	0.9114699086298523	0.7045029230601553	0.4698721166166167	1.4993503511828532	False	False
950	dual_path_kaku_bullish	2.0	3.0	21.2962	6	-7.37992	13.9092	1.158878194928166	1.1410801875772303	1.1410801875772303	1.0	False	False
951	ulcer_decreasing	1.0	9.0	36.0725	375	-72.5909	1.7189	0.5405215596863702	0.4222993275946177	0.19734704041107634	2.139881736837617	False	False
952	drawdown_recovery	1.0	4.5	26.1718	11	-4.56438	12.2515	1.1865486242479852	1.1145048439587961	1.4282852983171863	0.7803096799161287	False	False
953	cmf_bullish_divergence	4.0	3.0	704.401	115	-84.1898	3.45906	3.638793632230777	1.281575182804398	0.28128484814649646	4.556147233842251	False	False
954	keltner_lower_break	3.0	6.0	93.2645	28	-31.613	6.5092	1.460335077703598	1.460335077703598	0.7157275226869648	2.040350596301296	False	False
955	rsi_dipbuy_macd_bullish	2.0	7.0	14.5104	12	-37.7121	9.88274	0.8994603367404436	0.8994603367404436	0.8751224440855432	1.0278108427219372	False	False
956	dual_path_kaku_bullish	4.0	8.5	6.59557	6	-34.4413	6.21806	0.5992201971018826	0.5992201971018826	0.5992201971018826	1.0	False	False
957	rebalancing_frontrun_bullish	4.0	2.5	737.878	366	-92.5597	2.21961	0.4492949149581065	0.009515841947080448	0.017272951192253267	0.5509100234908434	False	False
958	sma10_above_sma20	3.0	9.0	233.897	375	-95.6332	2.21743	0.3151437281709822	0.19219287982526997	0.06542253462482396	2.9377168116067516	False	False
959	dual_path_mou_bullish	1.0	10.0	21.8245	34	-10.4877	9.80001	0.8202646897099892	0.755588843705044	0.6429980086063113	1.1751029297007807	False	False
960	coppock_turning_up	3.0	4.0	87.4071	165	-74.5725	2.41424	2.538926394361822	0.2804529776181905	0.5021446730035529	0.5585103112628381	False	False
961	smart_pullback_hunter_bullish	1.0	5.5	19.0022	1	0.0	0.0	1.0470644898826666	1.0470644898826666	1.0	1.0470644898826666	False	False
962	macd_positive	5.0	3.0	625.358	378	-94.2203	2.38499	0.04186859595611946	0.0005085822163014796	0.0010017519568532999	0.5076927604903676	False	False
963	rsi_hidden_bullish_divergence	3.0	6.5	354.818	22	-33.5357	11.7255	5.195087722793894	4.980420813850902	1.7686230368595914	2.815987754346033	False	True
964	trend_with_sma_filter	1.0	2.5	115.105	263	-37.7284	3.28306	2.299610629495289	1.1705998211458182	0.9702759974757201	1.2064606608751147	False	False
965	multi_day_momentum_bullish	4.0	3.0	276.625	398	-98.365	2.10333	0.06868266273545116	0.003396261769101634	0.008409678239843633	0.40385157103998537	False	False
966	keltner_lower_break	2.0	5.0	108.454	28	-16.3319	7.76226	1.8418231792279038	1.8418231792279038	0.9005122605451961	2.045306055147779	False	False
967	willr_very_oversold	2.0	2.0	650.645	72	-23.3028	6.95986	10.662010210689097	7.3104652325780215	1.3971041514790827	5.232584288607685	False	True
968	dual_path_mou_bullish	3.0	7.0	21.7277	34	-34.8147	5.71417	0.5120595436301817	0.3108036392622367	0.246241215614752	1.262191784126397	False	False
969	ma_band_bullish	5.0	3.5	123.97	285	-96.9016	2.5068	0.0001814753140430594	1.6262798192520374e-05	4.257136950460457e-05	0.38201256811250506	False	False
970	supertrend_swing_break_bullish	3.0	3.5	15.1515	0	0.0	0.0					False	False
971	aroon_oscillator_zerolag_bullish	5.0	4.5	15.1515	0	0.0	0.0					False	False
972	momentum_positive	3.0	3.5	200.313	369	-92.7015	1.91941	0.06948661910404148	0.002801511402234242	0.006293680046039838	0.4451308903122633	False	False
973	price_above_sma	1.0	6.5	24.05	373	-68.7868	1.78741	0.4553847707309617	0.3395413416112174	0.29709716747688664	1.1428629377209825	False	False
974	vwmacd_histogram_positive	2.0	2.0	863.186	356	-50.671	2.31566	8.990007329732094	0.4975135935315889	0.25171086362073897	1.976528094080231	False	False
975	connors_rsi_very_oversold	1.0	5.0	77.0771	44	-11.2394	10.6823	1.3570616897662635	1.3538030638058713	0.6227956175989798	2.173751750253307	False	False
976	smc_ob_zone_revisit_bullish	5.0	4.5	164.834	2	0.0	133.989	2.858409182036992	2.858409182036992	1.404782769180375	2.0347695350112676	False	True
977	stoch_rsi_oversold	4.0	7.5	1149.76	206	-97.5934	3.30775	1.0354007952449529	1.0287832744612733	0.05968164342890658	17.23785095976407	False	False
978	aroon_oscillator_zerolag_bullish	2.0	3.5	15.1515	0	0.0	0.0					False	False
979	price_above_ema	3.0	6.5	8.33328	368	-97.7995	1.91781	0.005047652831556589	0.0016149866469873794	0.007611559165882479	0.212175536153786	False	False
980	rsi_macd_combo_bullish	5.0	3.0	487.722	235	-94.6524	2.71066	0.0015427138475768917	8.053831603110404e-05	0.0002918119453123512	0.2759938971822996	False	False
981	coppock_positive	3.0	4.5	231.086	376	-92.1578	2.00519	0.4271005597093617	0.09623471319788462	0.05519325030735652	1.74359568718963	False	False
982	composer_rsi_strategy	1.0	6.0	15.1515	0	0.0	0.0					False	False
983	squeeze_retest_go	1.0	7.5	1.2696	24	-19.6229	10.6326	0.7123964075472393	0.7123964075472393	0.7325251889578301	0.9725213798596765	False	False
984	trix_bullish_cross	2.0	6.0	8.22547	9	-21.7292	9.16768	1.101004407222801	1.101004407222801	1.199476496672525	0.9179041108992997	False	False
985	cci_very_oversold	2.0	7.5	15.0849	12	-16.1325	10.6805	0.8387383597375174	0.8387383597375174	0.6043451015649992	1.3878467080572647	False	False
986	supertrend_bullish_cross	4.0	6.0	15.1515	0	0.0	0.0					False	False
987	aroon_oscillator_zerolag_trend	2.0	2.5	15.1515	0	0.0	0.0					False	False
988	ulcer_low_risk	5.0	3.0	4874.39	684	-98.6181	2.214	0.005031894895848785	1.4062797092607851e-06	5.824311361824802e-06	0.24144995380538622	False	False
989	aroon_up_strong	2.0	5.0	412.673	178	-61.5141	2.97675	5.805409684578446	3.8216576397565345	1.7328580393292201	2.205407224954143	False	True
990	price_above_sma	5.0	4.0	66.4929	373	-99.6236	2.3968	1.624484572782403e-05	6.204225260120933e-07	2.359326206353384e-05	0.02629659791602235	False	False
991	composer_rsi_strategy	5.0	4.5	15.1515	0	0.0	0.0					False	False
992	tsi_positive	1.0	2.5	461.446	379	-25.5726	3.03899	6.098829025495556	2.1215956762406383	0.8426699574138394	2.5177065558998124	False	False
993	ttm_squeeze_momentum_bullish	1.0	3.5	3.15334	9	-0.261988	10.1256	0.8435462204055111	0.8430830607476847	0.917710247372443	0.9186811013188222	False	False
994	bb_bandwidth_expansion_bullish	4.0	2.0	1412.89	366	-96.5182	2.28481	0.21791438182311357	0.0014189431416841089	0.002311299313916394	0.613915788898745	False	False
995	cci_oversold	3.0	5.0	561.219	108	-62.2834	3.96448	3.3513567696231017	2.6904681918522817	0.32221410540807616	8.349939207176753	False	False
996	smart_pullback_hunter_bullish	2.0	6.5	22.9065	1	0.0	0.0	1.094782653235926	1.094782653235926	1.0	1.094782653235926	False	False
997	anchored_vwap_pullback_long	1.0	2.5	22.1949	164	-31.4313	3.06623	0.9833126310820036	0.8137000091117739	0.7899458373790842	1.0300706334645702	False	False
998	iftrsi_extreme_oversold	3.0	8.5	902.676	187	-86.6053	3.25619	4.929659078346733	3.723222346412612	0.18638791646450356	19.97566375029294	False	False
999	trend_with_sma_filter	2.0	6.0	37.5509	263	-79.5663	1.99179	1.1193946721876369	0.7402694991531613	0.6924969758553674	1.0689858944709258	False	False
1000	trix_positive	2.0	7.5	236.953	371	-80.0179	1.98942	1.5965279293543524	1.2849385332008556	0.27741396093447096	4.631845235447166	False	False
1001	aroon_up_strong	2.0	4.5	695.04	178	-60.7457	3.2232	10.865128647669039	6.344040254393533	2.403510757435687	2.6394890202871406	False	True
1002	ttm_squeeze_momentum_bullish	1.0	4.0	0.919361	9	-1.10182	10.0703	0.8168312827522882	0.8168312827522882	0.9081544870868076	0.8994408928953626	False	False
1003	anchored_vwap_pullback_long	1.0	4.0	31.7367	164	-35.5751	3.1458	1.2451032942990206	1.1456626640274958	1.0765595361185591	1.0641888586655244	False	True
1004	willr_very_oversold	1.0	7.0	98.2664	72	-33.777	6.61859	1.700478152218773	1.700478152218773	0.8111680795208014	2.096332677714997	False	False
1005	aroon_strong_uptrend	1.0	7.5	18.4891	106	-35.4973	3.60001	0.6444479368918209	0.5325235846642479	0.46019453260865517	1.157170602713572	False	False
1006	obv_divergence_bullish	2.0	6.5	30.8728	54	-47.6103	5.2298	1.2757174774872801	1.2757174774872801	1.2489021443393968	1.0214711242745655	False	True
1007	supertrend_bullish	2.0	7.5	76.8398	686	-96.2251	1.47576	0.08733713672694093	0.024898495516229954	0.019722925966457236	1.2624138811135222	False	False
1008	supertrend_swing_break_bullish	4.0	8.5	15.1515	0	0.0	0.0					False	False
1009	willr_very_oversold	5.0	8.5	198.96	72	-91.4054	4.23995	0.13550599906214855	0.13550599906214855	0.016672084561511095	8.127717836495115	False	False
1010	bb_bandwidth_expansion_bullish	1.0	9.0	8.38685	366	-71.0636	1.69826	0.3682819569586256	0.31349662656146066	0.2575235412709546	1.217351334228562	False	False
1011	supertrend_bullish_cross	3.0	3.0	15.1515	0	0.0	0.0					False	False
1012	volatility_stop_long	4.0	3.5	1086.61	455	-96.765	2.21129	0.23515468483560964	0.004167792726352079	0.0054010831361263265	0.771658687953698	False	False
1013	ema_reclaim_bullish	4.0	3.5	16.8629	31	-37.7433	6.0254	1.3488269359290117	0.6550363568939374	1.3718182403991004	0.4774950045155902	False	False
1014	tsi_oversold	1.0	5.0	130.402	65	-17.2086	6.49107	1.9193327498236592	1.7514381174332303	0.855590055268669	2.047052915877161	False	False
1015	sar_bullish_cross	1.0	2.5	14.9438	20	-5.83264	15.5075	0.9629619973993778	0.9079329691013484	0.9151819582780751	0.9920791826028065	False	False
1016	connors_rsi_oversold	3.0	8.0	333.49	74	-85.176	4.65599	0.9713503930934206	0.9713503930934206	0.08482291191018532	11.45150963600418	False	False
1017	ema_8_21_bullish_cross	1.0	4.5	2.30417	11	-1.35364	9.78072	0.8001358692126072	0.7889699462685048	0.8621388175384878	0.915130986122526	False	False
1018	supertrend_swing_break_bullish	5.0	7.5	15.1515	0	0.0	0.0					False	False
1019	keltner_upper_break	1.0	10.0	0.658138	48	-30.157	7.19018	0.7797593182096423	0.7797593182096423	0.8868239070563135	0.8792718734860713	False	False
1020	sar_bullish_cross	4.0	2.0	10.0179	20	-18.8369	6.35782	0.82010937466233	0.5659997619962122	0.7014760798315547	0.8068696542469781	False	False
1021	smc_liquidity_sweep_bullish	2.0	2.5	77.5208	10	-5.94689	19.1205	1.486837984253004	1.486837984253004	0.9110137426331455	1.6320697643435398	False	False
1022	stoch_rsi_oversold	3.0	2.5	10371.3	206	-77.7544	3.90706	146.64571256070516	35.54264015628635	0.7343512280032316	48.40005545157198	False	False
1023	rsi_oversold	3.0	6.0	10.7087	52	-65.6083	4.08164	0.4562856663321349	0.4562856663321349	0.22348555746699414	2.041678538442119	False	False
1024	rsi_oversold	1.0	2.5	87.4813	66	-13.5507	7.55624	1.547175689525431	1.2902858760325262	0.6561363300109981	1.966490524935418	False	False
1025	coppock_positive	1.0	9.5	154.252	376	-60.3491	2.15711	1.5359049818409252	1.297677764106994	0.4567303533608015	2.841233902144167	False	False
1026	vwap_bounce_bullish	4.0	3.0	15.1515	0	0.0	0.0					False	False
1027	smc_ob_zone_revisit_bullish	2.0	10.0	70.0633	2	0.0	84.7012	1.6415374770158497	1.6415374770158497	1.1613369044419999	1.4134894626504417	False	True
1028	rebalancing_frontrun_bullish	2.0	8.5	122.544	366	-81.2095	1.88216	0.28041206991601725	0.23209206749393316	0.16073358824641565	1.443954994261188	False	False
1029	rebalancing_frontrun_bullish	1.0	9.5	104.012	366	-53.738	2.07224	0.8942424335180649	0.8162443296686298	0.47640347334695815	1.7133467225461858	False	False
1030	smc_ob_zone_revisit_bullish	4.0	6.0	131.772	2	0.0	117.848	2.421307394189211	2.421307394189211	1.324114316959375	1.8286241325064525	False	True
1031	cmf_bullish_divergence	3.0	2.0	967.081	115	-40.828	3.76985	10.610280292956412	2.2914091335190534	0.7826742389393964	2.9276664792547002	False	False
1032	macd_bullish_cross	1.0	4.0	76.9296	26	-6.4099	12.3799	1.803919903426246	1.774762155213455	1.2553937339681571	1.4137095854410817	False	True
1033	supertrend_bullish_cross	5.0	2.5	15.1515	0	0.0	0.0					False	False
1034	anchored_vwap_pullback_long	2.0	9.5	23.3202	164	-73.4778	2.33924	0.7570406936420406	0.6126338751128331	0.527341947947945	1.1617393182863351	False	False
1035	multi_day_momentum_bullish	2.0	3.0	462.345	398	-85.21	2.09344	2.9707543162016243	0.4851152983671411	0.24569005284685183	1.9745011763644051	False	False
1036	iftrsi_extreme_oversold	3.0	9.0	655.541	187	-88.8063	3.17394	4.541870035621507	3.6438977822549385	0.2632107491748753	13.8440310423415	False	False
1037	bb_lower_break	3.0	5.0	18.5613	24	-29.9572	7.89963	0.5124692610316544	0.5082346814939448	0.3011247248427427	1.6877879481977505	False	False
1038	aroon_strong_uptrend	2.0	4.5	125.672	106	-52.4407	3.32894	1.3561516167509107	0.8291964847752332	0.511796477390439	1.6201684095270878	False	False
1039	tsi_oversold	1.0	8.0	39.6142	65	-26.5274	5.1357	0.9003397579358181	0.8903643206812839	0.6189583489436364	1.4384882637108785	False	False
1040	donchian_lower_break	2.0	2.5	57.1882	13	-3.39327	7.72633	1.435633058452041	1.2946664442537539	0.9318212420975737	1.389393572247182	False	False
1041	volatility_stop_long	3.0	2.5	9116.77	455	-77.1305	2.32284	26.71368845867448	0.19373050895738556	0.0680528487351563	2.846765602882156	False	False
1042	macd_histogram_positive	5.0	4.0	159.427	356	-99.1105	2.50819	0.0001280357134665909	7.312008660917585e-06	2.7338172823776172e-05	0.2674651560677195	False	False
1043	smc_ob_zone_revisit_bullish	1.0	7.5	41.4862	2	0.0	67.9243	1.3010195311689468	1.3010195311689468	1.080668452221	1.2039025739069917	False	True
1044	multi_day_momentum_bullish	1.0	6.5	82.2895	398	-72.4431	1.97321	1.105241363272678	0.7758689621600751	0.40418161277148706	1.91960479557671	False	False
1045	stoch_rsi_oversold	5.0	3.5	18325.9	206	-97.8885	3.76946	51.202367630485185	16.840152923347606	0.08681836624569825	193.96993575863368	False	False
1046	smc_sweep_volume_bullish	5.0	8.5	15.1515	0	0.0	0.0					False	False
1047	composer_rsi_strategy	4.0	4.5	15.1515	0	0.0	0.0					False	False
1048	rsi_extreme_oversold	2.0	5.5	14.1799	2	0.0	20.225	0.9672932542598286	0.9672932542598286	0.9672932542598286	1.0	False	False
1049	aroon_oscillator_zerolag_strong	1.0	3.5	15.1515	0	0.0	0.0					False	False
1050	cci_oversold	3.0	5.5	312.985	108	-66.3115	3.66328	1.656555653719537	1.4388089067532812	0.2332076442791359	6.169647273787954	False	False
1051	aroon_oscillator_zerolag_trend	5.0	9.0	15.1515	0	0.0	0.0					False	False
1052	smc_sweep_volume_bullish	5.0	3.5	15.1515	0	0.0	0.0					False	False
1053	price_above_vwap	1.0	4.5	1022.11	352	-45.7254	2.82168	17.54265971319072	8.848581301875974	1.8086185834805222	4.892452937671189	False	True
1054	stoch_rsi_oversold	1.0	2.0	768.137	206	-30.8358	5.22355	12.948268228345341	7.798075083119653	1.567953303425771	4.97341028338145	False	True
1055	drawdown_shallow	2.0	4.5	2479.42	656	-95.0522	1.88509	15.138324569104933	1.8264513194622136	0.16658442780685506	10.964117976140468	False	False
1056	roc_positive	1.0	5.0	58.9493	369	-58.4084	1.98419	0.8584706006579301	0.5081813545674415	0.4015215243205193	1.2656391346078355	False	False
1057	ma_band_bullish	3.0	3.0	650.864	285	-75.416	2.3759	0.11605537381062778	0.012883964234852208	0.004159904869711237	3.097177613041554	False	False
1058	multi_ma_golden_cross	3.0	9.0	46.0162	3	0.0	29.2032	1.756912484286963	1.756912484286963	1.5497123533132904	1.1337023161302664	False	True
1059	donchian_upper_break	3.0	3.0	13.115	26	-19.4227	8.39037	0.8550951723878955	0.7899261264168714	0.8336997969609157	0.9474946848930365	False	False
1060	aroon_oscillator_zerolag_trend	5.0	10.0	15.1515	0	0.0	0.0					False	False
1061	smart_pullback_hunter_bullish	5.0	4.5	34.5656	1	0.0	0.0	1.2372834698251112	1.2372834698251112	1.0	1.2372834698251112	False	False
1062	regime_trending_bullish	4.0	5.5	52.4151	133	-85.9245	2.89247	0.41132844428493803	0.3950764001469592	0.2769272448954678	1.4266433058837873	False	False
1063	fisher_buy_signal	2.0	8.5	2.60985	27	-38.8506	6.87973	0.8408159643895369	0.7980196911838402	1.2660478838713087	0.6303234667109613	False	False
1064	ema12_above_ema26	2.0	6.5	188.963	378	-76.2766	1.91705	1.713277997585944	0.8734032069589589	0.33040780622514304	2.6434097212697645	False	False
1065	adx_increasing	3.0	2.0	32975.2	339	-66.7567	3.18041	249.72581952007204	5.130656723437482	0.18027383744379566	28.460351186772098	False	False
1066	smc_ob_zone_revisit_bullish	2.0	3.0	70.0633	2	0.0	84.7012	1.6415374770158497	1.6415374770158497	1.1613369044419999	1.4134894626504417	False	True
1067	roc_positive	1.0	6.0	19.8701	369	-62.0632	1.78587	0.5474448834688329	0.36568984695103557	0.35228269616561997	1.0380579316876588	False	False
1068	tsi_oversold	1.0	2.5	183.255	65	-9.81664	7.20389	2.609906437122798	2.0476745016156834	0.9839845927164429	2.081002605907434	False	False
1069	connors_rsi_very_oversold	1.0	6.0	62.5796	44	-13.7269	10.013	1.1725323185799554	1.1725323185799554	0.5725331276989588	2.047972880263585	False	False
1070	stoch_oversold	1.0	4.0	122.832	65	-22.456	8.53507	2.1047402164840037	1.8821712664146628	0.8991879196073271	2.0931901167406703	False	False
1071	rsi_hidden_bullish_divergence	5.0	3.0	305.682	22	-47.1091	8.68841	5.884813088456032	3.3347229852884994	3.416966483727772	0.9759308442646628	False	False
1072	supertrend_bullish_cross	2.0	7.0	15.1515	0	0.0	0.0					False	False
1073	coppock_turning_up	1.0	10.0	26.9529	165	-46.8573	2.88312	1.2589009783659906	1.093779328755837	0.8899580448573302	1.2290234748438982	False	False
1074	multi_ma_ema_cross	2.0	3.0	1.78328	9	-13.5569	7.25482	0.8999271282623823	0.8286025130028826	1.188446417277018	0.6972148688885663	False	False
1075	aroon_oscillator_zerolag_reversion	3.0	5.0	15.1515	0	0.0	0.0					False	False
1076	macd_bullish_cross	1.0	3.0	90.458	26	-4.60335	12.8975	2.0176261850106805	1.9647059041601642	1.3368150462423491	1.4696916448410364	False	True
1077	vwap_bullish_cross	3.0	5.0	15.1515	0	0.0	0.0					False	False
1078	volatility_stop_long	3.0	3.0	5398.23	455	-80.3248	2.24839	12.142829900695602	0.18751793540014194	0.05760320670929766	3.255338480485581	False	False
1079	willr_oversold	1.0	3.0	403.032	143	-33.604	5.6296	5.253592155005938	3.476872028406862	0.8172537806389585	4.254335814376438	False	False
1080	ema_bullish_cross	2.0	2.5	6.28047	9	-11.7188	7.38236	0.9582891566504996	0.870255231537052	1.20903441843135	0.7197935958400228	False	False
1081	turtle_ha_breakout_bullish	1.0	9.5	33.7821	9	0.0	13.517	1.3285472855098721	1.3285472855098721	1.1346290691531442	1.170908909024747	False	True
1082	tsi_oversold	5.0	6.5	22.1997	65	-80.2339	3.88772	0.04151416805004636	0.029856406509659112	0.018228006054635183	1.6379414413276954	False	False
1083	aroon_oscillator_zerolag_reversion	2.0	3.5	15.1515	0	0.0	0.0					False	False
1084	rebalancing_frontrun_bullish	2.0	4.5	348.981	366	-73.9858	2.07292	1.7915230886642692	0.7621566936328414	0.4197481035917414	1.8157477951922691	False	False
1085	supertrend_bullish	1.0	6.0	307.439	686	-73.8959	1.58101	3.604141692958006	1.7171167137728853	0.47289146768942536	3.6311010688410463	False	False
1086	regime_trending_bullish	1.0	3.0	133.898	133	-17.2423	5.36525	2.0257226839436258	1.729726215830949	0.8451451605107324	2.046661682101633	False	False
1087	rsi_extreme_oversold	4.0	5.5	13.1678	2	0.0	21.2872	0.9332531819783025	0.9332531819783025	0.9332531819783025	1.0	False	False
1088	aroon_oscillator_zerolag_strong	1.0	6.5	15.1515	0	0.0	0.0					False	False
1089	roc_positive	2.0	4.5	119.631	369	-89.6765	1.80286	0.3467920654908574	0.08487654401040857	0.08789648673123071	0.9656420542716735	False	False
1090	bb_bandwidth_expansion_bullish	2.0	4.0	99.6887	366	-91.8842	1.77104	0.2152195956858897	0.068364487277632	0.05630650125381973	1.214149090341398	False	False
1091	smart_entry_signal	2.0	4.0	19.0624	10	-8.13476	13.9365	0.9126383059207784	0.8132467054407831	0.7490098063287692	1.0857624273664288	False	False
1092	aroon_oscillator_zerolag_trend	3.0	3.0	15.1515	0	0.0	0.0					False	False
1093	dual_path_mou_bullish	2.0	6.5	31.8749	34	-18.5975	7.49839	0.8389460956613881	0.6226407381999828	0.502499281818861	1.2390878170934976	False	False
1094	squeeze_retest_go	1.0	5.5	2.05053	24	-13.1141	11.0916	0.6918123665223892	0.6918123665223892	0.6971104592564966	0.9923999236222073	False	False
1095	willr_oversold	1.0	4.0	419.343	143	-40.7858	5.44748	5.432323020535242	4.079221368986997	0.8068303388014062	5.05586016391862	False	False
1096	aroon_oscillator_zerolag_reversion	5.0	6.5	15.1515	0	0.0	0.0					False	False
1097	connors_rsi_very_oversold	3.0	5.0	226.903	44	-44.8414	6.52597	1.4228618537363527	1.4111119977235396	0.19257729670301288	7.327509638375053	False	False
1098	price_above_vwap	5.0	4.0	78.952	352	-99.4021	2.4786	1.5067752681214284	0.029875617031176437	1.314244673939595	0.02273215758342848	False	False
1099	smc_bos_bullish	4.0	4.0	12.7691	22	-56.3889	6.33914	0.9051030190133423	0.8374983545413872	0.9246068973815059	0.9057885647545885	False	False
1100	macd_positive	3.0	6.5	70.6318	378	-92.8958	1.9611	0.2659146027092808	0.08253540106107386	0.05893985193722389	1.400332684055286	False	False
1101	smc_sweep_volume_bullish	5.0	7.0	15.1515	0	0.0	0.0					False	False
1102	sar_bullish_cross	5.0	2.0	2.62717	20	-26.0301	5.4983	0.691808383410514	0.4247284057472175	0.6095915585093037	0.696742597266027	False	False
1103	connors_rsi_very_oversold	4.0	8.0	201.433	44	-73.7346	5.39698	0.30682416137180335	0.30682416137180335	0.032761189980519106	9.365476698320519	False	False
1104	stoch_oversold	5.0	7.0	567.246	65	-95.491	4.94075	0.3606051448186674	0.3606051448186674	0.03211702088103672	11.227851616573325	False	False
1105	macd_histogram_increasing	2.0	2.5	367.036	339	-57.1463	2.07684	3.7539768093980768	0.20550511355871812	0.3658047891665659	0.5617890187466719	False	False
1106	volume_spike_trend_bullish	2.0	6.0	3.43226	26	-23.3409	8.59766	0.7669886981802174	0.7669886981802174	0.8358068937881374	0.9176625652176491	False	False
1107	willr_oversold	4.0	4.0	5205.84	143	-95.2814	4.03939	14.078017968683636	7.421938032273468	0.07397106709922734	100.3356896598156	False	False
1108	bb_very_oversold	2.0	6.0	53.5819	59	-36.8339	4.58628	0.8116448716445676	0.8116448716445676	0.4542387972036431	1.7868241916832428	False	False
1109	vwap_bullish_cross	5.0	2.0	15.1515	0	0.0	0.0					False	False
1110	cci_very_oversold	1.0	8.0	15.8682	12	-3.69248	12.7537	0.9418092912371424	0.9418092912371424	0.789785900182266	1.192486838546741	False	False
1111	aroon_oscillator_zerolag_reversion	2.0	9.0	15.1515	0	0.0	0.0					False	False
1112	smart_entry_signal	2.0	9.5	31.0477	10	-18.8595	13.4765	0.963847746574037	0.963847746574037	0.6770782667844487	1.4235396317644367	False	False
1113	adx_increasing	2.0	7.5	551.239	339	-84.2509	2.27978	2.2532758437698184	1.2503838643787706	0.10031109689848099	12.465060228024539	False	False
1114	turtle_ha_breakout_bullish	1.0	2.0	39.4111	9	0.0	13.2117	1.3140406296111695	1.2091842353983984	1.0288242889434775	1.1753068511243419	False	True
1115	intraday_return_bullish	3.0	8.0	70.8844	348	-92.5263	2.09181	0.032984528469043345	0.02249490880544604	0.05416718094461929	0.4152866812183728	False	False
1116	smc_liquidity_sweep_bullish	2.0	5.5	57.6433	10	-11.8408	15.8545	1.214019897071704	1.214019897071704	0.8329716477693793	1.4574564456338177	False	False
1117	cmf_positive	2.0	9.5	35.2442	379	-82.6769	1.7359	0.42651668687920885	0.23167244898710465	0.22830595413714289	1.01474554118698	False	False
1118	cmf_bullish_divergence	2.0	2.0	548.437	115	-27.4324	4.18357	6.933355581033893	2.776532377637907	1.1345744354973573	2.4472016033225485	False	True
1119	ema_reclaim_bullish	2.0	3.0	31.9493	31	-13.7023	9.36066	1.2973689247269344	0.9120899125126836	1.1343613643675463	0.8040558689348625	False	False
1120	smc_bos_bullish	3.0	4.0	24.1764	22	-44.3602	7.26395	1.0512139687196742	0.9951378980267623	0.9798528715773167	1.0155993077050847	False	False
1121	smc_liquidity_sweep_bullish	1.0	6.5	34.539	10	-6.80901	15.1629	1.093473801192901	1.093473801192901	0.8997852156433459	1.2152609113621275	False	False
1122	coppock_buy_signal	4.0	2.5	0.813524	16	-25.9531	7.5571	0.9099079352822632	0.6403891193103761	1.3144346220392074	0.48719739161836717	False	False
1123	aroon_strong_uptrend	2.0	5.0	70.7979	106	-52.1756	3.09975	0.8666789717714385	0.5733435068851043	0.4297215237907024	1.3342210597865087	False	False
1124	bb_oversold	5.0	5.5	21.5596	119	-95.4826	3.09669	0.09958317285222253	0.0736224053161607	0.03469652668922787	2.121895542328681	False	False
1125	dual_path_kaku_bullish	3.0	9.0	10.3631	6	-27.1485	7.91171	0.7608690694318647	0.7608690694318647	0.7608690694318647	1.0	False	False
1126	regime_trending_bullish	3.0	6.5	291.991	133	-67.4594	3.38341	2.120666580910919	2.120666580910919	0.5421057018747343	3.911906061082062	False	False
1127	vwmacd_positive	1.0	8.5	68.944	382	-59.8789	1.96022	1.5772618530816664	1.3400602875819423	0.818111840329842	1.637991557537737	False	False
1128	dual_path_mou_bullish	3.0	8.5	30.8429	34	-45.1995	5.77578	0.4384563170363966	0.28382268690406703	0.18889568979991736	1.5025365968101154	False	False
1129	ulcer_low_risk	3.0	5.5	258.574	684	-99.0974	1.79326	0.07839363973738703	0.005109767830375713	0.005662688490730803	0.9023572175548499	False	False
1130	aroon_oscillator_zerolag_strong	2.0	9.5	15.1515	0	0.0	0.0					False	False
1131	fisher_buy_signal	2.0	2.5	25.9434	27	-23.6673	8.23992	1.0539793393630918	0.7801543904856061	1.1364041513914866	0.6865113872827152	False	False
1132	bb_oversold	3.0	7.5	3.8953	119	-86.5222	2.79298	0.2039500260608064	0.2030749272778699	0.10640192002215393	1.908564499922441	False	False
1133	rsi_bullish_cross_50	4.0	8.5	0.174411	33	-76.8054	5.01633	1.6196382680468129	1.6196382680468129	3.5878236284147675	0.45142638986477385	False	False
1134	sma10_above_sma20	3.0	7.0	193.401	375	-92.8008	2.1188	0.25301452362710275	0.12970640145962506	0.075673642375395	1.7140235012897782	False	False
1135	price_above_sma	1.0	4.5	62.624	373	-62.0361	2.00808	0.7942813461951544	0.4970344991987535	0.36154820397332577	1.374739229061209	False	False
1136	vwmacd_positive	4.0	4.0	2.71209	382	-97.9398	1.99116	0.16952751422297227	0.017209173754482453	0.03777301051719632	0.4555944447861236	False	False
1137	ma_band_bullish	5.0	2.5	814.59	285	-92.1015	2.56737	0.002088831025714458	4.9251287533383205e-05	6.916326470103669e-05	0.712101832472419	False	False
1138	trix_bullish_cross	1.0	4.0	16.2754	9	-1.65587	9.79291	1.0995273668827281	1.0995273668827281	1.0970016996515095	1.0023023366618489	False	True
1139	rsi_oversold	4.0	10.0	8.50121	1	0.0	0.0	0.9045825184179125	0.9045825184179125	0.9045825184179125	1.0	False	False
1140	volume_spike_trend_bullish	2.0	2.0	32.2758	26	-9.85298	10.6862	1.3386425108916915	1.2068859083685812	1.2041866217144996	1.0022415849880797	False	True
1141	intraday_return_bullish	4.0	4.0	65.1547	348	-92.2772	2.11243	0.05288968898111879	0.008148502872231372	0.037114175426669845	0.21955230794043049	False	False
1142	smart_entry_signal	1.0	5.0	17.1812	10	-4.95409	14.5559	0.9681817705141457	0.9281450511775768	0.8839280445795028	1.0500233100072178	False	False
1143	supertrend_swing_break_bullish	4.0	6.5	15.1515	0	0.0	0.0					False	False
1144	ema12_above_ema26	2.0	6.0	71.3186	378	-77.745	1.74103	1.0436233963485588	0.6305482393478967	0.356709759131783	1.767678688922405	False	False
1145	tsi_oversold	2.0	6.0	145.371	65	-39.3456	4.43545	1.4152637755240787	1.2426225721938868	0.46634502990029236	2.6645991541060647	False	False
1146	tsi_oversold	3.0	3.0	726.591	65	-47.4752	4.84962	4.68193451377668	2.355936084398187	0.39710052858898065	5.932845500784266	False	False
1147	cci_bullish_cross_zero	4.0	2.5	10.3269	46	-60.9845	3.42112	1.8871163024340012	0.7493417315001522	3.3837318191446184	0.22145423205837278	False	False
1148	bb_very_oversold	5.0	4.0	198.581	59	-76.0548	4.2268	0.4644574712046301	0.3837030013179859	0.08594435210336392	4.464551677072535	False	False
1149	coppock_positive	1.0	7.0	166.812	376	-49.5192	2.23726	1.8879759175293307	1.5009043237250341	0.58620761207881	2.5603630741036003	False	False
1150	bb_very_oversold	5.0	6.0	27.098	59	-78.455	3.84234	0.07354108613669036	0.07354108613669036	0.05022597078801415	1.4642043744078321	False	False
1151	vwap_bullish_cross	3.0	8.0	15.1515	0	0.0	0.0					False	False
1152	supertrend_swing_break_bullish	5.0	9.0	15.1515	0	0.0	0.0					False	False
1153	smart_entry_signal	1.0	9.5	25.0605	10	-9.51119	14.599	1.0115602205283147	1.0115602205283147	0.8336736026170012	1.2133768148024675	False	False
1154	intraday_return_bullish	4.0	5.5	94.0647	348	-94.2984	2.29753	0.014576531215135585	0.006305203441999252	0.015115013141943525	0.4171483929777461	False	False
1155	aroon_oscillator_zerolag_trend	4.0	3.0	15.1515	0	0.0	0.0					False	False
1156	regime_trending_bullish	1.0	8.5	122.8	133	-28.0696	4.70348	1.8812294782990346	1.8812294782990346	0.8951774769433893	2.1015156510891564	False	False
1157	coppock_positive	1.0	4.5	203.433	376	-42.9377	2.40873	2.6530723323842205	1.741485817022098	0.6936665150071978	2.5105519429664684	False	False
1158	smc_liquidity_sweep_bullish	1.0	5.5	37.2074	10	-5.78911	15.4431	1.1330707470852883	1.1330707470852883	0.9188179854086856	1.2331830298046507	False	False
1159	supertrend_bullish_cross	4.0	9.5	15.1515	0	0.0	0.0					False	False
1160	donchian_lower_break	3.0	2.5	77.0146	13	-6.21586	8.12627	1.6133349202046707	1.3717224384507454	0.8806255190882647	1.5576682809180074	False	False
1161	trix_bullish_cross	5.0	3.5	0.533063	9	-48.2731	7.46732	0.9159769014754046	0.9159769014754046	0.9840210619459937	0.930850910511991	False	False
1162	momentum_positive	5.0	2.5	122.364	369	-97.8672	2.18718	0.0003377746678142841	1.4342762169550918e-06	4.2827063053725186e-05	0.03348995038851574	False	False
1163	rebalancing_frontrun_bullish	3.0	8.5	25.3738	366	-94.0413	2.00896	0.014187256522243655	0.0102149712386414	0.021921417989141607	0.46598131761828515	False	False
1164	macd_histogram_increasing	1.0	3.5	109.116	339	-41.5133	2.26952	2.1629582365290743	0.7913981660842476	0.7919880476736341	0.9992551887732146	False	False
1165	vwap_bounce_bullish	5.0	7.0	15.1515	0	0.0	0.0					False	False
1166	smart_pullback_hunter_bullish	2.0	4.5	22.9065	1	0.0	0.0	1.094782653235926	1.094782653235926	1.0	1.094782653235926	False	False
1167	obv_divergence_bullish	3.0	2.0	81.6004	54	-39.9658	5.2697	2.81328748357988	2.2128389906870507	2.460592156783178	0.8993115679845034	False	False
1168	intraday_return_bullish	2.0	4.5	458.923	348	-69.3791	2.20765	2.677701782215767	1.1548015452490121	0.5873064863771824	1.9662673102291808	False	False
1169	volume_accumulation_trend	2.0	7.5	1.2968	6	-15.2527	9.75659	0.571074660592619	0.571074660592619	0.571074660592619	1.0	False	False
1170	cmf_bullish_divergence	1.0	5.5	146.796	115	-24.3154	4.59631	2.6641446086829617	2.1378436680063344	1.10391585193174	1.936600207584052	False	True
1171	regime_trending_bullish	3.0	6.0	61.742	133	-74.5111	2.85525	0.8436282734568009	0.8300461920852978	0.4731896854709888	1.754151067893866	False	False
1172	aroon_up_strong	5.0	4.5	306.844	178	-92.9983	3.00337	1.6606196219831006	0.29319664541861484	0.34472356709091884	0.8505268377583423	False	False
1173	aroon_oscillator_zerolag_reversion	3.0	8.5	15.1515	0	0.0	0.0					False	False
1174	rsi_macd_combo_bullish	3.0	4.5	39.8139	235	-91.4918	2.10648	0.033439924405309455	0.008922981730155852	0.02590877989251668	0.34439992030397004	False	False
1175	rsi_extreme_oversold	5.0	5.5	12.6687	2	0.0	21.9259	0.9164623567989432	0.9164623567989432	0.9164623567989432	1.0	False	False
1176	stoch_oversold	1.0	8.0	129.951	65	-34.652	7.87672	1.8884649814740673	1.7956256928779395	0.7390366519699654	2.4296842221445254	False	False
1177	stoch_rsi_oversold	2.0	4.0	3365.55	206	-73.4148	4.04255	58.75586139589167	37.12285346745365	1.6478376372169463	22.528222823063384	False	True
1178	fisher_extreme_oversold	3.0	5.0	518.722	85	-79.8965	4.61013	2.5831247307290317	1.657945304266483	0.16689629122833244	9.933985303473477	False	False
1179	macd_bullish_cross	2.0	5.5	160.048	26	-20.2196	11.2531	2.807391115386921	2.8021161919074733	1.3427234240574577	2.086890078553933	False	True
1180	multi_day_momentum_bullish	2.0	10.0	25.359	398	-93.425	1.68815	0.15443430426361268	0.10371735323852427	0.07897822122767675	1.3132399239472607	False	False
1181	volume_accumulation_trend	4.0	2.0	0.204742	6	-9.19276	11.2676	0.61110329967994	0.5639735235393606	0.5639735235393606	1.0	False	False
1182	connors_rsi_oversold	5.0	8.5	265.129	74	-96.093	4.58173	0.07005108075839248	0.07005108075839248	0.006044763481449204	11.588721539456833	False	False
1183	opening_range_breakout_bullish	4.0	3.5	5.68131	52	-70.2727	3.86703	1.13259656450289	0.4850522659026984	0.7391310962483082	0.6562465959891733	False	False
1184	regime_trending_bullish	2.0	2.0	632.579	133	-29.1078	4.90591	8.449532769039028	4.651120889481635	1.009538123629735	4.607177065051098	False	True
1185	cmf_positive	2.0	4.0	543.666	379	-76.7316	2.14681	5.889290206902351	1.0030831641162512	0.4216522966546474	2.3789344255317144	False	False
1186	ema_pullback_bounce_bullish	1.0	9.0	4.87133	5	0.0	10.9319	0.8730725172065215	0.8730725172065215	1.0030691395576472	0.8704011346531365	False	False
1187	dual_path_kaku_bullish	4.0	5.0	21.4312	6	-20.6551	9.83127	1.0663773297842136	1.0663773297842136	1.0663773297842136	1.0	False	False
1188	volume_accumulation_bullish	1.0	6.5	6.01731	10	-6.69904	12.219	0.7375302694430612	0.7375302694430612	0.7375302694430612	1.0	False	False
1189	rsi_dipbuy_macd_bullish	1.0	4.0	28.5345	12	-5.25351	10.8874	1.0660311917921788	1.0660311917921788	0.9049359596096332	1.1780183785071792	False	False
1190	trend_with_sma_filter	4.0	2.0	240.743	263	-89.8042	2.27597	3.1956518694933918	0.15795285312340904	0.3940879815933123	0.40080606489139836	False	False
1191	drawdown_recovery	2.0	4.0	34.3025	11	-16.7421	9.08301	1.2924693340330542	1.104322515640133	1.7958989294608532	0.6149135107350733	False	False
1192	trix_positive	3.0	8.5	41.5754	371	-93.6044	2.02112	0.12810597719894692	0.09914033520336671	0.04621614103562225	2.1451452454014244	False	False
1193	turtle_ha_breakout_bullish	2.0	2.0	66.4472	9	-0.480848	14.2978	1.6828120309370347	1.4126959964238655	1.0456460362030746	1.3510269704207116	False	True
1194	sar_bullish	2.0	3.5	457.854	385	-84.3287	1.97487	0.6271453518813942	0.04784264658965589	0.025069911640157917	1.9083691748246834	False	False
1195	opening_range_breakout_bullish	1.0	3.0	53.621	52	-18.8284	8.18711	1.5932872034887084	1.287199544431773	1.084899220193138	1.186469231863418	False	True
1196	iftrsi_extreme_oversold	5.0	5.5	1328.38	187	-96.3202	3.58645	1.4403528318328789	0.7632786041607454	0.03706629002212257	20.59225791696962	False	False
1197	aroon_strong_uptrend	4.0	4.0	38.827	106	-82.1643	2.90601	0.2971781550458438	0.13218597300521853	0.12241476751883835	1.0798204798687911	False	False
1198	aroon_oscillator_zerolag_trend	1.0	9.0	15.1515	0	0.0	0.0					False	False
1199	drawdown_shallow	2.0	6.0	253.753	656	-97.317	1.54623	0.40691091660129797	0.11327860055432674	0.04701779845913282	2.4092706223322464	False	False
1200	smc_sweep_volume_bullish	1.0	5.0	15.1515	0	0.0	0.0					False	False
1201	rsi_bullish_cross_50	1.0	9.0	29.9338	33	-18.5405	8.7976	1.4590132643908327	1.4590132643908327	1.5764560068281304	0.9255020489448385	False	False
1202	sma10_above_sma20	1.0	3.5	483.326	375	-28.0373	2.88734	5.162053136173052	2.4202549489808094	0.5619230747635048	4.30709301268579	False	False
1203	multi_day_momentum_bullish	2.0	9.5	64.2589	398	-92.6404	1.75177	0.2687075932949933	0.16567968996137325	0.09964885297419303	1.6626351936462394	False	False
1204	aroon_oscillator_zerolag_trend	4.0	8.0	15.1515	0	0.0	0.0					False	False
1205	sma_bullish_cross	2.0	7.0	152.352	10	-3.91144	11.9073	2.4652156936161758	2.4652156936161758	1.016506201378793	2.425185099975138	False	True
1206	smc_bos_bullish	2.0	6.5	25.7063	22	-47.1957	7.9164	1.3449165455106147	1.3449165455106147	1.5761003834831586	0.853319090335077	False	False
1207	sma_bullish_cross	2.0	3.0	115.512	10	-2.41542	11.7471	1.9171138109394565	1.9171138109394565	0.9755102395045608	1.965242119768127	False	False
1208	aroon_bullish	3.0	3.5	1801.33	296	-77.3294	2.52642	12.861888875134317	1.2564794021276384	0.1792018587466595	7.011531079618667	False	False
1209	ema_pullback_bounce_bullish	1.0	8.5	5.07289	5	0.0	10.9434	0.8759997157348313	0.8759997157348313	1.0030691395576472	0.8733193766893741	False	False
1210	bb_lower_break	4.0	4.0	7.5616	24	-47.5809	6.13353	0.2626958244989838	0.23829484323644948	0.11971292101402774	1.990552408361388	False	False
1211	rsi_hidden_bullish_divergence	4.0	4.5	170.525	22	-43.6547	8.69866	3.480702374838158	2.8038233228798415	2.4445438692837493	1.1469719803806842	False	True
1212	smc_ob_zone_revisit_bullish	3.0	2.0	73.9327	2	0.0	95.6591	1.4817987236158827	1.4817987236158827	0.9174026147383749	1.6152109224568347	False	False
1213	supertrend_swing_break_bullish	4.0	7.5	15.1515	0	0.0	0.0					False	False
1214	cmf_bullish_divergence	2.0	4.5	460.9	115	-51.4675	3.95674	6.97926840186052	3.608411715345508	1.0133676413283195	3.5608120569309007	False	True
1215	smc_liquidity_sweep_bullish	2.0	3.0	73.3045	10	-6.93632	18.9928	1.4144817716351097	1.4144817716351097	0.8840849827747906	1.5999386927664068	False	False
1216	ad_divergence_bullish	2.0	4.5	76.076	74	-65.4261	4.64018	2.0977669559647287	1.35172253175252	1.4121369110180593	0.957217760690085	False	False
1217	rsi_extreme_oversold	5.0	5.0	12.6687	2	0.0	21.9259	0.9164623567989432	0.9164623567989432	0.9164623567989432	1.0	False	False
1218	drawdown_recovery	1.0	5.0	23.0736	11	-5.1486	12.0885	1.1441798028388794	1.0851732624436228	1.4120527012271986	0.7685076212102504	False	False
1219	smc_bos_bullish	3.0	6.5	14.2959	22	-64.7426	6.77107	1.2829800866598506	1.2829800866598506	1.85528685455132	0.6915265332217992	False	False
1220	rsi_extreme_oversold	1.0	8.0	14.663	2	0.0	19.7839	0.9835730612833258	0.9835730612833258	0.9835730612833258	1.0	False	False
1221	ema12_above_ema26	1.0	6.5	182.06	378	-39.811	2.32873	2.7207222833614892	2.020981097184445	0.8330187065020044	2.4260932934758532	False	False
1222	volatility_stop_long	2.0	6.0	208.997	455	-90.7427	1.73562	1.2970854664444742	0.5042967650713567	0.32531225772650724	1.5501929395335698	False	False
1223	fisher_extreme_oversold	2.0	7.0	201.555	85	-70.1695	4.631	1.6604497364862796	1.423450740387311	0.28607637701665467	4.975771698564409	False	False
1224	aroon_up_strong	1.0	6.0	126.298	178	-37.1954	3.31966	2.3313583067376027	2.0889868859215257	1.3843197034635768	1.509035001593105	False	True
1225	ulcer_decreasing	4.0	4.0	94.5913	375	-98.6553	2.1695	0.005292328982040239	0.00029792662149428497	0.0005316740486825471	0.5603557710453001	False	False
1226	turtle_ha_breakout_bullish	5.0	8.0	110.077	9	-36.3152	15.566	3.1430344178875655	3.1430344178875655	1.7442643406286498	1.8019255136264414	False	True
1227	volume_spike_trend_bullish	5.0	3.0	8.21755	26	-38.217	5.91424	0.6860252329437584	0.6402701876012145	0.6618544366250413	0.9673882234077176	False	False
1228	trend_with_sma_filter	2.0	7.0	49.6565	263	-78.8458	2.03717	1.0786852049908815	0.6169166155418353	0.4896513578694859	1.2599099453662115	False	False
1229	bottom_hunter_signal	5.0	3.0	10.6107	8	-17.5532	9.5649	0.7643701263141165	0.7599675798093408	0.6468335589997448	1.1749043772319807	False	False
1230	rsi_hidden_bullish_divergence	2.0	10.0	255.299	22	-18.3554	14.4871	3.492741804240911	3.492741804240911	1.2976120896891685	2.691668667388546	False	True
1231	stoch_oversold	2.0	3.5	215.945	65	-44.8445	6.0534	3.2574025274318648	2.46246453181199	0.8387958432121697	2.9357137994174827	False	False
1232	aroon_up_strong	4.0	2.0	6795.1	178	-66.2217	3.41751	99.91425626974632	6.160774661399392	2.8081925703373125	2.1938576173425943	False	True
1233	cci_bullish_cross_zero	2.0	4.5	2.12535	46	-50.0134	4.28113	1.39508895459254	1.1970409505652395	2.071826130553184	0.577770949459753	False	False
1234	macd_histogram_increasing	1.0	3.0	151.416	339	-36.1259	2.42077	2.2677317337098977	0.7277381372176567	0.647688740586884	1.123592385685504	False	False
1235	fisher_extreme_oversold	4.0	6.5	255.807	85	-93.6831	4.05031	0.28640575833445747	0.2692420244542087	0.03851809026716296	6.990014888763584	False	False
1236	supertrend_bullish	3.0	4.5	4482.13	686	-98.8858	2.00446	8.36908426103188	0.10800254756267039	0.014108054228077427	7.65538222469595	False	False
1237	bb_lower_break	4.0	9.0	39.0874	24	-63.5308	6.92716	0.3678176909880523	0.3678176909880523	0.1675834404418215	2.1948331530748377	False	False
1238	rebalancing_frontrun_bullish	3.0	6.5	234.606	366	-88.1928	2.12328	0.12163711481255889	0.06458528795843749	0.06633606752793603	0.9736074260241425	False	False
1239	anchored_vwap_pullback_long	2.0	7.0	48.718	164	-64.5339	2.52427	1.2619604104587667	0.9324196477480393	0.813216639686592	1.14658210646967	False	False
1240	willr_oversold	3.0	3.0	3824.01	143	-74.6938	4.32636	29.793142616716292	6.496299634156252	0.20696682223445495	31.38812087860708	False	False
1241	macd_bullish_cross	1.0	7.0	75.4961	26	-12.0632	12.5673	1.7319475896277625	1.7319475896277625	1.1779292839921343	1.4703323986971428	False	True
1242	roc_above_threshold	3.0	2.5	53.7389	27	-34.3121	6.00622	1.0029276712637316	0.34211616894059815	0.3750021855638403	0.9123044667758509	False	False
1243	multi_day_momentum_bullish	3.0	6.0	22.5602	398	-98.6567	1.85853	0.030721480361220542	0.011205469635021918	0.014509983951367858	0.7722592714491311	False	False
1244	connors_rsi_very_oversold	1.0	9.0	64.7585	44	-14.124	9.66347	1.0636460050622474	1.0636460050622474	0.5133134637753983	2.07211787752298	False	False
1245	macd_histogram_positive	2.0	2.5	2911.71	356	-60.0455	2.60935	8.86811807777187	0.45881297040537083	0.07658456231059907	5.990932853341811	False	False
1246	smc_fvg_bullish	2.0	2.5	93.9892	38	-23.6667	6.07447	2.334378171372968	1.720865526319389	2.3561036874544388	0.7303861606271803	False	False
1247	opening_range_breakout_bullish	4.0	2.5	145.184	52	-57.752	4.75793	3.431743149170742	0.9942340416506178	1.1401615756398888	0.8720115314293307	False	False
1248	aroon_up_strong	1.0	3.0	321.711	178	-21.5082	4.20164	5.344397838263164	3.4317261859565193	1.923611003601213	1.78400216027666	False	True
1249	donchian_upper_break	1.0	8.5	8.64463	26	-8.37387	10.9807	0.9537657947144198	0.9537657947144198	1.036488189434831	0.920189737265103	False	False
1250	keltner_lower_break	1.0	6.5	46.9053	28	-8.4104	7.86604	1.2791981550639429	1.2791981550639429	0.9383434557763093	1.3632515335289872	False	False
1251	supertrend_bullish_cross	1.0	3.0	15.1515	0	0.0	0.0					False	False
1252	smc_order_block_bullish	2.0	6.5	17.4563	2	0.0	28.3135	1.029631446893636	1.029631446893636	1.0061382791152942	1.0233498399434715	False	True
1253	bb_lower_break	3.0	2.0	15.3039	24	-17.7484	8.62344	0.6370778132051217	0.5058292318600538	0.3206741565219568	1.5773931935965644	False	False
1254	trix_bullish_cross	4.0	9.5	2.83748	9	-48.5134	8.67754	1.1637440387309044	1.1637440387309044	1.420776862763691	0.8190899424327568	False	False
1255	trix_bullish_cross	2.0	7.5	18.9953	9	-15.8397	9.54916	1.2067058018750823	1.2067058018750823	1.199476496672525	1.0060270503195452	False	True
1256	coppock_buy_signal	1.0	9.5	8.43019	16	-17.8854	10.916	0.9389082622639725	0.8600134574342879	0.9305633566920053	0.924185818461077	False	False
1257	price_above_vwap	4.0	5.0	150.403	352	-99.2667	2.34107	2.866917926925625	0.2752687203753266	1.647088090055468	0.16712446774237585	False	False
1258	dual_path_mou_bullish	5.0	6.0	14.2023	34	-56.8376	4.89624	0.23146427021667237	0.21249886510719762	0.17119581637252845	1.2412620215250598	False	False
1259	rsi_bullish_cross_50	5.0	5.0	32.3326	33	-72.4665	5.05032	2.2789723354278335	1.6823877970459402	2.636316840062232	0.6381584229482167	False	False
1260	ulcer_low_risk	1.0	2.0	3446.57	684	-33.5542	2.56009	53.57414463721287	4.384518998472195	0.9106291367073701	4.8148239735943745	False	False
1261	vwap_bounce_bullish	3.0	2.0	15.1515	0	0.0	0.0					False	False
1262	fisher_buy_signal	1.0	8.0	13.5454	27	-15.2106	9.81735	0.9904679582861343	0.9571673529294867	1.1830802480447338	0.8090468541854103	False	False
1263	turtle_ha_breakout_bullish	4.0	8.5	89.888	9	-29.2986	15.7125	2.614756360211128	2.614756360211128	1.5910640692958236	1.6434010488140631	False	True
1264	willr_very_oversold	4.0	5.0	1027.65	72	-74.6355	5.04891	5.559633093318203	5.493704689583078	0.34704660350456884	15.829875970852864	False	False
1265	bottom_hunter_signal	3.0	6.5	8.57242	8	-5.9251	12.2053	0.8302404983230507	0.8302404983230507	0.7511979385507402	1.1052220136876367	False	False
1266	sar_bullish	4.0	2.5	1752.98	385	-96.7818	2.31796	0.011597440234442098	2.912892489297253e-05	0.0001507940622803302	0.19317023795553065	False	False
1267	vwap_bullish_cross	4.0	7.0	15.1515	0	0.0	0.0					False	False
1268	volatility_stop_long	1.0	3.0	820.566	455	-35.6512	2.61662	9.036153327910293	2.702441815571912	0.8111733733411517	3.331521847716468	False	False
1269	vwap_reclaim_bullish	2.0	7.0	15.1515	0	0.0	0.0					False	False
1270	tsi_positive	5.0	3.0	668.779	379	-94.2203	2.39689	0.07960896601841787	0.0009651284859337659	0.0018598672296615798	0.5189233244941794	False	False
1271	smc_order_block_bullish	1.0	5.5	16.3039	2	0.0	27.9536	1.0148016727879776	1.0148016727879776	1.0030691395576472	1.0116966346263074	False	True
1272	aroon_oscillator_zerolag_bullish	3.0	9.5	15.1515	0	0.0	0.0					False	False
1273	supertrend_swing_break_bullish	2.0	4.0	15.1515	0	0.0	0.0					False	False
1274	smart_pullback_hunter_bullish	4.0	7.0	30.6614	1	0.0	0.0	1.1895653064718519	1.1895653064718519	1.0	1.1895653064718519	False	False
1275	smart_entry_signal	3.0	4.0	17.6369	10	-12.0969	12.3453	0.8280621439923811	0.6879133826336918	0.6335730234700461	1.0857681074645926	False	False
1276	vwap_bounce_bullish	3.0	7.5	15.1515	0	0.0	0.0					False	False
1277	coppock_positive	3.0	7.0	93.0288	376	-94.6804	2.02713	0.059114494922850556	0.023393905068937463	0.020361678234279267	1.1489183160528182	False	False
1278	stoch_oversold	2.0	9.0	484.98	65	-60.6963	6.67584	4.5454448417121185	4.0118171604155695	0.5070551961617232	7.911992995602822	False	False
1279	fisher_extreme_oversold	2.0	8.0	357.595	85	-72.8629	5.08202	2.1997449425998172	1.9577784635096938	0.24002309145630762	8.15662547978671	False	False
1280	rsi_extreme_oversold	5.0	9.0	12.6687	2	0.0	21.9259	0.9164623567989432	0.9164623567989432	0.9164623567989432	1.0	False	False
1281	cci_oversold	1.0	9.5	212.336	108	-21.6912	5.50001	2.826446112693023	2.8010136759731035	0.9533216109322422	2.938162361843473	False	False
1282	cci_oversold	4.0	4.0	1036.95	108	-79.771	4.02832	5.088871497588537	2.561177231973113	0.21664233872217273	11.822145417556754	False	False
1283	rsi_bullish_cross_50	4.0	4.5	73.8944	33	-59.9722	5.6816	3.049024942976412	2.3331349958128014	2.806115722131894	0.8314464643818201	False	False
1284	rsi_oversold	4.0	7.0	15.1515	0	0.0	0.0					False	False
1285	rsi_dipbuy_macd_bullish	3.0	7.5	1.04176	12	-58.3165	9.0764	0.7299939898421655	0.7299939898421655	0.8143674068098482	0.8963939172145874	False	False
1286	iftrsi_buy_signal	2.0	3.0	3.76528	47	-25.5285	5.63542	1.053562272321199	0.6137077672216352	1.2075811963504677	0.5082124242049918	False	False
1287	opening_range_breakout_bullish	1.0	5.5	24.9774	52	-32.5281	7.05908	1.3870793071630143	1.307588160135978	1.3448162653750486	0.9723173297367215	False	False
1288	smart_entry_signal	4.0	5.0	7.12021	10	-20.166	10.4382	0.6976919524082955	0.5578731543439439	0.5582771753685664	0.999276307464378	False	False
1289	tsi_positive	4.0	3.5	695.417	379	-91.5837	2.28684	0.5047611844868827	0.024662596979248184	0.01575878365627679	1.565006381023892	False	False
1290	stoch_oversold	1.0	6.5	86.4703	65	-30.8661	7.44295	1.5707893895602512	1.4687879458590618	0.7926192373702582	1.85308137452251	False	False
1291	cmf_bullish_divergence	4.0	2.5	710.446	115	-76.4054	3.42302	3.313326311144586	0.986313628430645	0.2243979011884983	4.395378135030431	False	False
1292	cci_bullish_cross_zero	1.0	6.5	7.05282	46	-23.6064	6.27632	1.1752725639502517	1.1609882417290651	1.4642530670405918	0.7928876967118424	False	False
1293	aroon_up_strong	4.0	3.0	1475.1	178	-77.6864	3.04603	14.707081671713723	1.7159604101417985	1.1035867305966363	1.5548940219805762	False	True
1294	composer_rsi_strategy	5.0	10.0	15.1515	0	0.0	0.0					False	False
1295	obv_increasing	2.0	4.5	17.1658	325	-91.3394	1.66227	0.6325082781906424	0.15465692806002054	0.2106904946800099	0.7340479611807291	False	False
1296	ulcer_low_risk	1.0	2.5	2948.12	684	-35.5343	2.41452	38.40428151318632	4.570400226134516	0.7028593323114326	6.502581691708119	False	False
1297	ema_pullback_bounce_bullish	1.0	8.0	5.47311	5	0.0	10.9654	0.8806853224029666	0.8806853224029666	1.0030691395576472	0.8779906465783087	False	False
1298	smc_order_block_bullish	1.0	10.0	16.3039	2	0.0	27.9536	1.0148016727879776	1.0148016727879776	1.0030691395576472	1.0116966346263074	False	True
1299	rsi_dipbuy_macd_bullish	3.0	2.5	26.3413	12	-19.0432	10.9039	0.9206936404708123	0.9071665419716443	0.7276567107053266	1.2466957682453264	False	False
1300	dual_path_mou_bullish	3.0	9.0	25.7225	34	-44.48	5.68019	0.40332758652987516	0.26572970870476553	0.18142477285022238	1.4646826038698821	False	False
1301	smc_sweep_volume_bullish	3.0	7.5	15.1515	0	0.0	0.0					False	False
1302	sar_bullish	2.0	2.5	951.379	385	-74.0298	2.16489	1.7832248733606058	0.058730205168289286	0.0361963937991769	1.622542994037843	False	False
1303	keltner_lower_break	5.0	4.0	141.328	28	-67.2539	5.68834	0.9319585340372419	0.8376175480492113	0.21547849222043208	3.887244334308493	False	False
1304	cci_oversold	5.0	4.0	1126.84	108	-87.3235	3.99082	3.054088721641454	1.2133345409335732	0.0958719826930121	12.655778120483252	False	False
1305	price_above_ema	1.0	9.0	38.3573	368	-65.0195	1.83452	0.5934153955544897	0.5046608681606616	0.32867205561236335	1.535454138990934	False	False
1306	keltner_upper_break	1.0	2.5	1.12522	48	-8.8803	8.22175	0.7446425629660607	0.6117355528658667	0.8523146983505646	0.7177343697694326	False	False
1307	volatility_stop_long	4.0	5.5	52.7695	455	-99.3789	2.20592	0.0033456832466599194	0.000527790136115811	0.003822177738370864	0.13808623571251621	False	False
1308	smc_ob_zone_revisit_bullish	2.0	6.0	70.0633	2	0.0	84.7012	1.6415374770158497	1.6415374770158497	1.1613369044419999	1.4134894626504417	False	True
1309	vwmacd_positive	4.0	3.5	117.261	382	-97.008	2.06492	0.29171135393819353	0.016409224629010767	0.025715465004459582	0.6381072489323087	False	False
1310	ad_accumulation	2.0	2.5	760.323	381	-56.6901	2.26428	2.8218255043755756	0.10307172453902366	0.07474856099139199	1.3789124923875589	False	False
1311	aroon_oscillator_zerolag_trend	5.0	8.5	15.1515	0	0.0	0.0					False	False
1312	willr_oversold	1.0	10.0	440.168	143	-46.1246	5.0513	4.479886053821417	4.0789446366264075	0.5907475313279312	6.9047171935825435	False	False
1313	squeeze_retest_go	2.0	3.5	8.56153	24	-22.855	9.34239	0.6148872539925954	0.5923045357762301	0.5330574617376437	1.1111457549913186	False	False
1314	vwap_reclaim_bullish	4.0	7.0	15.1515	0	0.0	0.0					False	False
1315	bb_very_oversold	3.0	5.5	78.9935	59	-52.2511	4.16982	0.6565639271167797	0.6565639271167797	0.27887410371118987	2.3543380987312346	False	False
1316	bottom_hunter_signal	2.0	3.5	15.1227	8	0.0	18.2569	0.9549408764953463	0.9549408764953463	0.8925865086557451	1.069858066680291	False	False
1317	cmf_bullish_divergence	2.0	5.0	314.742	115	-55.8017	3.69772	4.618965858163594	2.584298682332941	0.8482621927948047	3.0465800601325204	False	False
1318	smc_liquidity_sweep_bullish	4.0	3.5	119.295	10	-15.849	17.1268	1.5088861640683546	1.5088861640683546	0.7110070281197364	2.1221817849798414	False	False
1319	rsi_extreme_oversold	3.0	8.5	13.6861	2	0.0	20.7112	0.9506847478744035	0.9506847478744035	0.9506847478744035	1.0	False	False
1320	dual_path_mou_bullish	4.0	4.0	41.1556	34	-38.1547	5.49533	0.5790012909666844	0.4925501499113851	0.3397342001769441	1.449810321288966	False	False
1321	vwap_reclaim_bullish	2.0	6.5	15.1515	0	0.0	0.0					False	False
1322	drawdown_recovery	2.0	2.0	67.1563	11	-4.37277	9.9585	1.7103801693828597	1.3177261486755554	1.8445663620697637	0.7143826190113064	False	False
1323	regime_trending_bullish	4.0	6.0	20.1964	133	-87.3684	2.80528	0.32085449073781036	0.3134202234479099	0.25654377397476286	1.2217027082432408	False	False
1324	aroon_oscillator_zerolag_reversion	1.0	3.0	15.1515	0	0.0	0.0					False	False
1325	vwap_reclaim_bullish	1.0	8.0	15.1515	0	0.0	0.0					False	False
1326	macd_bullish_cross	2.0	6.5	149.146	26	-23.6552	11.0228	2.577561413018235	2.577561413018235	1.2456456568488128	2.06925733562051	False	True
1327	sma_bullish_cross	5.0	8.0	461.189	10	-32.7724	13.8728	5.373128674244539	5.373128674244539	0.8311233213117751	6.46489941560543	False	False
1328	aroon_bullish	1.0	6.0	147.354	296	-46.6471	2.44813	1.836684424256256	1.322448673084257	0.5761001270370442	2.295518801368397	False	False
1329	aroon_oscillator_zerolag_bullish	1.0	8.0	15.1515	0	0.0	0.0					False	False
1330	aroon_oscillator_zerolag_reversion	3.0	3.0	15.1515	0	0.0	0.0					False	False
1331	aroon_oscillator_zerolag_bullish	5.0	9.0	15.1515	0	0.0	0.0					False	False
1332	volatility_stop_long	1.0	2.0	1058.93	455	-28.4921	2.8793	14.724847399746677	2.816047573951713	1.188103923524512	2.3702030758369244	False	True
1333	trix_bullish_cross	4.0	8.0	11.5717	9	-44.0082	8.90003	1.2741242738633252	1.2741242738633252	1.420776862763691	0.8967799992075478	False	False
1334	donchian_lower_break	4.0	5.0	30.188	13	-18.7025	7.56944	0.9307103560014505	0.9196640252744217	0.6467690854967628	1.421935658177071	False	False
1335	willr_very_oversold	3.0	4.0	704.713	72	-55.2401	5.26459	6.64644260496154	5.891487238847372	0.6215106459866925	9.479302208080796	False	False
1336	cci_oversold	5.0	5.5	210.651	108	-87.1322	3.66287	0.20559306950905432	0.15549181438766868	0.027620383151655496	5.6296038159177035	False	False
1337	trix_bullish_cross	3.0	4.0	12.8841	9	-31.6356	9.07881	1.2319360725953574	1.2319360725953574	1.3073631280868403	0.9423059639123669	False	False
1338	coppock_buy_signal	2.0	6.0	13.4855	16	-30.392	9.90956	1.0524053012442791	1.029575192997492	1.161012235095322	0.8867909931310597	False	False
1339	smc_ob_zone_revisit_bullish	4.0	9.0	131.772	2	0.0	117.848	2.421307394189211	2.421307394189211	1.324114316959375	1.8286241325064525	False	True
1340	tsi_oversold	1.0	7.0	63.7991	65	-23.4027	5.55778	1.165618113270265	1.1332713105788856	0.6957107270141861	1.6289404009085775	False	False
1341	bb_oversold	1.0	4.0	142.858	119	-33.8142	5.17844	2.5283030108696445	2.2140559199218983	0.958049488103268	2.311003708488225	False	False
1342	aroon_oscillator_zerolag_reversion	5.0	9.5	15.1515	0	0.0	0.0					False	False
1343	smart_entry_signal	1.0	6.5	12.362	10	-6.35603	14.0626	0.9130547224298006	0.8891144545818636	0.8614194847532414	1.0321503870284006	False	False
1344	stoch_oversold	2.0	10.0	545.349	65	-64.5386	6.89185	5.466376895562079	5.066945375318339	0.652526391000742	7.765119457540189	False	False
1345	rsi_extreme_oversold	2.0	4.5	14.1799	2	0.0	20.225	0.9672932542598286	0.9672932542598286	0.9672932542598286	1.0	False	False
1346	keltner_lower_break	5.0	3.5	120.68	28	-58.6015	5.56025	0.8679405352634687	0.711231363818959	0.20896100546995713	3.4036559224023013	False	False
1347	rsi_hidden_bullish_divergence	1.0	3.0	66.5539	22	-5.98546	12.1031	1.7137751658452853	1.5690435742603364	1.3525122515903787	1.1600956460212062	False	True
1348	multi_ma_ema_cross	1.0	2.5	11.2365	9	-5.93744	7.77505	0.9892070306882637	0.9451353552021423	1.1088306898782376	0.8523712085439563	False	False
1349	supertrend_swing_break_bullish	3.0	7.0	15.1515	0	0.0	0.0					False	False
1350	macd_bullish_cross	2.0	3.0	200.275	26	-11.1548	12.1936	3.657991806105947	3.4572720517962368	1.7026573917513141	2.0305153981918624	False	True
1351	rsi_dipbuy_macd_bullish	1.0	7.0	17.3306	12	-15.0231	10.2044	0.9754751936216687	0.9754751936216687	0.937393638645063	1.040624934292972	False	False
1352	bb_lower_break	3.0	10.0	28.0733	24	-51.3518	7.63904	0.4756872521809005	0.4756872521809005	0.26323127046443023	1.807107686490382	False	False
1353	bb_very_oversold	2.0	5.5	72.9437	59	-32.3841	4.8038	0.9872096947020768	0.9872096947020768	0.4861879477486888	2.0305104214808045	False	False
1354	rsi_hidden_bullish_divergence	3.0	2.0	159.961	22	-16.3563	9.86252	2.3830515768632914	1.5977687184794347	1.2825213035930982	1.2458028681497475	False	True
1355	ulcer_decreasing	1.0	4.0	208.478	375	-43.7594	2.26755	2.2979768192829138	1.0587711023396318	0.38998985031678757	2.7148683522907	False	False
1356	anchored_vwap_pullback_long	2.0	5.5	37.1173	164	-67.9168	2.44032	1.1164980143024026	1.0443790384212885	0.9248250779286423	1.1292719708254613	False	False
1357	willr_oversold	5.0	8.0	684.233	143	-98.5724	2.83593	0.01793113084820752	0.01793113084820752	0.0007515915982325642	23.85754562767093	False	False
1358	dual_path_kaku_bullish	1.0	2.5	19.0487	6	-2.64212	14.9592	1.107585427489642	1.0882956148656466	1.0882956148656466	1.0	False	False
1359	ema12_above_ema26	3.0	3.5	805.91	378	-81.3089	2.17878	2.667767879446909	0.22090556962382904	0.06954236957849645	3.176560864445094	False	False
1360	vwmacd_positive	5.0	3.0	109.32	382	-97.8633	2.23089	0.08300172083997119	0.0011974516455584435	0.00564035911605379	0.21230060372401005	False	False
1361	bottom_hunter_signal	1.0	2.5	18.5217	8	0.0	25.9326	1.0568787946505809	1.0568787946505809	1.0216609587609196	1.034471157567158	False	True
1362	vwap_bullish_cross	4.0	6.5	15.1515	0	0.0	0.0					False	False
1363	smc_liquidity_sweep_bullish	3.0	9.0	45.0962	10	-27.9614	12.7311	0.8282143161448372	0.8282143161448372	0.5767704550430138	1.4359513544830784	False	False
1364	donchian_lower_break	2.0	7.0	11.0434	13	-11.8216	6.96486	0.8285681871366629	0.8285681871366629	0.7340479632196889	1.1287657328308467	False	False
1365	rsi_oversold	5.0	6.0	360.691	112	-95.6836	3.8857	0.05794731979953386	0.0454074262242802	0.004953909933488431	9.165977345959806	False	False
1366	price_above_ema	4.0	4.0	178.172	368	-98.9413	2.19446	0.0027859739466748732	0.00026054691947338476	0.0015049547054849124	0.17312608713325595	False	False
1367	tsi_positive	1.0	2.0	514.908	379	-30.6596	3.30263	7.857538013053119	2.333245364059191	1.10282218344517	2.1157040537307887	False	True
1368	cmf_positive	1.0	10.0	82.3053	379	-56.7025	1.95668	1.2943505935618567	1.0344812830814536	0.6658594129487859	1.5536031525036345	False	False
1369	intraday_return_bullish	2.0	4.0	308.279	348	-65.1513	2.10169	2.1144303910229563	0.7415099998281992	0.49548283741380894	1.4965402307344033	False	False
1370	turtle_ha_breakout_bullish	5.0	7.0	126.894	9	-31.0624	16.1947	3.4046022051919116	3.4046022051919116	1.7442643406286498	1.9518843135696162	False	True
1371	stoch_rsi_oversold	2.0	3.5	2701.25	206	-68.6687	3.95109	41.23714183917896	22.88512611572638	1.1031317435475334	20.745596570479115	False	True
1372	trix_bullish_cross	4.0	3.5	6.36063	9	-38.0546	7.81553	0.9695093024598903	0.9695093024598903	0.992343654051899	0.9769894718439804	False	False
1373	volume_accumulation_trend	2.0	7.0	1.76505	6	-14.5072	9.94235	0.5871057116857763	0.5871057116857763	0.5871057116857763	1.0	False	False
1374	cci_oversold	3.0	7.0	77.1619	108	-77.5835	3.21133	0.4541649203616287	0.44368891615956213	0.12542619039346703	3.537450310558683	False	False
1375	cci_very_oversold	3.0	2.5	40.0202	12	-7.99281	12.0504	1.012562336368314	0.7135938273265744	0.5123178534177562	1.392873237905088	False	False
1376	stoch_rsi_oversold	3.0	6.0	1650.3	206	-95.0108	3.21569	16.497086854511952	11.759847938278051	0.6426107757864528	18.300110084344414	False	False
1377	rsi_extreme_oversold	2.0	9.5	14.1799	2	0.0	20.225	0.9672932542598286	0.9672932542598286	0.9672932542598286	1.0	False	False
1378	trend_with_sma_filter	1.0	10.0	18.4923	263	-57.4	2.21847	0.8341766008700177	0.7357349376414847	0.5995401246663511	1.227165467950835	False	False
1379	tsi_oversold	4.0	6.5	60.8432	65	-71.3374	3.75685	0.18338005093181986	0.1449903317274681	0.0637454575957082	2.274520212044566	False	False
1380	aroon_oscillator_zerolag_bullish	2.0	4.5	15.1515	0	0.0	0.0					False	False
1381	donchian_upper_break	2.0	2.0	28.2284	26	-10.9991	10.6015	1.1067230492329936	1.011857175958115	0.9944205350265585	1.0175344739145906	False	False
1382	vwap_bullish_cross	3.0	9.0	15.1515	0	0.0	0.0					False	False
1383	ad_accumulation	3.0	3.0	916.336	381	-74.871	2.15909	0.6787603542509324	0.006244898544490892	0.006845497137448478	0.9122636996410394	False	False
1384	cci_oversold	2.0	4.5	458.398	108	-41.0297	4.51784	4.7411345283685025	3.8785540831890595	0.7512249081639378	5.162973220188612	False	False
1385	trend_with_sma_filter	1.0	4.5	124.747	263	-42.3726	3.00294	2.898487916530044	2.1101962408733823	1.5329644815775647	1.3765460754196928	False	True
1386	price_above_ema	3.0	5.0	18.0926	368	-97.2923	1.83078	0.016845460404273337	0.004662992990461009	0.018301015233362285	0.25479422485592457	False	False
1387	volume_accumulation_trend	1.0	10.0	5.99063	6	-9.99038	11.0473	0.7082498597247147	0.7082498597247147	0.7082498597247147	1.0	False	False
1388	vwap_bounce_bullish	5.0	6.0	15.1515	0	0.0	0.0					False	False
1389	smc_ob_zone_revisit_bullish	5.0	6.5	164.834	2	0.0	133.989	2.858409182036992	2.858409182036992	1.404782769180375	2.0347695350112676	False	True
1390	aroon_bullish	3.0	9.0	23.1029	296	-95.7147	2.20243	0.010059548556291624	0.005493395569334644	0.003368159146959205	1.63097862352915	False	False
1391	rsi_dipbuy_macd_bullish	4.0	5.5	25.6721	12	-58.2546	9.78476	0.892596710305052	0.892596710305052	0.7562942198162323	1.1802241600126722	False	False
1392	aroon_oscillator_zerolag_trend	4.0	2.0	15.1515	0	0.0	0.0					False	False
1393	multi_ma_golden_cross	2.0	8.5	34.9235	3	0.0	25.952	1.4719612111658202	1.4719612111658202	1.3515655414014573	1.0890786765986376	False	True
1394	fisher_extreme_oversold	3.0	8.0	661.074	85	-86.9669	4.708	1.522014053720056	1.243966407176181	0.07635639867136368	16.29158038909333	False	False
1395	vwap_bounce_bullish	4.0	3.5	15.1515	0	0.0	0.0					False	False
1396	intraday_return_bullish	3.0	5.0	377.716	348	-85.8953	2.17388	0.5765724506027202	0.1921461563862269	0.17690500838672624	1.0861544177776052	False	False
1397	ema_bullish_cross	1.0	4.0	6.7359	9	-8.80384	7.63691	0.9469512952102509	0.9202057771240439	1.1299250468871789	0.8143954146862318	False	False
1398	aroon_up_strong	1.0	7.0	59.466	178	-43.7737	2.91882	1.3484863874737423	1.2774201837307402	1.0326075739175662	1.237081942837577	False	True
1399	smc_ob_zone_revisit_bullish	3.0	6.0	99.8314	2	0.0	100.145	2.0122805526226326	2.0122805526226326	1.243445864738375	1.61830973883694	False	True
1400	aroon_oscillator_zerolag_trend	2.0	9.0	15.1515	0	0.0	0.0					False	False
1401	turtle_ha_breakout_bullish	4.0	5.5	98.4833	9	-21.0348	15.967	2.549779102673922	2.380497646514353	1.3178066671365356	1.8064088654877886	False	True
1402	volume_spike_trend_bullish	1.0	9.0	6.85689	26	-14.3292	11.2674	0.8453922628639163	0.7699809013380837	0.8247113976476705	0.9336367892262738	False	False
1403	aroon_up_strong	3.0	6.0	47.8556	178	-81.0583	2.43234	0.6736969028804942	0.45448477767397455	0.46732831951685994	0.9725170906480407	False	False
1404	rsi_hidden_bullish_divergence	3.0	6.0	133.755	22	-32.8143	9.61947	2.6955370734576114	2.5374131319353346	1.8345618393932122	1.3831167080061981	False	True
1405	cmf_bullish_divergence	3.0	9.0	134.602	115	-86.0901	3.15284	0.7036667307249205	0.4426094175347085	0.12244410950960562	3.6147873450783417	False	False
1406	multi_ma_golden_cross	2.0	2.0	34.9235	3	0.0	25.952	1.4719612111658202	1.4719612111658202	1.3515655414014573	1.0890786765986376	False	True
1407	volume_accumulation_trend	1.0	8.5	6.92384	6	-8.40263	11.4003	0.7403135065153478	0.7403135065153478	0.7403135065153478	1.0	False	False
1408	supertrend_swing_break_bullish	1.0	7.5	15.1515	0	0.0	0.0					False	False
1409	multi_ma_bullish_cross	1.0	2.5	8.81447	3	0.0	23.0131	0.9240960509488664	0.8581729386112941	0.9323978799924999	0.9203934897601839	False	False
1410	iftrsi_extreme_oversold	2.0	4.5	2561.3	187	-59.6664	4.03779	41.78907732823526	24.321323501747006	1.4328856685890803	16.973666521276265	False	True
1411	rsi_macd_combo_bullish	4.0	4.0	129.613	235	-95.8835	2.44371	0.003913906407352427	0.0006616742082129375	0.0025244158354054812	0.262109831087578	False	False
1412	multi_ma_golden_cross	1.0	3.5	24.6661	3	0.0	22.9607	1.219412276229978	1.219412276229978	1.16725915388252	1.0446799857375175	False	True
1413	donchian_lower_break	1.0	2.0	40.0547	13	0.0	7.31906	1.2778842047112995	1.201473793209949	0.979352285314959	1.2268045025529868	False	False
1414	iftrsi_extreme_oversold	1.0	3.5	582.074	187	-33.6134	4.84579	9.534368873736632	6.684764696542564	1.3744787706833834	4.863490683976832	False	True
1415	trix_positive	3.0	4.0	818.654	371	-88.5921	2.22354	6.3159061086957236	1.0311855276670658	0.16291908501744107	6.3294335808274145	False	False
1416	rsi_extreme_oversold	4.0	4.0	13.1678	2	0.0	21.2872	0.9332531819783025	0.9332531819783025	0.9332531819783025	1.0	False	False
1417	bottom_hunter_signal	1.0	3.5	16.1904	8	0.0	25.0729	1.0046580356947512	1.0046580356947512	0.9709671956427074	1.0346982268847331	False	False
1418	cmf_positive	3.0	7.0	24.5835	379	-91.2488	1.92685	0.1468186171060435	0.025399990207176412	0.05583689249871636	0.45489619981556695	False	False
1419	keltner_lower_break	3.0	7.0	52.0344	28	-35.716	6.01575	1.011686267687924	1.011686267687924	0.6167482128379654	1.6403554102453763	False	False
1420	trend_with_sma_filter	2.0	2.5	192.618	263	-69.8641	2.45317	3.0503329577468845	0.7155625597498935	0.6996895335749228	1.0226858133690693	False	False
1421	connors_rsi_oversold	5.0	5.5	521.518	74	-93.416	4.53029	0.5423433012484319	0.534970820741343	0.026637211862216018	20.083589210032187	False	False
1422	coppock_turning_up	1.0	3.0	162.03	165	-24.9198	4.07036	3.0547069480929214	1.439166832007887	1.0688092315955575	1.3465142229913616	False	True
1423	bb_very_oversold	5.0	8.0	51.5282	59	-84.7467	4.16781	0.01686133958329598	0.01686133958329598	0.013848978831772616	1.2175150087320772	False	False
1424	vwmacd_positive	1.0	8.0	90.8871	382	-56.8342	2.04571	1.8117940404894457	1.5077195894788067	0.7886554202921376	1.911759623639321	False	False
1425	trix_bullish_cross	4.0	9.0	5.65302	9	-47.063	8.74834	1.1994166241726611	1.1994166241726611	1.420776862763691	0.8441977453374059	False	False
1426	tsi_positive	5.0	2.0	2509.12	379	-95.7345	2.45947	7.192635597136972	0.014950982185736992	0.031243213773970033	0.47853534831276673	False	False
1427	aroon_oscillator_zerolag_bullish	4.0	2.5	15.1515	0	0.0	0.0					False	False
1428	regime_trending_bullish	1.0	7.0	123.821	133	-23.426	4.78666	1.9835059820028658	1.9835059820028658	0.946896297246448	2.094744680880952	False	False
1429	volatility_stop_long	2.0	5.5	441.918	455	-90.1114	1.85744	3.137873144726765	0.9922072884779526	0.39657844988465	2.5019193271004703	False	False
1430	connors_rsi_oversold	4.0	3.0	1205.66	74	-75.2196	5.21802	3.6021701577711953	1.9010430492139883	0.0720551425804482	26.38316962722694	False	False
1431	fisher_extreme_oversold	2.0	7.5	346.211	85	-70.88	5.07399	2.2917206870671185	2.012543940354989	0.2645549278414113	7.6072819991522405	False	False
1432	rsi_bullish_cross_50	3.0	5.5	81.7418	33	-37.5246	6.3654	2.6191750814918824	2.3395290220025937	2.110553656619875	1.1084906629426474	False	True
1433	aroon_oscillator_zerolag_reversion	2.0	7.0	15.1515	0	0.0	0.0					False	False
1434	aroon_up_strong	3.0	10.0	226.911	178	-87.3588	2.8769	0.6717437845908948	0.6622147649290431	0.25395002504772707	2.607657805131492	False	False
1435	adx_increasing	3.0	8.0	449.844	339	-96.2659	2.39555	0.5706278453407493	0.2304718347134097	0.020143648976107976	11.441414362748695	False	False
1436	aroon_strong_uptrend	1.0	6.0	26.8726	106	-30.7503	3.79403	0.8666425792452681	0.7617760662799232	0.6866659816504751	1.1093837275132121	False	False
1437	price_above_ema	1.0	4.5	103.4	368	-48.1798	2.18	1.3317120885906806	0.8399588515795203	0.5238128683428789	1.6035475688804524	False	False
1438	ulcer_decreasing	2.0	5.0	164.874	375	-91.5009	1.82297	0.45079280129889543	0.13799574488439484	0.056814015505904474	2.4289032143847233	False	False
1439	obv_divergence_bullish	1.0	3.0	45.7932	54	-12.4217	8.2749	1.6171290306133856	1.567171849617688	1.4590802647283645	1.074082000491897	False	True
1440	drawdown_shallow	2.0	2.5	10554.2	656	-74.6038	2.18051	64.26803975065869	0.9818592316024086	0.10120053680274502	9.70211485652686	False	False
1441	aroon_bullish	4.0	2.5	6860.58	296	-88.3535	2.76526	29.113543281587425	0.9430411345752052	0.09663382469899963	9.758913480995314	False	False
1442	bb_oversold	4.0	9.0	2.38459	119	-92.2772	3.12989	0.1728673248244258	0.15838306722482964	0.08879902708019635	1.7836126411811966	False	False
1443	macd_bullish_cross	3.0	7.0	229.167	26	-37.4304	9.7453	3.5853662583233454	3.5853662583233454	1.3715324823077675	2.614131494932251	False	True
1444	squeeze_retest_go	1.0	3.5	13.2405	24	-6.49225	11.927	0.806852662203902	0.7925086733971389	0.7361904277087351	1.0764995625706308	False	False
1445	vwap_bullish_cross	4.0	8.0	15.1515	0	0.0	0.0					False	False
1446	roc_positive	5.0	2.5	122.364	369	-97.8672	2.18718	0.0003377746678142841	1.4342762169550918e-06	4.2827063053725186e-05	0.03348995038851574	False	False
1447	connors_rsi_oversold	2.0	10.0	289.378	74	-58.6709	5.29956	1.7732178986070948	1.7732178986070948	0.27341295394182263	6.485493364679437	False	False
1448	aroon_oscillator_zerolag_strong	1.0	2.0	15.1515	0	0.0	0.0					False	False
1449	coppock_buy_signal	1.0	8.5	5.36952	16	-21.119	10.7375	0.9217505020124778	0.8340414814051079	0.9381076985454704	0.8890679425169237	False	False
1450	aroon_oscillator_zerolag_strong	5.0	5.5	15.1515	0	0.0	0.0					False	False
1451	vwap_bullish_cross	5.0	8.5	15.1515	0	0.0	0.0					False	False
1452	supertrend_swing_break_bullish	5.0	2.0	15.1515	0	0.0	0.0					False	False
1453	macd_histogram_increasing	1.0	9.5	15.5891	339	-64.8253	1.77347	1.0199994107709154	0.7751225376306717	0.6492979094410976	1.1937856665792776	False	False
1454	smc_sweep_volume_bullish	4.0	3.5	15.1515	0	0.0	0.0					False	False
1455	aroon_oscillator_zerolag_reversion	2.0	4.5	15.1515	0	0.0	0.0					False	False
1456	rsi_hidden_bullish_divergence	2.0	8.0	217.214	22	-19.4375	13.5501	3.3360129887042347	3.3360129887042347	1.4207163514647612	2.3481203586238735	False	True
