rule	hold	tp%	sl%	lev	tr_trades	te_trades	avg_trade%	train_x	test_x	trades_per_week
dip 5m<-1%	15	-	2	1	2135	1156	-0.48816505217104156	2.2957976995737398e-05	0.1297874769638452	23.986880466472304
dip 5m<-1%	15	-	2	3	2135	1156	-0.48816505217104156	2.6292428544602787e-15	0.0008753953463078972	23.986880466472304
dip 5m<-1%	15	-	2	5	2135	1156	-0.48816505217104156	4.0134550750742247e-26	1.7609955269502132e-06	23.986880466472304
dip 5m<-1%	15	-	4	1	1799	1017	-0.4849659288531715	0.00012264419599729051	0.20616634638776887	20.52478134110787
dip 5m<-1%	15	-	4	3	1799	1017	-0.4849659288531715	3.4509150826678943e-13	0.0030809631126504627	20.52478134110787
dip 5m<-1%	15	-	4	5	1799	1017	-0.4849659288531715	9.905909730004758e-23	1.088284282587455e-05	20.52478134110787
dip 5m<-1%	15	2	2	1	2180	1217	-0.5123990275113598	1.1381172700110267e-05	0.14950933832012203	24.759475218658896
dip 5m<-1%	15	2	2	3	2180	1217	-0.5123990275113598	3.9920147901891404e-16	0.0014525359951242758	24.759475218658896
dip 5m<-1%	15	2	2	5	2180	1217	-0.5123990275113598	2.2920684223429528e-27	4.5572603554061394e-06	24.759475218658896
dip 5m<-1%	15	2	4	1	1825	1052	-0.5182633671218717	6.242707794933903e-05	0.153896785716046	20.969387755102044
dip 5m<-1%	15	2	4	3	1825	1052	-0.5182633671218717	6.006063650913524e-14	0.0013973564532734767	20.969387755102044
dip 5m<-1%	15	2	4	5	1825	1052	-0.5182633671218717	7.653534690829502e-24	3.2329781633678807e-06	20.969387755102044
dip 5m<-1%	15	4	2	1	2144	1163	-0.5012749898767069	1.7098649380939234e-05	0.14273966882318773	24.103498542274053
dip 5m<-1%	15	4	2	3	2144	1163	-0.5012749898767069	1.2447038339891556e-15	0.0011625573825376815	24.103498542274053
dip 5m<-1%	15	4	2	5	2144	1163	-0.5012749898767069	1.3562622469448253e-26	2.8052067239358763e-06	24.103498542274053
dip 5m<-1%	15	4	4	1	1806	1022	-0.5049679994149986	8.581934100894553e-05	0.2167629832882586	20.612244897959187
dip 5m<-1%	15	4	4	3	1806	1022	-0.5049679994149986	1.3951264159985736e-13	0.003622876882812418	20.612244897959187
dip 5m<-1%	15	4	4	5	1806	1022	-0.5049679994149986	2.6362222210801246e-23	1.4404484056534677e-05	20.612244897959187
dip 5m<-1%	60	-	2	1	1555	774	-0.4620203993872395	0.0005358249131563812	0.3597488101649516	16.97521865889213
dip 5m<-1%	60	-	2	3	1555	774	-0.4620203993872395	2.0999012723605422e-11	0.011978877334243502	16.97521865889213
dip 5m<-1%	60	-	2	5	1555	774	-0.4620203993872395	6.471436433623911e-20	7.544087438663914e-05	16.97521865889213
dip 5m<-1%	60	-	4	1	1120	584	-0.5118890818350262	0.002263753804061949	0.43788272595153765	12.419825072886299
dip 5m<-1%	60	-	4	3	1120	584	-0.5118890818350262	1.3420993578922249e-09	0.018610330865365524	12.419825072886299
dip 5m<-1%	60	-	4	5	1120	584	-0.5118890818350262	4.0118674504335086e-17	0.0001074782075176374	12.419825072886299
dip 5m<-1%	60	2	2	1	1838	1045	-0.5156063177345414	5.7505811960816493e-05	0.2942322658181581	21.0131195335277
dip 5m<-1%	60	2	2	3	1838	1045	-0.5156063177345414	3.311392632119582e-14	0.00883540241217429	21.0131195335277
dip 5m<-1%	60	2	2	5	1838	1045	-0.5156063177345414	1.7247653723942177e-24	6.345944213237119e-05	21.0131195335277
dip 5m<-1%	60	2	4	1	1272	750	-0.5538081147639096	0.0006311718927061888	0.24909709705344196	14.737609329446066
dip 5m<-1%	60	2	4	3	1272	750	-0.5538081147639096	3.261181106871299e-11	0.004241282898143281	14.737609329446066
dip 5m<-1%	60	2	4	5	1272	750	-0.5538081147639096	8.423754582111748e-20	1.1047064559043229e-05	14.737609329446066
dip 5m<-1%	60	4	2	1	1652	849	-0.49119009236499744	0.00021716313370408001	0.2781653288787574	18.228862973760936
dip 5m<-1%	60	4	2	3	1652	849	-0.49119009236499744	1.5103593811034587e-12	0.006301763246188132	18.228862973760936
dip 5m<-1%	60	4	2	5	1652	849	-0.49119009236499744	8.158733540809034e-22	2.9006419057476026e-05	18.228862973760936
dip 5m<-1%	60	4	4	1	1171	632	-0.5267058158349742	0.0014747274852805756	0.31821704685851593	13.141399416909621
dip 5m<-1%	60	4	4	3	1171	632	-0.5267058158349742	3.634220376331172e-10	0.00791417784042719	13.141399416909621
dip 5m<-1%	60	4	4	5	1171	632	-0.5267058158349742	4.001980601850487e-18	2.7692690397163767e-05	13.141399416909621
dip 5m<-1%	eod	-	2	1	1096	501	-0.451876657380892	0.004328943344793842	0.4472804812559156	11.6399416909621
dip 5m<-1%	eod	-	2	3	1096	501	-0.451876657380892	6.649962157947047e-09	0.018618805443491912	11.6399416909621
dip 5m<-1%	eod	-	2	5	1096	501	-0.451876657380892	5.677441125703221e-16	0.00012855577685593153	11.6399416909621
dip 5m<-1%	eod	-	4	1	663	316	-0.4186233987774813	0.0360374791632015	0.5908796050809173	7.1355685131195346
dip 5m<-1%	eod	-	4	3	663	316	-0.4186233987774813	2.5387315979483738e-06	0.03189854007642603	7.1355685131195346
dip 5m<-1%	eod	-	4	5	663	316	-0.4186233987774813	4.640618697484299e-12	0.00016899844045896995	7.1355685131195346
dip 5m<-1%	eod	2	2	1	1750	1006	-0.5166806002610932	8.54119547220283e-05	0.25853938684761496	20.087463556851315
dip 5m<-1%	eod	2	2	3	1750	1006	-0.5166806002610932	8.573079182775959e-14	0.005457021176702321	20.087463556851315
dip 5m<-1%	eod	2	2	5	1750	1006	-0.5166806002610932	5.680941375516207e-24	2.4271467791831413e-05	20.087463556851315
dip 5m<-1%	eod	2	4	1	1068	649	-0.4874931208875169	0.0036775734354170943	0.3608976204649366	12.51457725947522
dip 5m<-1%	eod	2	4	3	1068	649	-0.4874931208875169	3.9794136015666295e-09	0.01100373645461494	12.51457725947522
dip 5m<-1%	eod	2	4	5	1068	649	-0.4874931208875169	1.0402414949288444e-16	4.030604781871282e-05	12.51457725947522
dip 5m<-1%	eod	4	2	1	1417	747	-0.4658191738816341	0.0009112649087517477	0.28753117381308996	15.77259475218659
dip 5m<-1%	eod	4	2	3	1417	747	-0.4658191738816341	7.147803471982514e-11	0.00570711060304626	15.77259475218659
dip 5m<-1%	eod	4	2	5	1417	747	-0.4658191738816341	2.5534601509102764e-19	1.8086636915301437e-05	15.77259475218659
dip 5m<-1%	eod	4	4	1	844	461	-0.464104632125096	0.012636254224729762	0.46084829328914934	9.511661807580175
dip 5m<-1%	eod	4	4	3	844	461	-0.464104632125096	1.234959884954893e-07	0.01829537947473364	9.511661807580175
dip 5m<-1%	eod	4	4	5	844	461	-0.464104632125096	2.3157123310367765e-14	7.027602457436808e-05	9.511661807580175
mom 5m>+1%	15	-	2	1	1711	1075	-0.49406842873464085	0.00017978426607878303	0.1360697715736219	20.306122448979593
mom 5m>+1%	15	-	2	3	1711	1075	-0.49406842873464085	2.097779591995366e-12	0.0011710341081823438	20.306122448979593
mom 5m>+1%	15	-	2	5	1711	1075	-0.49406842873464085	6.209744704147304e-21	3.6694061976240396e-06	20.306122448979593
mom 5m>+1%	15	-	4	1	1622	1027	-0.4681685658746615	0.0004111539416199406	0.10071039985893576	19.307580174927114
mom 5m>+1%	15	-	4	3	1622	1027	-0.4681685658746615	2.033283550366461e-11	0.00038119813141045263	19.307580174927114
mom 5m>+1%	15	-	4	5	1622	1027	-0.4681685658746615	1.8312406360435345e-19	3.6555324754603986e-07	19.307580174927114
mom 5m>+1%	15	2	2	1	1814	1201	-0.513176767679634	7.68155104522214e-05	0.11332930030906956	21.97521865889213
mom 5m>+1%	15	2	2	3	1814	1201	-0.513176767679634	1.6485033897457048e-13	0.0006825043495995111	21.97521865889213
mom 5m>+1%	15	2	2	5	1814	1201	-0.513176767679634	8.713120189022866e-23	1.46968777733635e-06	21.97521865889213
mom 5m>+1%	15	2	4	1	1704	1138	-0.4800906340917263	0.00023021421651500066	0.07255827853497368	20.714285714285715
mom 5m>+1%	15	2	4	3	1704	1138	-0.4800906340917263	3.587436127785673e-12	0.00013894157553480917	20.714285714285715
mom 5m>+1%	15	2	4	5	1704	1138	-0.4800906340917263	9.59558699458673e-21	6.263051196762348e-08	20.714285714285715
mom 5m>+1%	15	4	2	1	1735	1099	-0.5042677877676314	0.00013444660237747682	0.12896219385212684	20.655976676384842
mom 5m>+1%	15	4	2	3	1735	1099	-0.5042677877676314	8.896462364271954e-13	0.0009862493544621127	20.655976676384842
mom 5m>+1%	15	4	2	5	1735	1099	-0.5042677877676314	1.4855230325929017e-21	2.6816982230692806e-06	20.655976676384842
mom 5m>+1%	15	4	4	1	1635	1046	-0.47458307005314143	0.0003518613831560962	0.08869660362764314	19.540816326530614
mom 5m>+1%	15	4	4	3	1635	1046	-0.47458307005314143	1.3181111230883349e-11	0.00025202916683414846	19.540816326530614
mom 5m>+1%	15	4	4	5	1635	1046	-0.47458307005314143	9.02431908795742e-20	1.7114398951166195e-07	19.540816326530614
mom 5m>+1%	60	-	2	1	1251	692	-0.47718891142813785	0.001974794777125394	0.5010284479388152	14.161807580174928
mom 5m>+1%	60	-	2	3	1251	692	-0.47718891142813785	1.738756066790862e-09	0.0428053808480945	14.161807580174928
mom 5m>+1%	60	-	2	5	1251	692	-0.47718891142813785	2.2565895686844096e-16	0.0009630485649866764	14.161807580174928
mom 5m>+1%	60	-	4	1	1037	565	-0.5092087008821323	0.0036784646930462283	0.5449847491274711	11.676384839650147
mom 5m>+1%	60	-	4	3	1037	565	-0.5092087008821323	7.160770359589018e-09	0.04163282259631615	11.676384839650147
mom 5m>+1%	60	-	4	5	1037	565	-0.5092087008821323	9.729480130812313e-16	0.0005234938207351677	11.676384839650147
mom 5m>+1%	60	2	2	1	1517	1017	-0.5129620782928037	0.00033260881817048164	0.15269898376866708	18.46938775510204
mom 5m>+1%	60	2	2	3	1517	1017	-0.5129620782928037	9.226359246196587e-12	0.0012934215581762484	18.46938775510204
mom 5m>+1%	60	2	2	5	1517	1017	-0.5129620782928037	3.81930231674166e-20	2.777835476255534e-06	18.46938775510204
mom 5m>+1%	60	2	4	1	1233	793	-0.5232223580750803	0.0011668150084137403	0.220920698347163	14.766763848396502
mom 5m>+1%	60	2	4	3	1233	793	-0.5232223580750803	2.361544306070521e-10	0.002967154432429049	14.766763848396502
mom 5m>+1%	60	2	4	5	1233	793	-0.5232223580750803	2.9305558143077273e-18	6.1392682245095544e-06	14.766763848396502
mom 5m>+1%	60	4	2	1	1349	786	-0.5161175899932858	0.000740142136506893	0.3449280796627028	15.56122448979592
mom 5m>+1%	60	4	2	3	1349	786	-0.5161175899932858	9.282157614279411e-11	0.014075349352726162	15.56122448979592
mom 5m>+1%	60	4	2	5	1349	786	-0.5161175899932858	1.6153372002933772e-18	0.00014265936918809245	15.56122448979592
mom 5m>+1%	60	4	4	1	1093	630	-0.5291899548812193	0.002256025632864189	0.25192669509304383	12.558309037900875
mom 5m>+1%	60	4	4	3	1093	630	-0.5291899548812193	1.6800973110617986e-09	0.004033999895296731	12.558309037900875
mom 5m>+1%	60	4	4	5	1093	630	-0.5291899548812193	8.038548232289354e-17	9.379157606326767e-06	12.558309037900875
mom 5m>+1%	eod	-	2	1	949	446	-0.417060417580822	0.012579974813250227	0.7857592221701719	10.167638483965016
mom 5m>+1%	eod	-	2	3	949	446	-0.417060417580822	2.386894227054275e-07	0.12243262747983555	10.167638483965016
mom 5m>+1%	eod	-	2	5	949	446	-0.417060417580822	3.98509566035777e-13	0.003942767895092686	10.167638483965016
mom 5m>+1%	eod	-	4	1	658	307	-0.4141555322437847	0.039894051650704504	0.569204998341616	7.033527696793003
mom 5m>+1%	eod	-	4	3	658	307	-0.4141555322437847	4.400812307230772e-06	0.034504051772015314	7.033527696793003
mom 5m>+1%	eod	-	4	5	658	307	-0.4141555322437847	1.6711857314167522e-11	0.0002538616793856856	7.033527696793003
mom 5m>+1%	eod	2	2	1	1461	974	-0.527939469780428	0.00034144191343652233	0.14339354918960867	17.74781341107872
mom 5m>+1%	eod	2	2	3	1461	974	-0.527939469780428	7.742100589084499e-12	0.0009569716523482489	17.74781341107872
mom 5m>+1%	eod	2	2	5	1461	974	-0.527939469780428	1.8606915856453878e-20	1.3916835494944153e-06	17.74781341107872
mom 5m>+1%	eod	2	4	1	1043	666	-0.5703602398193756	0.0017693140596329866	0.2568618836433702	12.456268221574344
mom 5m>+1%	eod	2	4	3	1043	666	-0.5703602398193756	4.728106698464141e-10	0.003728922396281012	12.456268221574344
mom 5m>+1%	eod	2	4	5	1043	666	-0.5703602398193756	3.332739239853765e-18	5.9358067124273076e-06	12.456268221574344
mom 5m>+1%	eod	4	2	1	1191	668	-0.5270724654765079	0.0013669075165160193	0.4284483335190516	13.549562682215745
mom 5m>+1%	eod	4	2	3	1191	668	-0.5270724654765079	3.8973175344402257e-10	0.02245539054096311	13.549562682215745
mom 5m>+1%	eod	4	2	5	1191	668	-0.5270724654765079	9.373515226390343e-18	0.00023489698905490661	13.549562682215745
mom 5m>+1%	eod	4	4	1	809	458	-0.543637396226911	0.008132572759195919	0.42342033872539	9.23469387755102
mom 5m>+1%	eod	4	4	3	809	458	-0.543637396226911	4.1929075111888716e-08	0.014635711126379519	9.23469387755102
mom 5m>+1%	eod	4	4	5	809	458	-0.543637396226911	5.765168151909679e-15	5.104179397134182e-05	9.23469387755102
dip 5m<-2%	15	-	2	1	441	357	-0.5071872005883717	0.09723442505274343	0.4045365648233213	5.816326530612246
dip 5m<-2%	15	-	2	3	441	357	-0.5071872005883717	0.0005338269396732901	0.04338650175284892	5.816326530612246
dip 5m<-2%	15	-	2	5	441	357	-0.5071872005883717	1.4554096208345727e-06	0.0026748959880853003	5.816326530612246
dip 5m<-2%	15	-	4	1	354	295	-0.4713884435958831	0.16696185756944235	0.5288874105073359	4.7303206997084555
dip 5m<-2%	15	-	4	3	354	295	-0.4713884435958831	0.00230541220166959	0.08660675041459062	4.7303206997084555
dip 5m<-2%	15	-	4	5	354	295	-0.4713884435958831	1.2570022093253012e-05	0.006758529564071232	4.7303206997084555
dip 5m<-2%	15	2	2	1	456	378	-0.5626169934045461	0.07181795387766259	0.5064457964279484	6.078717201166182
dip 5m<-2%	15	2	2	3	456	378	-0.5626169934045461	0.00024441546203698755	0.09040928228495698	6.078717201166182
dip 5m<-2%	15	2	2	5	456	378	-0.5626169934045461	4.6887598852262516e-07	0.009877254633886653	6.078717201166182
dip 5m<-2%	15	2	4	1	368	312	-0.5704500576106429	0.11268712027951601	0.5829272380726214	4.956268221574344
dip 5m<-2%	15	2	4	3	368	312	-0.5704500576106429	0.000843085829163323	0.12612099165398216	4.956268221574344
dip 5m<-2%	15	2	4	5	368	312	-0.5704500576106429	2.9087234342665357e-06	0.014248304913246846	4.956268221574344
dip 5m<-2%	15	4	2	1	445	362	-0.5359640066847544	0.08503628029346559	0.43654364056099704	5.881924198250729
dip 5m<-2%	15	4	2	3	445	362	-0.5359640066847544	0.0003812422940903851	0.054567620284481	5.881924198250729
dip 5m<-2%	15	4	2	5	445	362	-0.5359640066847544	8.986860242216863e-07	0.003912664473860766	5.881924198250729
dip 5m<-2%	15	4	4	1	358	301	-0.5377544825778285	0.1330220381432114	0.5629958237668586	4.803206997084549
dip 5m<-2%	15	4	4	3	358	301	-0.5377544825778285	0.001328887241356936	0.10509758473176624	4.803206997084549
dip 5m<-2%	15	4	4	5	358	301	-0.5377544825778285	5.858262131417988e-06	0.009363519389079835	4.803206997084549
dip 5m<-2%	60	-	2	1	366	299	-0.6153060420195223	0.09402802865675154	0.5245945542251411	4.846938775510204
dip 5m<-2%	60	-	2	3	366	299	-0.6153060420195223	0.0004364772912343385	0.07012588494310995	4.846938775510204
dip 5m<-2%	60	-	2	5	366	299	-0.6153060420195223	8.9492957873905e-07	0.003976847545011354	4.846938775510204
dip 5m<-2%	60	-	4	1	275	227	-0.6077806673768837	0.15482179109620406	1.114891509244221	3.658892128279884
dip 5m<-2%	60	-	4	3	275	227	-0.6077806673768837	0.001281998797475169	0.5202237607176569	3.658892128279884
dip 5m<-2%	60	-	4	5	275	227	-0.6077806673768837	2.7647217967740537e-06	0.06958530592273518	3.658892128279884
dip 5m<-2%	60	2	2	1	446	368	-0.5711272433651036	0.07201304708969941	0.5496677448867002	5.932944606413995
dip 5m<-2%	60	2	2	3	446	368	-0.5711272433651036	0.00022438261664012657	0.10869278110327193	5.932944606413995
dip 5m<-2%	60	2	2	5	446	368	-0.5711272433651036	3.475007531812988e-07	0.012116147753788177	5.932944606413995
dip 5m<-2%	60	2	4	1	334	290	-0.6876593228467287	0.08874046797404625	0.9605238331480148	4.548104956268222
dip 5m<-2%	60	2	4	3	334	290	-0.6876593228467287	0.0003156761154289693	0.47260317194146667	4.548104956268222
dip 5m<-2%	60	2	4	5	334	290	-0.6876593228467287	3.465273863194142e-07	0.09336153723456181	4.548104956268222
dip 5m<-2%	60	4	2	1	406	327	-0.6008672281282277	0.0783764481458221	0.4856018804643331	5.3425655976676385
dip 5m<-2%	60	4	2	3	406	327	-0.6008672281282277	0.0002556952425111319	0.06318945435098643	5.3425655976676385
dip 5m<-2%	60	4	2	5	406	327	-0.6008672281282277	3.6171146404050087e-07	0.0038148905337182823	5.3425655976676385
dip 5m<-2%	60	4	4	1	302	255	-0.6886899231682881	0.10830019140830316	1.1475104147458943	4.059766763848397
dip 5m<-2%	60	4	4	3	302	255	-0.6886899231682881	0.0005236314632850695	0.6536733980059607	4.059766763848397
dip 5m<-2%	60	4	4	5	302	255	-0.6886899231682881	7.123237937193203e-07	0.11705357886386782	4.059766763848397
dip 5m<-2%	eod	-	2	1	329	266	-0.5215623795043419	0.15480212072654673	0.6878057367819805	4.336734693877552
dip 5m<-2%	eod	-	2	3	329	266	-0.5215623795043419	0.0016191270469303586	0.11899058437513582	4.336734693877552
dip 5m<-2%	eod	-	2	5	329	266	-0.5215623795043419	6.23088079173087e-06	0.0068339583370095915	4.336734693877552
dip 5m<-2%	eod	-	4	1	230	186	-0.3761945607229373	0.30340677545196043	0.8306491176666537	3.0320699708454812
dip 5m<-2%	eod	-	4	3	230	186	-0.3761945607229373	0.005730650164803671	0.151055601883711	3.0320699708454812
dip 5m<-2%	eod	-	4	5	230	186	-0.3761945607229373	1.7741096861534847e-05	0.005561156347422343	3.0320699708454812
dip 5m<-2%	eod	2	2	1	445	368	-0.5781481165958534	0.06990865533203439	0.5406168260500437	5.925655976676385
dip 5m<-2%	eod	2	2	3	445	368	-0.5781481165958534	0.0002002388929434668	0.10178405230408025	5.925655976676385
dip 5m<-2%	eod	2	2	5	445	368	-0.5781481165958534	2.756543545759501e-07	0.010573751370831361	5.925655976676385
dip 5m<-2%	eod	2	4	1	327	287	-0.711872730316907	0.0843088561265134	0.8312294423947107	4.475218658892128
dip 5m<-2%	eod	2	4	3	327	287	-0.711872730316907	0.0002378187819428605	0.28215681365103634	4.475218658892128
dip 5m<-2%	eod	2	4	5	327	287	-0.711872730316907	1.7022104389289814e-07	0.03397515204920258	4.475218658892128
dip 5m<-2%	eod	4	2	1	404	326	-0.525814229526575	0.1050468600131283	0.5703699364139191	5.320699708454811
dip 5m<-2%	eod	4	2	3	404	326	-0.525814229526575	0.0005425547810640976	0.09424807532939229	5.320699708454811
dip 5m<-2%	eod	4	2	5	404	326	-0.525814229526575	1.0415740347959136e-06	0.006530668706620541	5.320699708454811
dip 5m<-2%	eod	4	4	1	286	242	-0.6285323293539852	0.13681380119641873	1.0709827728223758	3.848396501457726
dip 5m<-2%	eod	4	4	3	286	242	-0.6285323293539852	0.0007889896383842089	0.4418205502200264	3.848396501457726
dip 5m<-2%	eod	4	4	5	286	242	-0.6285323293539852	8.603118772569583e-07	0.044416208228158956	3.848396501457726
mom 5m>+2%	15	-	2	1	301	314	-0.5428411866514139	0.18416376096725176	0.41581938130626356	4.482507288629738
mom 5m>+2%	15	-	2	3	301	314	-0.5428411866514139	0.004469758503796427	0.052655609617069575	4.482507288629738
mom 5m>+2%	15	-	2	5	301	314	-0.5428411866514139	7.056452552414685e-05	0.004435759130718716	4.482507288629738
mom 5m>+2%	15	-	4	1	274	298	-0.49245177022460374	0.23931431861768485	0.44828324322962215	4.169096209912537
mom 5m>+2%	15	-	4	3	274	298	-0.49245177022460374	0.008545355417497737	0.061298283807854806	4.169096209912537
mom 5m>+2%	15	-	4	5	274	298	-0.49245177022460374	0.00016250713928560832	0.00491956528318676	4.169096209912537
mom 5m>+2%	15	2	2	1	343	358	-0.6182965876507556	0.11416872661844622	0.39687999204614915	5.10932944606414
mom 5m>+2%	15	2	2	3	343	358	-0.6182965876507556	0.0011007183890488338	0.046374118914353314	5.10932944606414
mom 5m>+2%	15	2	2	5	343	358	-0.6182965876507556	6.9963513024472844e-06	0.003609670560119895	5.10932944606414
mom 5m>+2%	15	2	4	1	309	338	-0.5249343439254829	0.1850358603110307	0.4261899590297695	4.715743440233236
mom 5m>+2%	15	2	4	3	309	338	-0.5249343439254829	0.004208745764832393	0.05210849430755885	4.715743440233236
mom 5m>+2%	15	2	4	5	309	338	-0.5249343439254829	5.287932352813394e-05	0.0036122775650667895	4.715743440233236
mom 5m>+2%	15	4	2	1	319	325	-0.6131546114002113	0.13430163528379188	0.3884171683125746	4.6938775510204085
mom 5m>+2%	15	4	2	3	319	325	-0.6131546114002113	0.0017739837074533522	0.04268254007372393	4.6938775510204085
mom 5m>+2%	15	4	2	5	319	325	-0.6131546114002113	1.5374701995963267e-05	0.0030797065086047427	4.6938775510204085
mom 5m>+2%	15	4	4	1	285	308	-0.5367022863531026	0.20212274383697373	0.44566417532478614	4.322157434402333
mom 5m>+2%	15	4	4	3	285	308	-0.5367022863531026	0.005380647021864222	0.05936247997974687	4.322157434402333
mom 5m>+2%	15	4	4	5	285	308	-0.5367022863531026	7.793710945597119e-05	0.004523009650934621	4.322157434402333
mom 5m>+2%	60	-	2	1	262	259	-0.5332116365827797	0.22411547764108483	0.7796852517056321	3.797376093294461
mom 5m>+2%	60	-	2	3	262	259	-0.5332116365827797	0.006576288077462411	0.27130916063003374	3.797376093294461
mom 5m>+2%	60	-	2	5	262	259	-0.5332116365827797	0.00010146460209526318	0.04799126093931773	3.797376093294461
mom 5m>+2%	60	-	4	1	222	223	-0.5092785709066636	0.28311337586036744	0.8465823342954062	3.243440233236152
mom 5m>+2%	60	-	4	3	222	223	-0.5092785709066636	0.010768790922616464	0.2903029530857787	3.243440233236152
mom 5m>+2%	60	-	4	5	222	223	-0.5092785709066636	0.00015574136952263906	0.03771703638672412	3.243440233236152
mom 5m>+2%	60	2	2	1	338	352	-0.5685477475304317	0.13746578187437222	0.4758775057852882	5.029154518950437
mom 5m>+2%	60	2	2	3	338	352	-0.5685477475304317	0.0017734837931291112	0.07226620133368912	5.029154518950437
mom 5m>+2%	60	2	2	5	338	352	-0.5685477475304317	1.3551030025786007e-05	0.006385917192937024	5.029154518950437
mom 5m>+2%	60	2	4	1	292	306	-0.478610644818635	0.22367964246829153	0.43993582058900116	4.35860058309038
mom 5m>+2%	60	2	4	3	292	306	-0.478610644818635	0.005950453408300349	0.04436698162753204	4.35860058309038
mom 5m>+2%	60	2	4	5	292	306	-0.478610644818635	6.257364630945939e-05	0.0017284837400610323	4.35860058309038
mom 5m>+2%	60	4	2	1	305	303	-0.6208126761020667	0.13948989517099805	0.5448975455109168	4.431486880466473
mom 5m>+2%	60	4	2	3	305	303	-0.6208126761020667	0.0017245051254779122	0.09757297253403233	4.431486880466473
mom 5m>+2%	60	4	2	5	305	303	-0.6208126761020667	1.1686621485708172e-05	0.009071195477366843	4.431486880466473
mom 5m>+2%	60	4	4	1	250	253	-0.5217660758434083	0.24250506359763316	0.6044275716713169	3.666180758017493
mom 5m>+2%	60	4	4	3	250	253	-0.5217660758434083	0.00714100170985221	0.1094488011810281	3.666180758017493
mom 5m>+2%	60	4	4	5	250	253	-0.5217660758434083	7.890716505225863e-05	0.007432474958188457	3.666180758017493
mom 5m>+2%	eod	-	2	1	230	242	-0.5550416910823804	0.24635064808613139	0.7371085741411094	3.4402332361516037
mom 5m>+2%	eod	-	2	3	230	242	-0.5550416910823804	0.00781633248706562	0.17476356189624948	3.4402332361516037
mom 5m>+2%	eod	-	2	5	230	242	-0.5550416910823804	0.00011880430285126113	0.016238014342072272	3.4402332361516037
mom 5m>+2%	eod	-	4	1	186	192	-0.22186572565190582	0.5197063734274676	0.66071004854518	2.7551020408163267
mom 5m>+2%	eod	-	4	3	186	192	-0.22186572565190582	0.044516243914507016	0.09219194985105043	2.7551020408163267
mom 5m>+2%	eod	-	4	5	186	192	-0.22186572565190582	0.0010514045856278046	0.0030830137876008907	2.7551020408163267
mom 5m>+2%	eod	2	2	1	338	352	-0.5585760977532835	0.14156371113300129	0.42084682983737853	5.029154518950437
mom 5m>+2%	eod	2	2	3	338	352	-0.5585760977532835	0.001887336780066201	0.048961429033800075	5.029154518950437
mom 5m>+2%	eod	2	2	5	338	352	-0.5585760977532835	1.4395982279854017e-05	0.003221563365870641	5.029154518950437
mom 5m>+2%	eod	2	4	1	291	305	-0.4873024576772775	0.21433788397252673	0.4360203757087919	4.34402332361516
mom 5m>+2%	eod	2	4	3	291	305	-0.4873024576772775	0.004545536940818958	0.03871974593178915	4.34402332361516
mom 5m>+2%	eod	2	4	5	291	305	-0.4873024576772775	3.084045647379137e-05	0.0011265731588491611	4.34402332361516
mom 5m>+2%	eod	4	2	1	305	302	-0.5430218193174357	0.17318379986146448	0.3987036625624741	4.424198250728863
mom 5m>+2%	eod	4	2	3	305	302	-0.5430218193174357	0.0029320353464215177	0.03516193977571426	4.424198250728863
mom 5m>+2%	eod	4	2	5	305	302	-0.5430218193174357	2.354474326682788e-05	0.0014505557039041223	4.424198250728863
mom 5m>+2%	eod	4	4	1	248	242	-0.46472250966706935	0.26799369055008404	0.4687087024391719	3.5714285714285716
mom 5m>+2%	eod	4	4	3	248	242	-0.46472250966706935	0.007044041972456503	0.040576805581300446	3.5714285714285716
mom 5m>+2%	eod	4	4	5	248	242	-0.46472250966706935	4.513309118714298e-05	0.0009579639117865733	3.5714285714285716
dip 5m<-3%	15	-	2	1	104	113	-0.4862112382497876	0.5802030443087245	0.9169791858982205	1.5816326530612246
dip 5m<-3%	15	-	2	3	104	113	-0.4862112382497876	0.15725323920153686	0.6422976487768279	1.5816326530612246
dip 5m<-3%	15	-	2	5	104	113	-0.4862112382497876	0.03268126531879391	0.35566873125453624	1.5816326530612246
dip 5m<-3%	15	-	4	1	84	93	-0.3475212879576906	0.7103213792290862	0.9709459526805435	1.2900874635568513
dip 5m<-3%	15	-	4	3	84	93	-0.3475212879576906	0.2688596001126291	0.7190305777927635	1.2900874635568513
dip 5m<-3%	15	-	4	5	84	93	-0.3475212879576906	0.07000358590116451	0.38154606341008573	1.2900874635568513
dip 5m<-3%	15	2	2	1	106	119	-0.772495948122876	0.43226293928275933	0.9798402432610644	1.6399416909620992
dip 5m<-3%	15	2	2	3	106	119	-0.772495948122876	0.07152492371879453	0.8243090349168314	1.6399416909620992
dip 5m<-3%	15	2	2	5	106	119	-0.772495948122876	0.010004772926058942	0.5804951420913963	1.6399416909620992
dip 5m<-3%	15	2	4	1	86	96	-0.6808366433876072	0.5406912680957929	0.8788894997608936	1.326530612244898
dip 5m<-3%	15	2	4	3	86	96	-0.6808366433876072	0.13120866430545552	0.5616570199821878	1.326530612244898
dip 5m<-3%	15	2	4	5	86	96	-0.6808366433876072	0.02418471148621462	0.2724717922678409	1.326530612244898
dip 5m<-3%	15	4	2	1	105	113	-0.6087359271870554	0.5137802201607959	0.9694537683426538	1.588921282798834
dip 5m<-3%	15	4	2	3	105	113	-0.6087359271870554	0.11565620675428372	0.7577764892927207	1.588921282798834
dip 5m<-3%	15	4	2	5	105	113	-0.6087359271870554	0.021080749239457398	0.46676111599922526	1.588921282798834
dip 5m<-3%	15	4	4	1	85	94	-0.5158863262714913	0.6225788487132753	0.9630915873065535	1.30466472303207
dip 5m<-3%	15	4	4	3	85	94	-0.5158863262714913	0.1938705510773328	0.6995296673741046	1.30466472303207
dip 5m<-3%	15	4	4	5	85	94	-0.5158863262714913	0.04417927261935571	0.3615373170533284	1.30466472303207
dip 5m<-3%	60	-	2	1	89	104	-0.6017972819236499	0.5616629735470002	1.229289132475342	1.4067055393586008
dip 5m<-3%	60	-	2	3	89	104	-0.6017972819236499	0.14111778187854096	1.2404487843181338	1.4067055393586008
dip 5m<-3%	60	-	2	5	89	104	-0.6017972819236499	0.02698312775011098	0.7983584747786714	1.4067055393586008
dip 5m<-3%	60	-	4	1	70	84	-0.5933507370226543	0.6260498541413366	0.9292692812357295	1.1224489795918369
dip 5m<-3%	60	-	4	3	70	84	-0.5933507370226543	0.1797915688907554	0.48693089298265074	1.1224489795918369
dip 5m<-3%	60	-	4	5	70	84	-0.5933507370226543	0.03404197353299488	0.13646938539258494	1.1224489795918369
dip 5m<-3%	60	2	2	1	106	118	-0.7174359867335414	0.45758269724536443	1.0162244125740816	1.6326530612244898
dip 5m<-3%	60	2	2	3	106	118	-0.7174359867335414	0.08412717707493854	0.9104089576771882	1.6326530612244898
dip 5m<-3%	60	2	2	5	106	118	-0.7174359867335414	0.012931467526318286	0.6737786083362161	1.6326530612244898
dip 5m<-3%	60	2	4	1	85	94	-0.4539655414424958	0.6555411994610336	0.7039944730834449	1.30466472303207
dip 5m<-3%	60	2	4	3	85	94	-0.4539655414424958	0.22368021458667936	0.27065359056990557	1.30466472303207
dip 5m<-3%	60	2	4	5	85	94	-0.4539655414424958	0.05429840854239487	0.07160935302996119	1.30466472303207
dip 5m<-3%	60	4	2	1	103	111	-0.7235884610906687	0.46073148421453686	0.9524037764889776	1.5597667638483965
dip 5m<-3%	60	4	2	3	103	111	-0.7235884610906687	0.08202702608137369	0.6773138139582332	1.5597667638483965
dip 5m<-3%	60	4	2	5	103	111	-0.7235884610906687	0.011574313302099197	0.35316290530225336	1.5597667638483965
dip 5m<-3%	60	4	4	1	80	92	-0.602169610144118	0.5891646605759407	0.7890496943266392	1.2536443148688048
dip 5m<-3%	60	4	4	3	80	92	-0.602169610144118	0.15267623700903085	0.33204947661908407	1.2536443148688048
dip 5m<-3%	60	4	4	5	80	92	-0.602169610144118	0.026084025397615666	0.08092423723869746	1.2536443148688048
dip 5m<-3%	eod	-	2	1	82	99	-0.20857783387994533	0.729341663988274	0.8805035047172854	1.3192419825072887
dip 5m<-3%	eod	-	2	3	82	99	-0.20857783387994533	0.22769829417294565	0.41379605396712965	1.3192419825072887
dip 5m<-3%	eod	-	2	5	82	99	-0.20857783387994533	0.046219381995548287	0.11598678009846787	1.3192419825072887
dip 5m<-3%	eod	-	4	1	61	79	0.18108771510314445	0.9420598524861321	0.6185680237480191	1.0204081632653061
dip 5m<-3%	eod	-	4	3	61	79	0.18108771510314445	0.4198018682764816	0.12302742971894234	1.0204081632653061
dip 5m<-3%	eod	-	4	5	61	79	0.18108771510314445	0.09717500529695315	0.011181049367327589	1.0204081632653061
dip 5m<-3%	eod	2	2	1	106	118	-0.7174359867335414	0.45758269724536443	1.0162244125740816	1.6326530612244898
dip 5m<-3%	eod	2	2	3	106	118	-0.7174359867335414	0.08412717707493854	0.9104089576771882	1.6326530612244898
dip 5m<-3%	eod	2	2	5	106	118	-0.7174359867335414	0.012931467526318286	0.6737786083362161	1.6326530612244898
dip 5m<-3%	eod	2	4	1	85	94	-0.41731519638233494	0.6754816002596492	0.7602087183873961	1.30466472303207
dip 5m<-3%	eod	2	4	3	85	94	-0.41731519638233494	0.24291533033218488	0.3405625412447513	1.30466472303207
dip 5m<-3%	eod	2	4	5	85	94	-0.41731519638233494	0.06148930872823751	0.10493552187657554	1.30466472303207
dip 5m<-3%	eod	4	2	1	102	111	-0.8104771144932923	0.42416016080783575	0.8977359135486701	1.5524781341107874
dip 5m<-3%	eod	4	2	3	102	111	-0.8104771144932923	0.06352599789003925	0.565904392874432	1.5524781341107874
dip 5m<-3%	eod	4	2	5	102	111	-0.8104771144932923	0.0074708232676171295	0.2606866749409763	1.5524781341107874
dip 5m<-3%	eod	4	4	1	79	91	-0.5999460259024627	0.5876430486689067	0.7940779676867871	1.239067055393586
dip 5m<-3%	eod	4	4	3	79	91	-0.5999460259024627	0.14240428483578885	0.3271278075780993	1.239067055393586
dip 5m<-3%	eod	4	4	5	79	91	-0.5999460259024627	0.020923408024641175	0.07445076897642983	1.239067055393586
mom 5m>+3%	15	-	2	1	90	99	-0.712938394337544	0.513046615545847	0.5942248958991027	1.3775510204081634
mom 5m>+3%	15	-	2	3	90	99	-0.712938394337544	0.11635536464336668	0.1813055428104317	1.3775510204081634
mom 5m>+3%	15	-	2	5	90	99	-0.712938394337544	0.021804361903908453	0.04575116259748729	1.3775510204081634
mom 5m>+3%	15	-	4	1	78	95	-0.5266810713254142	0.6344616207978754	0.6751962153168893	1.2609329446064141
mom 5m>+3%	15	-	4	3	78	95	-0.5266810713254142	0.19788957413571479	0.25558069852291576	1.2609329446064141
mom 5m>+3%	15	-	4	5	78	95	-0.5266810713254142	0.044257162827386023	0.07491719417063179	1.2609329446064141
mom 5m>+3%	15	2	2	1	107	112	-0.9096113197365868	0.3704945412116535	0.5650355038728314	1.5962099125364433
mom 5m>+3%	15	2	2	3	107	112	-0.9096113197365868	0.04508762667595362	0.16002299176214113	1.5962099125364433
mom 5m>+3%	15	2	2	5	107	112	-0.9096113197365868	0.004642359753296479	0.038458557274705	1.5962099125364433
mom 5m>+3%	15	2	4	1	96	107	-0.8009092744824862	0.44913856180317874	0.6562476756645657	1.479591836734694
mom 5m>+3%	15	2	4	3	96	107	-0.8009092744824862	0.07422229498842306	0.2408230055537624	1.479591836734694
mom 5m>+3%	15	2	4	5	96	107	-0.8009092744824862	0.00915066102648225	0.07013429611789063	1.479591836734694
mom 5m>+3%	15	4	2	1	103	102	-0.7683611355777907	0.4420805453474714	0.5927844303160495	1.4941690962099126
mom 5m>+3%	15	4	2	3	103	102	-0.7683611355777907	0.07447418344914533	0.18036851067432083	1.4941690962099126
mom 5m>+3%	15	4	2	5	103	102	-0.7683611355777907	0.010287726816556588	0.04537769500236791	1.4941690962099126
mom 5m>+3%	15	4	4	1	88	98	-0.5806855654137596	0.5779945965026673	0.6812589799565634	1.3556851311953353
mom 5m>+3%	15	4	4	3	88	98	-0.5806855654137596	0.15372176735141002	0.2637803714152216	1.3556851311953353
mom 5m>+3%	15	4	4	5	88	98	-0.5806855654137596	0.029671693852460868	0.07933320870574945	1.3556851311953353
mom 5m>+3%	60	-	2	1	74	90	-0.3283508182155151	0.7417362865692058	0.6667303296198903	1.1953352769679302
mom 5m>+3%	60	-	2	3	74	90	-0.3283508182155151	0.3069820647961237	0.23121298547842256	1.1953352769679302
mom 5m>+3%	60	-	2	5	74	90	-0.3283508182155151	0.09322735810800639	0.059880352698033996	1.1953352769679302
mom 5m>+3%	60	-	4	1	64	83	-0.38932537223052616	0.7253491256499524	0.9204231267510354	1.0714285714285716
mom 5m>+3%	60	-	4	3	64	83	-0.38932537223052616	0.25977893140469804	0.541185378034816	1.0714285714285716
mom 5m>+3%	60	-	4	5	64	83	-0.38932537223052616	0.05866267658435105	0.20028055464320413	1.0714285714285716
mom 5m>+3%	60	2	2	1	107	112	-0.9273990910747272	0.3629468263388861	0.6065218832168734	1.5962099125364433
mom 5m>+3%	60	2	2	3	107	112	-0.9273990910747272	0.04199285710545229	0.19462103583743756	1.5962099125364433
mom 5m>+3%	60	2	2	5	107	112	-0.9273990910747272	0.004058821331947177	0.05182086860905006	1.5962099125364433
mom 5m>+3%	60	2	4	1	94	105	-0.8612382092466645	0.4279085733616073	0.6859251679764408	1.4504373177842567
mom 5m>+3%	60	2	4	3	94	105	-0.8612382092466645	0.061033813711412505	0.25076074094417117	1.4504373177842567
mom 5m>+3%	60	2	4	5	94	105	-0.8612382092466645	0.006007395601471441	0.06334859464278558	1.4504373177842567
mom 5m>+3%	60	4	2	1	102	100	-0.6939224334456997	0.47752615281600674	0.6187980105969959	1.4723032069970847
mom 5m>+3%	60	4	2	3	102	100	-0.6939224334456997	0.09049865436891173	0.1986730834032819	1.4723032069970847
mom 5m>+3%	60	4	2	5	102	100	-0.6939224334456997	0.013455276439792342	0.050660689660668654	1.4723032069970847
mom 5m>+3%	60	4	4	1	84	91	-0.5116924392825781	0.6172385349569357	0.8577734044111589	1.2755102040816328
mom 5m>+3%	60	4	4	3	84	91	-0.5116924392825781	0.17043250597104243	0.4712070730087555	1.2755102040816328
mom 5m>+3%	60	4	4	5	84	91	-0.5116924392825781	0.02997438442000535	0.1724568766188803	1.2755102040816328
mom 5m>+3%	eod	-	2	1	61	87	-0.12142490944398665	0.8761077843687731	0.8988788092911333	1.0787172011661808
mom 5m>+3%	eod	-	2	3	61	87	-0.12142490944398665	0.5061524652221098	0.49477493222229635	1.0787172011661808
mom 5m>+3%	eod	-	2	5	61	87	-0.12142490944398665	0.21811226625907404	0.17957337294006168	1.0787172011661808
mom 5m>+3%	eod	-	4	1	54	77	-0.11725865843900261	0.8558021301014014	1.0521721435342346	0.9548104956268222
mom 5m>+3%	eod	-	4	3	54	77	-0.11725865843900261	0.39391063443476515	0.6680677381615887	0.9548104956268222
mom 5m>+3%	eod	-	4	5	54	77	-0.11725865843900261	0.10770913156761035	0.2171021020769959	0.9548104956268222
mom 5m>+3%	eod	2	2	1	107	112	-0.9158878504672905	0.36731518705943084	0.6044251702327802	1.5962099125364433
mom 5m>+3%	eod	2	2	3	107	112	-0.9158878504672905	0.043435284797918694	0.19256846498967947	1.5962099125364433
mom 5m>+3%	eod	2	2	5	107	112	-0.9158878504672905	0.004278618905964007	0.05089429260986357	1.5962099125364433
mom 5m>+3%	eod	2	4	1	94	105	-0.8262727230859422	0.4401583365054801	0.7040137388440312	1.4504373177842567
mom 5m>+3%	eod	2	4	3	94	105	-0.8262727230859422	0.0644807582658788	0.26532589186822986	1.4504373177842567
mom 5m>+3%	eod	2	4	5	94	105	-0.8262727230859422	0.0062329332659101944	0.06682849638099282	1.4504373177842567
mom 5m>+3%	eod	4	2	1	102	100	-0.6350332863230368	0.5058582524703071	0.6402915884637345	1.4723032069970847
mom 5m>+3%	eod	4	2	3	102	100	-0.6350332863230368	0.10611870166598027	0.2147749482782648	1.4723032069970847
mom 5m>+3%	eod	4	2	5	102	100	-0.6350332863230368	0.017177383000124103	0.05554272727175774	1.4723032069970847
mom 5m>+3%	eod	4	4	1	84	90	-0.4290643757689684	0.655834384035118	0.9330521738897558	1.2682215743440235
mom 5m>+3%	eod	4	4	3	84	90	-0.4290643757689684	0.19386462843855778	0.5573531822471665	1.2682215743440235
mom 5m>+3%	eod	4	4	5	84	90	-0.4290643757689684	0.033901110711362675	0.19754521066753145	1.2682215743440235
mom 5m>+5%	15	2	2	1	32	11	-0.6460176991150458	0.8081209214291618	1.0099523433545254	0.3134110787172012
mom 5m>+5%	15	2	2	3	32	11	-0.6460176991150458	0.507812049091022	1.0154382207178174	0.3134110787172012
mom 5m>+5%	15	2	2	5	32	11	-0.6460176991150458	0.3026412717276159	1.0012780451898642	0.3134110787172012
mom 5m>+5%	15	2	4	1	29	11	-0.669161058081712	0.8136655417997671	0.9718869694842484	0.2915451895043732
mom 5m>+5%	15	2	4	3	29	11	-0.669161058081712	0.498781295370446	0.8976006777228265	0.2915451895043732
mom 5m>+5%	15	2	4	5	29	11	-0.669161058081712	0.2729145602460543	0.8026205761413845	0.2915451895043732
mom 5m>+5%	15	4	2	1	31	10	-0.4287013709604711	0.8667592142810185	0.9500019133480034	0.29883381924198255
mom 5m>+5%	15	4	2	3	31	10	-0.4287013709604711	0.6136931306391764	0.8411545041427173	0.29883381924198255
mom 5m>+5%	15	4	2	5	31	10	-0.4287013709604711	0.4022977433937285	0.7262989489218047	0.29883381924198255
mom 5m>+5%	60	2	2	1	32	11	-0.625000000000002	0.8134848681565517	1.0099523433545254	0.3134110787172012
mom 5m>+5%	60	2	2	3	32	11	-0.625000000000002	0.5176657637457242	1.0154382207178174	0.3134110787172012
mom 5m>+5%	60	2	2	5	32	11	-0.625000000000002	0.3121851458567853	1.0012780451898642	0.3134110787172012
mom 5m>+5%	60	2	4	1	29	11	-0.6896551724137926	0.807474428382569	0.9774216966679568	0.2915451895043732
mom 5m>+5%	60	2	4	3	29	11	-0.6896551724137926	0.48213491394614805	0.9120775025629244	0.2915451895043732
mom 5m>+5%	60	2	4	5	29	11	-0.6896551724137926	0.2526113113908186	0.822443841306832	0.2915451895043732
mom 5m>+5%	60	4	2	1	31	10	-0.32135981593651863	0.8953681889983416	0.9129452982454316	0.29883381924198255
mom 5m>+5%	60	4	2	3	31	10	-0.32135981593651863	0.6734847276016832	0.7458266895434265	0.29883381924198255
mom 5m>+5%	60	4	2	5	31	10	-0.32135981593651863	0.4665780658778965	0.5933194740223515	0.29883381924198255
mom 5m>+5%	eod	2	2	1	32	11	-0.625000000000002	0.8134848681565517	1.0099523433545254	0.3134110787172012
mom 5m>+5%	eod	2	2	3	32	11	-0.625000000000002	0.5176657637457242	1.0154382207178174	0.3134110787172012
mom 5m>+5%	eod	2	2	5	32	11	-0.625000000000002	0.3121851458567853	1.0012780451898642	0.3134110787172012
mom 5m>+5%	eod	2	4	1	29	11	-0.6896551724137926	0.807474428382569	0.9756322203392191	0.2915451895043732
mom 5m>+5%	eod	2	4	3	29	11	-0.6896551724137926	0.48213491394614805	0.9017200894727168	0.2915451895043732
mom 5m>+5%	eod	2	4	5	29	11	-0.6896551724137926	0.2526113113908186	0.7981945241599998	0.2915451895043732
mom 5m>+5%	eod	4	2	1	31	10	-0.4070526365215776	0.8720579615386843	0.9129452982454316	0.29883381924198255
mom 5m>+5%	eod	4	2	3	31	10	-0.4070526365215776	0.6229040844793345	0.7458266895434265	0.29883381924198255
mom 5m>+5%	eod	4	2	5	31	10	-0.4070526365215776	0.41033599386817643	0.5933194740223515	0.29883381924198255
dip 15m<-1%	15	-	2	1	2787	1325	-0.4966386187199359	7.420430346875469e-07	0.15303009884794944	29.970845481049565
dip 15m<-1%	15	-	2	3	2787	1325	-0.4966386187199359	8.197712390713363e-20	0.0014527121027885137	29.970845481049565
dip 15m<-1%	15	-	2	5	2787	1325	-0.4966386187199359	1.0744404350203492e-33	4.222038007252936e-06	29.970845481049565
dip 15m<-1%	15	-	4	1	2454	1183	-0.4721610806446958	6.93036555287863e-06	0.12920685533931783	26.508746355685133
dip 15m<-1%	15	-	4	3	2454	1183	-0.4721610806446958	6.018324878371295e-17	0.0008276998880596865	26.508746355685133
dip 15m<-1%	15	-	4	5	2454	1183	-0.4721610806446958	5.288511384537876e-29	1.4190692483229622e-06	26.508746355685133
dip 15m<-1%	15	2	2	1	2814	1373	-0.5151878588091274	4.0269411389992026e-07	0.1219869850804969	30.517492711370267
dip 15m<-1%	15	2	2	3	2814	1373	-0.5151878588091274	1.613915430284305e-20	0.0008347626509622143	30.517492711370267
dip 15m<-1%	15	2	2	5	2814	1373	-0.5151878588091274	9.275363893725097e-35	1.990691308957579e-06	30.517492711370267
dip 15m<-1%	15	2	4	1	2468	1208	-0.49447991041261147	3.996339951562696e-06	0.10560102532974065	26.793002915451897
dip 15m<-1%	15	2	4	3	2468	1208	-0.49447991041261147	1.550438485944162e-17	0.0005029445082625582	26.793002915451897
dip 15m<-1%	15	2	4	5	2468	1208	-0.49447991041261147	7.872487189362879e-30	7.165852766805227e-07	26.793002915451897
dip 15m<-1%	15	4	2	1	2791	1329	-0.5072622757385495	5.586513930034699e-07	0.14615431932733192	30.02915451895044
dip 15m<-1%	15	4	2	3	2791	1329	-0.5072622757385495	4.03841485159829e-20	0.0013092630751847408	30.02915451895044
dip 15m<-1%	15	4	2	5	2791	1329	-0.5072622757385495	3.908516923331338e-34	3.704322355774005e-06	30.02915451895044
dip 15m<-1%	15	4	4	1	2455	1186	-0.491585772044101	4.52316744636701e-06	0.12166574134126783	26.53790087463557
dip 15m<-1%	15	4	4	3	2455	1186	-0.491585772044101	2.1130920376175855e-17	0.0007065671800688907	26.53790087463557
dip 15m<-1%	15	4	4	5	2455	1186	-0.491585772044101	1.2059109337987554e-29	1.116294405020844e-06	26.53790087463557
dip 15m<-1%	60	-	2	1	2021	912	-0.477356992365399	4.4764744482863934e-05	0.4890487369389216	21.377551020408166
dip 15m<-1%	60	-	2	3	2021	912	-0.477356992365399	1.0560760852060224e-14	0.029842961939917617	21.377551020408166
dip 15m<-1%	60	-	2	5	2021	912	-0.477356992365399	1.5391337940154007e-25	0.00033562763076267307	21.377551020408166
dip 15m<-1%	60	-	4	1	1492	700	-0.4267914721864538	0.0011196287755313732	0.46564978713605626	15.976676384839651
dip 15m<-1%	60	-	4	3	1492	700	-0.4267914721864538	1.2304777478274718e-10	0.025355755830765624	15.976676384839651
dip 15m<-1%	60	-	4	5	1492	700	-0.4267914721864538	5.373468733902248e-19	0.00021677094753725563	15.976676384839651
dip 15m<-1%	60	2	2	1	2223	1103	-0.5185380319247704	7.268582270560072e-06	0.2516023862269777	24.241982507288633
dip 15m<-1%	60	2	2	3	2223	1103	-0.5185380319247704	5.971247078642589e-17	0.0057200899986106545	24.241982507288633
dip 15m<-1%	60	2	2	5	2223	1103	-0.5185380319247704	3.773188767760193e-29	3.253799886788116e-05	24.241982507288633
dip 15m<-1%	60	2	4	1	1597	797	-0.47373861107670645	0.00037521965988725366	0.296873842696892	17.448979591836736
dip 15m<-1%	60	2	4	3	1597	797	-0.47373861107670645	6.936376509023441e-12	0.008357389976228109	17.448979591836736
dip 15m<-1%	60	2	4	5	1597	797	-0.47373861107670645	6.6205957940784856e-21	4.522861070110768e-05	17.448979591836736
dip 15m<-1%	60	4	2	1	2089	974	-0.5014824465179515	2.0097109449848054e-05	0.4538579364610457	22.325072886297377
dip 15m<-1%	60	4	2	3	2089	974	-0.5014824465179515	1.0602643454455327e-15	0.026212772583008647	22.325072886297377
dip 15m<-1%	60	4	2	5	2089	974	-0.5014824465179515	3.616697337312542e-27	0.0002902881059455737	22.325072886297377
dip 15m<-1%	60	4	4	1	1520	721	-0.4690256213059378	0.0005644585505136054	0.4011154752246969	16.333819241982507
dip 15m<-1%	60	4	4	3	1520	721	-0.4690256213059378	2.050283503794948e-11	0.017655787567115607	16.333819241982507
dip 15m<-1%	60	4	4	5	1520	721	-0.4690256213059378	3.3621207161176876e-20	0.00012754168621126913	16.333819241982507
dip 15m<-1%	eod	-	2	1	1230	504	-0.46227817542569205	0.0020341768724002223	0.5761368850621718	12.638483965014577
dip 15m<-1%	eod	-	2	3	1230	504	-0.46227817542569205	6.207289082294505e-10	0.04046583532603803	12.638483965014577
dip 15m<-1%	eod	-	2	5	1230	504	-0.46227817542569205	9.337838058305188e-18	0.00048741902785551396	12.638483965014577
dip 15m<-1%	eod	-	4	1	726	301	-0.45307809793148773	0.022058071277118296	0.6773029534757921	7.485422740524782
dip 15m<-1%	eod	-	4	3	726	301	-0.45307809793148773	6.416608076669636e-07	0.0627789823877401	7.485422740524782
dip 15m<-1%	eod	-	4	5	726	301	-0.45307809793148773	5.319052107025151e-13	0.0007865438771051446	7.485422740524782
dip 15m<-1%	eod	2	2	1	1958	994	-0.5326091234618825	2.0909814872989072e-05	0.2367092635869144	21.516034985422742
dip 15m<-1%	eod	2	2	3	1958	994	-0.5326091234618825	1.1067328640675763e-15	0.004363219984458144	21.516034985422742
dip 15m<-1%	eod	2	2	5	1958	994	-0.5326091234618825	3.2300415567332835e-27	1.7895336604032168e-05	21.516034985422742
dip 15m<-1%	eod	2	4	1	1126	593	-0.5128901566958359	0.002111432588312995	0.3487870981690056	12.529154518950438
dip 15m<-1%	eod	2	4	3	1126	593	-0.5128901566958359	8.218163806038304e-10	0.01210283978079738	12.529154518950438
dip 15m<-1%	eod	2	4	5	1126	593	-0.5128901566958359	8.79152922878598e-18	6.747415107569704e-05	12.529154518950438
dip 15m<-1%	eod	4	2	1	1564	740	-0.5283699267217935	0.000172465670582178	0.4266988822642151	16.793002915451897
dip 15m<-1%	eod	4	2	3	1564	740	-0.5283699267217935	4.752951191930017e-13	0.019849294911350485	16.793002915451897
dip 15m<-1%	eod	4	2	5	1564	740	-0.5283699267217935	5.697062575954244e-23	0.000159855093204662	16.793002915451897
dip 15m<-1%	eod	4	4	1	893	430	-0.5091954625825227	0.006903446447288144	0.5602046024751138	9.642857142857144
dip 15m<-1%	eod	4	4	3	893	430	-0.5091954625825227	2.339535852751408e-08	0.04041304432887932	9.642857142857144
dip 15m<-1%	eod	4	4	5	893	430	-0.5091954625825227	1.853654976464384e-15	0.00037838476070506545	9.642857142857144
mom 15m>+1%	15	-	2	1	2484	1235	-0.44708093878690747	1.2567563465933946e-05	0.11095395845599394	27.1064139941691
mom 15m>+1%	15	-	2	3	2484	1235	-0.44708093878690747	6.753922616788815e-16	0.0007311136412974802	27.1064139941691
mom 15m>+1%	15	-	2	5	2484	1235	-0.44708093878690747	8.420400273996636e-27	2.1028252250119084e-06	27.1064139941691
mom 15m>+1%	15	-	4	1	2405	1206	-0.42406179714816394	3.0305873754059033e-05	0.13209715851250248	26.31924198250729
mom 15m>+1%	15	-	4	3	2405	1206	-0.42406179714816394	8.069615189166345e-15	0.0011291018664577582	26.31924198250729
mom 15m>+1%	15	-	4	5	2405	1206	-0.42406179714816394	3.9251659660997214e-25	3.6184557441104134e-06	26.31924198250729
mom 15m>+1%	15	2	2	1	2567	1318	-0.46284594123873746	5.818717836093297e-06	0.10212428932152548	28.316326530612248
mom 15m>+1%	15	2	2	3	2567	1318	-0.46284594123873746	6.817068079238622e-17	0.0005737121737232539	28.316326530612248
mom 15m>+1%	15	2	2	5	2567	1318	-0.46284594123873746	1.8361390327316717e-28	1.3921455173746287e-06	28.316326530612248
mom 15m>+1%	15	2	4	1	2456	1272	-0.4404949197329774	1.6508641394048352e-05	0.10469869394957555	27.17201166180758
mom 15m>+1%	15	2	4	3	2456	1272	-0.4404949197329774	1.3503005941959397e-15	0.0005487647915720229	27.17201166180758
mom 15m>+1%	15	2	4	5	2456	1272	-0.4404949197329774	1.9731830527127224e-26	1.0143060643991282e-06	27.17201166180758
mom 15m>+1%	15	4	2	1	2507	1246	-0.45869801726941895	8.52596143062266e-06	0.11018248978259287	27.354227405247816
mom 15m>+1%	15	4	2	3	2507	1246	-0.45869801726941895	2.1614782560950516e-16	0.0007161127829901026	27.354227405247816
mom 15m>+1%	15	4	2	5	2507	1246	-0.45869801726941895	1.2878793620718492e-27	2.021644073429036e-06	27.354227405247816
mom 15m>+1%	15	4	4	1	2415	1215	-0.4362674204044564	2.2017299619721906e-05	0.12042030533772456	26.45772594752187
mom 15m>+1%	15	4	4	3	2415	1215	-0.4362674204044564	3.3367417098980503e-15	0.0008500993949167844	26.45772594752187
mom 15m>+1%	15	4	4	5	2415	1215	-0.4362674204044564	9.746137454737557e-26	2.2152478116597975e-06	26.45772594752187
mom 15m>+1%	60	-	2	1	1636	754	-0.45756480190429205	0.00043559401309603346	0.46716940350106645	17.419825072886297
mom 15m>+1%	60	-	2	3	1636	754	-0.45756480190429205	1.8936326539644082e-11	0.04101572133331753	17.419825072886297
mom 15m>+1%	60	-	2	5	1636	754	-0.45756480190429205	1.207266484309702e-19	0.001147327253062997	17.419825072886297
mom 15m>+1%	60	-	4	1	1443	667	-0.4238785699816485	0.0016255149136192016	0.590591528684263	15.379008746355687
mom 15m>+1%	60	-	4	3	1443	667	-0.4238785699816485	7.032460099849882e-10	0.0694089190028873	15.379008746355687
mom 15m>+1%	60	-	4	5	1443	667	-0.4238785699816485	2.5768364306920493e-17	0.0019002422751988747	15.379008746355687
mom 15m>+1%	60	2	2	1	1933	1011	-0.4839599841864697	6.805984470641704e-05	0.1995952015074855	21.45772594752187
mom 15m>+1%	60	2	2	3	1933	1011	-0.4839599841864697	7.281558905759249e-14	0.003367272025725093	21.45772594752187
mom 15m>+1%	60	2	2	5	1933	1011	-0.4839599841864697	1.0357810038119639e-23	1.772942071374833e-05	21.45772594752187
mom 15m>+1%	60	2	4	1	1655	865	-0.454813130646227	0.0003999648864163767	0.285201442833909	18.367346938775512
mom 15m>+1%	60	2	4	3	1655	865	-0.454813130646227	9.905190640741523e-12	0.007624804084740533	18.367346938775512
mom 15m>+1%	60	2	4	5	1655	865	-0.454813130646227	1.629474765599844e-20	4.11529402064053e-05	18.367346938775512
mom 15m>+1%	60	4	2	1	1722	818	-0.4758583457077834	0.00021596407424799073	0.3172102249722874	18.5131195335277
mom 15m>+1%	60	4	2	3	1722	818	-0.4758583457077834	2.295555612999676e-12	0.013205413361147597	18.5131195335277
mom 15m>+1%	60	4	2	5	1722	818	-0.4758583457077834	3.330455354208041e-21	0.00017334966457282225	18.5131195335277
mom 15m>+1%	60	4	4	1	1490	712	-0.4411012287397055	0.0010419148892259768	0.3898564560300732	16.049562682215743
mom 15m>+1%	60	4	4	3	1490	712	-0.4411012287397055	1.834375783985246e-10	0.01986292546720303	16.049562682215743
mom 15m>+1%	60	4	4	5	1490	712	-0.4411012287397055	2.438994014442562e-18	0.00022172987404796068	16.049562682215743
mom 15m>+1%	eod	-	2	1	1022	417	-0.4293210472850087	0.008485434041340865	0.6878628979405761	10.488338192419826
mom 15m>+1%	eod	-	2	3	1022	417	-0.4293210472850087	8.673267971730239e-08	0.10732232946641763	10.488338192419826
mom 15m>+1%	eod	-	2	5	1022	417	-0.4293210472850087	9.127229357008205e-14	0.004605236611912011	10.488338192419826
mom 15m>+1%	eod	-	4	1	679	281	-0.3966264894030074	0.043803700195450455	0.7608150711069563	6.997084548104957
mom 15m>+1%	eod	-	4	3	679	281	-0.3966264894030074	7.85494083015276e-06	0.1138216844990146	6.997084548104957
mom 15m>+1%	eod	-	4	5	679	281	-0.3966264894030074	6.772649446468675e-11	0.0030762831263368776	6.997084548104957
mom 15m>+1%	eod	2	2	1	1671	893	-0.48719483610452685	0.00021835978627784736	0.21534427341741802	18.688046647230323
mom 15m>+1%	eod	2	2	3	1671	893	-0.48719483610452685	1.8019390057179366e-12	0.0037674307202217126	18.688046647230323
mom 15m>+1%	eod	2	2	5	1671	893	-0.48719483610452685	1.343549930645292e-21	1.7631579211811768e-05	18.688046647230323
mom 15m>+1%	eod	2	4	1	1146	628	-0.49248412247147944	0.0024254105087672417	0.3761368924617954	12.930029154518952
mom 15m>+1%	eod	2	4	3	1146	628	-0.49248412247147944	1.307232134839032e-09	0.014711018929803109	12.930029154518952
mom 15m>+1%	eod	2	4	5	1146	628	-0.49248412247147944	2.087554779507666e-17	8.870361914735164e-05	12.930029154518952
mom 15m>+1%	eod	4	2	1	1282	604	-0.49411696142009154	0.0012919557602089498	0.34802372522105174	13.746355685131196
mom 15m>+1%	eod	4	2	3	1282	604	-0.49411696142009154	3.296312994516389e-10	0.014799534443173699	13.746355685131196
mom 15m>+1%	eod	4	2	5	1282	604	-0.49411696142009154	7.071975042464791e-18	0.0001633392603014802	13.746355685131196
mom 15m>+1%	eod	4	4	1	843	409	-0.4717923625388624	0.012708677017804095	0.5894953636569438	9.125364431486881
mom 15m>+1%	eod	4	4	3	843	409	-0.4717923625388624	1.879808913975991e-07	0.05434470228997143	9.125364431486881
mom 15m>+1%	eod	4	4	5	843	409	-0.4717923625388624	9.404007218747868e-14	0.0007969962676755468	9.125364431486881
dip 15m<-2%	15	-	2	1	967	577	-0.5453747606757655	0.004377165222615835	0.4694036957153602	11.253644314868806
dip 15m<-2%	15	-	2	3	967	577	-0.5453747606757655	3.4030275370616016e-08	0.05856717496205328	11.253644314868806
dip 15m<-2%	15	-	2	5	967	577	-0.5453747606757655	8.327483931086962e-14	0.003485754383425197	11.253644314868806
dip 15m<-2%	15	-	4	1	761	471	-0.47305851662696613	0.0229115561458988	0.3996087493925548	8.979591836734695
dip 15m<-2%	15	-	4	3	761	471	-0.47305851662696613	4.472131235758034e-06	0.034923090378175335	8.979591836734695
dip 15m<-2%	15	-	4	5	761	471	-0.47305851662696613	2.444331521974232e-10	0.0013332939257941427	8.979591836734695
dip 15m<-2%	15	2	2	1	980	611	-0.5913291197132466	0.0027174425575508	0.46457767884176315	11.596209912536445
dip 15m<-2%	15	2	2	3	980	611	-0.5913291197132466	1.0032114000795359e-08	0.06159649359597358	11.596209912536445
dip 15m<-2%	15	2	2	5	980	611	-0.5913291197132466	1.4149146240189872e-14	0.004223131935466826	11.596209912536445
dip 15m<-2%	15	2	4	1	770	484	-0.5380786408652253	0.014164269191276077	0.37396579692732723	9.1399416909621
dip 15m<-2%	15	2	4	3	770	484	-0.5380786408652253	1.3904298262465135e-06	0.031229972319351644	9.1399416909621
dip 15m<-2%	15	2	4	5	770	484	-0.5380786408652253	4.8403718278406896e-11	0.0012484181124389033	9.1399416909621
dip 15m<-2%	15	4	2	1	969	580	-0.5801264184184797	0.0031988266511676837	0.4835614276568717	11.290087463556853
dip 15m<-2%	15	4	2	3	969	580	-0.5801264184184797	1.5466521272704274e-08	0.06511923564373105	11.290087463556853
dip 15m<-2%	15	4	2	5	969	580	-0.5801264184184797	2.6839069047052343e-14	0.004237934948375256	11.290087463556853
dip 15m<-2%	15	4	4	1	762	472	-0.5289981503423647	0.015704779770060687	0.37308999572634727	8.994169096209914
dip 15m<-2%	15	4	4	3	762	472	-0.5289981503423647	1.805094200726223e-06	0.02930603082562104	8.994169096209914
dip 15m<-2%	15	4	4	5	762	472	-0.5289981503423647	6.964013026232435e-11	0.0010351696303228658	8.994169096209914
dip 15m<-2%	60	-	2	1	840	476	-0.574715876115906	0.006555692841969244	0.6908131144394324	9.591836734693878
dip 15m<-2%	60	-	2	3	840	476	-0.574715876115906	8.925169182030288e-08	0.12959406940517346	9.591836734693878
dip 15m<-2%	60	-	2	5	840	476	-0.574715876115906	2.7866186853150846e-13	0.007803156043008905	9.591836734693878
dip 15m<-2%	60	-	4	1	600	348	-0.4856820813859121	0.040751983831148586	1.0622323065841206	6.909620991253645
dip 15m<-2%	60	-	4	3	600	348	-0.4856820813859121	1.4044051358265358e-05	0.4113916569808375	6.909620991253645
dip 15m<-2%	60	-	4	5	600	348	-0.4856820813859121	6.421193322465795e-10	0.03921731456047908	6.909620991253645
dip 15m<-2%	60	2	2	1	942	581	-0.6134758289122801	0.00264237620377829	0.6352731640288969	11.10058309037901
dip 15m<-2%	60	2	2	3	942	581	-0.6134758289122801	7.069815586541617e-09	0.13699967537008298	11.10058309037901
dip 15m<-2%	60	2	2	5	942	581	-0.6134758289122801	5.043418752979799e-15	0.012685917736623194	11.10058309037901
dip 15m<-2%	60	2	4	1	652	410	-0.5682792300820704	0.020396983935111995	0.730301192169009	7.740524781341109
dip 15m<-2%	60	2	4	3	652	410	-0.5682792300820704	2.5992182304971794e-06	0.1755537182029237	7.740524781341109
dip 15m<-2%	60	2	4	5	652	410	-0.5682792300820704	5.819465731520262e-11	0.013280094274539685	7.740524781341109
dip 15m<-2%	60	4	2	1	883	515	-0.605130162146157	0.003989529058312254	0.6066839666013547	10.189504373177844
dip 15m<-2%	60	4	2	3	883	515	-0.605130162146157	2.1501987564677143e-08	0.09800597203520595	10.189504373177844
dip 15m<-2%	60	4	2	5	883	515	-0.605130162146157	2.7134599599968517e-14	0.005458205693410583	10.189504373177844
dip 15m<-2%	60	4	4	1	617	365	-0.5576477823843763	0.02599378872854771	0.9406757548448209	7.157434402332362
dip 15m<-2%	60	4	4	3	617	365	-0.5576477823843763	4.797515337843367e-06	0.32743682515552835	7.157434402332362
dip 15m<-2%	60	4	4	5	617	365	-0.5576477823843763	1.3824716595099373e-10	0.03110410531488369	7.157434402332362
dip 15m<-2%	eod	-	2	1	709	378	-0.49707726737131086	0.020634288715464712	0.8208797241991301	7.922740524781342
dip 15m<-2%	eod	-	2	3	709	378	-0.49707726737131086	1.5343307212956169e-06	0.15018393143162242	7.922740524781342
dip 15m<-2%	eod	-	2	5	709	378	-0.49707726737131086	1.642315454898249e-11	0.00641031019176488	7.922740524781342
dip 15m<-2%	eod	-	4	1	460	239	-0.46526506489550445	0.07860284437231567	1.0618765671195223	5.094752186588922
dip 15m<-2%	eod	-	4	3	460	239	-0.46526506489550445	5.920549820076242e-05	0.2825234383121866	5.094752186588922
dip 15m<-2%	eod	-	4	5	460	239	-0.46526506489550445	3.342345068491319e-09	0.012758240501784555	5.094752186588922
dip 15m<-2%	eod	2	2	1	932	578	-0.6198272868287054	0.0025952168166166333	0.68662121933979	11.005830903790088
dip 15m<-2%	eod	2	2	3	932	578	-0.6198272868287054	5.933549048394901e-09	0.1648813194979686	11.005830903790088
dip 15m<-2%	eod	2	2	5	932	578	-0.6198272868287054	3.0730570270094244e-15	0.015951052634201195	11.005830903790088
dip 15m<-2%	eod	2	4	1	605	394	-0.5947321228850336	0.021636061660821947	0.7500572643756366	7.281341107871721
dip 15m<-2%	eod	2	4	3	605	394	-0.5947321228850336	2.2776021831282408e-06	0.16944785743060198	7.281341107871721
dip 15m<-2%	eod	2	4	5	605	394	-0.5947321228850336	2.6365204388379087e-11	0.010130513293460378	7.281341107871721
dip 15m<-2%	eod	4	2	1	847	489	-0.6225321672083655	0.004068402091531563	0.5746483290234483	9.737609329446064
dip 15m<-2%	eod	4	2	3	847	489	-0.6225321672083655	1.706422325414647e-08	0.07264343019107079	9.737609329446064
dip 15m<-2%	eod	4	2	5	847	489	-0.6225321672083655	1.1705872320813833e-14	0.002679342169705217	9.737609329446064
dip 15m<-2%	eod	4	4	1	533	311	-0.5747520891484075	0.034987349112996384	0.8435425465446137	6.151603498542275
dip 15m<-2%	eod	4	4	3	533	311	-0.5747520891484075	7.18973349914797e-06	0.1903652715725293	6.151603498542275
dip 15m<-2%	eod	4	4	5	533	311	-0.5747520891484075	1.16918449990504e-10	0.008747899516553624	6.151603498542275
mom 15m>+2%	15	-	2	1	672	497	-0.5102225974202514	0.029946033953272156	0.2841146078788717	8.520408163265307
mom 15m>+2%	15	-	2	3	672	497	-0.5102225974202514	1.6722805254673038e-05	0.016053024563215102	8.520408163265307
mom 15m>+2%	15	-	2	5	672	497	-0.5102225974202514	4.9707142897537355e-09	0.0005659552491283479	8.520408163265307
mom 15m>+2%	15	-	4	1	640	483	-0.49174303970127575	0.038994203430074814	0.37719485189102536	8.185131195335277
mom 15m>+2%	15	-	4	3	640	483	-0.49174303970127575	3.302283954572352e-05	0.03582419043912853	8.185131195335277
mom 15m>+2%	15	-	4	5	640	483	-0.49174303970127575	1.2503004504898282e-08	0.0019572370447433858	8.185131195335277
mom 15m>+2%	15	2	2	1	733	550	-0.5560973113982361	0.015749380009909258	0.2657345386904681	9.35131195335277
mom 15m>+2%	15	2	2	3	733	550	-0.5560973113982361	2.4707640351898e-06	0.013179472890772764	9.35131195335277
mom 15m>+2%	15	2	2	5	733	550	-0.5560973113982361	2.0543230990921487e-10	0.0004042546482454077	9.35131195335277
mom 15m>+2%	15	2	4	1	680	533	-0.5366334018364279	0.023725185179026442	0.30913844833881043	8.841107871720117
mom 15m>+2%	15	2	4	3	680	533	-0.5366334018364279	7.491327251948319e-06	0.019101662040566847	8.841107871720117
mom 15m>+2%	15	2	4	5	680	533	-0.5366334018364279	1.0234685456202202e-09	0.0006365496942666987	8.841107871720117
mom 15m>+2%	15	4	2	1	695	501	-0.5468289191978188	0.020700885977907268	0.29074124056824824	8.71720116618076
mom 15m>+2%	15	4	2	3	695	501	-0.5468289191978188	5.5594469275392146e-06	0.017534391998806527	8.71720116618076
mom 15m>+2%	15	4	2	5	695	501	-0.5468289191978188	7.894485685881246e-10	0.000672589286669686	8.71720116618076
mom 15m>+2%	15	4	4	1	652	486	-0.5112171704101647	0.03251187476628702	0.3646351728204052	8.294460641399418
mom 15m>+2%	15	4	4	3	652	486	-0.5112171704101647	1.9314690476077784e-05	0.03292321380744145	8.294460641399418
mom 15m>+2%	15	4	4	5	652	486	-0.5112171704101647	5.057136766513731e-09	0.001737246458182465	8.294460641399418
mom 15m>+2%	60	-	2	1	553	368	-0.515384121193858	0.05073460401378203	0.7000943848717265	6.712827988338193
mom 15m>+2%	60	-	2	3	553	368	-0.515384121193858	6.244013187083991e-05	0.19266285727615073	6.712827988338193
mom 15m>+2%	60	-	2	5	553	368	-0.515384121193858	3.0528621590941764e-08	0.02587552793810794	6.712827988338193
mom 15m>+2%	60	-	4	1	492	329	-0.5691819347164487	0.051223518194842665	0.7284900056454252	5.98396501457726
mom 15m>+2%	60	-	4	3	492	329	-0.5691819347164487	4.9430692835650646e-05	0.1883919914976987	5.98396501457726
mom 15m>+2%	60	-	4	5	492	329	-0.5691819347164487	1.2403058871546788e-08	0.018791523373724518	5.98396501457726
mom 15m>+2%	60	2	2	1	693	526	-0.575772791684469	0.016620548695833317	0.5164101913366058	8.884839650145773
mom 15m>+2%	60	2	2	3	693	526	-0.575772791684469	2.389368502618966e-06	0.0812093538673378	8.884839650145773
mom 15m>+2%	60	2	2	5	693	526	-0.575772791684469	1.3967729390044153e-10	0.006255350077305202	8.884839650145773
mom 15m>+2%	60	2	4	1	595	471	-0.6214827161723048	0.021242467231930483	0.6108694017907977	7.769679300291545
mom 15m>+2%	60	2	4	3	595	471	-0.6214827161723048	3.619928564604966e-06	0.10923304186724847	7.769679300291545
mom 15m>+2%	60	2	4	5	595	471	-0.6214827161723048	1.472194413097622e-10	0.006782754767552186	7.769679300291545
mom 15m>+2%	60	4	2	1	615	408	-0.557197037256389	0.028853486894159754	0.633867147568279	7.456268221574344
mom 15m>+2%	60	4	2	3	615	408	-0.557197037256389	1.1806231091805909e-05	0.14786876491238815	7.456268221574344
mom 15m>+2%	60	4	2	5	615	408	-0.557197037256389	1.8680805928155317e-09	0.01701990693907849	7.456268221574344
mom 15m>+2%	60	4	4	1	528	364	-0.5745076037704555	0.04108394516332343	0.6399318334690054	6.501457725947523
mom 15m>+2%	60	4	4	3	528	364	-0.5745076037704555	2.5925442152823872e-05	0.1289376616231456	6.501457725947523
mom 15m>+2%	60	4	4	5	528	364	-0.5745076037704555	4.010806947776833e-09	0.00974134432450096	6.501457725947523
mom 15m>+2%	eod	-	2	1	485	294	-0.49041361209362844	0.07289539407806701	0.8705626289392634	5.677842565597668
mom 15m>+2%	eod	-	2	3	485	294	-0.49041361209362844	0.00012110031653368437	0.2792389448871881	5.677842565597668
mom 15m>+2%	eod	-	2	5	485	294	-0.49041361209362844	5.6055264589046054e-08	0.03322865654382371	5.677842565597668
mom 15m>+2%	eod	-	4	1	394	231	-0.5620488023262786	0.08004096997062903	0.8056342286074452	4.555393586005831
mom 15m>+2%	eod	-	4	3	394	231	-0.5620488023262786	0.00010017077002672226	0.16602482701719626	4.555393586005831
mom 15m>+2%	eod	-	4	5	394	231	-0.5620488023262786	1.6421724721649642e-08	0.008059635097057174	4.555393586005831
mom 15m>+2%	eod	2	2	1	689	521	-0.5973841047481319	0.014321181542806732	0.5126011961724797	8.81924198250729
mom 15m>+2%	eod	2	2	3	689	521	-0.5973841047481319	1.3302951171569168e-06	0.07426912086717546	8.81924198250729
mom 15m>+2%	eod	2	2	5	689	521	-0.5973841047481319	4.1637036108299603e-11	0.0048165811763536	8.81924198250729
mom 15m>+2%	eod	2	4	1	564	439	-0.6603506972469783	0.019354401010949644	0.523965829822379	7.310495626822158
mom 15m>+2%	eod	2	4	3	564	439	-0.6603506972469783	1.7906078235318748e-06	0.055356590425037135	7.310495626822158
mom 15m>+2%	eod	2	4	5	564	439	-0.6603506972469783	2.0928522979251266e-11	0.0014553636907954197	7.310495626822158
mom 15m>+2%	eod	4	2	1	600	385	-0.5628605323555336	0.029012268551639582	0.571917643586822	7.17930029154519
mom 15m>+2%	eod	4	2	3	600	385	-0.5628605323555336	9.310686582223088e-06	0.09094055077543144	7.17930029154519
mom 15m>+2%	eod	4	2	5	600	385	-0.5628605323555336	8.39319879204616e-10	0.005727707465046364	7.17930029154519
mom 15m>+2%	eod	4	4	1	482	307	-0.6113080321018882	0.040853617388012256	0.7992795819743274	5.750728862973761
mom 15m>+2%	eod	4	4	3	482	307	-0.6113080321018882	1.4467188897619129e-05	0.17876034760434703	5.750728862973761
mom 15m>+2%	eod	4	4	5	482	307	-0.6113080321018882	5.650289138251424e-10	0.009377203903896736	5.750728862973761
dip 15m<-3%	15	-	2	1	405	288	-0.5006620340406888	0.11893711340995836	0.5706915328097473	5.051020408163266
dip 15m<-3%	15	-	2	3	405	288	-0.5006620340406888	0.0009615354994280804	0.12900020401025977	5.051020408163266
dip 15m<-3%	15	-	2	5	405	288	-0.5006620340406888	3.92447058979109e-06	0.018171887789516734	5.051020408163266
dip 15m<-3%	15	-	4	1	294	222	-0.33719669136026625	0.3362050314576986	0.5921602161843115	3.7609329446064144
dip 15m<-3%	15	-	4	3	294	222	-0.33719669136026625	0.02182614050936363	0.1403689507718583	3.7609329446064144
dip 15m<-3%	15	-	4	5	294	222	-0.33719669136026625	0.0006982019027848833	0.019337517200601687	3.7609329446064144
dip 15m<-3%	15	2	2	1	411	307	-0.6269704693890784	0.0717606584612999	0.5287247917227303	5.233236151603499
dip 15m<-3%	15	2	2	3	411	307	-0.6269704693890784	0.0002597369607620126	0.10998615315127311	5.233236151603499
dip 15m<-3%	15	2	2	5	411	307	-0.6269704693890784	5.768841133982593e-07	0.015321228317930305	5.233236151603499
dip 15m<-3%	15	2	4	1	302	234	-0.45948942795807307	0.23536765882915395	0.5313834207444043	3.906705539358601
dip 15m<-3%	15	2	4	3	302	234	-0.45948942795807307	0.00900183708848934	0.10494263134023897	3.906705539358601
dip 15m<-3%	15	2	4	5	302	234	-0.45948942795807307	0.00020085967966460735	0.012352816274695037	3.906705539358601
dip 15m<-3%	15	4	2	1	406	290	-0.606468909876176	0.07977040805545439	0.604740626713018	5.072886297376094
dip 15m<-3%	15	4	2	3	406	290	-0.606468909876176	0.00034005926932613017	0.15568685905784832	5.072886297376094
dip 15m<-3%	15	4	2	5	406	290	-0.606468909876176	8.417579615891446e-07	0.025269208890278595	5.072886297376094
dip 15m<-3%	15	4	4	1	295	225	-0.44811449415253396	0.2496444382015197	0.5929206598796677	3.7900874635568518
dip 15m<-3%	15	4	4	3	295	225	-0.44811449415253396	0.010348942180387314	0.14011844840045393	3.7900874635568518
dip 15m<-3%	15	4	4	5	295	225	-0.44811449415253396	0.0002398924495255682	0.01896975375246496	3.7900874635568518
dip 15m<-3%	60	-	2	1	371	253	-0.5765416304983648	0.1046357105365075	0.7638600803336638	4.548104956268222
dip 15m<-3%	60	-	2	3	371	253	-0.5765416304983648	0.0005912142357503338	0.23525504931120642	4.548104956268222
dip 15m<-3%	60	-	2	5	371	253	-0.5765416304983648	1.4750014928528277e-06	0.03386500933783904	4.548104956268222
dip 15m<-3%	60	-	4	1	258	177	-0.5123358184763603	0.23294042810724064	0.7557666282124019	3.1705539358600587
dip 15m<-3%	60	-	4	3	258	177	-0.5123358184763603	0.005733150923097758	0.21178363319613683	3.1705539358600587
dip 15m<-3%	60	-	4	5	258	177	-0.5123358184763603	4.894783054875579e-05	0.023668084219185228	3.1705539358600587
dip 15m<-3%	60	2	2	1	410	306	-0.6517472919420098	0.06405422514647399	0.5086571718138301	5.21865889212828
dip 15m<-3%	60	2	2	3	410	306	-0.6517472919420098	0.00016544860191382052	0.09227019503298765	5.21865889212828
dip 15m<-3%	60	2	2	5	410	306	-0.6517472919420098	2.259859168434551e-07	0.010346487439491653	5.21865889212828
dip 15m<-3%	60	2	4	1	281	214	-0.6015959203755454	0.16720109797898314	0.5775020273108507	3.607871720116618
dip 15m<-3%	60	2	4	3	281	214	-0.6015959203755454	0.0025125564931681764	0.11889263013918222	3.607871720116618
dip 15m<-3%	60	2	4	5	281	214	-0.6015959203755454	1.5123652376007596e-05	0.012091980863541643	3.607871720116618
dip 15m<-3%	60	4	2	1	400	276	-0.6827959280703684	0.05922187321383081	0.6244940304001066	4.927113702623907
dip 15m<-3%	60	4	2	3	400	276	-0.6827959280703684	0.00011759119716877288	0.14568954464562897	4.927113702623907
dip 15m<-3%	60	4	2	5	400	276	-0.6827959280703684	1.0928490357287448e-07	0.017545218597063542	4.927113702623907
dip 15m<-3%	60	4	4	1	269	190	-0.5760892066796818	0.1888709660815175	0.6459356089574524	3.3454810495626823
dip 15m<-3%	60	4	4	3	269	190	-0.5760892066796818	0.0032706384162324966	0.14897305890586432	3.3454810495626823
dip 15m<-3%	60	4	4	5	269	190	-0.5760892066796818	2.025269867265917e-05	0.015010703619650609	3.3454810495626823
dip 15m<-3%	eod	-	2	1	331	235	-0.47655829763893054	0.17582758425365203	0.9039951863303153	4.125364431486881
dip 15m<-3%	eod	-	2	3	331	235	-0.47655829763893054	0.0022982876985962603	0.2938819365942956	4.125364431486881
dip 15m<-3%	eod	-	2	5	331	235	-0.47655829763893054	1.1014221678924134e-05	0.03461985720826874	4.125364431486881
dip 15m<-3%	eod	-	4	1	224	156	-0.408816748807313	0.30044047751857833	0.7017911837284407	2.7696793002915454
dip 15m<-3%	eod	-	4	3	224	156	-0.408816748807313	0.006813396209327153	0.11998363265228541	2.7696793002915454
dip 15m<-3%	eod	-	4	5	224	156	-0.408816748807313	3.1946988253420485e-05	0.005619205148515288	2.7696793002915454
dip 15m<-3%	eod	2	2	1	410	306	-0.6436938654663542	0.06593984621835228	0.5496085409846475	5.21865889212828
dip 15m<-3%	eod	2	2	3	410	306	-0.6436938654663542	0.00017621298138674455	0.11480375322757513	5.21865889212828
dip 15m<-3%	eod	2	2	5	410	306	-0.6436938654663542	2.411448897098281e-07	0.014557510674273988	5.21865889212828
dip 15m<-3%	eod	2	4	1	279	214	-0.7151753848133274	0.12061391254729377	0.5827795752255222	3.5932944606414
dip 15m<-3%	eod	2	4	3	279	214	-0.7151753848133274	0.0008190876000555131	0.11411503254457811	3.5932944606414
dip 15m<-3%	eod	2	4	5	279	214	-0.7151753848133274	1.7941293448466611e-06	0.009967583525496697	3.5932944606414
dip 15m<-3%	eod	4	2	1	398	276	-0.6606258228328714	0.06431781731148577	0.7785037858725543	4.912536443148689
dip 15m<-3%	eod	4	2	3	398	276	-0.6606258228328714	0.00013495184875414337	0.25989295073460517	4.912536443148689
dip 15m<-3%	eod	4	2	5	398	276	-0.6606258228328714	1.1575531746321624e-07	0.04049645892689793	4.912536443148689
dip 15m<-3%	eod	4	4	1	263	186	-0.6117409724699578	0.17015250371558086	0.5890454356999593	3.2725947521865892
dip 15m<-3%	eod	4	4	3	263	186	-0.6117409724699578	0.0018137746134777694	0.09263536329710678	3.2725947521865892
dip 15m<-3%	eod	4	4	5	263	186	-0.6117409724699578	4.681959608838771e-06	0.004833535824254105	3.2725947521865892
mom 15m>+3%	15	-	2	1	231	213	-0.4975408101210587	0.304209237012725	0.6081385418059729	3.2361516034985427
mom 15m>+3%	15	-	2	3	231	213	-0.4975408101210587	0.022196792273564074	0.18374604616968476	3.2361516034985427
mom 15m>+3%	15	-	2	5	231	213	-0.4975408101210587	0.0011897478539026898	0.04260109328440448	3.2361516034985427
mom 15m>+3%	15	-	4	1	208	203	-0.40723989808405864	0.4079821725442239	0.694471882914009	2.9956268221574347
mom 15m>+3%	15	-	4	3	208	203	-0.40723989808405864	0.05086802475790188	0.2679230873640109	2.9956268221574347
mom 15m>+3%	15	-	4	5	208	203	-0.40723989808405864	0.004328348497996014	0.07636768337261972	2.9956268221574347
mom 15m>+3%	15	2	2	1	280	252	-0.5748991180986426	0.19236315159197587	0.5812079646446695	3.8775510204081636
mom 15m>+3%	15	2	2	3	280	252	-0.5748991180986426	0.005620804424859909	0.16081999005972633	3.8775510204081636
mom 15m>+3%	15	2	2	5	280	252	-0.5748991180986426	0.0001185596801130561	0.03392602787093033	3.8775510204081636
mom 15m>+3%	15	2	4	1	241	240	-0.47926072018215393	0.300852389458287	0.6353326785178083	3.5058309037900877
mom 15m>+3%	15	2	4	3	241	240	-0.47926072018215393	0.020395891784193973	0.20198600147624804	3.5058309037900877
mom 15m>+3%	15	2	4	5	241	240	-0.47926072018215393	0.0009100356095998268	0.04580488086055927	3.5058309037900877
mom 15m>+3%	15	4	2	1	250	217	-0.5705288572083969	0.23093687897306403	0.6175051977054672	3.403790087463557
mom 15m>+3%	15	4	2	3	250	217	-0.5705288572083969	0.009723973209540868	0.19370466176718995	3.403790087463557
mom 15m>+3%	15	4	2	5	250	217	-0.5705288572083969	0.00029765456904402366	0.046861203626533815	3.403790087463557
mom 15m>+3%	15	4	4	1	219	206	-0.465522072986486	0.3443889179608198	0.696611530605376	3.097667638483965
mom 15m>+3%	15	4	4	3	219	206	-0.465522072986486	0.030682425709185203	0.2743073982068659	3.097667638483965
mom 15m>+3%	15	4	4	5	219	206	-0.465522072986486	0.0018260662065644557	0.0810019961473716	3.097667638483965
mom 15m>+3%	60	-	2	1	201	182	-0.5086998279304785	0.3347432535923622	0.7770419363832304	2.7915451895043732
mom 15m>+3%	60	-	2	3	201	182	-0.5086998279304785	0.025442181366896386	0.3357088985697034	2.7915451895043732
mom 15m>+3%	60	-	2	5	201	182	-0.5086998279304785	0.0012204744553312526	0.09543891896024047	2.7915451895043732
mom 15m>+3%	60	-	4	1	174	166	-0.5311610481367132	0.35988512715242993	0.9487353146447158	2.478134110787172
mom 15m>+3%	60	-	4	3	174	166	-0.5311610481367132	0.026990326601549416	0.558969843700106	2.478134110787172
mom 15m>+3%	60	-	4	5	174	166	-0.5311610481367132	0.001007463467034356	0.18766346124277836	2.478134110787172
mom 15m>+3%	60	2	2	1	279	252	-0.6026840400932048	0.17705752321247942	0.7369409611666857	3.8702623906705544
mom 15m>+3%	60	2	2	3	279	252	-0.6026840400932048	0.004097760463659825	0.3046129314736854	3.8702623906705544
mom 15m>+3%	60	2	2	5	279	252	-0.6026840400932048	6.248712085849911e-05	0.08707844497078089	3.8702623906705544
mom 15m>+3%	60	2	4	1	231	234	-0.5698918607926668	0.24897741090942124	0.8565552426924357	3.3892128279883385
mom 15m>+3%	60	2	4	3	231	234	-0.5698918607926668	0.009670471874384839	0.41748720912106185	3.3892128279883385
mom 15m>+3%	60	2	4	5	231	234	-0.5698918607926668	0.00018884863452500503	0.11292447921802935	3.3892128279883385
mom 15m>+3%	60	4	2	1	242	206	-0.6152311976116255	0.21252560087922612	0.7728798712034115	3.2653061224489797
mom 15m>+3%	60	4	2	3	242	206	-0.6152311976116255	0.0067295464412499	0.33036785771602345	3.2653061224489797
mom 15m>+3%	60	4	2	5	242	206	-0.6152311976116255	0.00013322123694378156	0.09160039603253375	3.2653061224489797
mom 15m>+3%	60	4	4	1	197	184	-0.5240497548016108	0.3282377713203186	0.9188537707660919	2.7769679300291545
mom 15m>+3%	60	4	4	3	197	184	-0.5240497548016108	0.021415370125192432	0.5015516843617799	2.7769679300291545
mom 15m>+3%	60	4	4	5	197	184	-0.5240497548016108	0.0006884367366298339	0.15028778135803395	2.7769679300291545
mom 15m>+3%	eod	-	2	1	180	165	-0.5134865876555017	0.35939742896344995	1.2621392341910507	2.5145772594752187
mom 15m>+3%	eod	-	2	3	180	165	-0.5134865876555017	0.02775484167150763	1.1211479004715563	2.5145772594752187
mom 15m>+3%	eod	-	2	5	180	165	-0.5134865876555017	0.0012008384287752554	0.5132191968340951	2.5145772594752187
mom 15m>+3%	eod	-	4	1	152	142	-0.4127827349151944	0.4391484702362961	1.161299438617887	2.1428571428571432
mom 15m>+3%	eod	-	4	3	152	142	-0.4127827349151944	0.03293210269866934	0.7043345276465963	2.1428571428571432
mom 15m>+3%	eod	-	4	5	152	142	-0.4127827349151944	0.0008461180055517991	0.15755498360526377	2.1428571428571432
mom 15m>+3%	eod	2	2	1	279	252	-0.6290272439226567	0.1636694350124884	0.6931532641510916	3.8702623906705544
mom 15m>+3%	eod	2	2	3	279	252	-0.6290272439226567	0.003137877512146245	0.24748350000789954	3.8702623906705544
mom 15m>+3%	eod	2	2	5	279	252	-0.6290272439226567	3.800287226880419e-05	0.05917099336488494	3.8702623906705544
mom 15m>+3%	eod	2	4	1	231	231	-0.6811764686910661	0.18783922987918952	0.8597885566332713	3.3673469387755106
mom 15m>+3%	eod	2	4	3	231	231	-0.6811764686910661	0.003544226814821355	0.3836053001859811	3.3673469387755106
mom 15m>+3%	eod	2	4	5	231	231	-0.6811764686910661	2.647916423541677e-05	0.08226792808202057	3.3673469387755106
mom 15m>+3%	eod	4	2	1	242	206	-0.619626942445111	0.20744725742256462	0.8048485554020711	3.2653061224489797
mom 15m>+3%	eod	4	2	3	242	206	-0.619626942445111	0.005791650716699771	0.34279539756400706	3.2653061224489797
mom 15m>+3%	eod	4	2	5	242	206	-0.619626942445111	9.177571143160245e-05	0.08541487878958377	3.2653061224489797
mom 15m>+3%	eod	4	4	1	195	180	-0.5085376842563367	0.3273848225180006	1.0488012393716664	2.733236151603499
mom 15m>+3%	eod	4	4	3	195	180	-0.5085376842563367	0.016322199237152855	0.5997101281596591	2.733236151603499
mom 15m>+3%	eod	4	4	5	195	180	-0.5085376842563367	0.00027738197814589885	0.13956971179522598	2.733236151603499
dip 15m<-5%	15	-	2	1	70	75	0.18249955614786453	1.0783866302248148	0.8256885454226202	1.056851311953353
dip 15m<-5%	15	-	2	3	70	75	0.18249955614786453	0.9656395917095705	0.4888570610003075	1.056851311953353
dip 15m<-5%	15	-	2	5	70	75	0.18249955614786453	0.6558478028346293	0.24251549006729134	1.056851311953353
dip 15m<-5%	15	-	4	1	51	56	0.5528500032978914	1.2685042413644916	0.8102669767161019	0.7798833819241983
dip 15m<-5%	15	-	4	3	51	56	0.5528500032978914	1.6240589006294566	0.4521824771656826	0.7798833819241983
dip 15m<-5%	15	-	4	5	51	56	0.5528500032978914	1.6028868659248097	0.20182827916785467	0.7798833819241983
dip 15m<-5%	15	2	2	1	70	80	-0.6302977442175123	0.6352866100412344	0.7826097514210703	1.0932944606413995
dip 15m<-5%	15	2	2	3	70	80	-0.6302977442175123	0.23759862391529524	0.4387626859900702	1.0932944606413995
dip 15m<-5%	15	2	2	5	70	80	-0.6302977442175123	0.08000896771143685	0.21813629959786776	1.0932944606413995
dip 15m<-5%	15	2	4	1	53	59	-0.34171061635998956	0.8215803165674981	0.8100682976830115	0.8163265306122449
dip 15m<-5%	15	2	4	3	53	59	-0.34171061635998956	0.5031888352595891	0.46646932876755115	0.8163265306122449
dip 15m<-5%	15	2	4	5	53	59	-0.34171061635998956	0.267287692639861	0.22194550421589324	0.8163265306122449
dip 15m<-5%	15	4	2	1	70	75	-0.35874782455270393	0.7635462528811185	0.8005359702406626	1.056851311953353
dip 15m<-5%	15	4	2	3	70	75	-0.35874782455270393	0.39873001473166714	0.45424021241248724	1.056851311953353
dip 15m<-5%	15	4	2	5	70	75	-0.35874782455270393	0.1802496776756578	0.22004840670540654	1.056851311953353
dip 15m<-5%	15	4	4	1	52	56	0.1112844250862559	1.0381317553171758	0.833185055040231	0.7871720116618076
dip 15m<-5%	15	4	4	3	52	56	0.1112844250862559	0.9883498458802688	0.49436548796852686	0.7871720116618076
dip 15m<-5%	15	4	4	5	52	56	0.1112844250862559	0.7928489336468966	0.23551813833122284	0.7871720116618076
dip 15m<-5%	60	-	2	1	55	75	0.08864257545747499	1.005711793174325	0.9914706923516086	0.9475218658892129
dip 15m<-5%	60	-	2	3	55	75	0.08864257545747499	0.8185292480054608	0.724557309637051	0.9475218658892129
dip 15m<-5%	60	-	2	5	55	75	0.08864257545747499	0.5279868970952614	0.3812865403185871	0.9475218658892129
dip 15m<-5%	60	-	4	1	44	54	0.5458837606963161	1.2074594385378037	0.8704305618013811	0.7142857142857143
dip 15m<-5%	60	-	4	3	44	54	0.5458837606963161	1.3419038573479247	0.449816387237247	0.7142857142857143
dip 15m<-5%	60	-	4	5	44	54	0.5458837606963161	1.0899480463296256	0.14500920489273927	0.7142857142857143
dip 15m<-5%	60	2	2	1	70	80	-0.5501170915205049	0.6710204794395972	0.8411201466471397	1.0932944606413995
dip 15m<-5%	60	2	2	3	70	80	-0.5501170915205049	0.27769630205435814	0.5403015236331883	1.0932944606413995
dip 15m<-5%	60	2	2	5	70	80	-0.5501170915205049	0.1023816050215028	0.3045216654604531	1.0932944606413995
dip 15m<-5%	60	2	4	1	53	59	-0.1340435083519078	0.912464408403731	0.8197086143920058	0.8163265306122449
dip 15m<-5%	60	2	4	3	53	59	-0.1340435083519078	0.6674998307912903	0.4695061577628279	0.8163265306122449
dip 15m<-5%	60	2	4	5	53	59	-0.1340435083519078	0.4041635576049931	0.2126706492782282	0.8163265306122449
dip 15m<-5%	60	4	2	1	70	75	-0.39302884103669605	0.7422260989691093	0.7514608532470284	1.056851311953353
dip 15m<-5%	60	4	2	3	70	75	-0.39302884103669605	0.3573566741253416	0.36517716152741614	1.056851311953353
dip 15m<-5%	60	4	2	5	70	75	-0.39302884103669605	0.14448727971912873	0.1461190212639719	1.056851311953353
dip 15m<-5%	60	4	4	1	51	54	0.19687560949285665	1.0708367932051859	0.7472213507677604	0.7653061224489797
dip 15m<-5%	60	4	4	3	51	54	0.19687560949285665	1.0128670850788706	0.33026735211837543	0.7653061224489797
dip 15m<-5%	60	4	4	5	51	54	0.19687560949285665	0.7360785514284962	0.10501311426238488	0.7653061224489797
dip 15m<-5%	eod	-	2	1	47	74	0.6224629481844208	1.259025553583078	1.2221223447615372	0.881924198250729
dip 15m<-5%	eod	-	2	3	47	74	0.6224629481844208	1.476649043168305	1.1636501873041434	0.881924198250729
dip 15m<-5%	eod	-	2	5	47	74	0.6224629481844208	1.2788091291123087	0.703285518136094	0.881924198250729
dip 15m<-5%	eod	-	4	1	39	53	1.0248222139069114	1.3820256200513854	0.9924164781148028	0.6705539358600584
dip 15m<-5%	eod	-	4	3	39	53	1.0248222139069114	1.7920217746496134	0.5656240477252745	0.6705539358600584
dip 15m<-5%	eod	-	4	5	39	53	1.0248222139069114	1.5139706415426026	0.1729489229739822	0.6705539358600584
dip 15m<-5%	eod	2	2	1	70	80	-0.5723998347737854	0.6605053587519191	0.8411201466471397	1.0932944606413995
dip 15m<-5%	eod	2	2	3	70	80	-0.5723998347737854	0.26451914888130434	0.5403015236331883	1.0932944606413995
dip 15m<-5%	eod	2	2	5	70	80	-0.5723998347737854	0.09420802922144199	0.3045216654604531	1.0932944606413995
dip 15m<-5%	eod	2	4	1	53	59	-0.22881238026948095	0.8662071160622196	0.8197086143920058	0.8163265306122449
dip 15m<-5%	eod	2	4	3	53	59	-0.22881238026948095	0.5644526820319465	0.4695061577628279	0.8163265306122449
dip 15m<-5%	eod	2	4	5	53	59	-0.22881238026948095	0.29911242807807736	0.2126706492782282	0.8163265306122449
dip 15m<-5%	eod	4	2	1	70	75	-0.40286543753958093	0.7362116735501839	0.76773746464801	1.056851311953353
dip 15m<-5%	eod	4	2	3	70	75	-0.40286543753958093	0.34623355167998054	0.3859064654543366	1.056851311953353
dip 15m<-5%	eod	4	2	5	70	75	-0.40286543753958093	0.13550205806268692	0.1580202672753794	1.056851311953353
dip 15m<-5%	eod	4	4	1	51	54	0.3479961310628321	1.1507389369407608	0.7635410720096457	0.7653061224489797
dip 15m<-5%	eod	4	4	3	51	54	0.3479961310628321	1.219556851847543	0.3439517425513392	0.7653061224489797
dip 15m<-5%	eod	4	4	5	51	54	0.3479961310628321	0.9540910676874398	0.10792588966385656	0.7653061224489797
mom 15m>+5%	15	-	2	1	45	49	-0.1626536475549018	0.9129346901819383	0.7457147665848561	0.685131195335277
mom 15m>+5%	15	-	2	3	45	49	-0.1626536475549018	0.6885456682522645	0.3879580838697125	0.685131195335277
mom 15m>+5%	15	-	2	5	45	49	-0.1626536475549018	0.4600954094504642	0.18524021881346064	0.685131195335277
mom 15m>+5%	15	-	4	1	39	46	0.12933875544931356	1.0234205889335888	0.7883468732086828	0.619533527696793
mom 15m>+5%	15	-	4	3	39	46	0.12933875544931356	0.922079909795554	0.45311979454513257	0.619533527696793
mom 15m>+5%	15	-	4	5	39	46	0.12933875544931356	0.6914429106763403	0.23438482193616478	0.619533527696793
mom 15m>+5%	15	2	2	1	74	58	-0.7045658288955191	0.5855910835037273	0.7455437535353572	0.9620991253644315
mom 15m>+5%	15	2	2	3	74	58	-0.7045658288955191	0.1846399110817422	0.3915677974426627	0.9620991253644315
mom 15m>+5%	15	2	2	5	74	58	-0.7045658288955191	0.05185927104468597	0.19027774418078017	0.9620991253644315
mom 15m>+5%	15	2	4	1	55	54	-0.5846686530938301	0.7118912811857862	0.8417728461305658	0.794460641399417
mom 15m>+5%	15	2	4	3	55	54	-0.5846686530938301	0.32150511392835734	0.5583652067275406	0.794460641399417
mom 15m>+5%	15	2	4	5	55	54	-0.5846686530938301	0.12262484322264357	0.3371615329201838	0.794460641399417
mom 15m>+5%	15	4	2	1	63	50	-0.5707452023960121	0.6859466493117267	0.7440925303813626	0.8236151603498543
mom 15m>+5%	15	4	2	3	63	50	-0.5707452023960121	0.2912151935897836	0.38848086527221715	0.8236151603498543
mom 15m>+5%	15	4	2	5	63	50	-0.5707452023960121	0.10799932927217352	0.18753468027039885	0.8236151603498543
mom 15m>+5%	15	4	4	1	49	47	-0.4048819707762107	0.8001977954460895	0.7891064126711761	0.6997084548104957
mom 15m>+5%	15	4	4	3	49	47	-0.4048819707762107	0.44118371845437443	0.4582043763178774	0.6997084548104957
mom 15m>+5%	15	4	4	5	49	47	-0.4048819707762107	0.19736136955599767	0.24137076998422796	0.6997084548104957
mom 15m>+5%	60	-	2	1	39	43	0.15164375058350948	1.021556718750522	0.8674021863786233	0.5976676384839651
mom 15m>+5%	60	-	2	3	39	43	0.15164375058350948	0.885740949105033	0.5913538018127137	0.5976676384839651
mom 15m>+5%	60	-	2	5	39	43	0.15164375058350948	0.634780964054208	0.3568642394479312	0.5976676384839651
mom 15m>+5%	60	-	4	1	31	41	0.6819383368664009	1.173956212326487	0.6801808614987874	0.5247813411078718
mom 15m>+5%	60	-	4	3	31	41	0.6819383368664009	1.2517400238927316	0.263431255619976	0.5247813411078718
mom 15m>+5%	60	-	4	5	31	41	0.6819383368664009	1.0059776423925386	0.07979538728121889	0.5247813411078718
mom 15m>+5%	60	2	2	1	74	58	-0.6878031514317953	0.5924500348620403	0.7203163469276802	0.9620991253644315
mom 15m>+5%	60	2	2	3	74	58	-0.6878031514317953	0.1903281203325321	0.3491309399603808	0.9620991253644315
mom 15m>+5%	60	2	2	5	74	58	-0.6878031514317953	0.054127067860076615	0.1541236131241388	0.9620991253644315
mom 15m>+5%	60	2	4	1	55	54	-0.6282879981534648	0.6908336755874505	0.721331456775267	0.794460641399417
mom 15m>+5%	60	2	4	3	55	54	-0.6282879981534648	0.28257021372257485	0.3280908253721779	0.794460641399417
mom 15m>+5%	60	2	4	5	55	54	-0.6282879981534648	0.09196115259785184	0.12236234991597694	0.794460641399417
mom 15m>+5%	60	4	2	1	63	50	-0.4328876943646568	0.7455183972258417	0.834667576375125	0.8236151603498543
mom 15m>+5%	60	4	2	3	63	50	-0.4328876943646568	0.36644037198737306	0.5302861681736379	0.8236151603498543
mom 15m>+5%	60	4	2	5	63	50	-0.4328876943646568	0.15357303189378646	0.2989594192439673	0.8236151603498543
mom 15m>+5%	60	4	4	1	48	47	-0.1938819535076704	0.8803403426614647	0.7240834283917257	0.6924198250728864
mom 15m>+5%	60	4	4	3	48	47	-0.1938819535076704	0.553460143957889	0.32110604266418646	0.6924198250728864
mom 15m>+5%	60	4	4	5	48	47	-0.1938819535076704	0.2600248317103121	0.11228560747543505	0.6924198250728864
mom 15m>+5%	eod	-	2	1	30	41	0.533156641842257	1.1235932441616514	1.1548087603832358	0.5174927113702624
mom 15m>+5%	eod	-	2	3	30	41	0.533156641842257	1.1592180178263372	1.2607558387348234	0.5174927113702624
mom 15m>+5%	eod	-	2	5	30	41	0.533156641842257	0.9854544890701432	1.1055140569512278	0.5174927113702624
mom 15m>+5%	eod	-	4	1	25	39	0.24154603279457998	1.0019084057520782	0.9425275794984181	0.4664723032069971
mom 15m>+5%	eod	-	4	3	25	39	0.24154603279457998	0.7637499595213524	0.6240304704833994	0.4664723032069971
mom 15m>+5%	eod	-	4	5	25	39	0.24154603279457998	0.4387577332599555	0.2870308127976889	0.4664723032069971
mom 15m>+5%	eod	2	2	1	74	58	-0.7506959600018375	0.5653350917799461	0.7461693836591532	0.9620991253644315
mom 15m>+5%	eod	2	2	3	74	58	-0.7506959600018375	0.1650556432050466	0.3870348693799109	0.9620991253644315
mom 15m>+5%	eod	2	2	5	74	58	-0.7506959600018375	0.04254208366928721	0.1822268669349976	0.9620991253644315
mom 15m>+5%	eod	2	4	1	55	54	-0.7089888391329694	0.6603010016186762	0.7165681574552204	0.794460641399417
mom 15m>+5%	eod	2	4	3	55	54	-0.7089888391329694	0.24544708724977546	0.3141515465247414	0.794460641399417
mom 15m>+5%	eod	2	4	5	55	54	-0.7089888391329694	0.07202453558398168	0.10897465225505071	0.794460641399417
mom 15m>+5%	eod	4	2	1	63	50	-0.5067617869707381	0.7113979014575537	0.8261280939747933	0.8236151603498543
mom 15m>+5%	eod	4	2	3	63	50	-0.5067617869707381	0.31778305375474414	0.5101542557330707	0.8236151603498543
mom 15m>+5%	eod	4	2	5	63	50	-0.5067617869707381	0.12070331962301735	0.2768061353925927	0.8236151603498543
mom 15m>+5%	eod	4	4	1	48	47	-0.19374627666699254	0.8785864646727299	0.7318854475521795	0.6924198250728864
mom 15m>+5%	eod	4	4	3	48	47	-0.19374627666699254	0.5435597469476791	0.3170197661779108	0.6924198250728864
mom 15m>+5%	eod	4	4	5	48	47	-0.19374627666699254	0.24736818564001314	0.10171006645975923	0.6924198250728864
dip 30m<-1%	15	-	2	1	3098	1341	-0.45638923738953463	5.676547012475584e-07	0.16222714473494215	32.35422740524782
dip 30m<-1%	15	-	2	3	3098	1341	-0.45638923738953463	4.26521172695203e-20	0.0019887779288048205	32.35422740524782
dip 30m<-1%	15	-	2	5	3098	1341	-0.45638923738953463	4.4937160663326535e-34	8.874860658515967e-06	32.35422740524782
dip 30m<-1%	15	-	4	1	2824	1252	-0.42451113972716775	4.8839744961278765e-06	0.1709914263514348	29.708454810495628
dip 30m<-1%	15	-	4	3	2824	1252	-0.42451113972716775	2.6621222694524555e-17	0.002196001569726482	29.708454810495628
dip 30m<-1%	15	-	4	5	2824	1252	-0.42451113972716775	1.8434391153534188e-29	9.144110083796902e-06	29.708454810495628
dip 30m<-1%	15	2	2	1	3146	1405	-0.4683494780433584	3.2068725115118133e-07	0.1756388230200885	33.17055393586006
dip 30m<-1%	15	2	2	3	3146	1405	-0.4683494780433584	8.633798104366656e-21	0.0026473423448851578	33.17055393586006
dip 30m<-1%	15	2	2	5	3146	1405	-0.4683494780433584	3.621820017188146e-35	1.5132555994020563e-05	33.17055393586006
dip 30m<-1%	15	2	4	1	2850	1290	-0.43001103259110074	3.804964307227953e-06	0.17834711364304562	30.174927113702626
dip 30m<-1%	15	2	4	3	2850	1290	-0.43001103259110074	1.3647091195702636e-17	0.0025919909854327807	30.174927113702626
dip 30m<-1%	15	2	4	5	2850	1290	-0.43001103259110074	6.654706583588313e-30	1.2525102680915572e-05	30.174927113702626
dip 30m<-1%	15	4	2	1	3109	1345	-0.4628231573773709	4.485850798335617e-07	0.15882065309153737	32.46355685131196
dip 30m<-1%	15	4	2	3	3109	1345	-0.4628231573773709	2.250806499404716e-20	0.0018852233367905565	32.46355685131196
dip 30m<-1%	15	4	2	5	3109	1345	-0.4628231573773709	1.6751199938115144e-34	8.213396492146296e-06	32.46355685131196
dip 30m<-1%	15	4	4	1	2830	1254	-0.4259528011388597	4.6086542716844774e-06	0.16116578997683953	29.766763848396504
dip 30m<-1%	15	4	4	3	2830	1254	-0.4259528011388597	2.3121021930946923e-17	0.0018767375246538929	29.766763848396504
dip 30m<-1%	15	4	4	5	2830	1254	-0.4259528011388597	1.5024327254001268e-29	7.230252194181011e-06	29.766763848396504
dip 30m<-1%	60	-	2	1	2010	820	-0.47724520558621336	4.9827475826921636e-05	0.5655711252478361	20.626822157434404
dip 30m<-1%	60	-	2	3	2010	820	-0.47724520558621336	1.9117062024688608e-14	0.056314791179836746	20.626822157434404
dip 30m<-1%	60	-	2	5	2010	820	-0.47724520558621336	6.132074781011264e-25	0.001313451179052232	20.626822157434404
dip 30m<-1%	60	-	4	1	1490	645	-0.44643674351490154	0.0009475284890580227	0.8993533204193909	15.56122448979592
dip 30m<-1%	60	-	4	3	1490	645	-0.44643674351490154	1.2684210548923136e-10	0.20982491369358153	15.56122448979592
dip 30m<-1%	60	-	4	5	1490	645	-0.44643674351490154	1.1566648753723602e-18	0.0094287243569517	15.56122448979592
dip 30m<-1%	60	2	2	1	2132	965	-0.48976758908341617	2.2083231718270943e-05	0.48843730604537344	22.572886297376094
dip 30m<-1%	60	2	2	3	2132	965	-0.48976758908341617	1.962868230189215e-15	0.04892070651962659	22.572886297376094
dip 30m<-1%	60	2	2	5	2132	965	-0.48976758908341617	1.671018011232743e-26	0.0015193156901676902	22.572886297376094
dip 30m<-1%	60	2	4	1	1540	737	-0.45138768399748563	0.000722742919345617	0.481773643945457	16.596209912536445
dip 30m<-1%	60	2	4	3	1540	737	-0.45138768399748563	6.446554036106804e-11	0.041796401418000666	16.596209912536445
dip 30m<-1%	60	2	4	5	1540	737	-0.45138768399748563	4.38733358901269e-19	0.000881602592093416	16.596209912536445
dip 30m<-1%	60	4	2	1	2043	843	-0.47530422538883643	4.462077970518924e-05	0.474725755845482	21.034985422740526
dip 30m<-1%	60	4	2	3	2043	843	-0.47530422538883643	1.4034633637719323e-14	0.03822695586827928	21.034985422740526
dip 30m<-1%	60	4	2	5	2043	843	-0.47530422538883643	3.6663813974398665e-25	0.0008075295204952104	21.034985422740526
dip 30m<-1%	60	4	4	1	1505	662	-0.42602887354427105	0.0012055763791526547	0.7358661226482247	15.794460641399418
dip 30m<-1%	60	4	4	3	1505	662	-0.42602887354427105	2.5882738799227986e-10	0.1312332949088444	15.794460641399418
dip 30m<-1%	60	4	4	5	1505	662	-0.42602887354427105	3.65718972852464e-18	0.005050086731461166	15.794460641399418
dip 30m<-1%	eod	-	2	1	1186	446	-0.4765912228692654	0.0022368009579492353	1.1440866434430272	11.895043731778427
dip 30m<-1%	eod	-	2	3	1186	446	-0.4765912228692654	1.1238115115890237e-09	0.3883618640258463	11.895043731778427
dip 30m<-1%	eod	-	2	5	1186	446	-0.4765912228692654	3.8852202032534047e-17	0.028427002289062517	11.895043731778427
dip 30m<-1%	eod	-	4	1	701	283	-0.4677793740982176	0.023741761956468703	1.2903203406912314	7.172011661807581
dip 30m<-1%	eod	-	4	3	701	283	-0.4677793740982176	1.097392266253758e-06	0.48955506591956	7.172011661807581
dip 30m<-1%	eod	-	4	5	701	283	-0.4677793740982176	2.0766927711773917e-12	0.029836660658853775	7.172011661807581
dip 30m<-1%	eod	2	2	1	1796	861	-0.5058291530512004	8.313289168162172e-05	0.6354715925448563	19.36588921282799
dip 30m<-1%	eod	2	2	3	1796	861	-0.5058291530512004	8.686129620061541e-14	0.09920759163952012	19.36588921282799
dip 30m<-1%	eod	2	2	5	1796	861	-0.5058291530512004	6.796367109458277e-24	0.0043053454513761686	19.36588921282799
dip 30m<-1%	eod	2	4	1	1030	547	-0.4984278998746964	0.0042142449178917615	0.6713375537906692	11.494169096209914
dip 30m<-1%	eod	2	4	3	1030	547	-0.4984278998746964	8.964298738195483e-09	0.0997153681607312	11.494169096209914
dip 30m<-1%	eod	2	4	5	1030	547	-0.4984278998746964	8.377894143470735e-16	0.002956630207310919	11.494169096209914
dip 30m<-1%	eod	4	2	1	1451	617	-0.49101807832579003	0.0005608288221091625	0.6146699188827964	15.072886297376094
dip 30m<-1%	eod	4	2	3	1451	617	-0.49101807832579003	2.0726371282296107e-11	0.07695199350792625	15.072886297376094
dip 30m<-1%	eod	4	2	5	1451	617	-0.49101807832579003	4.553648869640761e-20	0.002330684870713613	15.072886297376094
dip 30m<-1%	eod	4	4	1	831	387	-0.45955453641607097	0.014949245695704143	0.7253468148028303	8.877551020408164
dip 30m<-1%	eod	4	4	3	831	387	-0.45955453641607097	3.1360943572429774e-07	0.11036140813038745	8.877551020408164
dip 30m<-1%	eod	4	4	5	831	387	-0.45955453641607097	2.3027665617446574e-13	0.002998212966863171	8.877551020408164
mom 30m>+1%	15	-	2	1	2943	1333	-0.41822596459403555	3.6655608329224027e-06	0.10647716157771907	31.166180758017497
mom 30m>+1%	15	-	2	3	2943	1333	-0.41822596459403555	1.521322624867947e-17	0.0006929340588930286	31.166180758017497
mom 30m>+1%	15	-	2	5	2943	1333	-0.41822596459403555	1.411543424645434e-29	2.149295704578107e-06	31.166180758017497
mom 30m>+1%	15	-	4	1	2841	1301	-0.40713667056835834	7.854198820394574e-06	0.10664152051545342	30.189504373177844
mom 30m>+1%	15	-	4	3	2841	1301	-0.40713667056835834	1.572397886576435e-16	0.0006703281417029816	30.189504373177844
mom 30m>+1%	15	-	4	5	2841	1301	-0.40713667056835834	6.760849396652541e-28	1.8710550489811858e-06	30.189504373177844
mom 30m>+1%	15	2	2	1	3006	1394	-0.4377615043149689	1.6383340864407555e-06	0.09831893962559729	32.06997084548105
mom 30m>+1%	15	2	2	3	3006	1394	-0.4377615043149689	1.6218733098733112e-18	0.0005511431514582792	32.06997084548105
mom 30m>+1%	15	2	2	5	3006	1394	-0.4377615043149689	4.030767984926704e-31	1.4749713229071056e-06	32.06997084548105
mom 30m>+1%	15	2	4	1	2884	1354	-0.4167334583441614	5.06929350375982e-06	0.10182103619538371	30.88921282798834
mom 30m>+1%	15	2	4	3	2884	1354	-0.4167334583441614	4.4218645770561715e-17	0.0005830469150345278	30.88921282798834
mom 30m>+1%	15	2	4	5	2884	1354	-0.4167334583441614	8.27741501958955e-29	1.4607481624302108e-06	30.88921282798834
mom 30m>+1%	15	4	2	1	2961	1340	-0.43462079774330387	2.1833988291698983e-06	0.11296834700923289	31.348396501457728
mom 30m>+1%	15	4	2	3	2961	1340	-0.43462079774330387	3.7955959797343764e-18	0.0008193554222418459	31.348396501457728
mom 30m>+1%	15	4	2	5	2961	1340	-0.43462079774330387	1.6488817149294148e-30	2.7938163239201563e-06	31.348396501457728
mom 30m>+1%	15	4	4	1	2852	1307	-0.41461165345882744	6.158213582702072e-06	0.1119384336043474	30.313411078717202
mom 30m>+1%	15	4	4	3	2852	1307	-0.41461165345882744	8.019586281348987e-17	0.0007763765541446263	30.313411078717202
mom 30m>+1%	15	4	4	5	2852	1307	-0.41461165345882744	2.3127187547666876e-28	2.396073659373169e-06	30.313411078717202
mom 30m>+1%	60	-	2	1	1588	721	-0.42389010759831935	0.0009487836440580462	0.32608955959710606	16.829446064139944
mom 30m>+1%	60	-	2	3	1588	721	-0.42389010759831935	2.3694115848178005e-10	0.016074859474565585	16.829446064139944
mom 30m>+1%	60	-	2	5	1588	721	-0.42389010759831935	1.162828061801205e-17	0.00029921273451152255	16.829446064139944
mom 30m>+1%	60	-	4	1	1488	652	-0.45391699749986714	0.0008993082166774047	0.3690195307430664	15.597667638483966
mom 30m>+1%	60	-	4	3	1488	652	-0.45391699749986714	1.5170191133186176e-10	0.021659451852585658	15.597667638483966
mom 30m>+1%	60	-	4	5	1488	652	-0.45391699749986714	2.891222057921524e-18	0.00040682492980092887	15.597667638483966
mom 30m>+1%	60	2	2	1	1827	910	-0.4484320978519727	0.00022601916215595535	0.18131411212006096	19.948979591836736
mom 30m>+1%	60	2	2	3	1827	910	-0.4484320978519727	3.365118877159563e-12	0.002909720616233041	19.948979591836736
mom 30m>+1%	60	2	2	5	1827	910	-0.4484320978519727	9.17523520501868e-21	1.7646058273743134e-05	19.948979591836736
mom 30m>+1%	60	2	4	1	1639	785	-0.4599160444231382	0.0004124084571887542	0.24139722843656722	17.667638483965018
mom 30m>+1%	60	2	4	3	1639	785	-0.4599160444231382	1.4081864563428827e-11	0.006038639373912887	17.667638483965018
mom 30m>+1%	60	2	4	5	1639	785	-0.4599160444231382	4.656012382601797e-20	4.4975311469883816e-05	17.667638483965018
mom 30m>+1%	60	4	2	1	1665	773	-0.445341784002278	0.0004897388999432097	0.28778586811349594	17.769679300291546
mom 30m>+1%	60	4	2	3	1665	773	-0.445341784002278	3.3831872171824085e-11	0.011053643988736156	17.769679300291546
mom 30m>+1%	60	4	2	5	1665	773	-0.445341784002278	4.350120436904682e-19	0.00015535611206797314	17.769679300291546
mom 30m>+1%	60	4	4	1	1518	673	-0.4474273703003191	0.0008701463891725537	0.3938141751361776	15.969387755102042
mom 30m>+1%	60	4	4	3	1518	673	-0.4474273703003191	1.3572279631325178e-10	0.02731276291505258	15.969387755102042
mom 30m>+1%	60	4	4	5	1518	673	-0.4474273703003191	2.2277512015494903e-18	0.000621253852237948	15.969387755102042
mom 30m>+1%	eod	-	2	1	917	378	-0.42613376558143434	0.014619988888074038	0.5769874771622578	9.438775510204083
mom 30m>+1%	eod	-	2	3	917	378	-0.42613376558143434	6.225529003231604e-07	0.07988462476458849	9.438775510204083
mom 30m>+1%	eod	-	2	5	917	378	-0.42613376558143434	4.071170713023212e-12	0.003899858562456197	9.438775510204083
mom 30m>+1%	eod	-	4	1	644	250	-0.4683375061924808	0.03357762693612645	0.8783126199242566	6.516034985422741
mom 30m>+1%	eod	-	4	3	644	250	-0.4683375061924808	5.014090162915255e-06	0.26188178377589016	6.516034985422741
mom 30m>+1%	eod	-	4	5	644	250	-0.4683375061924808	5.701014976848866e-11	0.022780133889123644	6.516034985422741
mom 30m>+1%	eod	2	2	1	1489	758	-0.49306917097909264	0.0005056346630432215	0.22302788009393326	16.377551020408166
mom 30m>+1%	eod	2	2	3	1489	758	-0.49306917097909264	2.8601963697399434e-11	0.00493120426022618	16.377551020408166
mom 30m>+1%	eod	2	2	5	1489	758	-0.49306917097909264	2.0450295341036478e-19	3.635988881718525e-05	16.377551020408166
mom 30m>+1%	eod	2	4	1	1040	513	-0.5093594441131146	0.003628804747367715	0.3969053284589868	11.31924198250729
mom 30m>+1%	eod	2	4	3	1040	513	-0.5093594441131146	6.263225897308864e-09	0.023124833373876996	11.31924198250729
mom 30m>+1%	eod	2	4	5	1040	513	-0.5093594441131146	5.449632501419255e-16	0.0003179737398062216	11.31924198250729
mom 30m>+1%	eod	4	2	1	1128	536	-0.48253461300675726	0.003339919998196921	0.3759868915382244	12.128279883381925
mom 30m>+1%	eod	4	2	3	1128	536	-0.48253461300675726	8.019270906101267e-09	0.021737196624485568	12.128279883381925
mom 30m>+1%	eod	4	2	5	1128	536	-0.48253461300675726	2.5291106258023083e-15	0.0003968689792728781	12.128279883381925
mom 30m>+1%	eod	4	4	1	781	348	-0.5118919540633008	0.013220057195288936	0.7388011004920635	8.228862973760934
mom 30m>+1%	eod	4	4	3	781	348	-0.5118919540633008	3.0499570675277415e-07	0.1480388987584961	8.228862973760934
mom 30m>+1%	eod	4	4	5	781	348	-0.5118919540633008	3.958165388630054e-13	0.007437596779957127	8.228862973760934
dip 30m<-2%	15	-	2	1	1289	656	-0.5125776906969013	0.0011574594434819888	0.47125671265444496	14.176384839650147
dip 30m<-2%	15	-	2	3	1289	656	-0.5125776906969013	6.215440060104531e-10	0.05992201586727144	14.176384839650147
dip 30m<-2%	15	-	2	5	1289	656	-0.5125776906969013	9.909284108081928e-17	0.0036593034939340512	14.176384839650147
dip 30m<-2%	15	-	4	1	1104	587	-0.4395467807779295	0.006733325867985332	0.4771995350774447	12.325072886297377
dip 30m<-2%	15	-	4	3	1104	587	-0.4395467807779295	1.2442266809343498e-07	0.05922653033171942	12.325072886297377
dip 30m<-2%	15	-	4	5	1104	587	-0.4395467807779295	6.629697979837375e-13	0.00320134485355848	12.325072886297377
dip 30m<-2%	15	2	2	1	1334	701	-0.5426689703822797	0.0006291558982135203	0.5318223551159116	14.832361516034986
dip 30m<-2%	15	2	2	3	1334	701	-0.5426689703822797	1.1091448271295304e-10	0.08996354840622775	14.832361516034986
dip 30m<-2%	15	2	2	5	1334	701	-0.5426689703822797	6.367347380634452e-18	0.007601793940830935	14.832361516034986
dip 30m<-2%	15	2	4	1	1125	618	-0.4527673744253593	0.005398688692012853	0.5169499782761973	12.704081632653063
dip 30m<-2%	15	2	4	3	1125	618	-0.4527673744253593	7.07257440962688e-08	0.07869255241548634	12.704081632653063
dip 30m<-2%	15	2	4	5	1125	618	-0.4527673744253593	2.933765304347516e-13	0.00541173272177968	12.704081632653063
dip 30m<-2%	15	4	2	1	1298	659	-0.5328994580273554	0.0008623713880240457	0.4988570346513585	14.263848396501459
dip 30m<-2%	15	4	2	3	1298	659	-0.5328994580273554	2.761434231806298e-10	0.07093608109227305	14.263848396501459
dip 30m<-2%	15	4	2	5	1298	659	-0.5328994580273554	2.792815437331136e-17	0.0048193179825299715	14.263848396501459
dip 30m<-2%	15	4	4	1	1109	588	-0.4435728596897463	0.006358210939613276	0.451083495296413	12.368804664723033
dip 30m<-2%	15	4	4	3	1109	588	-0.4435728596897463	1.0900426634280936e-07	0.0509217166122588	12.368804664723033
dip 30m<-2%	15	4	4	5	1109	588	-0.4435728596897463	5.546067358339829e-13	0.002547148825815777	12.368804664723033
dip 30m<-2%	60	-	2	1	1035	505	-0.5841942652387738	0.00193205598705958	0.5551046745261775	11.224489795918368
dip 30m<-2%	60	-	2	3	1035	505	-0.5841942652387738	2.179690738996131e-09	0.07311103038597597	11.224489795918368
dip 30m<-2%	60	-	2	5	1035	505	-0.5841942652387738	5.080433403477469e-16	0.0033673914520939733	11.224489795918368
dip 30m<-2%	60	-	4	1	713	376	-0.5583626803931844	0.0151884670041581	0.8106296991231456	7.93731778425656
dip 30m<-2%	60	-	4	3	713	376	-0.5583626803931844	9.939277980423446e-07	0.20329607273532097	7.93731778425656
dip 30m<-2%	60	-	4	5	713	376	-0.5583626803931844	1.1063161948363948e-11	0.014091485681586219	7.93731778425656
dip 30m<-2%	60	2	2	1	1138	605	-0.5788626291899491	0.0011534509568361104	0.6983198257292297	12.704081632653063
dip 30m<-2%	60	2	2	3	1138	605	-0.5788626291899491	5.191360258904846e-10	0.1824788429949394	12.704081632653063
dip 30m<-2%	60	2	2	5	1138	605	-0.5788626291899491	5.2457300879946316e-17	0.02057331781818274	12.704081632653063
dip 30m<-2%	60	2	4	1	754	446	-0.5216007496501247	0.016354863215059776	0.5372676744696664	8.746355685131196
dip 30m<-2%	60	2	4	3	754	446	-0.5216007496501247	1.4025948001468631e-06	0.07040439167899552	8.746355685131196
dip 30m<-2%	60	2	4	5	754	446	-0.5216007496501247	2.275575317088586e-11	0.0029393803913674126	8.746355685131196
dip 30m<-2%	60	4	2	1	1064	523	-0.59394815548427	0.0014849878700776596	0.5684808378032986	11.567055393586006
dip 30m<-2%	60	4	2	3	1064	523	-0.59394815548427	1.0278940491735085e-09	0.08554340926377102	11.567055393586006
dip 30m<-2%	60	4	2	5	1064	523	-0.59394815548427	1.4920420084015683e-16	0.004779472304985056	11.567055393586006
dip 30m<-2%	60	4	4	1	725	389	-0.5563253805006664	0.014564325178040243	0.7957383265142837	8.119533527696793
dip 30m<-2%	60	4	4	3	725	389	-0.5563253805006664	9.145010132333512e-07	0.20326670967834945	8.119533527696793
dip 30m<-2%	60	4	4	5	725	389	-0.5563253805006664	1.0016297221195398e-11	0.014719462724891493	8.119533527696793
dip 30m<-2%	eod	-	2	1	828	375	-0.509134579551875	0.010279808725423934	1.3040115127798788	8.768221574344023
dip 30m<-2%	eod	-	2	3	828	375	-0.509134579551875	1.7856349730480214e-07	0.6638801958956863	8.768221574344023
dip 30m<-2%	eod	-	2	5	828	375	-0.509134579551875	3.978906039383576e-13	0.08613902935753723	8.768221574344023
dip 30m<-2%	eod	-	4	1	500	245	-0.5374302973158619	0.0466177396353823	1.423756137313046	5.430029154518951
dip 30m<-2%	eod	-	4	3	500	245	-0.5374302973158619	1.397053356353047e-05	0.7513364036055873	5.430029154518951
dip 30m<-2%	eod	-	4	5	500	245	-0.5374302973158619	3.5393029492505207e-10	0.07490488274296823	5.430029154518951
dip 30m<-2%	eod	2	2	1	1111	595	-0.5707123209613272	0.0014364774501057502	0.861260224974531	12.434402332361516
dip 30m<-2%	eod	2	2	3	1111	595	-0.5707123209613272	8.506272651957716e-10	0.32257570412009606	12.434402332361516
dip 30m<-2%	eod	2	2	5	1111	595	-0.5707123209613272	9.068969151463975e-17	0.048158842495761835	12.434402332361516
dip 30m<-2%	eod	2	4	1	666	411	-0.5015452578601692	0.027978196642792993	0.6692553426849284	7.849854227405248
dip 30m<-2%	eod	2	4	3	666	411	-0.5015452578601692	4.9127829672633344e-06	0.11947341442545793	7.849854227405248
dip 30m<-2%	eod	2	4	5	666	411	-0.5015452578601692	9.508547460199787e-11	0.005582528193111083	7.849854227405248
dip 30m<-2%	eod	4	2	1	962	474	-0.5978052664449616	0.002482265668572948	0.9054744754067869	10.466472303206999
dip 30m<-2%	eod	4	2	3	962	474	-0.5978052664449616	3.5148612041989698e-09	0.2947098571996368	10.466472303206999
dip 30m<-2%	eod	4	2	5	962	474	-0.5978052664449616	7.116921479675361e-16	0.02940204180591497	10.466472303206999
dip 30m<-2%	eod	4	4	1	566	312	-0.5755468125044567	0.029214500575777454	1.0265452062370068	6.399416909620991
dip 30m<-2%	eod	4	4	3	566	312	-0.5755468125044567	4.545892828328107e-06	0.35654025742661716	6.399416909620991
dip 30m<-2%	eod	4	4	5	566	312	-0.5755468125044567	6.260414185657877e-11	0.026626071340877955	6.399416909620991
mom 30m>+2%	15	-	2	1	998	604	-0.43858683000479565	0.01100489772984458	0.2575236563270073	11.676384839650147
mom 30m>+2%	15	-	2	3	998	604	-0.43858683000479565	6.552734931678443e-07	0.012027579870299822	11.676384839650147
mom 30m>+2%	15	-	2	5	998	604	-0.43858683000479565	1.660610136632738e-11	0.000351359351127081	11.676384839650147
mom 30m>+2%	15	-	4	1	940	581	-0.41130597844288763	0.01846539057060109	0.29660350497308374	11.08600583090379
mom 30m>+2%	15	-	4	3	940	581	-0.41130597844288763	3.0978572338471043e-06	0.018524519396684664	11.08600583090379
mom 30m>+2%	15	-	4	5	940	581	-0.41130597844288763	2.0812419701958235e-10	0.0007218739910608027	11.08600583090379
mom 30m>+2%	15	2	2	1	1058	647	-0.5081316954992748	0.004234742270695152	0.29141741259597803	12.427113702623908
mom 30m>+2%	15	2	2	3	1058	647	-0.5081316954992748	4.4177736547008334e-08	0.017484437883291116	12.427113702623908
mom 30m>+2%	15	2	2	5	1058	647	-0.5081316954992748	2.175352456707564e-13	0.000654206419837532	12.427113702623908
mom 30m>+2%	15	2	4	1	974	622	-0.4474160731489451	0.01162592903059709	0.33402471038065373	11.632653061224492
mom 30m>+2%	15	2	4	3	974	622	-0.4474160731489451	8.585028979597731e-07	0.02603241086744145	11.632653061224492
mom 30m>+2%	15	2	4	5	974	622	-0.4474160731489451	2.6555552884357948e-11	0.001230238400260182	11.632653061224492
mom 30m>+2%	15	4	2	1	1016	611	-0.4801115384846842	0.006962456335402355	0.28397484979168913	11.85860058309038
mom 30m>+2%	15	4	2	3	1016	611	-0.4801115384846842	1.9633474710557326e-07	0.015942834123502312	11.85860058309038
mom 30m>+2%	15	4	2	5	1016	611	-0.4801115384846842	2.6411476507966854e-12	0.0005514663293995378	11.85860058309038
mom 30m>+2%	15	4	4	1	947	587	-0.42583139525999275	0.016130791452131858	0.3194610142834139	11.180758017492712
mom 30m>+2%	15	4	4	3	947	587	-0.42583139525999275	2.342611782842858e-06	0.02286152876939569	11.180758017492712
mom 30m>+2%	15	4	4	5	947	587	-0.42583139525999275	1.491987442222235e-10	0.001005549948246212	11.180758017492712
mom 30m>+2%	60	-	2	1	657	375	-0.4076957234109872	0.059683628817721594	0.5928613027511662	7.521865889212829
mom 30m>+2%	60	-	2	3	657	375	-0.4076957234109872	0.00010081678430581553	0.1264305200080654	7.521865889212829
mom 30m>+2%	60	-	2	5	657	375	-0.4076957234109872	6.925862029564459e-08	0.014336590217975523	7.521865889212829
mom 30m>+2%	60	-	4	1	606	340	-0.4400270951331305	0.05969983592799083	0.6997922082923957	6.8950437317784266
mom 30m>+2%	60	-	4	3	606	340	-0.4400270951331305	8.674862730625926e-05	0.1944089230106633	6.8950437317784266
mom 30m>+2%	60	-	4	5	606	340	-0.4400270951331305	3.715872277762357e-08	0.02505600136287824	6.8950437317784266
mom 30m>+2%	60	2	2	1	843	516	-0.48981604757462976	0.01432005786223832	0.4514048746150539	9.90524781341108
mom 30m>+2%	60	2	2	3	843	516	-0.48981604757462976	1.4391088538809409e-06	0.057378812914887764	9.90524781341108
mom 30m>+2%	60	2	2	5	843	516	-0.48981604757462976	5.4212302115091827e-11	0.0038504946653458655	9.90524781341108
mom 30m>+2%	60	2	4	1	723	444	-0.46435909973924017	0.03002082282847634	0.6319481342948501	8.505830903790088
mom 30m>+2%	60	2	4	3	723	444	-0.46435909973924017	1.063313258198335e-05	0.14186328651406963	8.505830903790088
mom 30m>+2%	60	2	4	5	723	444	-0.46435909973924017	9.670270271367998e-10	0.013979023947890891	8.505830903790088
mom 30m>+2%	60	4	2	1	720	416	-0.4531657393809933	0.03404478274426855	0.5314908950917631	8.279883381924199
mom 30m>+2%	60	4	2	3	720	416	-0.4531657393809933	1.9537309901929005e-05	0.08978978790549828	8.279883381924199
mom 30m>+2%	60	4	2	5	720	416	-0.4531657393809933	4.366866503826412e-09	0.0077568315124951675	8.279883381924199
mom 30m>+2%	60	4	4	1	633	362	-0.4093758800469453	0.06467225619936726	0.687998412139168	7.252186588921283
mom 30m>+2%	60	4	4	3	633	362	-0.4093758800469453	0.00010915201532082745	0.1841690991806403	7.252186588921283
mom 30m>+2%	60	4	4	5	633	362	-0.4093758800469453	5.0920996250173975e-08	0.022408926956854775	7.252186588921283
mom 30m>+2%	eod	-	2	1	556	287	-0.40659509380579467	0.08256541625389358	0.6128809444127126	6.144314868804665
mom 30m>+2%	eod	-	2	3	556	287	-0.40659509380579467	0.0001821831311520124	0.11479441034683292	6.144314868804665
mom 30m>+2%	eod	-	2	5	556	287	-0.40659509380579467	1.1520175129229118e-07	0.009418273592026233	6.144314868804665
mom 30m>+2%	eod	-	4	1	438	214	-0.3256717062010519	0.17979401073479895	0.9019144011957996	4.752186588921283
mom 30m>+2%	eod	-	4	3	438	214	-0.3256717062010519	0.001323757802607025	0.31385092954097554	4.752186588921283
mom 30m>+2%	eod	-	4	5	438	214	-0.3256717062010519	1.6004702618555308e-06	0.036397469696972225	4.752186588921283
mom 30m>+2%	eod	2	2	1	832	505	-0.4963791295064735	0.013838511307415705	0.4610299134092605	9.744897959183675
mom 30m>+2%	eod	2	2	3	832	505	-0.4963791295064735	1.0617196018334806e-06	0.055680362278171004	9.744897959183675
mom 30m>+2%	eod	2	2	5	832	505	-0.4963791295064735	2.3270049152046796e-11	0.003131480058152997	9.744897959183675
mom 30m>+2%	eod	2	4	1	651	398	-0.4653063223610405	0.03884153994392493	0.6008010041848598	7.645772594752187
mom 30m>+2%	eod	2	4	3	651	398	-0.4653063223610405	1.4689563263082419e-05	0.09422487902328805	7.645772594752187
mom 30m>+2%	eod	2	4	5	651	398	-0.4653063223610405	7.285967930536818e-10	0.004399598594136044	7.645772594752187
mom 30m>+2%	eod	4	2	1	669	377	-0.43698356499903973	0.045359128405516355	0.5247903657605262	7.623906705539359
mom 30m>+2%	eod	4	2	3	669	377	-0.43698356499903973	3.420311309573773e-05	0.07345343189200079	7.623906705539359
mom 30m>+2%	eod	4	2	5	669	377	-0.43698356499903973	6.8944351380304295e-09	0.004305353309021833	7.623906705539359
mom 30m>+2%	eod	4	4	1	520	280	-0.37050189060329164	0.11474824583976431	0.796071668971041	5.830903790087464
mom 30m>+2%	eod	4	4	3	520	280	-0.37050189060329164	0.0003498411376083088	0.20687852648890548	5.830903790087464
mom 30m>+2%	eod	4	4	5	520	280	-0.37050189060329164	1.357436749816108e-07	0.0156990952626179	5.830903790087464
dip 30m<-3%	15	-	2	1	633	366	-0.5523358011158772	0.027366463610944875	0.5698897662291117	7.281341107871721
dip 30m<-3%	15	-	2	3	633	366	-0.5523358011158772	1.1221575840399859e-05	0.12531567006819755	7.281341107871721
dip 30m<-3%	15	-	2	5	633	366	-0.5523358011158772	2.080146776502592e-09	0.016549458081842206	7.281341107871721
dip 30m<-3%	15	-	4	1	498	311	-0.47878525070678274	0.08327686147456784	0.5380222147850433	5.896501457725948
dip 30m<-3%	15	-	4	3	498	311	-0.47878525070678274	0.00031406874230225897	0.09802938538359614	5.896501457725948
dip 30m<-3%	15	-	4	5	498	311	-0.47878525070678274	5.116519307293063e-07	0.009449501364314142	5.896501457725948
dip 30m<-3%	15	2	2	1	663	406	-0.6115953188168395	0.01595468553672714	0.5981301388605712	7.791545189504374
dip 30m<-3%	15	2	2	3	663	406	-0.6115953188168395	2.4400135939544444e-06	0.15004110640765275	7.791545189504374
dip 30m<-3%	15	2	2	5	663	406	-0.6115953188168395	1.8410327115042005e-10	0.023293269119089268	7.791545189504374
dip 30m<-3%	15	2	4	1	510	333	-0.48608929853579763	0.07730687512660565	0.5438930457912989	6.144314868804665
dip 30m<-3%	15	2	4	3	510	333	-0.48608929853579763	0.00027815127950893843	0.10568779405475132	6.144314868804665
dip 30m<-3%	15	2	4	5	510	333	-0.48608929853579763	4.800756908367341e-07	0.011289016542269667	6.144314868804665
dip 30m<-3%	15	4	2	1	640	372	-0.5797750803888733	0.0223434825708028	0.624658772514151	7.376093294460642
dip 30m<-3%	15	4	2	3	640	372	-0.5797750803888733	6.44845721949367e-06	0.1656009982316151	7.376093294460642
dip 30m<-3%	15	4	2	5	640	372	-0.5797750803888733	8.836603345945211e-10	0.026395482969121576	7.376093294460642
dip 30m<-3%	15	4	4	1	501	315	-0.4985540796868662	0.07517258224949422	0.5457603511882961	5.947521865889214
dip 30m<-3%	15	4	4	3	501	315	-0.4985540796868662	0.00024265784864524662	0.1036177390489281	5.947521865889214
dip 30m<-3%	15	4	4	5	501	315	-0.4985540796868662	3.5219301197493534e-07	0.010526630397393821	5.947521865889214
dip 30m<-3%	60	-	2	1	567	315	-0.6014939715692477	0.028747896048117894	1.087124033011843	6.428571428571429
dip 30m<-3%	60	-	2	3	567	315	-0.6014939715692477	1.0587977687614299e-05	0.6535249331685211	6.428571428571429
dip 30m<-3%	60	-	2	5	567	315	-0.6014939715692477	1.3688776710776655e-09	0.17374465335913286	6.428571428571429
dip 30m<-3%	60	-	4	1	381	221	-0.5238951070531196	0.11711862975351396	1.0057061051358247	4.387755102040817
dip 30m<-3%	60	-	4	3	381	221	-0.5238951070531196	0.0006506352875483947	0.4853827545970278	4.387755102040817
dip 30m<-3%	60	-	4	5	381	221	-0.5238951070531196	1.0217262662734575e-06	0.0883148912610215	4.387755102040817
dip 30m<-3%	60	2	2	1	622	380	-0.6014999361180215	0.021256605746555853	0.8745448841143907	7.303206997084549
dip 30m<-3%	60	2	2	3	622	380	-0.6014999361180215	4.9172248108536315e-06	0.4364288646903648	7.303206997084549
dip 30m<-3%	60	2	2	5	622	380	-0.6014999361180215	4.52591510591966e-10	0.12255321531779063	7.303206997084549
dip 30m<-3%	60	2	4	1	405	265	-0.4877016986031981	0.12278520200364408	0.7646222174203211	4.883381924198251
dip 30m<-3%	60	2	4	3	405	265	-0.4877016986031981	0.0008564456771793158	0.25727172641128815	4.883381924198251
dip 30m<-3%	60	2	4	5	405	265	-0.4877016986031981	1.9292467739722797e-06	0.03879824202896374	4.883381924198251
dip 30m<-3%	60	4	2	1	591	331	-0.6048141269067492	0.024645192252904763	0.8833693679986144	6.720116618075802
dip 30m<-3%	60	4	2	3	591	331	-0.6048141269067492	6.931501192069538e-06	0.39422409032776345	6.720116618075802
dip 30m<-3%	60	4	2	5	591	331	-0.6048141269067492	6.95980469324918e-10	0.08561854727011634	6.720116618075802
dip 30m<-3%	60	4	4	1	391	232	-0.516896609352109	0.11511455979680486	0.871499607443163	4.540816326530613
dip 30m<-3%	60	4	4	3	391	232	-0.516896609352109	0.0006378413288659553	0.3437231926183602	4.540816326530613
dip 30m<-3%	60	4	4	5	391	232	-0.516896609352109	1.0173087070267153e-06	0.0543638530076524	4.540816326530613
dip 30m<-3%	eod	-	2	1	490	274	-0.47486409844509403	0.0730253510546582	1.654549844654143	5.568513119533528
dip 30m<-3%	eod	-	2	3	490	274	-0.47486409844509403	9.971654515254034e-05	1.6607622664372752	5.568513119533528
dip 30m<-3%	eod	-	2	5	490	274	-0.47486409844509403	3.1586109488737886e-08	0.5487520778535089	5.568513119533528
dip 30m<-3%	eod	-	4	1	316	183	-0.48858872950996535	0.15455073596626628	1.2276121775351336	3.6370262390670556
dip 30m<-3%	eod	-	4	3	316	183	-0.48858872950996535	0.0007228138287271216	0.5997882820324162	3.6370262390670556
dip 30m<-3%	eod	-	4	5	316	183	-0.48858872950996535	4.768929616883087e-07	0.07349623582460678	3.6370262390670556
dip 30m<-3%	eod	2	2	1	619	380	-0.5998376392909701	0.02163442917519292	0.9745091511084008	7.281341107871721
dip 30m<-3%	eod	2	2	3	619	380	-0.5998376392909701	4.86198068127282e-06	0.589228130242762	7.281341107871721
dip 30m<-3%	eod	2	2	5	619	380	-0.5998376392909701	3.9904143948472433e-10	0.19411025026243828	7.281341107871721
dip 30m<-3%	eod	2	4	1	395	261	-0.5364522667503899	0.10247586822396405	0.813442989165071	4.781341107871721
dip 30m<-3%	eod	2	4	3	395	261	-0.5364522667503899	0.00039249119239883305	0.28604789999024527	4.781341107871721
dip 30m<-3%	eod	2	4	5	395	261	-0.5364522667503899	3.3862100261933416e-07	0.04004841264727702	4.781341107871721
dip 30m<-3%	eod	4	2	1	578	327	-0.5995159148441437	0.02650702939074987	1.241775136847553	6.596209912536444
dip 30m<-3%	eod	4	2	3	578	327	-0.5995159148441437	7.007670607056498e-06	0.9703426363767726	6.596209912536444
dip 30m<-3%	eod	4	2	5	578	327	-0.5995159148441437	5.116150713286686e-10	0.3187843897180877	6.596209912536444
dip 30m<-3%	eod	4	4	1	358	219	-0.5724757656057124	0.10475707263454961	0.8843272381160194	4.205539358600584
dip 30m<-3%	eod	4	4	3	358	219	-0.5724757656057124	0.00032124863678785617	0.2897917955664145	4.205539358600584
dip 30m<-3%	eod	4	4	5	358	219	-0.5724757656057124	1.6070001143306432e-07	0.028403447373475676	4.205539358600584
mom 30m>+3%	15	-	2	1	403	315	-0.5226984811884439	0.11077896042103039	0.47844808911385145	5.233236151603499
mom 30m>+3%	15	-	2	3	403	315	-0.5226984811884439	0.0008453336833536895	0.086864526569983	5.233236151603499
mom 30m>+3%	15	-	2	5	403	315	-0.5226984811884439	3.789257649216255e-06	0.011588441922018515	5.233236151603499
mom 30m>+3%	15	-	4	1	362	302	-0.4847669242095307	0.15841898736046256	0.5175988998283492	4.839650145772596
mom 30m>+3%	15	-	4	3	362	302	-0.4847669242095307	0.002472949263125098	0.11096746531260987	4.839650145772596
mom 30m>+3%	15	-	4	5	362	302	-0.4847669242095307	2.1510514260637217e-05	0.017519099135160004	4.839650145772596
mom 30m>+3%	15	2	2	1	455	349	-0.615614283033572	0.057738617507256236	0.4704858047237251	5.8600583090379015
mom 30m>+3%	15	2	2	3	455	349	-0.615614283033572	0.000141045551832786	0.08217180263217445	5.8600583090379015
mom 30m>+3%	15	2	2	5	455	349	-0.615614283033572	2.2404256045605946e-07	0.010394234059285723	5.8600583090379015
mom 30m>+3%	15	2	4	1	398	331	-0.5403209975505667	0.10977911430229516	0.5357805061072589	5.313411078717202
mom 30m>+3%	15	2	4	3	398	331	-0.5403209975505667	0.0009147123677279526	0.12037367657414345	5.313411078717202
mom 30m>+3%	15	2	4	5	398	331	-0.5403209975505667	4.46331021760722e-06	0.01918386476412606	5.313411078717202
mom 30m>+3%	15	4	2	1	418	318	-0.6045404376350298	0.07594731833829377	0.4575016682654023	5.364431486880467
mom 30m>+3%	15	4	2	3	418	318	-0.6045404376350298	0.0003223981674983622	0.07587380566714681	5.364431486880467
mom 30m>+3%	15	4	2	5	418	318	-0.6045404376350298	9.024401575494349e-07	0.009218562682484334	5.364431486880467
mom 30m>+3%	15	4	4	1	370	306	-0.530843537486059	0.13250202396811084	0.5449553122739217	4.927113702623907
mom 30m>+3%	15	4	4	3	370	306	-0.530843537486059	0.0016351263212778593	0.12899791964505347	4.927113702623907
mom 30m>+3%	15	4	4	5	370	306	-0.530843537486059	1.2237157358888557e-05	0.02237761354157279	4.927113702623907
mom 30m>+3%	60	-	2	1	303	217	-0.5448619154862301	0.17436855377166513	0.6704182859106554	3.7900874635568518
mom 30m>+3%	60	-	2	3	303	217	-0.5448619154862301	0.0032812011294889244	0.21442804449973626	3.7900874635568518
mom 30m>+3%	60	-	2	5	303	217	-0.5448619154862301	3.587459240687836e-05	0.04467648861277523	3.7900874635568518
mom 30m>+3%	60	-	4	1	272	195	-0.7153090536531057	0.12876591960408076	0.6681810581254227	3.403790087463557
mom 30m>+3%	60	-	4	3	272	195	-0.7153090536531057	0.0011656387204095006	0.20117599722126875	3.403790087463557
mom 30m>+3%	60	-	4	5	272	195	-0.7153090536531057	4.67323624804087e-06	0.03530204316034605	3.403790087463557
mom 30m>+3%	60	2	2	1	413	304	-0.6179496359901521	0.07294753997409467	0.5016135860094049	5.22594752186589
mom 30m>+3%	60	2	2	3	413	304	-0.6179496359901521	0.00025956430635748555	0.09280445643955142	5.22594752186589
mom 30m>+3%	60	2	2	5	413	304	-0.6179496359901521	5.300651489719746e-07	0.011313487102086477	5.22594752186589
mom 30m>+3%	60	2	4	1	343	265	-0.6760783000200397	0.08946877045388783	0.6817492164601999	4.431486880466473
mom 30m>+3%	60	2	4	3	343	265	-0.6760783000200397	0.00039285246234724996	0.21340999738401914	4.431486880466473
mom 30m>+3%	60	2	4	5	343	265	-0.6760783000200397	7.130653908331217e-07	0.03789438813752833	4.431486880466473
mom 30m>+3%	60	4	2	1	358	251	-0.6116525961290322	0.10430461035342069	0.5448479697833438	4.438775510204082
mom 30m>+3%	60	4	2	3	358	251	-0.6116525961290322	0.000742969631033124	0.11392908257560858	4.438775510204082
mom 30m>+3%	60	4	2	5	358	251	-0.6116525961290322	2.999625426270299e-06	0.01507087845758819	4.438775510204082
mom 30m>+3%	60	4	4	1	298	214	-0.6767734837645212	0.12064813994213563	0.6763870987829159	3.731778425655977
mom 30m>+3%	60	4	4	3	298	214	-0.6767734837645212	0.0009555326016261363	0.20436893241775433	3.731778425655977
mom 30m>+3%	60	4	4	5	298	214	-0.6767734837645212	3.1670379450360686e-06	0.03470670426660486	3.731778425655977
mom 30m>+3%	eod	-	2	1	277	191	-0.5919904438884674	0.16455601437973408	0.6785674458744305	3.4110787172011663
mom 30m>+3%	eod	-	2	3	277	191	-0.5919904438884674	0.002127062729212684	0.185541449691349	3.4110787172011663
mom 30m>+3%	eod	-	2	5	277	191	-0.5919904438884674	1.287915180836076e-05	0.027420242988293143	3.4110787172011663
mom 30m>+3%	eod	-	4	1	230	154	-0.5953207964365015	0.2056831943467134	0.9494864052989539	2.798833819241983
mom 30m>+3%	eod	-	4	3	230	154	-0.5953207964365015	0.0031546577022990995	0.44258929129936025	2.798833819241983
mom 30m>+3%	eod	-	4	5	230	154	-0.5953207964365015	1.5032340585700487e-05	0.0878892813132781	2.798833819241983
mom 30m>+3%	eod	2	2	1	412	304	-0.6312948501861813	0.06865165934119387	0.4112070486591706	5.21865889212828
mom 30m>+3%	eod	2	2	3	412	304	-0.6312948501861813	0.00020139229959131028	0.049043038013741595	5.21865889212828
mom 30m>+3%	eod	2	2	5	412	304	-0.6312948501861813	3.077870029419935e-07	0.003641252113376758	5.21865889212828
mom 30m>+3%	eod	2	4	1	336	258	-0.6715176853566288	0.09215290338715014	0.5476436471671944	4.329446064139942
mom 30m>+3%	eod	2	4	3	336	258	-0.6715176853566288	0.0003474523827957572	0.09443678118448531	4.329446064139942
mom 30m>+3%	eod	2	4	5	336	258	-0.6715176853566288	3.941879074160471e-07	0.007263483065275218	4.329446064139942
mom 30m>+3%	eod	4	2	1	353	247	-0.6251422866446276	0.0999514779303651	0.4800811708388183	4.373177842565598
mom 30m>+3%	eod	4	2	3	353	247	-0.6251422866446276	0.0005643318119255474	0.06962133878827229	4.373177842565598
mom 30m>+3%	eod	4	2	5	353	247	-0.6251422866446276	1.5013094613314542e-06	0.00555514528912033	4.373177842565598
mom 30m>+3%	eod	4	4	1	282	198	-0.6100273264738937	0.15499866461398565	0.7005402755856477	3.4985422740524785
mom 30m>+3%	eod	4	4	3	282	198	-0.6100273264738937	0.0015322079806556479	0.17565089632150988	3.4985422740524785
mom 30m>+3%	eod	4	4	5	282	198	-0.6100273264738937	4.293290192560141e-06	0.017347939659028075	3.4985422740524785
dip 30m<-5%	15	-	2	1	165	135	-0.500134284817445	0.41821836750458913	0.8198483255617784	2.186588921282799
dip 30m<-5%	15	-	2	3	165	135	-0.500134284817445	0.05612400767024494	0.4548516264791531	2.186588921282799
dip 30m<-5%	15	-	2	5	165	135	-0.500134284817445	0.005401376231741611	0.1969824255419772	2.186588921282799
dip 30m<-5%	15	-	4	1	117	107	-0.27435755968628267	0.6913429305647801	0.9846812584889053	1.6326530612244898
dip 30m<-5%	15	-	4	3	117	107	-0.27435755968628267	0.24983325782552002	0.7729734311460598	1.6326530612244898
dip 30m<-5%	15	-	4	5	117	107	-0.27435755968628267	0.0625701836792568	0.4569971351695455	1.6326530612244898
dip 30m<-5%	15	2	2	1	178	152	-0.6878623407471319	0.285513531156566	0.8139415374930471	2.405247813411079
dip 30m<-5%	15	2	2	3	178	152	-0.6878623407471319	0.019484114803275335	0.4603889120538021	2.405247813411079
dip 30m<-5%	15	2	2	5	178	152	-0.6878623407471319	0.0010400752603726905	0.21026844496202937	2.405247813411079
dip 30m<-5%	15	2	4	1	123	120	-0.47438706802893316	0.541591117605131	0.9121806931804554	1.771137026239067
dip 30m<-5%	15	2	4	3	123	120	-0.47438706802893316	0.13177503410530605	0.6350017350190683	1.771137026239067
dip 30m<-5%	15	2	4	5	123	120	-0.47438706802893316	0.024427316541204284	0.3429163379372104	1.771137026239067
dip 30m<-5%	15	4	2	1	167	137	-0.5916893486552789	0.35944810897796875	0.8240037540839351	2.2157434402332363
dip 30m<-5%	15	4	2	3	167	137	-0.5916893486552789	0.03766024543626058	0.46463616671925423	2.2157434402332363
dip 30m<-5%	15	4	2	5	167	137	-0.5916893486552789	0.00298196245959099	0.2054145128911437	2.2157434402332363
dip 30m<-5%	15	4	4	1	119	109	-0.43642883040138447	0.5737584456059956	0.9060507164517232	1.6618075801749272
dip 30m<-5%	15	4	4	3	119	109	-0.43642883040138447	0.1511238691143318	0.6074325508461692	1.6618075801749272
dip 30m<-5%	15	4	4	5	119	109	-0.43642883040138447	0.02903536200401654	0.30844331633477906	1.6618075801749272
dip 30m<-5%	60	-	2	1	155	128	-0.5828809541379303	0.38409031585726766	0.9682242689950389	2.0626822157434406
dip 30m<-5%	60	-	2	3	155	128	-0.5828809541379303	0.04183462893788308	0.6330675437653567	2.0626822157434406
dip 30m<-5%	60	-	2	5	155	128	-0.5828809541379303	0.0031198397632184764	0.27162482230892643	2.0626822157434406
dip 30m<-5%	60	-	4	1	99	94	-0.45773006659912296	0.5990812315392119	0.7747702560870717	1.4067055393586008
dip 30m<-5%	60	-	4	3	99	94	-0.45773006659912296	0.1510053424585601	0.2965034421006608	1.4067055393586008
dip 30m<-5%	60	-	4	5	99	94	-0.45773006659912296	0.023509677594665632	0.06394492916120569	1.4067055393586008
dip 30m<-5%	60	2	2	1	177	150	-0.6853269635439212	0.287147870711621	0.8843720282041457	2.383381924198251
dip 30m<-5%	60	2	2	3	177	150	-0.6853269635439212	0.019156028879252936	0.5804643867531576	2.383381924198251
dip 30m<-5%	60	2	2	5	177	150	-0.6853269635439212	0.0009545884855262201	0.3007312937785045	2.383381924198251
dip 30m<-5%	60	2	4	1	110	110	-0.4548810884649505	0.5801812362610247	0.7553655704616741	1.6034985422740526
dip 30m<-5%	60	2	4	3	110	110	-0.4548810884649505	0.14778723828949578	0.33400708773658105	1.6034985422740526
dip 30m<-5%	60	2	4	5	110	110	-0.4548810884649505	0.02496113731261044	0.10173366308069659	1.6034985422740526
dip 30m<-5%	60	4	2	1	164	132	-0.6772989588680919	0.3154753249918818	0.8346743850426018	2.1574344023323615
dip 30m<-5%	60	4	2	3	164	132	-0.6772989588680919	0.02432691354062546	0.4533951520038845	2.1574344023323615
dip 30m<-5%	60	4	2	5	164	132	-0.6772989588680919	0.0013373250114301965	0.1788175640271931	2.1574344023323615
dip 30m<-5%	60	4	4	1	104	98	-0.5075987882241433	0.5586696260848891	0.6135865986850342	1.4723032069970847
dip 30m<-5%	60	4	4	3	104	98	-0.5075987882241433	0.1247226613594558	0.16682291958088769	1.4723032069970847
dip 30m<-5%	60	4	4	5	104	98	-0.5075987882241433	0.017288841707447267	0.028656461413814765	1.4723032069970847
dip 30m<-5%	eod	-	2	1	139	124	-0.32426184062559393	0.5392568530235989	1.524652252554441	1.9169096209912537
dip 30m<-5%	eod	-	2	3	139	124	-0.32426184062559393	0.07994664673162526	1.8638141175471095	1.9169096209912537
dip 30m<-5%	eod	-	2	5	139	124	-0.32426184062559393	0.0064543412062946556	1.1520257579467954	1.9169096209912537
dip 30m<-5%	eod	-	4	1	88	88	-0.27405246492945934	0.6562270501250692	1.141778457869277	1.282798833819242
dip 30m<-5%	eod	-	4	3	88	88	-0.27405246492945934	0.13052909531683057	0.6832785589220688	1.282798833819242
dip 30m<-5%	eod	-	4	5	88	88	-0.27405246492945934	0.01181955870728599	0.1649202878002669	1.282798833819242
dip 30m<-5%	eod	2	2	1	177	150	-0.712353473618932	0.27362816062428236	0.8975887358746643	2.383381924198251
dip 30m<-5%	eod	2	2	3	177	150	-0.712353473618932	0.016535199640953097	0.6043215510874387	2.383381924198251
dip 30m<-5%	eod	2	2	5	177	150	-0.712353473618932	0.0007437829255187744	0.31934685091323206	2.383381924198251
dip 30m<-5%	eod	2	4	1	110	110	-0.4876601862723349	0.5575143454299902	0.7537394678198194	1.6034985422740526
dip 30m<-5%	eod	2	4	3	110	110	-0.4876601862723349	0.12798623477959323	0.3231076818964291	1.6034985422740526
dip 30m<-5%	eod	2	4	5	110	110	-0.4876601862723349	0.01878206487463551	0.09164810820348093	1.6034985422740526
dip 30m<-5%	eod	4	2	1	164	132	-0.7313374213230258	0.2867947143519348	0.8672793140064794	2.1574344023323615
dip 30m<-5%	eod	4	2	3	164	132	-0.7313374213230258	0.01759021069708665	0.4916105545914782	2.1574344023323615
dip 30m<-5%	eod	4	2	5	164	132	-0.7313374213230258	0.0007332218583812589	0.19405819045742725	2.1574344023323615
dip 30m<-5%	eod	4	4	1	104	96	-0.5915945236046617	0.5041928418053123	0.6094121336976377	1.457725947521866
dip 30m<-5%	eod	4	4	3	104	96	-0.5915945236046617	0.08360249108440415	0.1482800751641804	1.457725947521866
dip 30m<-5%	eod	4	4	5	104	96	-0.5915945236046617	0.007576403150930621	0.01991251755649219	1.457725947521866
mom 30m>+5%	15	-	2	1	116	96	-0.7371734168718138	0.40405610320806956	0.7426175607020631	1.545189504373178
mom 30m>+5%	15	-	2	3	116	96	-0.7371734168718138	0.05105654175560088	0.36927680369753707	1.545189504373178
mom 30m>+5%	15	-	2	5	116	96	-0.7371734168718138	0.0048617467786548985	0.16029469615827105	1.545189504373178
mom 30m>+5%	15	-	4	1	87	91	-0.6718984074531826	0.5302484686723274	0.7464221582438092	1.2973760932944607
mom 30m>+5%	15	-	4	3	87	91	-0.6718984074531826	0.11338804328368364	0.36805731670226827	1.2973760932944607
mom 30m>+5%	15	-	4	5	87	91	-0.6718984074531826	0.01726191069794388	0.15283178581223936	1.2973760932944607
mom 30m>+5%	15	2	2	1	140	107	-0.9634085362260171	0.2534858114206801	0.6564248686398598	1.8002915451895045
mom 30m>+5%	15	2	2	3	140	107	-0.9634085362260171	0.014080844977141996	0.25722592446037157	1.8002915451895045
mom 30m>+5%	15	2	2	5	140	107	-0.9634085362260171	0.0006384626733554928	0.08852732576993845	1.8002915451895045
mom 30m>+5%	15	2	4	1	107	98	-0.8033864986948103	0.4106041291766597	0.7044065177916838	1.4941690962099126
mom 30m>+5%	15	2	4	3	107	98	-0.8033864986948103	0.05705853756375619	0.3097553374397657	1.4941690962099126
mom 30m>+5%	15	2	4	5	107	98	-0.8033864986948103	0.005961585014090436	0.11446141065902583	1.4941690962099126
mom 30m>+5%	15	4	2	1	126	99	-0.8921924021104982	0.31596793729657136	0.7496223469501625	1.6399416909620992
mom 30m>+5%	15	4	2	3	126	99	-0.8921924021104982	0.0266713416184627	0.3807038850709312	1.6399416909620992
mom 30m>+5%	15	4	2	5	126	99	-0.8921924021104982	0.0017960586820846098	0.16906770096318638	1.6399416909620992
mom 30m>+5%	15	4	4	1	94	92	-0.8757452829068018	0.42455566964723557	0.7172743091850814	1.3556851311953353
mom 30m>+5%	15	4	4	3	94	92	-0.8757452829068018	0.06215286618870267	0.3250257806012149	1.3556851311953353
mom 30m>+5%	15	4	4	5	94	92	-0.8757452829068018	0.006753481324837821	0.12307134335826493	1.3556851311953353
mom 30m>+5%	60	-	2	1	93	72	-1.0579082562795765	0.3607498800890737	0.7658433258856681	1.2026239067055395
mom 30m>+5%	60	-	2	3	93	72	-1.0579082562795765	0.03885459188926951	0.39651703194207827	1.2026239067055395
mom 30m>+5%	60	-	2	5	93	72	-1.0579082562795765	0.0033514383418584096	0.17532333908615577	1.2026239067055395
mom 30m>+5%	60	-	4	1	67	63	-1.0442329808914776	0.47159789797047297	0.9264587184715546	0.9475218658892129
mom 30m>+5%	60	-	4	3	67	63	-1.0442329808914776	0.07894444094054315	0.6696549557562226	0.9475218658892129
mom 30m>+5%	60	-	4	5	67	63	-1.0442329808914776	0.00922933003509994	0.3824018448646456	0.9475218658892129
mom 30m>+5%	60	2	2	1	139	104	-0.9647308981430998	0.2546799164707805	0.6863234584625779	1.771137026239067
mom 30m>+5%	60	2	2	3	139	104	-0.9647308981430998	0.014016561254425979	0.2868011791875454	1.771137026239067
mom 30m>+5%	60	2	2	5	139	104	-0.9647308981430998	0.0006139733234525296	0.10181861839031285	1.771137026239067
mom 30m>+5%	60	2	4	1	101	91	-0.8001650635714515	0.42833044836188916	0.8168272690004356	1.3994169096209914
mom 30m>+5%	60	2	4	3	101	91	-0.8001650635714515	0.06107373367538704	0.451074576990741	1.3994169096209914
mom 30m>+5%	60	2	4	5	101	91	-0.8001650635714515	0.005993967576163362	0.18904780813511615	1.3994169096209914
mom 30m>+5%	60	4	2	1	121	85	-0.9598029510138453	0.3036950997798446	0.7976243743063176	1.501457725947522
mom 30m>+5%	60	4	2	3	121	85	-0.9598029510138453	0.02335139826632219	0.44132081986420385	1.501457725947522
mom 30m>+5%	60	4	2	5	121	85	-0.9598029510138453	0.0014066429178515064	0.2036327502752033	1.501457725947522
mom 30m>+5%	60	4	4	1	85	73	-0.9407748055776692	0.4297619776184232	0.9365594031022298	1.151603498542274
mom 30m>+5%	60	4	4	3	85	73	-0.9407748055776692	0.06006733917908888	0.6787940018825214	1.151603498542274
mom 30m>+5%	60	4	4	5	85	73	-0.9407748055776692	0.005625489123531713	0.37725703233302343	1.151603498542274
mom 30m>+5%	eod	-	2	1	86	69	-1.208516347730138	0.33831508507579766	0.9409228133757225	1.1297376093294462
mom 30m>+5%	eod	-	2	3	86	69	-1.208516347730138	0.03096811009647162	0.6673676522824293	1.1297376093294462
mom 30m>+5%	eod	-	2	5	86	69	-1.208516347730138	0.0022119299679958775	0.36603031776125594	1.1297376093294462
mom 30m>+5%	eod	-	4	1	62	57	-1.1430442392349351	0.4585542180925716	1.4156975290830396	0.8673469387755103
mom 30m>+5%	eod	-	4	3	62	57	-1.1430442392349351	0.06660840988387397	2.1214820656146487	0.8673469387755103
mom 30m>+5%	eod	-	4	5	62	57	-1.1430442392349351	0.006182579942379613	2.2060909718052946	0.8673469387755103
mom 30m>+5%	eod	2	2	1	139	104	-0.9893137059050927	0.24584627850917007	0.6842033125981686	1.771137026239067
mom 30m>+5%	eod	2	2	3	139	104	-0.9893137059050927	0.012522131978148738	0.2823482544278307	1.771137026239067
mom 30m>+5%	eod	2	2	5	139	104	-0.9893137059050927	0.0005029458041709451	0.09814445941414641	1.771137026239067
mom 30m>+5%	eod	2	4	1	101	91	-0.7125218714025607	0.46500228419605943	0.8904643400774539	1.3994169096209914
mom 30m>+5%	eod	2	4	3	101	91	-0.7125218714025607	0.07504924773745399	0.5694451467640985	1.3994169096209914
mom 30m>+5%	eod	2	4	5	101	91	-0.7125218714025607	0.007852728253528615	0.26624129028584137	1.3994169096209914
mom 30m>+5%	eod	4	2	1	121	85	-1.055957095523579	0.2694604010437625	0.885182722535919	1.501457725947522
mom 30m>+5%	eod	4	2	3	121	85	-1.055957095523579	0.01600403628802731	0.5817998751443915	1.501457725947522
mom 30m>+5%	eod	4	2	5	121	85	-1.055957095523579	0.000726634491126376	0.3053064683615017	1.501457725947522
mom 30m>+5%	eod	4	4	1	85	73	-0.8811389207320606	0.4457059580009431	1.320040355726468	1.151603498542274
mom 30m>+5%	eod	4	4	3	85	73	-0.8811389207320606	0.06147822795766565	1.7429316200164398	1.151603498542274
mom 30m>+5%	eod	4	4	5	85	73	-0.8811389207320606	0.005046586470450796	1.5790740677787967	1.151603498542274
dip 60m<-1%	15	-	2	1	3194	1305	-0.46253051986294175	3.133664828568574e-07	0.12930922634174455	32.791545189504376
dip 60m<-1%	15	-	2	3	3194	1305	-0.46253051986294175	8.993346801426172e-21	0.0011948244505356127	32.791545189504376
dip 60m<-1%	15	-	2	5	3194	1305	-0.46253051986294175	4.792206719897537e-35	5.0098616814778845e-06	32.791545189504376
dip 60m<-1%	15	-	4	1	2972	1239	-0.4336769781695816	2.06109191358822e-06	0.11237715002026658	30.69241982507289
dip 60m<-1%	15	-	4	3	2972	1239	-0.4336769781695816	2.4868145941528366e-18	0.000767063459546403	30.69241982507289
dip 60m<-1%	15	-	4	5	2972	1239	-0.4336769781695816	5.050528484200195e-31	2.2507917213265105e-06	30.69241982507289
dip 60m<-1%	15	2	2	1	3223	1357	-0.46855317933216856	2.2853733248433923e-07	0.1364852104428799	33.38192419825073
dip 60m<-1%	15	2	2	3	3223	1357	-0.46855317933216856	3.713704732987959e-21	0.001419293557507114	33.38192419825073
dip 60m<-1%	15	2	2	5	3223	1357	-0.46855317933216856	1.190707456600595e-35	6.700250041194754e-06	33.38192419825073
dip 60m<-1%	15	2	4	1	2986	1274	-0.4429493698364706	1.4834073004292215e-06	0.10393996871665344	31.049562682215747
dip 60m<-1%	15	2	4	3	2986	1274	-0.4429493698364706	9.695471249396323e-19	0.000604267336662191	31.049562682215747
dip 60m<-1%	15	2	4	5	2986	1274	-0.4429493698364706	1.11660982372676e-31	1.4787486898759033e-06	31.049562682215747
dip 60m<-1%	15	4	2	1	3197	1311	-0.4644630477505191	2.923497360137049e-07	0.13745043857631375	32.85714285714286
dip 60m<-1%	15	4	2	3	3197	1311	-0.4644630477505191	7.526264935241484e-21	0.001426022337462698	32.85714285714286
dip 60m<-1%	15	4	2	5	3197	1311	-0.4644630477505191	3.7014766875636425e-35	6.642517911086502e-06	32.85714285714286
dip 60m<-1%	15	4	4	1	2973	1241	-0.4312315587632347	2.2124275360889543e-06	0.12431398077804709	30.714285714285715
dip 60m<-1%	15	4	4	3	2973	1241	-0.4312315587632347	3.1159479158256327e-18	0.0010323775712754747	30.714285714285715
dip 60m<-1%	15	4	4	5	2973	1241	-0.4312315587632347	7.49407921875176e-31	3.652331292858725e-06	30.714285714285715
dip 60m<-1%	60	-	2	1	1617	644	-0.5023960218052284	0.00023559147764182838	0.6018353199587517	16.479591836734695
dip 60m<-1%	60	-	2	3	1617	644	-0.5023960218052284	3.323366051100774e-12	0.10152956171504464	16.479591836734695
dip 60m<-1%	60	-	2	5	1617	644	-0.5023960218052284	7.510297791872449e-21	0.006540869104429091	16.479591836734695
dip 60m<-1%	60	-	4	1	1274	526	-0.49497341639161246	0.0014548694334464375	0.6484525908772114	13.119533527696793
dip 60m<-1%	60	-	4	3	1274	526	-0.49497341639161246	7.550648926808371e-10	0.12406890707306784	13.119533527696793
dip 60m<-1%	60	-	4	5	1274	526	-0.49497341639161246	5.264494320441247e-17	0.008297536209210145	13.119533527696793
dip 60m<-1%	60	2	2	1	1745	787	-0.5400328467234503	6.545151808320375e-05	0.5048296651813696	18.454810495626823
dip 60m<-1%	60	2	2	3	1745	787	-0.5400328467234503	7.72123119917342e-14	0.06552814753070539	18.454810495626823
dip 60m<-1%	60	2	2	5	1745	787	-0.5400328467234503	1.5280202083397076e-23	0.003419865576043503	18.454810495626823
dip 60m<-1%	60	2	4	1	1328	595	-0.5154451787104509	0.0008557631417157267	0.6120455940115112	14.016034985422742
dip 60m<-1%	60	2	4	3	1328	595	-0.5154451787104509	1.5811592053871098e-10	0.1160584269638682	14.016034985422742
dip 60m<-1%	60	2	4	5	1328	595	-0.5154451787104509	3.903056208218709e-18	0.00832298206263636	14.016034985422742
dip 60m<-1%	60	4	2	1	1645	682	-0.5028414644178616	0.000204076020412655	0.5989820923764048	16.96064139941691
dip 60m<-1%	60	4	2	3	1645	682	-0.5028414644178616	2.182332833905864e-12	0.10171135453029304	16.96064139941691
dip 60m<-1%	60	4	2	5	1645	682	-0.5028414644178616	3.694625214825115e-21	0.006502874075549288	16.96064139941691
dip 60m<-1%	60	4	4	1	1285	538	-0.48128458900543347	0.0016361571328497302	0.6263149782933839	13.28717201166181
dip 60m<-1%	60	4	4	3	1285	538	-0.48128458900543347	1.0412751862121243e-09	0.1199664714128928	13.28717201166181
dip 60m<-1%	60	4	4	5	1285	538	-0.48128458900543347	8.442834943067863e-17	0.008494699744273335	13.28717201166181
dip 60m<-1%	eod	-	2	1	1081	393	-0.49569428898257284	0.0031914785848333924	1.0589925959032516	10.743440233236152
dip 60m<-1%	eod	-	2	3	1081	393	-0.49569428898257284	4.598185835775073e-09	0.4346079632129746	10.743440233236152
dip 60m<-1%	eod	-	2	5	1081	393	-0.49569428898257284	6.898114303582143e-16	0.05517758270502337	10.743440233236152
dip 60m<-1%	eod	-	4	1	648	247	-0.46861910312760974	0.032527491509295604	1.2932618890974497	6.523323615160351
dip 60m<-1%	eod	-	4	3	648	247	-0.46861910312760974	4.403300030824167e-06	0.785906395333107	6.523323615160351
dip 60m<-1%	eod	-	4	5	648	247	-0.46861910312760974	4.453351354252409e-11	0.13347505336949167	6.523323615160351
dip 60m<-1%	eod	2	2	1	1467	697	-0.5644932439977175	0.0001981150836133927	0.6819326003889276	15.77259475218659
dip 60m<-1%	eod	2	2	3	1467	697	-0.5644932439977175	1.7397043037586437e-12	0.14953724669207816	15.77259475218659
dip 60m<-1%	eod	2	2	5	1467	697	-0.5644932439977175	1.947067275084238e-21	0.011909600046883323	15.77259475218659
dip 60m<-1%	eod	2	4	1	852	429	-0.5557869251795385	0.006743207410566095	0.9481734524073269	9.336734693877553
dip 60m<-1%	eod	2	4	3	852	429	-0.5557869251795385	5.7649017753850486e-08	0.3807865513136878	9.336734693877553
dip 60m<-1%	eod	2	4	5	852	429	-0.5557869251795385	4.1905264607277244e-14	0.047682848226870654	9.336734693877553
dip 60m<-1%	eod	4	2	1	1226	514	-0.5341965286213342	0.001078663893879169	0.7925457481864678	12.682215743440235
dip 60m<-1%	eod	4	2	3	1226	514	-0.5341965286213342	2.3362225787122076e-10	0.20271731901093584	12.682215743440235
dip 60m<-1%	eod	4	2	5	1226	514	-0.5341965286213342	5.450435900856427e-18	0.016353222189163685	12.682215743440235
dip 60m<-1%	eod	4	4	1	724	311	-0.5021403118457215	0.019605748355695573	0.9295653403738053	7.543731778425657
dip 60m<-1%	eod	4	4	3	724	311	-0.5021403118457215	1.2079893581998846e-06	0.3279386510404026	7.543731778425657
dip 60m<-1%	eod	4	4	5	724	311	-0.5021403118457215	5.499050480611596e-12	0.033551754176922084	7.543731778425657
mom 60m>+1%	15	-	2	1	3219	1405	-0.3992152845526308	2.2005036155717227e-06	0.16001120009453557	33.70262390670554
mom 60m>+1%	15	-	2	3	3219	1405	-0.3992152845526308	3.863139224889586e-18	0.0026361093727197676	33.70262390670554
mom 60m>+1%	15	-	2	5	3219	1405	-0.3992152845526308	1.8196970354735907e-30	2.4106836899486475e-05	33.70262390670554
mom 60m>+1%	15	-	4	1	3129	1374	-0.38458478068442514	4.991722406339077e-06	0.17958305900892013	32.82069970845481
mom 60m>+1%	15	-	4	3	3129	1374	-0.38458478068442514	4.506487504736697e-17	0.003745232214198929	32.82069970845481
mom 60m>+1%	15	-	4	5	3129	1374	-0.38458478068442514	1.0566705949043305e-28	4.330296932492338e-05	32.82069970845481
mom 60m>+1%	15	2	2	1	3276	1448	-0.41380120362210243	1.121359373427729e-06	0.12923161438026373	34.43148688046647
mom 60m>+1%	15	2	2	3	3276	1448	-0.41380120362210243	5.807472224695805e-19	0.001400362539883756	34.43148688046647
mom 60m>+1%	15	2	2	5	3276	1448	-0.41380120362210243	8.816989863177251e-32	8.446738922611922e-06	34.43148688046647
mom 60m>+1%	15	2	4	1	3165	1414	-0.39493904942387886	3.2142146494629545e-06	0.13897357518305303	33.37463556851312
mom 60m>+1%	15	2	4	3	3165	1414	-0.39493904942387886	1.3258660669614971e-17	0.001736990649967385	33.37463556851312
mom 60m>+1%	15	2	4	5	3165	1414	-0.39493904942387886	1.490923953522409e-29	1.190711558690504e-05	33.37463556851312
mom 60m>+1%	15	4	2	1	3225	1412	-0.4026374220547896	1.984545300037542e-06	0.14759200593230468	33.79737609329446
mom 60m>+1%	15	4	2	3	3225	1412	-0.4026374220547896	3.233737744505203e-18	0.0020376000634537757	33.79737609329446
mom 60m>+1%	15	4	2	5	3225	1412	-0.4026374220547896	1.5724469179813029e-30	1.5305101334024383e-05	33.79737609329446
mom 60m>+1%	15	4	4	1	3139	1379	-0.3904204133001318	4.114179151747269e-06	0.16680415154723077	32.930029154518955
mom 60m>+1%	15	4	4	3	3139	1379	-0.3904204133001318	2.835963111209531e-17	0.002983920157705589	32.930029154518955
mom 60m>+1%	15	4	4	5	3139	1379	-0.3904204133001318	5.541424071524597e-29	2.935555205228278e-05	32.930029154518955
mom 60m>+1%	60	-	2	1	1462	621	-0.38952193359266557	0.002828464368201044	0.47540739709904034	15.182215743440235
mom 60m>+1%	60	-	2	3	1462	621	-0.38952193359266557	8.23804755699091e-09	0.06044576393062483	15.182215743440235
mom 60m>+1%	60	-	2	5	1462	621	-0.38952193359266557	6.408978990316724e-15	0.0036631628371467466	15.182215743440235
mom 60m>+1%	60	-	4	1	1345	568	-0.3690404035504368	0.0056427420203902755	0.5876241198133706	13.943148688046648
mom 60m>+1%	60	-	4	3	1345	568	-0.3690404035504368	5.149371249266773e-08	0.10872667654901706	13.943148688046648
mom 60m>+1%	60	-	4	5	1345	568	-0.3690404035504368	8.728608505177426e-14	0.008695933854218185	13.943148688046648
mom 60m>+1%	60	2	2	1	1618	743	-0.40913482931268863	0.0011346929153654005	0.3140782686081548	17.208454810495628
mom 60m>+1%	60	2	2	3	1618	743	-0.40913482931268863	5.449283162860153e-10	0.018143867216574194	17.208454810495628
mom 60m>+1%	60	2	2	5	1618	743	-0.40913482931268863	6.730521926193216e-17	0.0005078010649496048	17.208454810495628
mom 60m>+1%	60	2	4	1	1429	646	-0.39215766441735933	0.003064211503348277	0.384506196634372	15.12390670553936
mom 60m>+1%	60	2	4	3	1429	646	-0.39215766441735933	9.08294408805635e-09	0.03150655121280215	15.12390670553936
mom 60m>+1%	60	2	4	5	1429	646	-0.39215766441735933	5.08380071599858e-15	0.0011154735538154135	15.12390670553936
mom 60m>+1%	60	4	2	1	1505	654	-0.40908513179346145	0.0018048132787469038	0.3867105140955564	15.736151603498543
mom 60m>+1%	60	4	2	3	1505	654	-0.40908513179346145	2.2291187912111873e-09	0.03187876374722044	15.736151603498543
mom 60m>+1%	60	4	2	5	1505	654	-0.40908513179346145	7.387275654595564e-16	0.0012061692154216757	15.736151603498543
mom 60m>+1%	60	4	4	1	1363	583	-0.39282379969870557	0.003924578088853458	0.538087716229295	14.183673469387756
mom 60m>+1%	60	4	4	3	1363	583	-0.39282379969870557	1.902866345468548e-08	0.08404760002656975	14.183673469387756
mom 60m>+1%	60	4	4	5	1363	583	-0.39282379969870557	1.7751172562344385e-14	0.0056549426447736586	14.183673469387756
mom 60m>+1%	eod	-	2	1	785	306	-0.3633248087329692	0.04393994001742227	0.9036835161998774	7.9518950437317795
mom 60m>+1%	eod	-	2	3	785	306	-0.3633248087329692	2.220434208599642e-05	0.3981725677450454	7.9518950437317795
mom 60m>+1%	eod	-	2	5	785	306	-0.3633248087329692	2.4568798802956875e-09	0.08253281777537587	7.9518950437317795
mom 60m>+1%	eod	-	4	1	576	220	-0.29536846799897354	0.13507965482493992	1.1474462169883224	5.801749271137027
mom 60m>+1%	eod	-	4	3	576	220	-0.29536846799897354	0.0005121689979776372	0.7361089474746534	5.801749271137027
mom 60m>+1%	eod	-	4	5	576	220	-0.29536846799897354	2.762764703880744e-07	0.18520381119259263	5.801749271137027
mom 60m>+1%	eod	2	2	1	1232	588	-0.43569982692831094	0.0038320308038116216	0.44775389936964094	13.265306122448981
mom 60m>+1%	eod	2	2	3	1232	588	-0.43569982692831094	1.7031856510025504e-08	0.049167522456372854	13.265306122448981
mom 60m>+1%	eod	2	2	5	1232	588	-0.43569982692831094	1.4732287488929065e-14	0.0023930278832880693	13.265306122448981
mom 60m>+1%	eod	2	4	1	883	412	-0.3979669268034228	0.02335522393911407	0.5878909626276305	9.438775510204083
mom 60m>+1%	eod	2	4	3	883	412	-0.3979669268034228	2.758542585657876e-06	0.09789899605774349	9.438775510204083
mom 60m>+1%	eod	2	4	5	883	412	-0.3979669268034228	3.4791419420944584e-11	0.005666663596056208	9.438775510204083
mom 60m>+1%	eod	4	2	1	931	421	-0.42897520087817104	0.015105862035014302	0.5306112238285936	9.854227405247814
mom 60m>+1%	eod	4	2	3	931	421	-0.42897520087817104	1.0572007227378704e-06	0.07703791556293155	9.854227405247814
mom 60m>+1%	eod	4	2	5	931	421	-0.42897520087817104	1.547800553939369e-11	0.004759339737382565	9.854227405247814
mom 60m>+1%	eod	4	4	1	671	287	-0.3741458340902944	0.06374908916097859	0.9896640438810462	6.982507288629738
mom 60m>+1%	eod	4	4	3	671	287	-0.3741458340902944	5.832885323864633e-05	0.46619652279819523	6.982507288629738
mom 60m>+1%	eod	4	4	5	671	287	-0.3741458340902944	6.47920778192939e-09	0.08027934288539969	6.982507288629738
dip 60m<-2%	15	-	2	1	1646	719	-0.5164454892504624	0.00017641783049249493	0.519041577456406	17.237609329446066
dip 60m<-2%	15	-	2	3	1646	719	-0.5164454892504624	2.3279692238596812e-12	0.08636927011014091	17.237609329446066
dip 60m<-2%	15	-	2	5	1646	719	-0.5164454892504624	9.54931491248371e-21	0.007635352382412478	17.237609329446066
dip 60m<-2%	15	-	4	1	1465	664	-0.48310164073654605	0.0007317969409584578	0.47268595557680776	15.517492711370263
dip 60m<-2%	15	-	4	3	1465	664	-0.48310164073654605	1.6184420553187977e-10	0.06431207739811891	15.517492711370263
dip 60m<-2%	15	-	4	5	1465	664	-0.48310164073654605	1.0163018927081228e-17	0.004457848216630787	15.517492711370263
dip 60m<-2%	15	2	2	1	1675	766	-0.5327626047157441	0.00011691504996119448	0.45932837872883286	17.791545189504376
dip 60m<-2%	15	2	2	3	1675	766	-0.5327626047157441	7.17731374163388e-13	0.062102706092514635	17.791545189504376
dip 60m<-2%	15	2	2	5	1675	766	-0.5327626047157441	1.4467481403621417e-21	0.004603000406682116	17.791545189504376
dip 60m<-2%	15	2	4	1	1478	693	-0.48942657809420925	0.0006296846365002801	0.37320158658364894	15.823615160349856
dip 60m<-2%	15	2	4	3	1478	693	-0.48942657809420925	1.0614092938762957e-10	0.032347612725929925	15.823615160349856
dip 60m<-2%	15	2	4	5	1478	693	-0.48942657809420925	5.209332091361468e-18	0.0014407509083299902	15.823615160349856
dip 60m<-2%	15	4	2	1	1649	726	-0.5211424916489282	0.00016179996205618682	0.5043657712595047	17.31049562682216
dip 60m<-2%	15	4	2	3	1649	726	-0.5211424916489282	1.85309907414001e-12	0.07995506920691546	17.31049562682216
dip 60m<-2%	15	4	2	5	1649	726	-0.5211424916489282	6.79695233010598e-21	0.0067742160569586535	17.31049562682216
dip 60m<-2%	15	4	4	1	1467	669	-0.47808583101483443	0.0007809685746275913	0.4525213577764733	15.56851311953353
dip 60m<-2%	15	4	4	3	1467	669	-0.47808583101483443	1.976005151686089e-10	0.055743969384855326	15.56851311953353
dip 60m<-2%	15	4	4	5	1467	669	-0.47808583101483443	1.423107037069911e-17	0.0034213315964615985	15.56851311953353
dip 60m<-2%	60	-	2	1	1006	425	-0.5382339200848678	0.003717641537745476	0.850850365658281	10.430029154518952
dip 60m<-2%	60	-	2	3	1006	425	-0.5382339200848678	1.77684893631732e-08	0.325307450897449	10.430029154518952
dip 60m<-2%	60	-	2	5	1006	425	-0.5382339200848678	2.096825044423038e-14	0.05639014973092245	10.430029154518952
dip 60m<-2%	60	-	4	1	723	325	-0.512688602768201	0.02071765546866384	0.9533518364804823	7.6384839650145775
dip 60m<-2%	60	-	4	3	723	325	-0.512688602768201	3.1171813829083763e-06	0.4444031782266672	7.6384839650145775
dip 60m<-2%	60	-	4	5	723	325	-0.512688602768201	1.0583258850465766e-10	0.08609218054678809	7.6384839650145775
dip 60m<-2%	60	2	2	1	1090	540	-0.5823921329218678	0.0015011930598064157	0.600565119575744	11.880466472303208
dip 60m<-2%	60	2	2	3	1090	540	-0.5823921329218678	1.3234920589035734e-09	0.12823136489385314	11.880466472303208
dip 60m<-2%	60	2	2	5	1090	540	-0.5823921329218678	3.1878699493336166e-16	0.013490590819591159	11.880466472303208
dip 60m<-2%	60	2	4	1	760	388	-0.549551602836085	0.013076403345995384	0.8975896576219397	8.36734693877551
dip 60m<-2%	60	2	4	3	760	388	-0.549551602836085	8.118125907906025e-07	0.4157830734865282	8.36734693877551
dip 60m<-2%	60	2	4	5	760	388	-0.549551602836085	1.1395041381669894e-11	0.08731059443633908	8.36734693877551
dip 60m<-2%	60	4	2	1	1026	458	-0.5483368987627043	0.003047543543151542	0.7677713325175227	10.816326530612246
dip 60m<-2%	60	4	2	3	1026	458	-0.5483368987627043	1.0328505194818212e-08	0.24757927642641375	10.816326530612246
dip 60m<-2%	60	4	2	5	1026	458	-0.5483368987627043	8.971530551029892e-15	0.0364699487855376	10.816326530612246
dip 60m<-2%	60	4	4	1	731	341	-0.5132771608315511	0.019869856858272705	0.8121877868555458	7.813411078717202
dip 60m<-2%	60	4	4	3	731	341	-0.5132771608315511	2.781689159764083e-06	0.2941081746897006	7.813411078717202
dip 60m<-2%	60	4	4	5	731	341	-0.5132771608315511	8.773930611627162e-11	0.04636110036695556	7.813411078717202
dip 60m<-2%	eod	-	2	1	833	326	-0.4937728163727389	0.011547609953026906	1.3306402645944349	8.447521865889213
dip 60m<-2%	eod	-	2	3	833	326	-0.4937728163727389	2.778941021879713e-07	0.9513180480022967	8.447521865889213
dip 60m<-2%	eod	-	2	5	833	326	-0.4937728163727389	9.658622733713022e-13	0.23977144287978658	8.447521865889213
dip 60m<-2%	eod	-	4	1	501	213	-0.4450065087693206	0.07593574812578108	1.647649308782093	5.204081632653062
dip 60m<-2%	eod	-	4	3	501	213	-0.4450065087693206	7.223007059012059e-05	1.7217154016101852	5.204081632653062
dip 60m<-2%	eod	-	4	5	501	213	-0.4450065087693206	7.417774092250984e-09	0.5487267511301284	5.204081632653062
dip 60m<-2%	eod	2	2	1	1046	529	-0.6180011446035727	0.0012942782781419743	0.7251214030730602	11.479591836734695
dip 60m<-2%	eod	2	2	3	1046	529	-0.6180011446035727	6.993543406681544e-10	0.21145331317766528	11.479591836734695
dip 60m<-2%	eod	2	2	5	1046	529	-0.6180011446035727	7.962889602262808e-17	0.027866020599360143	11.479591836734695
dip 60m<-2%	eod	2	4	1	617	337	-0.6072058168572118	0.01918648762743807	1.1500905405790423	6.9533527696793005
dip 60m<-2%	eod	2	4	3	617	337	-0.6072058168572118	1.900933388660959e-06	0.7794904417896309	6.9533527696793005
dip 60m<-2%	eod	2	4	5	617	337	-0.6072058168572118	2.709824903795804e-11	0.20107763512165375	6.9533527696793005
dip 60m<-2%	eod	4	2	1	925	416	-0.5576050675130408	0.004582569854703221	1.0270698887296021	9.774052478134111
dip 60m<-2%	eod	4	2	3	925	416	-0.5576050675130408	2.4902822678472167e-08	0.5091356356250523	9.774052478134111
dip 60m<-2%	eod	4	2	5	925	416	-0.5576050675130408	2.2631847221547252e-14	0.09590470512519536	9.774052478134111
dip 60m<-2%	eod	4	4	1	549	261	-0.5026932975896667	0.04960791552468742	1.251754697708979	5.903790087463557
dip 60m<-2%	eod	4	4	3	549	261	-0.5026932975896667	2.714892627007762e-05	0.8793807164269024	5.903790087463557
dip 60m<-2%	eod	4	4	5	549	261	-0.5026932975896667	1.7579616004133158e-09	0.2046473785131384	5.903790087463557
mom 60m>+2%	15	-	2	1	1407	725	-0.45530080712590837	0.0014677844551588058	0.40994153373345854	15.53935860058309
mom 60m>+2%	15	-	2	3	1407	725	-0.45530080712590837	1.6334341941028837e-09	0.05144376436681542	15.53935860058309
mom 60m>+2%	15	-	2	5	1407	725	-0.45530080712590837	7.920216048659132e-16	0.0043760179772234405	15.53935860058309
mom 60m>+2%	15	-	4	1	1345	702	-0.43483174266718616	0.0025492289158310874	0.47917581799906	14.919825072886299
mom 60m>+2%	15	-	4	3	1345	702	-0.43483174266718616	8.19294913520432e-09	0.08193254225330102	14.919825072886299
mom 60m>+2%	15	-	4	5	1345	702	-0.43483174266718616	1.0539277502675315e-14	0.00939937845090402	14.919825072886299
mom 60m>+2%	15	2	2	1	1465	759	-0.4893818718799485	0.0007016475279289822	0.43379951105272563	16.20991253644315
mom 60m>+2%	15	2	2	3	1465	759	-0.4893818718799485	1.957223954884674e-10	0.0607978509254529	16.20991253644315
mom 60m>+2%	15	2	2	5	1465	759	-0.4893818718799485	2.4831438255368045e-17	0.0057223201704946335	16.20991253644315
mom 60m>+2%	15	2	4	1	1373	728	-0.46098812102433434	0.0016196293570479487	0.48787826295993275	15.313411078717202
mom 60m>+2%	15	2	4	3	1373	728	-0.46098812102433434	2.331848967591662e-09	0.08546129739995034	15.313411078717202
mom 60m>+2%	15	2	4	5	1373	728	-0.46098812102433434	1.4221296523367785e-15	0.009792931322250278	15.313411078717202
mom 60m>+2%	15	4	2	1	1418	730	-0.47016236436890546	0.0011642385411700753	0.40115313609182124	15.65597667638484
mom 60m>+2%	15	4	2	3	1418	730	-0.47016236436890546	9.193048072407179e-10	0.047694934241562306	15.65597667638484
mom 60m>+2%	15	4	2	5	1418	730	-0.47016236436890546	3.4589375494102293e-16	0.0037903691295775705	15.65597667638484
mom 60m>+2%	15	4	4	1	1352	704	-0.4453978967040931	0.0022096351759059592	0.4761928956545452	14.985422740524783
mom 60m>+2%	15	4	4	3	1352	704	-0.4453978967040931	6.064891697676939e-09	0.08037822947024513	14.985422740524783
mom 60m>+2%	15	4	4	5	1352	704	-0.4453978967040931	7.374156427469906e-15	0.00909870541828264	14.985422740524783
mom 60m>+2%	60	-	2	1	740	358	-0.4468875370283414	0.03188470912531816	0.7534501574408062	8.002915451895044
mom 60m>+2%	60	-	2	3	740	358	-0.4468875370283414	1.547545802716591e-05	0.29390138406003624	8.002915451895044
mom 60m>+2%	60	-	2	5	740	358	-0.4468875370283414	3.0686588971945103e-09	0.07055122593238015	8.002915451895044
mom 60m>+2%	60	-	4	1	657	329	-0.44553046625066817	0.04593557748273738	0.7060237786044328	7.1865889212828
mom 60m>+2%	60	-	4	3	657	329	-0.44553046625066817	4.045567660871267e-05	0.22356048656828778	7.1865889212828
mom 60m>+2%	60	-	4	5	657	329	-0.44553046625066817	1.121452656144241e-08	0.03810994858342158	7.1865889212828
mom 60m>+2%	60	2	2	1	881	464	-0.5067885416754451	0.010301985690348325	0.5831736409365735	9.80320699708455
mom 60m>+2%	60	2	2	3	881	464	-0.5067885416754451	5.560762386283847e-07	0.13602792268207872	9.80320699708455
mom 60m>+2%	60	2	2	5	881	464	-0.5067885416754451	1.18014344401069e-11	0.019062633279149428	9.80320699708455
mom 60m>+2%	60	2	4	1	731	400	-0.4911622481498513	0.024162785586350863	0.5644313130993769	8.243440233236152
mom 60m>+2%	60	2	4	3	731	400	-0.4911622481498513	6.119725305683637e-06	0.11360230269237793	8.243440233236152
mom 60m>+2%	60	2	4	5	731	400	-0.4911622481498513	4.577047269650304e-10	0.011870510683017334	8.243440233236152
mom 60m>+2%	60	4	2	1	783	386	-0.4873660965321226	0.019787178239549043	0.7793026133169946	8.520408163265307
mom 60m>+2%	60	4	2	3	783	386	-0.4873660965321226	4.071563340372748e-06	0.3090712919348697	8.520408163265307
mom 60m>+2%	60	4	2	5	783	386	-0.4873660965321226	3.5044559089962593e-10	0.07048312325892163	8.520408163265307
mom 60m>+2%	60	4	4	1	675	342	-0.4860300060209974	0.03298475284291095	0.7103669018578411	7.412536443148689
mom 60m>+2%	60	4	4	3	675	342	-0.4860300060209974	1.5894852898879608e-05	0.2182060675734998	7.412536443148689
mom 60m>+2%	60	4	4	5	675	342	-0.4860300060209974	2.384898475226174e-09	0.03388880930009635	7.412536443148689
mom 60m>+2%	eod	-	2	1	547	239	-0.4307555798996403	0.07538301002532174	0.83529853605132	5.728862973760934
mom 60m>+2%	eod	-	2	3	547	239	-0.4307555798996403	0.00014465054266490083	0.35917161495834693	5.728862973760934
mom 60m>+2%	eod	-	2	5	547	239	-0.4307555798996403	8.461215453294304e-08	0.08522076923736403	5.728862973760934
mom 60m>+2%	eod	-	4	1	439	192	-0.3856240835136384	0.14184905868707384	0.9390720038020516	4.599125364431488
mom 60m>+2%	eod	-	4	3	439	192	-0.3856240835136384	0.000756980965125671	0.4390254738312234	4.599125364431488
mom 60m>+2%	eod	-	4	5	439	192	-0.3856240835136384	8.054493265907094e-07	0.08913607924987743	4.599125364431488
mom 60m>+2%	eod	2	2	1	845	436	-0.5592104587395574	0.0076765736851263835	0.5503481095254106	9.336734693877553
mom 60m>+2%	eod	2	2	3	845	436	-0.5592104587395574	1.878368463698592e-07	0.10508569654943781	9.336734693877553
mom 60m>+2%	eod	2	2	5	845	436	-0.5592104587395574	1.3736694141766876e-12	0.010757501654686823	9.336734693877553
mom 60m>+2%	eod	2	4	1	649	340	-0.5124131195719862	0.029620632311795347	0.5774869393607276	7.208454810495628
mom 60m>+2%	eod	2	4	3	649	340	-0.5124131195719862	7.64956849420129e-06	0.1007523995048865	7.208454810495628
mom 60m>+2%	eod	2	4	5	649	340	-0.5124131195719862	3.2830343724752323e-10	0.006867010550366504	7.208454810495628
mom 60m>+2%	eod	4	2	1	661	321	-0.5196478815455028	0.027711247657775044	0.5882916254095888	7.157434402332362
mom 60m>+2%	eod	4	2	3	661	321	-0.5196478815455028	8.667034531844678e-06	0.11975917024879743	7.157434402332362
mom 60m>+2%	eod	4	2	5	661	321	-0.5196478815455028	8.239415275044897e-10	0.012296434691148174	7.157434402332362
mom 60m>+2%	eod	4	4	1	515	246	-0.47564735089740673	0.07041479316568108	0.7706912955517204	5.5466472303207
mom 60m>+2%	eod	4	4	3	515	246	-0.47564735089740673	9.950373034885483e-05	0.23260906193494757	5.5466472303207
mom 60m>+2%	eod	4	4	5	515	246	-0.47564735089740673	2.3748275955268942e-08	0.027518083348161686	5.5466472303207
dip 60m<-3%	15	-	2	1	881	419	-0.5425447103785983	0.0076306938867477855	0.5376176563598253	9.475218658892128
dip 60m<-3%	15	-	2	3	881	419	-0.5425447103785983	2.498074927812928e-07	0.11073757071698424	9.475218658892128
dip 60m<-3%	15	-	2	5	881	419	-0.5425447103785983	3.752205398290736e-12	0.014608677121931877	9.475218658892128
dip 60m<-3%	15	-	4	1	751	370	-0.5113195268814567	0.01947175806376603	0.5041408374573889	8.17055393586006
dip 60m<-3%	15	-	4	3	751	370	-0.5113195268814567	3.999015562576419e-06	0.08962090005025049	8.17055393586006
dip 60m<-3%	15	-	4	5	751	370	-0.5113195268814567	3.4238433891348633e-10	0.009750835055203837	8.17055393586006
dip 60m<-3%	15	2	2	1	901	458	-0.5756491738411975	0.005128136320129949	0.5112036079397987	9.90524781341108
dip 60m<-3%	15	2	2	3	901	458	-0.5756491738411975	7.931847976414543e-08	0.0969254476828946	9.90524781341108
dip 60m<-3%	15	2	2	5	901	458	-0.5756491738411975	5.8638765281818e-13	0.011902564228168785	9.90524781341108
dip 60m<-3%	15	2	4	1	758	398	-0.5307268618553538	0.0163279967901852	0.5168966351549052	8.425655976676385
dip 60m<-3%	15	2	4	3	758	398	-0.5307268618553538	2.443371689436421e-06	0.09674178769984537	8.425655976676385
dip 60m<-3%	15	2	4	5	758	398	-0.5307268618553538	1.5829684241018083e-10	0.010938480959397987	8.425655976676385
dip 60m<-3%	15	4	2	1	883	423	-0.55539284477579	0.006784231084814876	0.5582830827130597	9.518950437317786
dip 60m<-3%	15	4	2	3	883	423	-0.55539284477579	1.8146113230962857e-07	0.12364334962692021	9.518950437317786
dip 60m<-3%	15	4	2	5	883	423	-0.55539284477579	2.299885884908103e-12	0.017429186413854936	9.518950437317786
dip 60m<-3%	15	4	4	1	752	373	-0.5070876350898045	0.02003236392529984	0.5072923929147894	8.199708454810496
dip 60m<-3%	15	4	4	3	752	373	-0.5070876350898045	4.3888926421570465e-06	0.09075220209096312	8.199708454810496
dip 60m<-3%	15	4	4	5	752	373	-0.5070876350898045	4.0363589276792315e-10	0.009828470802455155	8.199708454810496
dip 60m<-3%	60	-	2	1	604	275	-0.572790178048606	0.02774902297478367	1.0236057757842565	6.406705539358601
dip 60m<-3%	60	-	2	3	604	275	-0.572790178048606	1.0246019615802623e-05	0.6559476856745913	6.406705539358601
dip 60m<-3%	60	-	2	5	604	275	-0.572790178048606	1.442521689989323e-09	0.2301359469786042	6.406705539358601
dip 60m<-3%	60	-	4	1	413	191	-0.5620242232763248	0.08652925056133251	1.0585472420945279	4.402332361516035
dip 60m<-3%	60	-	4	3	413	191	-0.5620242232763248	0.00029759097831729797	0.7139625219862582	4.402332361516035
dip 60m<-3%	60	-	4	5	413	191	-0.5620242232763248	3.385656045269655e-07	0.24933768569816558	4.402332361516035
dip 60m<-3%	60	2	2	1	664	357	-0.641147198159071	0.012748892535865716	0.7226589323447185	7.441690962099126
dip 60m<-3%	60	2	2	3	664	357	-0.641147198159071	1.089972976626229e-06	0.25787391590661335	7.441690962099126
dip 60m<-3%	60	2	2	5	664	357	-0.641147198159071	3.8372572115004676e-11	0.05504206454426225	7.441690962099126
dip 60m<-3%	60	2	4	1	434	236	-0.6161885919647627	0.06160604880213333	0.8624980242341792	4.883381924198251
dip 60m<-3%	60	2	4	3	434	236	-0.6161885919647627	0.00011452478582495065	0.43599394174959777	4.883381924198251
dip 60m<-3%	60	2	4	5	434	236	-0.6161885919647627	7.440580393903201e-08	0.12639368705186987	4.883381924198251
dip 60m<-3%	60	4	2	1	619	300	-0.5980151414023499	0.0219927595079226	0.8772442915450241	6.698250728862974
dip 60m<-3%	60	4	2	3	619	300	-0.5980151414023499	5.3208729680483575e-06	0.42523765948427483	6.698250728862974
dip 60m<-3%	60	4	2	5	619	300	-0.5980151414023499	5.065993204511187e-10	0.11341073397576518	6.698250728862974
dip 60m<-3%	60	4	4	1	420	202	-0.5302350236695339	0.09513436496099402	0.8860706325056725	4.533527696793003
dip 60m<-3%	60	4	4	3	420	202	-0.5302350236695339	0.00039482622533677797	0.4503196529127958	4.533527696793003
dip 60m<-3%	60	4	4	5	420	202	-0.5302350236695339	5.356988625907369e-07	0.12517439447160833	4.533527696793003
dip 60m<-3%	eod	-	2	1	545	238	-0.5745443168279429	0.033137105750086625	1.2533387244908891	5.706997084548106
dip 60m<-3%	eod	-	2	3	545	238	-0.5745443168279429	9.815141594238904e-06	0.934650341672837	5.706997084548106
dip 60m<-3%	eod	-	2	5	545	238	-0.5745443168279429	6.985290455377744e-10	0.2997081753508875	5.706997084548106
dip 60m<-3%	eod	-	4	1	340	153	-0.5431243088820871	0.11752996560237305	1.3511599072751743	3.5932944606414
dip 60m<-3%	eod	-	4	3	340	153	-0.5431243088820871	0.00037309770669591654	1.1233176542664436	3.5932944606414
dip 60m<-3%	eod	-	4	5	340	153	-0.5431243088820871	2.03060475052608e-07	0.3533028054544987	3.5932944606414
dip 60m<-3%	eod	2	2	1	662	357	-0.6492568849964466	0.012018808681928183	0.6646410200633724	7.427113702623907
dip 60m<-3%	eod	2	2	3	662	357	-0.6492568849964466	8.189245807116086e-07	0.1942420113024044	7.427113702623907
dip 60m<-3%	eod	2	2	5	662	357	-0.6492568849964466	1.9836502673722437e-11	0.03250316079511039	7.427113702623907
dip 60m<-3%	eod	2	4	1	404	225	-0.6834951480718479	0.05436781467985759	0.8415193035407249	4.584548104956268
dip 60m<-3%	eod	2	4	3	404	225	-0.6834951480718479	6.172158279246118e-05	0.3641255912461968	4.584548104956268
dip 60m<-3%	eod	2	4	5	404	225	-0.6834951480718479	1.6961337449629272e-08	0.0769704137963585	4.584548104956268
dip 60m<-3%	eod	4	2	1	599	290	-0.6824284926643153	0.014411702071967597	0.8051883253807506	6.479591836734694
dip 60m<-3%	eod	4	2	3	599	290	-0.6824284926643153	1.2115129077628767e-06	0.2965388443862827	6.479591836734694
dip 60m<-3%	eod	4	2	5	599	290	-0.6824284926643153	3.0638324817244137e-11	0.05292666543658895	6.479591836734694
dip 60m<-3%	eod	4	4	1	370	179	-0.6059481512169616	0.08835349659926202	0.8859844213269654	4.001457725947522
dip 60m<-3%	eod	4	4	3	370	179	-0.6059481512169616	0.000220850048677667	0.37078387108565125	4.001457725947522
dip 60m<-3%	eod	4	4	5	370	179	-0.6059481512169616	1.0907527058765698e-07	0.0649057540853151	4.001457725947522
mom 60m>+3%	15	-	2	1	652	411	-0.5148667539186857	0.031892155181785425	0.5701809900871982	7.747813411078718
mom 60m>+3%	15	-	2	3	652	411	-0.5148667539186857	2.0072971313953517e-05	0.15036396807123517	7.747813411078718
mom 60m>+3%	15	-	2	5	652	411	-0.5148667539186857	7.070239026997079e-09	0.029992379520422163	7.747813411078718
mom 60m>+3%	15	-	4	1	608	396	-0.4788467778755708	0.05026863664871013	0.67173054126648	7.317784256559768
mom 60m>+3%	15	-	4	3	608	396	-0.4788467778755708	8.011796711934196e-05	0.2461340321842172	7.317784256559768
mom 60m>+3%	15	-	4	5	608	396	-0.4788467778755708	6.935629797556925e-08	0.06807497232458426	7.317784256559768
mom 60m>+3%	15	2	2	1	699	436	-0.5762985194243145	0.01677076585317268	0.5804899410337048	8.27259475218659
mom 60m>+3%	15	2	2	3	699	436	-0.5762985194243145	3.268226008886395e-06	0.15847405127756672	8.27259475218659
mom 60m>+3%	15	2	2	5	699	436	-0.5762985194243145	3.826213383824067e-10	0.032531326515916996	8.27259475218659
mom 60m>+3%	15	2	4	1	633	412	-0.506069194917519	0.03813828142390586	0.6063806987156358	7.61661807580175
mom 60m>+3%	15	2	4	3	633	412	-0.506069194917519	3.740369409778779e-05	0.18073969468770568	7.61661807580175
mom 60m>+3%	15	2	4	5	633	412	-0.506069194917519	2.083029585465356e-08	0.040289681288558865	7.61661807580175
mom 60m>+3%	15	4	2	1	663	415	-0.5438013712259858	0.025614254376542977	0.5758984934102553	7.857142857142858
mom 60m>+3%	15	4	2	3	663	415	-0.5438013712259858	1.1739063368968703e-05	0.1541428253558137	7.857142857142858
mom 60m>+3%	15	4	2	5	663	415	-0.5438013712259858	3.2980414293172905e-09	0.030999087109658045	7.857142857142858
mom 60m>+3%	15	4	4	1	615	398	-0.5215417146904113	0.03798300108037681	0.6305787004236882	7.383381924198251
mom 60m>+3%	15	4	4	3	615	398	-0.5215417146904113	3.7043581843382446e-05	0.20198617773608218	7.383381924198251
mom 60m>+3%	15	4	4	5	615	398	-0.5215417146904113	2.0693065998988368e-08	0.048204697288560396	7.383381924198251
mom 60m>+3%	60	-	2	1	397	217	-0.4618767485846189	0.1464091984953112	0.77011835659028	4.475218658892128
mom 60m>+3%	60	-	2	3	397	217	-0.4618767485846189	0.0019424460108161577	0.35451994775845536	4.475218658892128
mom 60m>+3%	60	-	2	5	397	217	-0.4618767485846189	1.4373678280905037e-05	0.11743260255671524	4.475218658892128
mom 60m>+3%	60	-	4	1	348	196	-0.46635934361174197	0.17411444086856726	0.9486383750970817	3.9650145772594754
mom 60m>+3%	60	-	4	3	348	196	-0.46635934361174197	0.0026853805527859895	0.6432641410150912	3.9650145772594754
mom 60m>+3%	60	-	4	5	348	196	-0.46635934361174197	1.7833882945768498e-05	0.2959989982266649	3.9650145772594754
mom 60m>+3%	60	2	2	1	508	300	-0.5986780817882267	0.04453535263006092	0.6426749713776723	5.889212827988339
mom 60m>+3%	60	2	2	3	508	300	-0.5986780817882267	5.750324629025089e-05	0.20109986997012388	5.889212827988339
mom 60m>+3%	60	2	2	5	508	300	-0.5986780817882267	4.102369603867868e-08	0.043219194074008566	5.889212827988339
mom 60m>+3%	60	2	4	1	404	255	-0.5809702401001031	0.08791610746945124	0.8837345130401569	4.803206997084549
mom 60m>+3%	60	2	4	3	404	255	-0.5809702401001031	0.00039903364558535517	0.5038350518354989	4.803206997084549
mom 60m>+3%	60	2	4	5	404	255	-0.5809702401001031	8.291447254125056e-07	0.18358043169188895	4.803206997084549
mom 60m>+3%	60	4	2	1	438	237	-0.553370022136824	0.08251263517285407	0.7703458275222834	4.919825072886298
mom 60m>+3%	60	4	2	3	438	237	-0.553370022136824	0.000366711234610183	0.3440906822290611	4.919825072886298
mom 60m>+3%	60	4	2	5	438	237	-0.553370022136824	9.181701919961569e-07	0.10609292717129579	4.919825072886298
mom 60m>+3%	60	4	4	1	361	206	-0.5461612406031763	0.12796908641705582	0.9124103605792134	4.13265306122449
mom 60m>+3%	60	4	4	3	361	206	-0.5461612406031763	0.0012417564142069963	0.5465155469709869	4.13265306122449
mom 60m>+3%	60	4	4	5	361	206	-0.5461612406031763	5.699255052610387e-06	0.20789961003630858	4.13265306122449
mom 60m>+3%	eod	-	2	1	321	174	-0.3860561471942949	0.24475781346548287	0.7157295469791635	3.607871720116618
mom 60m>+3%	eod	-	2	3	321	174	-0.3860561471942949	0.006784258165574891	0.2533422848871986	3.607871720116618
mom 60m>+3%	eod	-	2	5	321	174	-0.3860561471942949	8.420530432731655e-05	0.05687836652216829	3.607871720116618
mom 60m>+3%	eod	-	4	1	273	147	-0.34968383109869056	0.3163974746752813	0.8059705698673618	3.0612244897959187
mom 60m>+3%	eod	-	4	3	273	147	-0.34968383109869056	0.011966039609506795	0.320736910718536	3.0612244897959187
mom 60m>+3%	eod	-	4	5	273	147	-0.34968383109869056	0.00014434733600368724	0.06655366696519455	3.0612244897959187
mom 60m>+3%	eod	2	2	1	506	299	-0.6287927024194762	0.037943093019998105	0.5264684754318866	5.867346938775511
mom 60m>+3%	eod	2	2	3	506	299	-0.6287927024194762	3.1551217684878536e-05	0.1035863104752901	5.867346938775511
mom 60m>+3%	eod	2	2	5	506	299	-0.6287927024194762	1.2322584043225521e-08	0.012816052152539448	5.867346938775511
mom 60m>+3%	eod	2	4	1	387	246	-0.6137971186355494	0.08163514899974494	0.6617042163833626	4.613702623906706
mom 60m>+3%	eod	2	4	3	387	246	-0.6137971186355494	0.00023870679040466063	0.17677857884448514	4.613702623906706
mom 60m>+3%	eod	2	4	5	387	246	-0.6137971186355494	2.071612665012336e-07	0.023063234954701858	4.613702623906706
mom 60m>+3%	eod	4	2	1	417	224	-0.5970002663552524	0.07492151626171992	0.5327081898393218	4.672011661807581
mom 60m>+3%	eod	4	2	3	417	224	-0.5970002663552524	0.00022967266992417605	0.1045437861071838	4.672011661807581
mom 60m>+3%	eod	4	2	5	417	224	-0.5970002663552524	3.160588588716531e-07	0.012698267481227534	4.672011661807581
mom 60m>+3%	eod	4	4	1	318	186	-0.5293576271728102	0.16230389207048485	0.6518277461795733	3.6734693877551026
mom 60m>+3%	eod	4	4	3	318	186	-0.5293576271728102	0.0018610927857509805	0.16350618875296208	3.6734693877551026
mom 60m>+3%	eod	4	4	5	318	186	-0.5293576271728102	6.556554186462156e-06	0.019611903563544458	3.6734693877551026
dip 60m<-5%	15	-	2	1	294	184	-0.6599388375306662	0.13644017632114103	0.7026119233669524	3.48396501457726
dip 60m<-5%	15	-	2	3	294	184	-0.6599388375306662	0.0018734413588072177	0.28527229453802583	3.48396501457726
dip 60m<-5%	15	-	2	5	294	184	-0.6599388375306662	1.7228730916248263e-05	0.08981072040231984	3.48396501457726
dip 60m<-5%	15	-	4	1	223	156	-0.6326427419683953	0.23297086160972913	0.6392424709933382	2.7623906705539363
dip 60m<-5%	15	-	4	3	223	156	-0.6326427419683953	0.00951675776951299	0.20770382810785495	2.7623906705539363
dip 60m<-5%	15	-	4	5	223	156	-0.6326427419683953	0.0002596557222324901	0.0491865384610777	2.7623906705539363
dip 60m<-5%	15	2	2	1	307	211	-0.7430601471600153	0.09806464988084884	0.6804947031403098	3.775510204081633
dip 60m<-5%	15	2	2	3	307	211	-0.7430601471600153	0.0007333563319357525	0.2632447722973389	3.775510204081633
dip 60m<-5%	15	2	2	5	307	211	-0.7430601471600153	3.86436472426017e-06	0.07983405850586815	3.775510204081633
dip 60m<-5%	15	2	4	1	228	171	-0.6403406432758247	0.22297477436761096	0.5430789093604576	2.908163265306123
dip 60m<-5%	15	2	4	3	228	171	-0.6403406432758247	0.008574798649561873	0.12692502327819966	2.908163265306123
dip 60m<-5%	15	2	4	5	228	171	-0.6403406432758247	0.00022656444304232023	0.021210240087743054	2.908163265306123
dip 60m<-5%	15	4	2	1	297	188	-0.6801137647114214	0.1268002861016707	0.7568944300290124	3.534985422740525
dip 60m<-5%	15	4	2	3	297	188	-0.6801137647114214	0.001551073840314669	0.3545407657540571	3.534985422740525
dip 60m<-5%	15	4	2	5	297	188	-0.6801137647114214	1.3079697786217624e-05	0.12759621693172235	3.534985422740525
dip 60m<-5%	15	4	4	1	226	157	-0.6140197351905756	0.23888766837280578	0.6616004447816485	2.7915451895043732
dip 60m<-5%	15	4	4	3	226	157	-0.6140197351905756	0.010356125008269048	0.23044460128778588	2.7915451895043732
dip 60m<-5%	15	4	4	5	226	157	-0.6140197351905756	0.0003023168834919676	0.058473092210126205	2.7915451895043732
dip 60m<-5%	60	-	2	1	234	134	-0.7713496753627231	0.15372477823796113	1.1589659132604235	2.6822157434402336
dip 60m<-5%	60	-	2	3	234	134	-0.7713496753627231	0.0024576362166936075	1.1380427923121033	2.6822157434402336
dip 60m<-5%	60	-	2	5	234	134	-0.7713496753627231	2.381720090541438e-05	0.7723367618551168	2.6822157434402336
dip 60m<-5%	60	-	4	1	142	94	-0.7202187199324328	0.3358479484850338	1.2242411801524182	1.7201166180758019
dip 60m<-5%	60	-	4	3	142	94	-0.7202187199324328	0.02501314520310006	1.3187215354666064	1.7201166180758019
dip 60m<-5%	60	-	4	5	142	94	-0.7202187199324328	0.0010449411711671076	0.9401620441099857	1.7201166180758019
dip 60m<-5%	60	2	2	1	267	189	-0.8053051092768654	0.11073722773340583	0.9587537586708884	3.3236151603498545
dip 60m<-5%	60	2	2	3	267	189	-0.8053051092768654	0.0009974950036939485	0.7137481071883233	3.3236151603498545
dip 60m<-5%	60	2	2	5	267	189	-0.8053051092768654	5.8651960923827115e-06	0.400079741962817	3.3236151603498545
dip 60m<-5%	60	2	4	1	156	130	-0.6653415109241261	0.3352079307061092	0.8842385845586235	2.0845481049562684
dip 60m<-5%	60	2	4	3	156	130	-0.6653415109241261	0.026578582799191786	0.5353263146723445	2.0845481049562684
dip 60m<-5%	60	2	4	5	156	130	-0.6653415109241261	0.0012605595392332666	0.22386260015250772	2.0845481049562684
dip 60m<-5%	60	4	2	1	245	148	-0.7900145483428166	0.1361091132127	1.2093038073577795	2.864431486880467
dip 60m<-5%	60	4	2	3	245	148	-0.7900145483428166	0.001774386958069019	1.341414963804154	2.864431486880467
dip 60m<-5%	60	4	2	5	245	148	-0.7900145483428166	1.4454846017557699e-05	1.0459032057074629	2.864431486880467
dip 60m<-5%	60	4	4	1	148	100	-0.6370266352044629	0.3646814573181338	1.197165870906283	1.8075801749271139
dip 60m<-5%	60	4	4	3	148	100	-0.6370266352044629	0.03228337038200558	1.3101423005889534	1.8075801749271139
dip 60m<-5%	60	4	4	5	148	100	-0.6370266352044629	0.001602136831408326	0.9919033879788999	1.8075801749271139
dip 60m<-5%	eod	-	2	1	217	128	-0.8471353132183671	0.14474694315629805	1.360550525405467	2.5145772594752187
dip 60m<-5%	eod	-	2	3	217	128	-0.8471353132183671	0.0018077834736897516	1.4664446520466352	2.5145772594752187
dip 60m<-5%	eod	-	2	5	217	128	-0.8471353132183671	1.2144607102840836e-05	0.8810717919581482	2.5145772594752187
dip 60m<-5%	eod	-	4	1	130	89	-0.6227800040823707	0.36297996643822583	1.2172854412669962	1.5962099125364433
dip 60m<-5%	eod	-	4	3	130	89	-0.6227800040823707	0.019054618282966646	0.9842161768681756	1.5962099125364433
dip 60m<-5%	eod	-	4	5	130	89	-0.6227800040823707	0.00037109194486069	0.389588348346712	1.5962099125364433
dip 60m<-5%	eod	2	2	1	267	189	-0.8245085332996304	0.10499875230192171	0.9531900283022762	3.3236151603498545
dip 60m<-5%	eod	2	2	3	267	189	-0.8245085332996304	0.0008403167804638779	0.6927428038829527	3.3236151603498545
dip 60m<-5%	eod	2	2	5	267	189	-0.8245085332996304	4.318827765356271e-06	0.37279539552984103	3.3236151603498545
dip 60m<-5%	eod	2	4	1	156	130	-0.7609450377240234	0.28537059761177536	0.9042014933550714	2.0845481049562684
dip 60m<-5%	eod	2	4	3	156	130	-0.7609450377240234	0.015191309250616195	0.5446146724822523	2.0845481049562684
dip 60m<-5%	eod	2	4	5	156	130	-0.7609450377240234	0.00043031218419056126	0.21020951775953145	2.0845481049562684
dip 60m<-5%	eod	4	2	1	245	148	-0.8493821514616942	0.11662242560956297	1.123900931139581	2.864431486880467
dip 60m<-5%	eod	4	2	3	245	148	-0.8493821514616942	0.0010594537673726334	1.0340161280612885	2.864431486880467
dip 60m<-5%	eod	4	2	5	245	148	-0.8493821514616942	5.631757275030714e-06	0.6357865702029806	2.864431486880467
dip 60m<-5%	eod	4	4	1	146	100	-0.8039585474657792	0.28280929282348893	0.9551195747369569	1.7930029154518952
dip 60m<-5%	eod	4	4	3	146	100	-0.8039585474657792	0.013037791569610319	0.5889383756919601	1.7930029154518952
dip 60m<-5%	eod	4	4	5	146	100	-0.8039585474657792	0.0002741336337086601	0.21137300873823467	1.7930029154518952
mom 60m>+5%	15	-	2	1	167	152	-0.6562201838248836	0.32223821963707333	0.8792823157982975	2.3250728862973764
mom 60m>+5%	15	-	2	3	167	152	-0.6562201838248836	0.02728006037297609	0.6215267749965216	2.3250728862973764
mom 60m>+5%	15	-	2	5	167	152	-0.6562201838248836	0.0017948992460482276	0.3896789226843953	2.3250728862973764
mom 60m>+5%	15	-	4	1	139	146	-0.46043511973432905	0.5054507891183881	0.8712767885809987	2.0772594752186593
mom 60m>+5%	15	-	4	3	139	146	-0.46043511973432905	0.1021171980744679	0.5982278363579455	2.0772594752186593
mom 60m>+5%	15	-	4	5	139	146	-0.46043511973432905	0.015414829082561492	0.3574743914551655	2.0772594752186593
mom 60m>+5%	15	2	2	1	198	173	-0.7296835406639389	0.2296355538150726	0.8553225193943321	2.7040816326530615
mom 60m>+5%	15	2	2	3	198	173	-0.7296835406639389	0.010293128047287298	0.567069049838005	2.7040816326530615
mom 60m>+5%	15	2	2	5	198	173	-0.7296835406639389	0.00036817637323852804	0.32911943721782483	2.7040816326530615
mom 60m>+5%	15	2	4	1	157	159	-0.566361421979652	0.3996139117747254	0.8404739823536476	2.303206997084548
mom 60m>+5%	15	2	4	3	157	159	-0.566361421979652	0.05351463012220104	0.5361766385288261	2.303206997084548
mom 60m>+5%	15	2	4	5	157	159	-0.566361421979652	0.005553515173156383	0.2963990849004996	2.303206997084548
mom 60m>+5%	15	4	2	1	177	154	-0.7312375748736122	0.26681169030997937	0.8697778458886051	2.412536443148688
mom 60m>+5%	15	4	2	3	177	154	-0.7312375748736122	0.016143507848672266	0.5961831843914809	2.412536443148688
mom 60m>+5%	15	4	2	5	177	154	-0.7312375748736122	0.0007832106110037847	0.35849017784211945	2.412536443148688
mom 60m>+5%	15	4	4	1	145	147	-0.6171596659734366	0.39723561637860416	0.8588369257913157	2.1282798833819245
mom 60m>+5%	15	4	4	3	145	147	-0.6171596659734366	0.052591400717555165	0.5700580665264278	2.1282798833819245
mom 60m>+5%	15	4	4	5	145	147	-0.6171596659734366	0.005423125344716957	0.32709295813162004	2.1282798833819245
mom 60m>+5%	60	-	2	1	118	85	-0.6632542834178001	0.4376787437843314	0.9387988870163442	1.479591836734694
mom 60m>+5%	60	-	2	3	118	85	-0.6632542834178001	0.06643513114282759	0.7492405478605518	1.479591836734694
mom 60m>+5%	60	-	2	5	118	85	-0.6632542834178001	0.007675661950274667	0.5254606220297415	1.479591836734694
mom 60m>+5%	60	-	4	1	90	80	-0.5723445809921969	0.5572126262995862	0.9991600399915919	1.239067055393586
mom 60m>+5%	60	-	4	3	90	80	-0.5723445809921969	0.12203912308836398	0.8786272353113461	1.239067055393586
mom 60m>+5%	60	-	4	5	90	80	-0.5723445809921969	0.017898627555586237	0.6490304649960312	1.239067055393586
mom 60m>+5%	60	2	2	1	175	136	-0.756790392100169	0.25800490813081667	0.8540806937932791	2.2667638483965016
mom 60m>+5%	60	2	2	3	175	136	-0.756790392100169	0.014259732553472118	0.5448520357922702	2.2667638483965016
mom 60m>+5%	60	2	2	5	175	136	-0.756790392100169	0.0006093138888675127	0.29005074277922	2.2667638483965016
mom 60m>+5%	60	2	4	1	127	115	-0.6269996485826683	0.4334917608413249	1.0349056933021787	1.763848396501458
mom 60m>+5%	60	2	4	3	127	115	-0.6269996485826683	0.06340340777288317	0.9494548108318378	1.763848396501458
mom 60m>+5%	60	2	4	5	127	115	-0.6269996485826683	0.0064110765381553145	0.6986065695700489	1.763848396501458
mom 60m>+5%	60	4	2	1	148	101	-0.7988255137447615	0.29636443553067354	1.0043844714714654	1.8148688046647232
mom 60m>+5%	60	4	2	3	148	101	-0.7988255137447615	0.02125216926043744	0.8812064698583267	1.8148688046647232
mom 60m>+5%	60	4	2	5	148	101	-0.7988255137447615	0.001161665253004902	0.645757083348166	1.8148688046647232
mom 60m>+5%	60	4	4	1	108	91	-0.753765731376304	0.42311779907265873	1.0609215242401138	1.4504373177842567
mom 60m>+5%	60	4	4	3	108	91	-0.753765731376304	0.056959200798582105	1.0083022530995291	1.4504373177842567
mom 60m>+5%	60	4	4	5	108	91	-0.753765731376304	0.005101679917641373	0.7607903842760638	1.4504373177842567
mom 60m>+5%	eod	-	2	1	100	77	-0.6667890561542024	0.4848763722702469	1.0644999155070478	1.2900874635568513
mom 60m>+5%	eod	-	2	3	100	77	-0.6667890561542024	0.08543027319417397	0.9853694922177476	1.2900874635568513
mom 60m>+5%	eod	-	2	5	100	77	-0.6667890561542024	0.010962882550461867	0.7165105602603553	1.2900874635568513
mom 60m>+5%	eod	-	4	1	78	71	-0.19653127035613402	0.7623996518705167	1.1183307735223083	1.08600583090379
mom 60m>+5%	eod	-	4	3	78	71	-0.19653127035613402	0.2632055561804834	1.07361913299672	1.08600583090379
mom 60m>+5%	eod	-	4	5	78	71	-0.19653127035613402	0.05346366486077558	0.7327713270419576	1.08600583090379
mom 60m>+5%	eod	2	2	1	175	136	-0.7924931617137381	0.2413257437613478	0.8972394166435171	2.2667638483965016
mom 60m>+5%	eod	2	2	3	175	136	-0.7924931617137381	0.011366475832780823	0.6178800235006663	2.2667638483965016
mom 60m>+5%	eod	2	2	5	175	136	-0.7924931617137381	0.0003994180956896938	0.3447175225446584	2.2667638483965016
mom 60m>+5%	eod	2	4	1	127	115	-0.5830699158515098	0.45344683410517045	0.9946671766762158	1.763848396501458
mom 60m>+5%	eod	2	4	3	127	115	-0.5830699158515098	0.06780126959692184	0.7779507150709201	1.763848396501458
mom 60m>+5%	eod	2	4	5	127	115	-0.5830699158515098	0.0063438891370315555	0.43326347822475153	1.763848396501458
mom 60m>+5%	eod	4	2	1	148	101	-0.7404100301962997	0.31997095046498186	0.9650891081894778	1.8148688046647232
mom 60m>+5%	eod	4	2	3	148	101	-0.7404100301962997	0.02528676236106013	0.7423640523227888	1.8148688046647232
mom 60m>+5%	eod	4	2	5	148	101	-0.7404100301962997	0.0014206686975194727	0.4469012472398231	1.8148688046647232
mom 60m>+5%	eod	4	4	1	108	91	-0.6139940072867394	0.48366126285052174	1.008866176805175	1.4504373177842567
mom 60m>+5%	eod	4	4	3	108	91	-0.6139940072867394	0.07677140408874245	0.7727372200520116	1.4504373177842567
mom 60m>+5%	eod	4	4	5	108	91	-0.6139940072867394	0.007059115851131564	0.4002534126093959	1.4504373177842567
orb 30m breakout	eod	-	2	1	445	178	-0.39823241218931515	0.1537858184408366	0.5256426276270443	4.540816326530613
orb 30m breakout	eod	-	2	3	445	178	-0.39823241218931515	0.0020234809127228945	0.10559154886799564	4.540816326530613
orb 30m breakout	eod	-	2	5	445	178	-0.39823241218931515	1.2424987275282159e-05	0.014261207969729562	4.540816326530613
orb 30m breakout	eod	-	4	1	349	137	-0.23880419128115646	0.35543358637771677	0.5810910176915421	3.542274052478134
orb 30m breakout	eod	-	4	3	349	137	-0.23880419128115646	0.016206632547868038	0.12958015624975236	3.542274052478134
orb 30m breakout	eod	-	4	5	349	137	-0.23880419128115646	0.0002170277598904202	0.016538272239054262	3.542274052478134
orb 30m breakout	eod	2	2	1	471	193	-0.2569031914471587	0.2767531548351371	0.5441837563636985	4.839650145772596
orb 30m breakout	eod	2	2	3	471	193	-0.2569031914471587	0.013493127943432536	0.1316808977384265	4.839650145772596
orb 30m breakout	eod	2	2	5	471	193	-0.2569031914471587	0.0003559729870264251	0.02421132135312555	4.839650145772596
orb 30m breakout	eod	2	4	1	381	155	-0.19883194229157833	0.42516243527144787	0.602912167649163	3.906705539358601
orb 30m breakout	eod	2	4	3	381	155	-0.19883194229157833	0.04165829366224665	0.1635304366426719	3.906705539358601
orb 30m breakout	eod	2	4	5	381	155	-0.19883194229157833	0.0016797342392645275	0.028953266586199487	3.906705539358601
orb 30m breakout	eod	4	2	1	450	181	-0.26076259690516623	0.278791808368085	0.5323984371587773	4.599125364431488
orb 30m breakout	eod	4	2	3	450	181	-0.26076259690516623	0.011753804194399774	0.11429080442557224	4.599125364431488
orb 30m breakout	eod	4	2	5	450	181	-0.26076259690516623	0.00022298109918065316	0.017084013866133556	4.599125364431488
orb 30m breakout	eod	4	4	1	354	140	-0.159774981004241	0.4994995399588915	0.5831623615018218	3.600583090379009
orb 30m breakout	eod	4	4	3	354	140	-0.159774981004241	0.05698518433625249	0.1367414484801218	3.600583090379009
orb 30m breakout	eod	4	4	5	354	140	-0.159774981004241	0.002190415809189862	0.01905198483480614	3.600583090379009
