rule	hold	tp%	sl%	lev	tr_trades	te_trades	avg_trade%	train_x	test_x	trades_per_week
dip 5m<-1%	15	-	2	1	565	194	-0.17358656700000274	0.3581916657753171	0.5925099239138116	5.532069970845481
dip 5m<-1%	15	-	2	3	565	194	-0.17358656700000274	0.03502487497938659	0.19475763498554372	5.532069970845481
dip 5m<-1%	15	-	2	5	565	194	-0.17358656700000274	0.0023939503484680237	0.058474294691832664	5.532069970845481
dip 5m<-1%	15	-	4	1	531	185	-0.13463479044373797	0.4659517777068835	0.5914700424180994	5.21865889212828
dip 5m<-1%	15	-	4	3	531	185	-0.13463479044373797	0.07572350869991068	0.19381037687347297	5.21865889212828
dip 5m<-1%	15	-	4	5	531	185	-0.13463479044373797	0.008355914059645777	0.057950513486340643	5.21865889212828
dip 5m<-1%	15	2	2	1	578	194	-0.16030645657754114	0.3800226698446264	0.611879935285338	5.626822157434403
dip 5m<-1%	15	2	2	3	578	194	-0.16030645657754114	0.04282672748346551	0.21416512890983605	5.626822157434403
dip 5m<-1%	15	2	2	5	578	194	-0.16030645657754114	0.003445057596173279	0.0683380166800692	5.626822157434403
dip 5m<-1%	15	2	4	1	541	185	-0.12623402003073642	0.4847975110549193	0.6142116375509358	5.291545189504373
dip 5m<-1%	15	2	4	3	541	185	-0.12623402003073642	0.0885704303163196	0.21655379578468456	5.291545189504373
dip 5m<-1%	15	2	4	5	541	185	-0.12623402003073642	0.011397589627017299	0.0694766140182576	5.291545189504373
dip 5m<-1%	15	4	2	1	569	194	-0.15939500880539942	0.3862363036031542	0.5925099239138116	5.561224489795919
dip 5m<-1%	15	4	2	3	569	194	-0.15939500880539942	0.04418310940581966	0.19475763498554372	5.561224489795919
dip 5m<-1%	15	4	2	5	569	194	-0.15939500880539942	0.0035442442340669804	0.058474294691832664	5.561224489795919
dip 5m<-1%	15	4	4	1	534	185	-0.12005336958044281	0.503446893038234	0.5914700424180994	5.240524781341108
dip 5m<-1%	15	4	4	3	534	185	-0.12005336958044281	0.0970695661705443	0.19381037687347297	5.240524781341108
dip 5m<-1%	15	4	4	5	534	185	-0.12005336958044281	0.01287973547734283	0.057950513486340643	5.240524781341108
dip 5m<-1%	60	-	2	1	432	159	-0.15385887630941866	0.4776361010028325	0.7178627922545596	4.307580174927114
dip 5m<-1%	60	-	2	3	432	159	-0.15385887630941866	0.07087516427565418	0.325589350026163	4.307580174927114
dip 5m<-1%	60	-	2	5	432	159	-0.15385887630941866	0.0060538092451882805	0.12461428467777474	4.307580174927114
dip 5m<-1%	60	-	4	1	368	135	-0.11152717477723188	0.6029025319507283	0.671757836797182	3.666180758017493
dip 5m<-1%	60	-	4	3	368	135	-0.11152717477723188	0.12638401424613246	0.2627379592995186	3.666180758017493
dip 5m<-1%	60	-	4	5	368	135	-0.11152717477723188	0.012910185336352098	0.0838803109466531	3.666180758017493
dip 5m<-1%	60	2	2	1	487	164	-0.20683673107282186	0.34266244588232614	0.6909614500136692	4.744897959183674
dip 5m<-1%	60	2	2	3	487	164	-0.20683673107282186	0.02735267058179924	0.29346654059502325	4.744897959183674
dip 5m<-1%	60	2	2	5	487	164	-0.20683673107282186	0.0012915055736468172	0.10625763266956147	4.744897959183674
dip 5m<-1%	60	2	4	1	398	138	-0.22229098738273637	0.3837028172515591	0.6663355618050646	3.906705539358601
dip 5m<-1%	60	2	4	3	398	138	-0.22229098738273637	0.03580624602678348	0.2571999952383956	3.906705539358601
dip 5m<-1%	60	2	4	5	398	138	-0.22229098738273637	0.0017372676143194929	0.08112559792981484	3.906705539358601
dip 5m<-1%	60	4	2	1	452	159	-0.18225372071169552	0.4082553025901586	0.6919068617240136	4.4533527696793005
dip 5m<-1%	60	4	2	3	452	159	-0.18225372071169552	0.04433391157366324	0.2943383082726914	4.4533527696793005
dip 5m<-1%	60	4	2	5	452	159	-0.18225372071169552	0.0027309005108875637	0.10674395629728885	4.4533527696793005
dip 5m<-1%	60	4	4	1	382	135	-0.14781827917833573	0.5227140400741589	0.6614998498718504	3.7682215743440235
dip 5m<-1%	60	4	4	3	382	135	-0.14781827917833573	0.0854900678499285	0.25185806142544176	3.7682215743440235
dip 5m<-1%	60	4	4	5	382	135	-0.14781827917833573	0.006843384127154595	0.07859866074541876	3.7682215743440235
dip 5m<-1%	eod	-	2	1	334	136	-0.07625011289815187	0.6726127882832607	0.8398073691184659	3.425655976676385
dip 5m<-1%	eod	-	2	3	334	136	-0.07625011289815187	0.15044870418233236	0.48295447709838346	3.425655976676385
dip 5m<-1%	eod	-	2	5	334	136	-0.07625011289815187	0.015446567180422695	0.21456387045435507	3.425655976676385
dip 5m<-1%	eod	-	4	1	259	106	-0.12583995966492567	0.6141693611841582	0.7648290773162432	2.6603498542274053
dip 5m<-1%	eod	-	4	3	259	106	-0.12583995966492567	0.09920667609581313	0.34722867748068176	2.6603498542274053
dip 5m<-1%	eod	-	4	5	259	106	-0.12583995966492567	0.0056943825718430525	0.11078535128459119	2.6603498542274053
dip 5m<-1%	eod	2	2	1	457	158	-0.19839264679400118	0.3733933329351845	0.8322324297715613	4.482507288629738
dip 5m<-1%	eod	2	2	3	457	158	-0.19839264679400118	0.03239651584025446	0.4937559119823571	4.482507288629738
dip 5m<-1%	eod	2	2	5	457	158	-0.19839264679400118	0.001477019295564635	0.23757112873040592	4.482507288629738
dip 5m<-1%	eod	2	4	1	340	122	-0.22602619599787033	0.41898485579499845	0.7627112194124706	3.3673469387755106
dip 5m<-1%	eod	2	4	3	340	122	-0.22602619599787033	0.03886702794610049	0.3600473118054748	3.3673469387755106
dip 5m<-1%	eod	2	4	5	340	122	-0.22602619599787033	0.0014219005928236416	0.12548518946900036	3.3673469387755106
dip 5m<-1%	eod	4	2	1	395	142	-0.1513512405666564	0.49865067603129376	0.8721762139103499	3.91399416909621
dip 5m<-1%	eod	4	2	3	395	142	-0.1513512405666564	0.06966627107223358	0.5512836047384492	3.91399416909621
dip 5m<-1%	eod	4	2	5	395	142	-0.1513512405666564	0.004594318018130227	0.27365782887783946	3.91399416909621
dip 5m<-1%	eod	4	4	1	296	110	-0.16428809058070418	0.5471980317934351	0.7688888265359386	2.959183673469388
dip 5m<-1%	eod	4	4	3	296	110	-0.16428809058070418	0.08017890606017146	0.357665974447352	2.959183673469388
dip 5m<-1%	eod	4	4	5	296	110	-0.16428809058070418	0.004305161201545349	0.11850270358291393	2.959183673469388
mom 5m>+1%	15	-	2	1	415	189	-0.2524745999631037	0.33875130967084355	0.6891389246773608	4.402332361516035
mom 5m>+1%	15	-	2	3	415	189	-0.2524745999631037	0.031615349588163255	0.3107091706889532	4.402332361516035
mom 5m>+1%	15	-	2	5	415	189	-0.2524745999631037	0.0022419978368804464	0.13055654589562712	4.402332361516035
mom 5m>+1%	15	-	4	1	403	188	-0.20321852512966504	0.420420130580634	0.6753896683185986	4.307580174927114
mom 5m>+1%	15	-	4	3	403	188	-0.20321852512966504	0.05665831264417434	0.29039392844280165	4.307580174927114
mom 5m>+1%	15	-	4	5	403	188	-0.20321852512966504	0.005399307434097607	0.11504327461059471	4.307580174927114
mom 5m>+1%	15	2	2	1	444	191	-0.24671803796405145	0.3232693866121367	0.6933604682131044	4.628279883381925
mom 5m>+1%	15	2	2	3	444	191	-0.24671803796405145	0.027507776139397817	0.31658098979020083	4.628279883381925
mom 5m>+1%	15	2	2	5	444	191	-0.24671803796405145	0.0017681419238304713	0.13475922179028954	4.628279883381925
mom 5m>+1%	15	2	4	1	428	190	-0.24162895684204283	0.3424502234643025	0.6795269863343131	4.504373177842566
mom 5m>+1%	15	2	4	3	428	190	-0.24162895684204283	0.03186279588618887	0.29588182766423665	4.504373177842566
mom 5m>+1%	15	2	4	5	428	190	-0.24162895684204283	0.0021387591527728916	0.11874657109207105	4.504373177842566
mom 5m>+1%	15	4	2	1	421	189	-0.23900396298125468	0.3529819108317023	0.6891389246773608	4.446064139941691
mom 5m>+1%	15	4	2	3	421	189	-0.23900396298125468	0.035629445478413	0.3107091706889532	4.446064139941691
mom 5m>+1%	15	4	2	5	421	189	-0.23900396298125468	0.0027123518964108995	0.13055654589562712	4.446064139941691
mom 5m>+1%	15	4	4	1	411	188	-0.18990888154034605	0.4402449839386152	0.6753896683185986	4.365889212827989
mom 5m>+1%	15	4	4	3	411	188	-0.18990888154034605	0.06704667971246356	0.29039392844280165	4.365889212827989
mom 5m>+1%	15	4	4	5	411	188	-0.18990888154034605	0.0073494756304135645	0.11504327461059471	4.365889212827989
mom 5m>+1%	60	-	2	1	314	149	-0.1489152214403823	0.5900462939607729	0.8917092782266639	3.3746355685131197
mom 5m>+1%	60	-	2	3	314	149	-0.1489152214403823	0.14534070741531635	0.6466492322620011	3.3746355685131197
mom 5m>+1%	60	-	2	5	314	149	-0.1489152214403823	0.023037839924734373	0.41474992232072566	3.3746355685131197
mom 5m>+1%	60	-	4	1	277	143	-0.07426305637459152	0.7545207253913532	0.7946411173765932	3.0612244897959187
mom 5m>+1%	60	-	4	3	277	143	-0.07426305637459152	0.2801214387333612	0.4464776836026882	3.0612244897959187
mom 5m>+1%	60	-	4	5	277	143	-0.07426305637459152	0.06039098243161641	0.2122760043745903	3.0612244897959187
mom 5m>+1%	60	2	2	1	385	158	-0.23073126303601857	0.390408698189746	0.900523815639464	3.9577259475218662
mom 5m>+1%	60	2	2	3	385	158	-0.23073126303601857	0.04336161819437427	0.6620379496940793	3.9577259475218662
mom 5m>+1%	60	2	2	5	385	158	-0.23073126303601857	0.0031305562334703655	0.4261963446861876	3.9577259475218662
mom 5m>+1%	60	2	4	1	333	150	-0.16065252189844742	0.5502975905764025	0.8146087952205756	3.5204081632653064
mom 5m>+1%	60	2	4	3	333	150	-0.16065252189844742	0.1130816869569073	0.4725200511352383	3.5204081632653064
mom 5m>+1%	60	2	4	5	333	150	-0.16065252189844742	0.013340551286223624	0.22600793795392024	3.5204081632653064
mom 5m>+1%	60	4	2	1	335	151	-0.17166284892918657	0.5308956165371845	0.859873983735145	3.542274052478134
mom 5m>+1%	60	4	2	3	335	151	-0.17166284892918657	0.10603142064107761	0.5808895023683354	3.542274052478134
mom 5m>+1%	60	4	2	5	335	151	-0.17166284892918657	0.013451784245191322	0.3474507227583459	3.542274052478134
mom 5m>+1%	60	4	4	1	295	144	-0.09219325963286695	0.711106321530836	0.7851380740182642	3.1997084548104957
mom 5m>+1%	60	4	4	3	295	144	-0.09219325963286695	0.23653773077439622	0.4310581847609803	3.1997084548104957
mom 5m>+1%	60	4	4	5	295	144	-0.09219325963286695	0.044114018140132924	0.2004620231417862	3.1997084548104957
mom 5m>+1%	eod	-	2	1	239	123	-0.13002606634798414	0.6518577723507419	0.9021210245000909	2.6384839650145775
mom 5m>+1%	eod	-	2	3	239	123	-0.13002606634798414	0.156323364793582	0.6196359779774336	2.6384839650145775
mom 5m>+1%	eod	-	2	5	239	123	-0.13002606634798414	0.02021134053358485	0.3424696534992285	2.6384839650145775
mom 5m>+1%	eod	-	4	1	188	106	-0.015234639346031517	0.8543282057214747	0.799901077831369	2.1428571428571432
mom 5m>+1%	eod	-	4	3	188	106	-0.015234639346031517	0.3231407540270741	0.39887238505196915	2.1428571428571432
mom 5m>+1%	eod	-	4	5	188	106	-0.015234639346031517	0.05647961506276485	0.1406618611523509	2.1428571428571432
mom 5m>+1%	eod	2	2	1	372	149	-0.2767042224791703	0.334210147190734	0.8748766256428392	3.797376093294461
mom 5m>+1%	eod	2	2	3	372	149	-0.2767042224791703	0.02493882994535455	0.579597251728891	3.797376093294461
mom 5m>+1%	eod	2	2	5	372	149	-0.2767042224791703	0.0010754736804388049	0.3159241312575646	3.797376093294461
mom 5m>+1%	eod	2	4	1	287	127	-0.18264275306182132	0.5423889363032124	0.7598501187356094	3.0174927113702625
mom 5m>+1%	eod	2	4	3	287	127	-0.18264275306182132	0.09211709508824148	0.3550711845176196	3.0174927113702625
mom 5m>+1%	eod	2	4	5	287	127	-0.18264275306182132	0.007043570621393347	0.12212228349318846	3.0174927113702625
mom 5m>+1%	eod	4	2	1	302	126	-0.2764209351182957	0.40184898418393555	0.8756883915604585	3.119533527696793
mom 5m>+1%	eod	4	2	3	302	126	-0.2764209351182957	0.04125045629578962	0.5750623411965423	3.119533527696793
mom 5m>+1%	eod	4	2	5	302	126	-0.2764209351182957	0.002342886285280779	0.30802481044962854	3.119533527696793
mom 5m>+1%	eod	4	4	1	233	110	-0.12888042478515277	0.6724091657716741	0.7727005900795454	2.5
mom 5m>+1%	eod	4	4	3	233	110	-0.12888042478515277	0.16866686117676408	0.3653298921030772	2.5
mom 5m>+1%	eod	4	4	5	233	110	-0.12888042478515277	0.01859899565379209	0.12418665225789785	2.5
dip 5m<-2%	15	-	2	1	60	9	-0.18027516084010542	0.8869902803747483	0.9545834370331603	0.5029154518950437
dip 5m<-2%	15	-	2	3	60	9	-0.18027516084010542	0.6513510188371544	0.8637728690319522	0.5029154518950437
dip 5m<-2%	15	-	2	5	60	9	-0.18027516084010542	0.43738285914719854	0.7740509663263914	0.5029154518950437
dip 5m<-2%	15	-	4	1	53	8	0.26097203448388134	1.1274075566463266	0.9748567479505655	0.4446064139941691
dip 5m<-2%	15	-	4	3	53	8	0.26097203448388134	1.2934501596466377	0.9190998003561365	0.4446064139941691
dip 5m<-2%	15	-	4	5	53	8	0.26097203448388134	1.3079348934021362	0.8564698274623292	0.4446064139941691
dip 5m<-2%	15	2	2	1	61	9	-0.2874901174920004	0.8322394619930674	0.9552807397957286	0.5102040816326531
dip 5m<-2%	15	2	2	3	61	9	-0.2874901174920004	0.5482382935474885	0.8655968554301509	0.5102040816326531
dip 5m<-2%	15	2	2	5	61	9	-0.2874901174920004	0.33727881832311185	0.776679476633589	0.5102040816326531
dip 5m<-2%	15	2	4	1	56	8	0.0483730792782161	1.0176676694812063	0.975568859932696	0.4664723032069971
dip 5m<-2%	15	2	4	3	56	8	0.0483730792782161	0.9933852025739547	0.9210406178957239	0.4664723032069971
dip 5m<-2%	15	2	4	5	56	8	0.0483730792782161	0.8917350557573765	0.859378214464251	0.4664723032069971
dip 5m<-2%	15	4	2	1	61	9	-0.12094249962697151	0.9176997406181282	0.9545834370331603	0.5102040816326531
dip 5m<-2%	15	4	2	3	61	9	-0.12094249962697151	0.7198014452613501	0.8637728690319522	0.5102040816326531
dip 5m<-2%	15	4	2	5	61	9	-0.12094249962697151	0.5147512641173497	0.7740509663263914	0.5102040816326531
dip 5m<-2%	15	4	4	1	53	8	0.08699261157292877	1.0351007641124035	0.9748567479505655	0.4446064139941691
dip 5m<-2%	15	4	4	3	53	8	0.08699261157292877	1.0340175420315898	0.9190998003561365	0.4446064139941691
dip 5m<-2%	15	4	4	5	53	8	0.08699261157292877	0.9385991972490335	0.8564698274623292	0.4446064139941691
dip 5m<-2%	60	-	2	1	49	9	-0.5553150488294758	0.7524083518621824	0.9960644113459929	0.42274052478134116
dip 5m<-2%	60	-	2	3	49	9	-0.5553150488294758	0.39610168188803907	0.9712308114806265	0.42274052478134116
dip 5m<-2%	60	-	2	5	49	9	-0.5553150488294758	0.1896627719195182	0.9266569772867113	0.42274052478134116
dip 5m<-2%	60	-	4	1	40	7	0.5008292556397498	1.176141035092473	0.9749239603252463	0.3425655976676385
dip 5m<-2%	60	-	4	3	40	7	0.5008292556397498	1.3407067237584853	0.9018435426977227	0.3425655976676385
dip 5m<-2%	60	-	4	5	40	7	0.5008292556397498	1.2325004869459029	0.8034824846666246	0.3425655976676385
dip 5m<-2%	60	2	2	1	60	9	-0.5239673744487457	0.7220571558682505	0.9784329405491453	0.5029154518950437
dip 5m<-2%	60	2	2	3	60	9	-0.5239673744487457	0.3515297280641425	0.9265369191313245	0.5029154518950437
dip 5m<-2%	60	2	2	5	60	9	-0.5239673744487457	0.1558207877116232	0.8645364090000008	0.5029154518950437
dip 5m<-2%	60	2	4	1	54	7	-0.07120921582312179	0.9451686138561075	0.9576666995097599	0.4446064139941691
dip 5m<-2%	60	2	4	3	54	7	-0.07120921582312179	0.754732458853506	0.8603426988851196	0.4446064139941691
dip 5m<-2%	60	2	4	5	54	7	-0.07120921582312179	0.51236886881956	0.7496191999999992	0.4446064139941691
dip 5m<-2%	60	4	2	1	57	9	-0.4679134283222365	0.7549136312386407	0.9795241952639249	0.48104956268221577
dip 5m<-2%	60	4	2	3	57	9	-0.4679134283222365	0.39492067222992844	0.9275971183425117	0.48104956268221577
dip 5m<-2%	60	4	2	5	57	9	-0.4679134283222365	0.18453125046696603	0.8634743678047017	0.48104956268221577
dip 5m<-2%	60	4	4	1	47	7	-0.10782221060263743	0.9297612941063553	0.9587347934564341	0.3935860058309038
dip 5m<-2%	60	4	4	3	47	7	-0.10782221060263743	0.7024132044526338	0.8613271546924111	0.3935860058309038
dip 5m<-2%	60	4	4	5	47	7	-0.10782221060263743	0.4400563933125861	0.7486983290419927	0.3935860058309038
dip 5m<-2%	eod	-	2	1	40	9	-0.22131573382995345	0.8961739194191224	0.9707527117837811	0.35714285714285715
dip 5m<-2%	eod	-	2	3	40	9	-0.22131573382995345	0.6419043463161523	0.8927792741225188	0.35714285714285715
dip 5m<-2%	eod	-	2	5	40	9	-0.22131573382995345	0.4023080107849165	0.7976379259942241	0.35714285714285715
dip 5m<-2%	eod	2	2	1	60	9	-0.49237895625179684	0.735551276041792	0.9784329405491453	0.5029154518950437
dip 5m<-2%	eod	2	2	3	60	9	-0.49237895625179684	0.37064870206253636	0.9265369191313245	0.5029154518950437
dip 5m<-2%	eod	2	2	5	60	9	-0.49237895625179684	0.16947730556347548	0.8645364090000008	0.5029154518950437
dip 5m<-2%	eod	2	4	1	53	7	0.0022982292322327254	0.9811896142992481	0.9576666995097599	0.4373177842565598
dip 5m<-2%	eod	2	4	3	53	7	0.0022982292322327254	0.8321585793586821	0.8603426988851196	0.4373177842565598
dip 5m<-2%	eod	2	4	5	53	7	0.0022982292322327254	0.5869561375346364	0.7496191999999992	0.4373177842565598
dip 5m<-2%	eod	4	2	1	56	9	-0.5065514200010832	0.740693880572386	0.9351371572483809	0.47376093294460647
dip 5m<-2%	eod	4	2	3	56	9	-0.5065514200010832	0.3686943695418964	0.8071441250193956	0.47376093294460647
dip 5m<-2%	eod	4	2	5	56	9	-0.5065514200010832	0.16159071190012927	0.6846448480781923	0.47376093294460647
dip 5m<-2%	eod	4	4	1	42	7	0.044829219460790215	0.9931245454822083	0.9056599928487086	0.35714285714285715
dip 5m<-2%	eod	4	4	3	42	7	0.044829219460790215	0.8380413926464357	0.7248170074613282	0.35714285714285715
dip 5m<-2%	eod	4	4	5	42	7	0.044829219460790215	0.5698958876174451	0.5596349541466092	0.35714285714285715
mom 5m>+2%	15	-	2	1	59	13	-0.20561268885110387	0.875742442435219	1.0110288741927982	0.5247813411078718
mom 5m>+2%	15	-	2	3	59	13	-0.20561268885110387	0.6281191569009256	1.0262071000558697	0.5247813411078718
mom 5m>+2%	15	-	2	5	59	13	-0.20561268885110387	0.4127834832952388	1.0321382931713234	0.5247813411078718
mom 5m>+2%	15	-	4	1	56	13	-0.006718214636209403	0.9757440847298153	1.0054893061360377	0.5029154518950437
mom 5m>+2%	15	-	4	3	56	13	-0.006718214636209403	0.8270805120033345	1.0086211095107995	0.5029154518950437
mom 5m>+2%	15	-	4	5	56	13	-0.006718214636209403	0.6070282826158677	1.0013487103147019	0.5029154518950437
mom 5m>+2%	15	2	2	1	71	14	-0.22659156762885152	0.842469948637288	1.0098313104386805	0.619533527696793
mom 5m>+2%	15	2	2	3	71	14	-0.22659156762885152	0.5609997260155621	1.023761822021364	0.619533527696793
mom 5m>+2%	15	2	2	5	71	14	-0.22659156762885152	0.3425457902253818	1.0298325364986824	0.619533527696793
mom 5m>+2%	15	2	4	1	68	14	-0.11638697704992368	0.9114882705732111	1.0042983040005713	0.5976676384839651
mom 5m>+2%	15	2	4	3	68	14	-0.11638697704992368	0.6963013565193201	1.0062177359187718	0.5976676384839651
mom 5m>+2%	15	2	4	5	68	14	-0.11638697704992368	0.47198763428885326	0.9991117363687451	0.5976676384839651
mom 5m>+2%	15	4	2	1	65	13	-0.00596130087704342	0.9817200542535401	1.0110288741927982	0.5685131195335278
mom 5m>+2%	15	4	2	3	65	13	-0.00596130087704342	0.8688423487516419	1.0262071000558697	0.5685131195335278
mom 5m>+2%	15	4	2	5	65	13	-0.00596130087704342	0.6888605055636237	1.0321382931713234	0.5685131195335278
mom 5m>+2%	15	4	4	1	60	13	0.28427352136746853	1.165478161051012	1.0054893061360377	0.5320699708454811
mom 5m>+2%	15	4	4	3	60	13	0.28427352136746853	1.4278579316651625	1.0086211095107995	0.5320699708454811
mom 5m>+2%	15	4	4	5	60	13	0.28427352136746853	1.5257608435919392	1.0013487103147019	0.5320699708454811
mom 5m>+2%	60	-	2	1	46	13	-0.013436453951521063	0.9741053353574701	1.028881128852371	0.43002915451895046
mom 5m>+2%	60	-	2	3	46	13	-0.013436453951521063	0.8269694694738179	1.0796573948051824	0.43002915451895046
mom 5m>+2%	60	-	2	5	46	13	-0.013436453951521063	0.6143308908337713	1.120323735087405	0.43002915451895046
mom 5m>+2%	60	-	4	1	42	13	-0.1515200147734343	0.9114969119173792	1.032561486704821	0.40087463556851316
mom 5m>+2%	60	-	4	3	42	13	-0.1515200147734343	0.6428953933102761	1.088146247733388	0.40087463556851316
mom 5m>+2%	60	-	4	5	42	13	-0.1515200147734343	0.3685320270752622	1.1285959054283101	0.40087463556851316
mom 5m>+2%	60	2	2	1	70	14	-0.2451108615346514	0.8317920126828762	1.0279182637285882	0.6122448979591837
mom 5m>+2%	60	2	2	3	70	14	-0.2451108615346514	0.5332962936756755	1.0789059381345785	0.6122448979591837
mom 5m>+2%	60	2	2	5	70	14	-0.2451108615346514	0.30834172977683394	1.1224648230447598	0.6122448979591837
mom 5m>+2%	60	2	4	1	64	14	-0.15257011021871017	0.8877490464373838	1.0315951773656475	0.5685131195335278
mom 5m>+2%	60	2	4	3	64	14	-0.15257011021871017	0.6116835013905473	1.0873888827022338	0.5685131195335278
mom 5m>+2%	60	2	4	5	64	14	-0.15257011021871017	0.34675556364212057	1.1307528026055749	0.5685131195335278
mom 5m>+2%	60	4	2	1	59	13	0.10340072695381525	1.0428182838534548	1.030932552441682	0.5247813411078718
mom 5m>+2%	60	4	2	3	59	13	0.10340072695381525	1.0151850185953002	1.0856755268388563	0.5247813411078718
mom 5m>+2%	60	4	2	5	59	13	0.10340072695381525	0.8582820074358152	1.1300680607578453	0.5247813411078718
mom 5m>+2%	60	4	4	1	51	13	0.28038135825791977	1.1257780731957037	1.0346202483361115	0.4664723032069971
mom 5m>+2%	60	4	4	3	51	13	0.28038135825791977	1.2321233013985597	1.0942116975902736	0.4664723032069971
mom 5m>+2%	60	4	4	5	51	13	0.28038135825791977	1.1060275786148035	1.138412180589133	0.4664723032069971
mom 5m>+2%	eod	-	2	1	32	13	0.8257955592212808	1.2277144059992078	1.10617178100627	0.32798833819241985
mom 5m>+2%	eod	-	2	3	32	13	0.8257955592212808	1.448343464889421	1.3220749958808642	0.32798833819241985
mom 5m>+2%	eod	-	2	5	32	13	0.8257955592212808	1.387511989477318	1.536453319718328	0.32798833819241985
mom 5m>+2%	eod	-	4	1	28	13	0.6265285038933303	1.11276173934485	1.12904035727393	0.29883381924198255
mom 5m>+2%	eod	-	4	3	28	13	0.6265285038933303	1.0161618645032235	1.4034726876757622	0.29883381924198255
mom 5m>+2%	eod	-	4	5	28	13	0.6265285038933303	0.6902373018085074	1.6913821812351482	0.29883381924198255
mom 5m>+2%	eod	2	2	1	70	14	-0.18735744797815956	0.865327828130724	1.0865107162974625	0.6122448979591837
mom 5m>+2%	eod	2	2	3	70	14	-0.18735744797815956	0.5972335699847785	1.267405850930223	0.6122448979591837
mom 5m>+2%	eod	2	2	5	70	14	-0.18735744797815956	0.36911552562625566	1.4554860061083648	0.6122448979591837
mom 5m>+2%	eod	2	4	1	64	14	-0.19872521919593825	0.8592409708901289	1.1089728271629877	0.5685131195335278
mom 5m>+2%	eod	2	4	3	64	14	-0.19872521919593825	0.5436846018446964	1.345437665429772	0.5685131195335278
mom 5m>+2%	eod	2	4	5	64	14	-0.19872521919593825	0.2746258358118086	1.6022504974118634	0.5685131195335278
mom 5m>+2%	eod	4	2	1	58	13	0.2116194806388083	1.1059230905504847	1.071280247230559	0.5174927113702624
mom 5m>+2%	eod	4	2	3	58	13	0.2116194806388083	1.1906690835196039	1.2107211680755348	0.5174927113702624
mom 5m>+2%	eod	4	2	5	58	13	0.2116194806388083	1.0907481778765347	1.342180095920277	0.5174927113702624
mom 5m>+2%	eod	4	4	1	50	13	0.21762916739831703	1.0783245581086318	1.0934274891494797	0.4591836734693878
mom 5m>+2%	eod	4	4	3	50	13	0.21762916739831703	1.0255680131301779	1.2852630123700104	0.4591836734693878
mom 5m>+2%	eod	4	4	5	50	13	0.21762916739831703	0.7412410698435395	1.4775193421849055	0.4591836734693878
dip 15m<-1%	15	-	2	1	1066	387	-0.18559764305848225	0.12845361295096167	0.38247352173374244	10.590379008746357
dip 15m<-1%	15	-	2	3	1066	387	-0.18559764305848225	0.0014039328059554169	0.0507136747007078	10.590379008746357
dip 15m<-1%	15	-	2	5	1066	387	-0.18559764305848225	9.211318316178677e-06	0.005874253026155439	10.590379008746357
dip 15m<-1%	15	-	4	1	1040	375	-0.18478624435142132	0.13593843524314675	0.38173033531475564	10.313411078717202
dip 15m<-1%	15	-	4	3	1040	375	-0.18478624435142132	0.001657913409400577	0.05055650075426237	10.313411078717202
dip 15m<-1%	15	-	4	5	1040	375	-0.18478624435142132	1.1980453893032167e-05	0.005863233226219301	10.313411078717202
dip 15m<-1%	15	2	2	1	1074	387	-0.21460020954422562	0.09491603006723273	0.37690918281330416	10.648688046647232
dip 15m<-1%	15	2	2	3	1074	387	-0.21460020954422562	0.0006312884631075445	0.04862771307617678	10.648688046647232
dip 15m<-1%	15	2	2	5	1074	387	-0.21460020954422562	2.7744090214206883e-06	0.005493492856580993	10.648688046647232
dip 15m<-1%	15	2	4	1	1045	375	-0.20742491980795574	0.10869971685276812	0.37966964672194503	10.349854227405249
dip 15m<-1%	15	2	4	3	1045	375	-0.20742491980795574	0.0009364819001785496	0.04979109233303111	10.349854227405249
dip 15m<-1%	15	2	4	5	1045	375	-0.20742491980795574	5.20516691871952e-06	0.005724433517176609	10.349854227405249
dip 15m<-1%	15	4	2	1	1069	387	-0.19825716354572595	0.11360464230849598	0.38247352173374244	10.612244897959185
dip 15m<-1%	15	4	2	3	1069	387	-0.19825716354572595	0.0010501263344614765	0.0507136747007078	10.612244897959185
dip 15m<-1%	15	4	2	5	1069	387	-0.19825716354572595	6.2074175700679795e-06	0.005874253026155439	10.612244897959185
dip 15m<-1%	15	4	4	1	1042	375	-0.2041823964485045	0.11273303502410724	0.38173033531475564	10.327988338192421
dip 15m<-1%	15	4	4	3	1042	375	-0.2041823964485045	0.0010248752120599976	0.05055650075426237	10.327988338192421
dip 15m<-1%	15	4	4	5	1042	375	-0.2041823964485045	5.886252356901723e-06	0.005863233226219301	10.327988338192421
dip 15m<-1%	60	-	2	1	805	297	-0.19949238664681762	0.17833702051865713	0.645443729814485	8.032069970845482
dip 15m<-1%	60	-	2	3	805	297	-0.19949238664681762	0.002965471967983982	0.22344074695916366	8.032069970845482
dip 15m<-1%	60	-	2	5	805	297	-0.19949238664681762	2.2310313859468984e-05	0.06036887008048804	8.032069970845482
dip 15m<-1%	60	-	4	1	698	255	-0.1782483574029563	0.2551796403863443	0.6286802271267401	6.946064139941692
dip 15m<-1%	60	-	4	3	698	255	-0.1782483574029563	0.008403978755564258	0.20608441385848905	6.946064139941692
dip 15m<-1%	60	-	4	5	698	255	-0.1782483574029563	0.00011601988188313028	0.05185065706296572	6.946064139941692
dip 15m<-1%	60	2	2	1	848	301	-0.2288454577863547	0.1321419603016634	0.6065477871181899	8.37463556851312
dip 15m<-1%	60	2	2	3	848	301	-0.2288454577863547	0.0013916850954600161	0.18837291761632613	8.37463556851312
dip 15m<-1%	60	2	2	5	848	301	-0.2288454577863547	7.3479014084562564e-06	0.04644515313032138	8.37463556851312
dip 15m<-1%	60	2	4	1	719	258	-0.22552445416640388	0.18156145794522938	0.6323500364804661	7.120991253644315
dip 15m<-1%	60	2	4	3	719	258	-0.22552445416640388	0.003538001026913616	0.21061594832087144	7.120991253644315
dip 15m<-1%	60	2	4	5	719	258	-0.22552445416640388	3.2596952933723634e-05	0.054103100950346886	7.120991253644315
dip 15m<-1%	60	4	2	1	819	297	-0.22590679747092057	0.14371090769948955	0.6325959626483878	8.134110787172013
dip 15m<-1%	60	4	2	3	819	297	-0.22590679747092057	0.0017331205206717658	0.21150486280664202	8.134110787172013
dip 15m<-1%	60	4	2	5	819	297	-0.22590679747092057	1.0165796238445856e-05	0.05550694374426161	8.134110787172013
dip 15m<-1%	60	4	4	1	705	255	-0.21424696676246408	0.2011777540750338	0.6295187147710638	6.997084548104957
dip 15m<-1%	60	4	4	3	705	255	-0.21424696676246408	0.00459938643714714	0.2068519240622577	6.997084548104957
dip 15m<-1%	60	4	4	5	705	255	-0.21424696676246408	4.7288111035874145e-05	0.05215166524422006	6.997084548104957
dip 15m<-1%	eod	-	2	1	556	212	-0.20385668547560715	0.2714320122413707	0.6870721254065527	5.597667638483966
dip 15m<-1%	eod	-	2	3	556	212	-0.20385668547560715	0.008296323764774655	0.24483103760330852	5.597667638483966
dip 15m<-1%	eod	-	2	5	556	212	-0.20385668547560715	9.175310704387311e-05	0.06093490415309047	5.597667638483966
dip 15m<-1%	eod	-	4	1	399	153	-0.20279699694861023	0.37132043621728894	0.6809302569531615	4.02332361516035
dip 15m<-1%	eod	-	4	3	399	153	-0.20279699694861023	0.019042970361264094	0.23734713780659192	4.02332361516035
dip 15m<-1%	eod	-	4	5	399	153	-0.20279699694861023	0.0002815027953220531	0.05562918555200639	4.02332361516035
dip 15m<-1%	eod	2	2	1	711	256	-0.23630467153841028	0.16724762168018678	0.5833530018291698	7.048104956268222
dip 15m<-1%	eod	2	2	3	711	256	-0.23630467153841028	0.0024302850925357763	0.15857740518421176	7.048104956268222
dip 15m<-1%	eod	2	2	5	711	256	-0.23630467153841028	1.4490243326695825e-05	0.03177309901960194	7.048104956268222
dip 15m<-1%	eod	2	4	1	497	183	-0.2506130068679257	0.25455873469778423	0.6243626402216924	4.956268221574344
dip 15m<-1%	eod	2	4	3	497	183	-0.2506130068679257	0.007630623919564215	0.18913225963069621	4.956268221574344
dip 15m<-1%	eod	2	4	5	497	183	-0.2506130068679257	7.441956092696932e-05	0.03974939298330323	4.956268221574344
dip 15m<-1%	eod	4	2	1	611	225	-0.21853358145570273	0.23247500972644441	0.6574214766366506	6.0932944606414
dip 15m<-1%	eod	4	2	3	611	225	-0.21853358145570273	0.006038066149067605	0.21779543424021114	6.0932944606414
dip 15m<-1%	eod	4	2	5	611	225	-0.21853358145570273	5.978046081376926e-05	0.050930805449090816	6.0932944606414
dip 15m<-1%	eod	4	4	1	439	158	-0.22346227368512694	0.3259666688110368	0.661672658336437	4.35131195335277
dip 15m<-1%	eod	4	4	3	439	158	-0.22346227368512694	0.01464256004104296	0.21880922958370747	4.35131195335277
dip 15m<-1%	eod	4	4	5	439	158	-0.22346227368512694	0.00019491597764656344	0.04875312294876167	4.35131195335277
mom 15m>+1%	15	-	2	1	871	411	-0.17513922782702568	0.20904113177199932	0.3944449297561833	9.344023323615161
mom 15m>+1%	15	-	2	3	871	411	-0.17513922782702568	0.007206269563379467	0.0567695692347672	9.344023323615161
mom 15m>+1%	15	-	2	5	871	411	-0.17513922782702568	0.0001811456468987723	0.007349376630745974	9.344023323615161
mom 15m>+1%	15	-	4	1	863	411	-0.16659378775782432	0.2259012074983175	0.38046416445855025	9.285714285714286
mom 15m>+1%	15	-	4	3	863	411	-0.16659378775782432	0.00860136949127454	0.05064471891080297	9.285714285714286
mom 15m>+1%	15	-	4	5	863	411	-0.16659378775782432	0.00022284138343115688	0.00600983692604497	9.285714285714286
mom 15m>+1%	15	2	2	1	894	414	-0.1948272763411508	0.1686531387732112	0.3936523900845453	9.533527696793003
mom 15m>+1%	15	2	2	3	894	414	-0.1948272763411508	0.0038036247674323133	0.05648314263174815	9.533527696793003
mom 15m>+1%	15	2	2	5	894	414	-0.1948272763411508	6.244678286319436e-05	0.007297877457068353	9.533527696793003
mom 15m>+1%	15	2	4	1	884	414	-0.18687853723900102	0.18343807254543842	0.3801419843627833	9.460641399416911
mom 15m>+1%	15	2	4	3	884	414	-0.18687853723900102	0.004711036444931089	0.050574682006233766	9.460641399416911
mom 15m>+1%	15	2	4	5	884	414	-0.18687853723900102	8.284560060833059e-05	0.006006404203098013	9.460641399416911
mom 15m>+1%	15	4	2	1	876	411	-0.1853039720845555	0.18982915512232795	0.3944449297561833	9.380466472303208
mom 15m>+1%	15	4	2	3	876	411	-0.1853039720845555	0.005427892083668584	0.0567695692347672	9.380466472303208
mom 15m>+1%	15	4	2	5	876	411	-0.1853039720845555	0.00011355309910647342	0.007349376630745974	9.380466472303208
mom 15m>+1%	15	4	4	1	870	411	-0.17133823558489553	0.2151249741746666	0.38046416445855025	9.336734693877553
mom 15m>+1%	15	4	4	3	870	411	-0.17133823558489553	0.0075354807478408715	0.05064471891080297	9.336734693877553
mom 15m>+1%	15	4	4	5	870	411	-0.17133823558489553	0.00018018183351170105	0.00600983692604497	9.336734693877553
mom 15m>+1%	60	-	2	1	629	293	-0.17220851305771143	0.3155608789198653	0.5904961842067316	6.720116618075802
mom 15m>+1%	60	-	2	3	629	293	-0.17220851305771143	0.0208302657440887	0.17920817427897104	6.720116618075802
mom 15m>+1%	60	-	2	5	629	293	-0.17220851305771143	0.000805111752706949	0.04508655593830765	6.720116618075802
mom 15m>+1%	60	-	4	1	600	283	-0.12770452489170953	0.42458576404718384	0.5717463928379923	6.435860058309038
mom 15m>+1%	60	-	4	3	600	283	-0.12770452489170953	0.045721582599542614	0.1607170874382659	6.435860058309038
mom 15m>+1%	60	-	4	5	600	283	-0.12770452489170953	0.0025313734300124132	0.036553780492745463	6.435860058309038
mom 15m>+1%	60	2	2	1	700	312	-0.18034999736923593	0.2653275622950277	0.5493933256165437	7.376093294460642
mom 15m>+1%	60	2	2	3	700	312	-0.18034999736923593	0.012644738037034566	0.14315978293277004	7.376093294460642
mom 15m>+1%	60	2	2	5	700	312	-0.18034999736923593	0.0003541183582966769	0.030536941993210113	7.376093294460642
mom 15m>+1%	60	2	4	1	659	300	-0.14977467830270763	0.3456143993701857	0.5658204443014043	6.9897959183673475
mom 15m>+1%	60	2	4	3	659	300	-0.14977467830270763	0.025871153193804643	0.15326083701480883	6.9897959183673475
mom 15m>+1%	60	2	4	5	659	300	-0.14977467830270763	0.0009973693307654403	0.032834144220839336	6.9897959183673475
mom 15m>+1%	60	4	2	1	647	295	-0.17566721844089905	0.2999253128069118	0.5731134337928759	6.865889212827989
mom 15m>+1%	60	4	2	3	647	295	-0.17566721844089905	0.018004189225615128	0.1639871030265345	6.865889212827989
mom 15m>+1%	60	4	2	5	647	295	-0.17566721844089905	0.0006298597357854906	0.03891272184455069	6.865889212827989
mom 15m>+1%	60	4	4	1	617	284	-0.130354990694318	0.41212402303903345	0.57103094647642	6.567055393586006
mom 15m>+1%	60	4	4	3	617	284	-0.130354990694318	0.04246194676598726	0.15990104651484308	6.567055393586006
mom 15m>+1%	60	4	4	5	617	284	-0.130354990694318	0.002191827614144074	0.036173155717480615	6.567055393586006
mom 15m>+1%	eod	-	2	1	445	211	-0.07661244518963085	0.625526030231138	0.7102751915657236	4.781341107871721
mom 15m>+1%	eod	-	2	3	445	211	-0.07661244518963085	0.1266537069733011	0.2814702264942226	4.781341107871721
mom 15m>+1%	eod	-	2	5	445	211	-0.07661244518963085	0.012047452950755533	0.08164076860984143	4.781341107871721
mom 15m>+1%	eod	-	4	1	360	174	-0.009814186323809154	0.8360661878340488	0.6520097037972266	3.8921282798833823
mom 15m>+1%	eod	-	4	3	360	174	-0.009814186323809154	0.2726366052585331	0.20432903783328352	3.8921282798833823
mom 15m>+1%	eod	-	4	5	360	174	-0.009814186323809154	0.03490969993802665	0.04178621747159895	3.8921282798833823
mom 15m>+1%	eod	2	2	1	604	258	-0.1608963686939885	0.3460085968824272	0.569155502531975	6.282798833819243
mom 15m>+1%	eod	2	2	3	604	258	-0.1608963686939885	0.024119145840183386	0.14818638487556837	6.282798833819243
mom 15m>+1%	eod	2	2	5	604	258	-0.1608963686939885	0.0008073182727273471	0.028670168221123688	6.282798833819243
mom 15m>+1%	eod	2	4	1	491	209	-0.12479495302586134	0.4829029508856357	0.6121462975241012	5.102040816326531
mom 15m>+1%	eod	2	4	3	491	209	-0.12479495302586134	0.05479148950680253	0.17142741261640146	5.102040816326531
mom 15m>+1%	eod	2	4	5	491	209	-0.12479495302586134	0.002195326170113773	0.03149987381878383	5.102040816326531
mom 15m>+1%	eod	4	2	1	509	224	-0.1726267236716786	0.37710322244017846	0.6864076073366088	5.3425655976676385
mom 15m>+1%	eod	4	2	3	509	224	-0.1726267236716786	0.030260969509242053	0.2546655146407987	5.3425655976676385
mom 15m>+1%	eod	4	2	5	509	224	-0.1726267236716786	0.0011429183302178448	0.06900156949270038	5.3425655976676385
mom 15m>+1%	eod	4	4	1	404	183	-0.06692134556073567	0.6787322585815112	0.640644257381556	4.278425655976677
mom 15m>+1%	eod	4	4	3	404	183	-0.06692134556073567	0.15287601220901173	0.19348285872476215	4.278425655976677
mom 15m>+1%	eod	4	4	5	404	183	-0.06692134556073567	0.012683656856822729	0.03789915760332551	4.278425655976677
dip 15m<-2%	15	-	2	1	205	69	-0.09470911823644684	0.7891528568306546	0.8235526608023479	1.9970845481049564
dip 15m<-2%	15	-	2	3	205	69	-0.09470911823644684	0.39308972122079877	0.5422859198920644	1.9970845481049564
dip 15m<-2%	15	-	2	5	205	69	-0.09470911823644684	0.15199202399073578	0.34292899910685765	1.9970845481049564
dip 15m<-2%	15	-	4	1	186	66	-0.11990421897581484	0.7665512823685451	0.8312115729011612	1.8367346938775513
dip 15m<-2%	15	-	4	3	186	66	-0.11990421897581484	0.35875679755061163	0.55461925747591	1.8367346938775513
dip 15m<-2%	15	-	4	5	186	66	-0.11990421897581484	0.12859585435464543	0.35262215356210613	1.8367346938775513
dip 15m<-2%	15	2	2	1	210	69	-0.19074071609258716	0.6572360058063025	0.8130177703399346	2.033527696793003
dip 15m<-2%	15	2	2	3	210	69	-0.19074071609258716	0.25284262816356157	0.5226577873138527	2.033527696793003
dip 15m<-2%	15	2	2	5	210	69	-0.19074071609258716	0.08312404326234774	0.32335463125087854	2.033527696793003
dip 15m<-2%	15	2	4	1	190	66	-0.19209239589412294	0.6802845352604208	0.8218694324179402	1.8658892128279885
dip 15m<-2%	15	2	4	3	190	66	-0.19209239589412294	0.2778351887384422	0.5370752171087693	1.8658892128279885
dip 15m<-2%	15	2	4	5	190	66	-0.19209239589412294	0.09516205300091045	0.3351184664650134	1.8658892128279885
dip 15m<-2%	15	4	2	1	207	69	-0.16241708289780787	0.6978354401239117	0.8235526608023479	2.011661807580175
dip 15m<-2%	15	4	2	3	207	69	-0.16241708289780787	0.2955694930111208	0.5422859198920644	2.011661807580175
dip 15m<-2%	15	4	2	5	207	69	-0.16241708289780787	0.10420887785708287	0.34292899910685765	2.011661807580175
dip 15m<-2%	15	4	4	1	187	66	-0.22083018186169734	0.6468203983649287	0.8312115729011612	1.8440233236151604
dip 15m<-2%	15	4	4	3	187	66	-0.22083018186169734	0.23571410420979386	0.55461925747591	1.8440233236151604
dip 15m<-2%	15	4	4	5	187	66	-0.22083018186169734	0.07102118161182075	0.35262215356210613	1.8440233236151604
dip 15m<-2%	60	-	2	1	180	65	-0.23007125249704208	0.6203888231930198	0.8441908970139268	1.7857142857142858
dip 15m<-2%	60	-	2	3	180	65	-0.23007125249704208	0.17352848809076926	0.5635020102408652	1.7857142857142858
dip 15m<-2%	60	-	2	5	180	65	-0.23007125249704208	0.034175694438392606	0.34511172927208406	1.7857142857142858
dip 15m<-2%	60	-	4	1	148	52	-0.10989737560241353	0.790775339695527	0.8218664916546429	1.457725947521866
dip 15m<-2%	60	-	4	3	148	52	-0.10989737560241353	0.3399708701968838	0.5111946628200543	1.457725947521866
dip 15m<-2%	60	-	4	5	148	52	-0.10989737560241353	0.09465477896006466	0.283113047962831	1.457725947521866
dip 15m<-2%	60	2	2	1	203	65	-0.27913390377200525	0.5504822309186765	0.7899950957763694	1.9533527696793005
dip 15m<-2%	60	2	2	3	203	65	-0.27913390377200525	0.13884266663983882	0.46808942683085436	1.9533527696793005
dip 15m<-2%	60	2	2	5	203	65	-0.27913390377200525	0.027286290708838097	0.2583470587039189	1.9533527696793005
dip 15m<-2%	60	2	4	1	162	52	-0.2736187054302197	0.6203582520964834	0.7662164797592679	1.5597667638483965
dip 15m<-2%	60	2	4	3	162	52	-0.2736187054302197	0.19294206458281205	0.41886494125556983	1.5597667638483965
dip 15m<-2%	60	2	4	5	162	52	-0.2736187054302197	0.044218065995827505	0.20629736782835134	1.5597667638483965
dip 15m<-2%	60	4	2	1	191	65	-0.2987527498814181	0.5445231593583354	0.8273870029057745	1.8658892128279885
dip 15m<-2%	60	4	2	3	191	65	-0.2987527498814181	0.1295224790332504	0.5334005412586772	1.8658892128279885
dip 15m<-2%	60	4	2	5	191	65	-0.2987527498814181	0.023054991623253675	0.31731747366896434	1.8658892128279885
dip 15m<-2%	60	4	4	1	155	52	-0.2501855177771387	0.6506747867763715	0.8055069720890398	1.5087463556851313
dip 15m<-2%	60	4	4	3	155	52	-0.2501855177771387	0.21342590772795572	0.4838873772965115	1.5087463556851313
dip 15m<-2%	60	4	4	5	155	52	-0.2501855177771387	0.049156289432616226	0.260311978766329	1.5087463556851313
dip 15m<-2%	eod	-	2	1	159	63	-0.19666538874905437	0.6594742503731114	0.9077330542176255	1.6180758017492713
dip 15m<-2%	eod	-	2	3	159	63	-0.19666538874905437	0.17714751085825928	0.6630214762430507	1.6180758017492713
dip 15m<-2%	eod	-	2	5	159	63	-0.19666538874905437	0.029155296151969903	0.41750566103327597	1.6180758017492713
dip 15m<-2%	eod	-	4	1	115	47	-0.014190411037723	0.8822895696592364	0.8796345635209463	1.1807580174927115
dip 15m<-2%	eod	-	4	3	115	47	-0.014190411037723	0.40053930458288317	0.5929231190214779	1.1807580174927115
dip 15m<-2%	eod	-	4	5	115	47	-0.014190411037723	0.09940721286920771	0.3315814191807727	1.1807580174927115
dip 15m<-2%	eod	2	2	1	202	65	-0.29198230108992845	0.5348631601169909	0.7948218520715709	1.9460641399416911
dip 15m<-2%	eod	2	2	3	202	65	-0.29198230108992845	0.12308765088306871	0.4690608134007257	1.9460641399416911
dip 15m<-2%	eod	2	2	5	202	65	-0.29198230108992845	0.02106759981776275	0.2522658973504065	1.9460641399416911
dip 15m<-2%	eod	2	4	1	152	51	-0.24794792348739975	0.6545197086654518	0.7922834959336537	1.479591836734694
dip 15m<-2%	eod	2	4	3	152	51	-0.24794792348739975	0.2087543765862858	0.44808700529780654	1.479591836734694
dip 15m<-2%	eod	2	4	5	152	51	-0.24794792348739975	0.04333299209064891	0.21746100023114465	1.479591836734694
dip 15m<-2%	eod	4	2	1	186	64	-0.3041210527467125	0.5394658814211885	0.8362903199281001	1.8221574344023326
dip 15m<-2%	eod	4	2	3	186	64	-0.3041210527467125	0.11598299696643787	0.5349337150554216	1.8221574344023326
dip 15m<-2%	eod	4	2	5	186	64	-0.3041210527467125	0.016814069612623956	0.30434189512817633	1.8221574344023326
dip 15m<-2%	eod	4	4	1	138	50	-0.20823192050531714	0.7038614816623856	0.8486799616048404	1.370262390670554
dip 15m<-2%	eod	4	4	3	138	50	-0.20823192050531714	0.23632447933849537	0.5398597628438563	1.370262390670554
dip 15m<-2%	eod	4	4	5	138	50	-0.20823192050531714	0.04612797458526917	0.2881695092534779	1.370262390670554
mom 15m>+2%	15	-	2	1	128	49	-0.1306853306933086	0.8339947863909446	0.9457183561767493	1.2900874635568513
mom 15m>+2%	15	-	2	3	128	49	-0.1306853306933086	0.5339003671851564	0.8348558163904536	1.2900874635568513
mom 15m>+2%	15	-	2	5	128	49	-0.1306853306933086	0.30713528029164866	0.7240741168057918	1.2900874635568513
mom 15m>+2%	15	-	4	1	127	49	-0.07154101962147721	0.8905883083521232	0.9443444640065667	1.282798833819242
mom 15m>+2%	15	-	4	3	127	49	-0.07154101962147721	0.6136012217834887	0.8309400284843573	1.282798833819242
mom 15m>+2%	15	-	4	5	127	49	-0.07154101962147721	0.354355821448683	0.7179609495030717	1.282798833819242
mom 15m>+2%	15	2	2	1	149	50	-0.18400341294574293	0.7492080187883222	0.947176974166336	1.4504373177842567
mom 15m>+2%	15	2	2	3	149	50	-0.18400341294574293	0.3850137194661857	0.8384152662857816	1.4504373177842567
mom 15m>+2%	15	2	2	5	149	50	-0.18400341294574293	0.17547325539875272	0.7288074243360441	1.4504373177842567
mom 15m>+2%	15	2	4	1	141	50	-0.06612634972258738	0.8963041910714811	0.9458009629891339	1.392128279883382
mom 15m>+2%	15	2	4	3	141	50	-0.06612634972258738	0.6513851988771168	0.834482783220379	1.392128279883382
mom 15m>+2%	15	2	4	5	141	50	-0.06612634972258738	0.41092989762791693	0.7226542949629279	1.392128279883382
mom 15m>+2%	15	4	2	1	134	49	-0.20110565997318175	0.7535134050830062	0.9457183561767493	1.3338192419825075
mom 15m>+2%	15	4	2	3	134	49	-0.20110565997318175	0.39457123651070963	0.8348558163904536	1.3338192419825075
mom 15m>+2%	15	4	2	5	134	49	-0.20110565997318175	0.18542657973648732	0.7240741168057918	1.3338192419825075
mom 15m>+2%	15	4	4	1	133	49	-0.07470774286069735	0.8878540784059742	0.9443444640065667	1.326530612244898
mom 15m>+2%	15	4	4	3	133	49	-0.07470774286069735	0.6216841483042548	0.8309400284843573	1.326530612244898
mom 15m>+2%	15	4	4	5	133	49	-0.07470774286069735	0.37000796709275646	0.7179609495030717	1.326530612244898
mom 15m>+2%	60	-	2	1	106	43	-0.1644287502202133	0.8154267082679316	1.0215246016669786	1.08600583090379
mom 15m>+2%	60	-	2	3	106	43	-0.1644287502202133	0.4586862278285185	1.0409344476989348	1.08600583090379
mom 15m>+2%	60	-	2	5	106	43	-0.1644287502202133	0.21005313256101144	1.0277299292760396	1.08600583090379
mom 15m>+2%	60	-	4	1	100	43	-0.025219259877704903	0.9401384483779528	1.0124570042768866	1.0422740524781342
mom 15m>+2%	60	-	4	3	100	43	-0.025219259877704903	0.6763794003494692	1.007453628385809	1.0422740524781342
mom 15m>+2%	60	-	4	5	100	43	-0.025219259877704903	0.37540983855957993	0.9618576892119469	1.0422740524781342
mom 15m>+2%	60	2	2	1	146	47	-0.20714365252733238	0.7219740450830431	0.9756077083619215	1.4067055393586008
mom 15m>+2%	60	2	2	3	146	47	-0.20714365252733238	0.32678759207177593	0.90460262203461	1.4067055393586008
mom 15m>+2%	60	2	2	5	146	47	-0.20714365252733238	0.12211928631240598	0.8096417412328478	1.4067055393586008
mom 15m>+2%	60	2	4	1	134	47	-0.1515553450247676	0.7897363110834802	0.9515822783481601	1.3192419825072887
mom 15m>+2%	60	2	4	3	134	47	-0.1515553450247676	0.4008511446405016	0.8315003610701505	1.3192419825072887
mom 15m>+2%	60	2	4	5	134	47	-0.1515553450247676	0.15116122856043437	0.6906305046225211	1.3192419825072887
mom 15m>+2%	60	4	2	1	121	44	-0.26269204212127867	0.7086266444457041	1.0070978687965053	1.2026239067055395
mom 15m>+2%	60	4	2	3	121	44	-0.26269204212127867	0.3041632234185421	0.9950022682678809	1.2026239067055395
mom 15m>+2%	60	4	2	5	121	44	-0.26269204212127867	0.10628567569716216	0.9494849145861766	1.2026239067055395
mom 15m>+2%	60	4	4	1	114	44	-0.08945816145228201	0.8716840018150925	1.0112620744005305	1.151603498542274
mom 15m>+2%	60	4	4	3	114	44	-0.08945816145228201	0.5347728655824664	1.002539231946338	1.151603498542274
mom 15m>+2%	60	4	4	5	114	44	-0.08945816145228201	0.24444716078444356	0.9521417721016793	1.151603498542274
mom 15m>+2%	eod	-	2	1	84	39	0.15551819332852806	1.0630977160386872	0.9986550566049425	0.8965014577259476
mom 15m>+2%	eod	-	2	3	84	39	0.15551819332852806	0.8747996327240876	0.9418454604495549	0.8965014577259476
mom 15m>+2%	eod	-	2	5	84	39	0.15551819332852806	0.5270590487271559	0.8275436478023344	0.8965014577259476
mom 15m>+2%	eod	-	4	1	75	38	0.14015850449579595	1.023673603024643	0.968791986583039	0.8236151603498543
mom 15m>+2%	eod	-	4	3	75	38	0.14015850449579595	0.7214257767191461	0.8405158935755861	0.8236151603498543
mom 15m>+2%	eod	-	4	5	75	38	0.14015850449579595	0.3288590607418034	0.6543749422403712	0.8236151603498543
mom 15m>+2%	eod	2	2	1	145	46	-0.28182194207917877	0.6464694232622372	0.9142094149411332	1.392128279883382
mom 15m>+2%	eod	2	2	3	145	46	-0.28182194207917877	0.2286461234405998	0.7307384118159636	1.392128279883382
mom 15m>+2%	eod	2	2	5	145	46	-0.28182194207917877	0.06446569240815632	0.5498657729181294	1.392128279883382
mom 15m>+2%	eod	2	4	1	127	45	-0.28915568447061785	0.6618762969146015	0.9540202575269021	1.2536443148688048
mom 15m>+2%	eod	2	4	3	127	45	-0.28915568447061785	0.21774763283306775	0.8127653779773856	1.2536443148688048
mom 15m>+2%	eod	2	4	5	127	45	-0.28915568447061785	0.04710079850526078	0.6296077888338052	1.2536443148688048
mom 15m>+2%	eod	4	2	1	118	42	-0.3022534894635798	0.674519440857355	0.9670048754307247	1.1661807580174928
mom 15m>+2%	eod	4	2	3	118	42	-0.3022534894635798	0.2469777218816933	0.8566953779846437	1.1661807580174928
mom 15m>+2%	eod	4	2	5	118	42	-0.3022534894635798	0.06828354036848643	0.7074335257118742	1.1661807580174928
mom 15m>+2%	eod	4	4	1	102	40	-0.08408837590088179	0.86777118195805	0.9544393660566232	1.0349854227405249
mom 15m>+2%	eod	4	4	3	102	40	-0.08408837590088179	0.46518491344676727	0.8064116871741225	1.0349854227405249
mom 15m>+2%	eod	4	4	5	102	40	-0.08408837590088179	0.15587508937286293	0.6134712024667208	1.0349854227405249
dip 15m<-3%	15	-	2	1	48	13	0.42608255220886393	1.2048939438491673	0.9390695378225654	0.4446064139941691
dip 15m<-3%	15	-	2	3	48	13	0.42608255220886393	1.5848073278885013	0.8221407196550723	0.4446064139941691
dip 15m<-3%	15	-	2	5	48	13	0.42608255220886393	1.8575220910761496	0.7126045405232071	0.4446064139941691
dip 15m<-3%	15	-	4	1	41	13	0.13194837477545882	1.0390624389785235	0.9336480834688962	0.3935860058309038
dip 15m<-3%	15	-	4	3	41	13	0.13194837477545882	1.027681142157568	0.8056634163534107	0.3935860058309038
dip 15m<-3%	15	-	4	5	41	13	0.13194837477545882	0.9130678026420793	0.6850891053260307	0.3935860058309038
dip 15m<-3%	15	2	2	1	53	13	0.06827623835700858	1.028604013575599	0.9396015752142625	0.48104956268221577
dip 15m<-3%	15	2	2	3	53	13	0.06827623835700858	1.0373481044613686	0.8234867988821338	0.48104956268221577
dip 15m<-3%	15	2	2	5	53	13	0.06827623835700858	0.9810159676874265	0.7144802524514422	0.48104956268221577
dip 15m<-3%	15	2	4	1	44	13	-0.0650429968606998	0.9643345424306411	0.9394747963883008	0.4154518950437318
dip 15m<-3%	15	2	4	3	44	13	-0.0650429968606998	0.8550778572717103	0.8203365901247649	0.4154518950437318
dip 15m<-3%	15	2	4	5	44	13	-0.0650429968606998	0.7087223624898529	0.7053331103765782	0.4154518950437318
dip 15m<-3%	15	4	2	1	50	13	0.32884424704934	1.164619057256891	0.9390695378225654	0.4591836734693878
dip 15m<-3%	15	4	2	3	50	13	0.32884424704934	1.4732526501193586	0.8221407196550723	0.4591836734693878
dip 15m<-3%	15	4	2	5	50	13	0.32884424704934	1.7058011982966579	0.7126045405232071	0.4591836734693878
dip 15m<-3%	15	4	4	1	42	13	-0.0028413162640384903	0.9888195230860432	0.9336480834688962	0.40087463556851316
dip 15m<-3%	15	4	4	3	42	13	-0.0028413162640384903	0.9102331986677277	0.8056634163534107	0.40087463556851316
dip 15m<-3%	15	4	4	5	42	13	-0.0028413162640384903	0.77209754655836	0.6850891053260307	0.40087463556851316
dip 15m<-3%	60	-	2	1	42	13	0.3121834990916717	1.1142952338659784	0.936615838495634	0.40087463556851316
dip 15m<-3%	60	-	2	3	42	13	0.3121834990916717	1.226682130220765	0.8020010881062561	0.40087463556851316
dip 15m<-3%	60	-	2	5	42	13	0.3121834990916717	1.1801671712403425	0.6659558312758024	0.40087463556851316
dip 15m<-3%	60	-	4	1	34	11	0.4164052846048111	1.1270400413458985	0.9497906446953601	0.32798833819241985
dip 15m<-3%	60	-	4	3	34	11	0.4164052846048111	1.2733336318495558	0.8384875076364809	0.32798833819241985
dip 15m<-3%	60	-	4	5	34	11	0.4164052846048111	1.2557576321322197	0.7177280257647	0.32798833819241985
dip 15m<-3%	60	2	2	1	53	13	-0.030986125562046857	0.9741272392305188	0.8917364975796935	0.48104956268221577
dip 15m<-3%	60	2	2	3	53	13	-0.030986125562046857	0.8714915396391136	0.6990949696164402	0.48104956268221577
dip 15m<-3%	60	2	2	5	53	13	-0.030986125562046857	0.720225191174791	0.537379603524386	0.48104956268221577
dip 15m<-3%	60	2	4	1	43	11	0.1656889014419211	1.0614906922866345	0.935038665225145	0.3935860058309038
dip 15m<-3%	60	2	4	3	43	11	0.1656889014419211	1.1131056162684518	0.8017134205618284	0.3935860058309038
dip 15m<-3%	60	2	4	5	43	11	0.1656889014419211	1.0532649248494907	0.6681802966338385	0.3935860058309038
dip 15m<-3%	60	4	2	1	50	13	0.2256242205332033	1.101509164309234	0.9340837345051282	0.4591836734693878
dip 15m<-3%	60	4	2	3	50	13	0.2256242205332033	1.2173631697077032	0.7975737539043466	0.4591836734693878
dip 15m<-3%	60	4	2	5	50	13	0.2256242205332033	1.1951807062435318	0.6620247622598197	0.4591836734693878
dip 15m<-3%	60	4	4	1	40	11	0.21357539737995174	1.0722085929155414	0.9677496305459846	0.37172011661807586
dip 15m<-3%	60	4	4	3	40	11	0.21357539737995174	1.1219028382631921	0.8841967785051345	0.37172011661807586
dip 15m<-3%	60	4	4	5	40	11	0.21357539737995174	1.0332807022149941	0.7804918290367598	0.37172011661807586
dip 15m<-3%	eod	-	2	1	32	13	1.0014524180927642	1.2805942085541235	0.9442613950389417	0.32798833819241985
dip 15m<-3%	eod	-	2	3	32	13	1.0014524180927642	1.554040526100654	0.8149436983108891	0.32798833819241985
dip 15m<-3%	eod	-	2	5	32	13	1.0014524180927642	1.4646326706187014	0.6764259206542867	0.32798833819241985
dip 15m<-3%	eod	2	2	1	53	13	-0.12400386399509955	0.9269111807459042	0.9393111213049576	0.48104956268221577
dip 15m<-3%	eod	2	2	3	53	13	-0.12400386399509955	0.7489988743721373	0.8157407448661581	0.48104956268221577
dip 15m<-3%	eod	2	2	5	53	13	-0.12400386399509955	0.5571486396362323	0.6932717463771005	0.48104956268221577
dip 15m<-3%	eod	2	4	1	43	11	0.047967124060440396	1.0068982520348966	0.9709382606914251	0.3935860058309038
dip 15m<-3%	eod	2	4	3	43	11	0.047967124060440396	0.9368267964168333	0.8891961625744141	0.3935860058309038
dip 15m<-3%	eod	2	4	5	43	11	0.047967124060440396	0.7700283902003798	0.7803896277061133	0.3935860058309038
dip 15m<-3%	eod	4	2	1	50	13	0.21756685477403503	1.0943286358879356	0.9842691843405704	0.4591836734693878
dip 15m<-3%	eod	4	2	3	50	13	0.21756685477403503	1.176501777133854	0.9273563033452885	0.4591836734693878
dip 15m<-3%	eod	4	2	5	50	13	0.21756685477403503	1.1031425005705933	0.8432752435012576	0.4591836734693878
dip 15m<-3%	eod	4	4	1	40	11	0.08396034324729768	1.0104168643022173	1.0373593046622864	0.37172011661807586
dip 15m<-3%	eod	4	4	3	40	11	0.08396034324729768	0.896808295572484	1.0680810512073642	0.37172011661807586
dip 15m<-3%	eod	4	4	5	40	11	0.08396034324729768	0.6570489958505514	1.0355376623727706	0.37172011661807586
mom 15m>+3%	15	-	2	1	48	10	-0.23614119687980217	0.8858701591219104	0.9903132815410349	0.42274052478134116
mom 15m>+3%	15	-	2	3	48	10	-0.23614119687980217	0.6639097448532082	0.9666046372446345	0.42274052478134116
mom 15m>+3%	15	-	2	5	48	10	-0.23614119687980217	0.46860204837739633	0.9373372979045195	0.42274052478134116
mom 15m>+3%	15	-	4	1	47	10	-0.0255132072245729	0.9716113023368671	1.0079203657615663	0.4154518950437318
mom 15m>+3%	15	-	4	3	47	10	-0.0255132072245729	0.8362355066850631	1.0208014131946623	0.4154518950437318
mom 15m>+3%	15	-	4	5	47	10	-0.0255132072245729	0.643206727810937	1.0296434198462496	0.4154518950437318
mom 15m>+3%	15	2	2	1	68	10	-0.40666773058492467	0.7511468959861397	0.9903132815410349	0.5685131195335278
mom 15m>+3%	15	2	2	3	68	10	-0.40666773058492467	0.3997428849792907	0.9666046372446345	0.5685131195335278
mom 15m>+3%	15	2	2	5	68	10	-0.40666773058492467	0.1963746776556172	0.9373372979045195	0.5685131195335278
mom 15m>+3%	15	2	4	1	63	10	-0.21551735968041913	0.8614631126496051	1.0079203657615663	0.5320699708454811
mom 15m>+3%	15	2	4	3	63	10	-0.21551735968041913	0.5880860840803396	1.0208014131946623	0.5320699708454811
mom 15m>+3%	15	2	4	5	63	10	-0.21551735968041913	0.35580823829552943	1.0296434198462496	0.5320699708454811
mom 15m>+3%	15	4	2	1	56	10	-0.3969797348718426	0.7930902890172539	0.9903132815410349	0.48104956268221577
mom 15m>+3%	15	4	2	3	56	10	-0.3969797348718426	0.4714180645066286	0.9666046372446345	0.48104956268221577
mom 15m>+3%	15	4	2	5	56	10	-0.3969797348718426	0.2599773276755722	0.9373372979045195	0.48104956268221577
mom 15m>+3%	15	4	4	1	54	10	-0.07554501410368931	0.9469102989604992	1.0079203657615663	0.4664723032069971
mom 15m>+3%	15	4	4	3	54	10	-0.07554501410368931	0.7813121727416508	1.0208014131946623	0.4664723032069971
mom 15m>+3%	15	4	4	5	54	10	-0.07554501410368931	0.575164080379471	1.0296434198462496	0.4664723032069971
mom 15m>+3%	60	-	2	1	41	10	0.11621110878019428	1.0293933025392343	0.9339628933529721	0.37172011661807586
mom 15m>+3%	60	-	2	3	41	10	0.11621110878019428	0.9852695095637228	0.8091274540917238	0.37172011661807586
mom 15m>+3%	60	-	2	5	41	10	0.11621110878019428	0.8369956692770963	0.6943423883317388	0.37172011661807586
mom 15m>+3%	60	-	4	1	34	10	0.22876144071089966	1.0545584240824217	0.9264384305694737	0.3206997084548105
mom 15m>+3%	60	-	4	3	34	10	0.22876144071089966	1.0258443575278855	0.7870925055898257	0.3206997084548105
mom 15m>+3%	60	-	4	5	34	10	0.22876144071089966	0.8502724664021303	0.6587698801924516	0.3206997084548105
mom 15m>+3%	60	2	2	1	67	10	-0.34605393384212857	0.7834454594212322	0.9332414332527698	0.5612244897959184
mom 15m>+3%	60	2	2	3	67	10	-0.34605393384212857	0.44659727577557684	0.8073257532830174	0.5612244897959184
mom 15m>+3%	60	2	2	5	67	10	-0.34605393384212857	0.23017984753757229	0.6918625940876967	0.5612244897959184
mom 15m>+3%	60	2	4	1	60	10	-0.3586483011905341	0.7899918579033814	0.9257227829054102	0.5102040816326531
mom 15m>+3%	60	2	4	3	60	10	-0.3586483011905341	0.43315185329450784	0.7853398704559211	0.5102040816326531
mom 15m>+3%	60	2	4	5	60	10	-0.3586483011905341	0.196493514658181	0.6564171306203355	0.5102040816326531
mom 15m>+3%	60	4	2	1	52	10	-0.2548678478266462	0.8635350133417177	0.9339628933529721	0.45189504373177847
mom 15m>+3%	60	4	2	3	52	10	-0.2548678478266462	0.5923887127353268	0.8091274540917238	0.45189504373177847
mom 15m>+3%	60	4	2	5	52	10	-0.2548678478266462	0.3645573675114019	0.6943423883317388	0.45189504373177847
mom 15m>+3%	60	4	4	1	46	10	0.07693011658662628	1.0137836398831692	0.9264384305694737	0.40816326530612246
mom 15m>+3%	60	4	4	3	46	10	0.07693011658662628	0.9145294042344835	0.7870925055898257	0.40816326530612246
mom 15m>+3%	60	4	4	5	46	10	0.07693011658662628	0.6907409117036644	0.6587698801924516	0.40816326530612246
mom 15m>+3%	eod	2	2	1	67	10	-0.2900366039144788	0.813012094048869	0.9803996503616115	0.5612244897959184
mom 15m>+3%	eod	2	2	3	67	10	-0.2900366039144788	0.49769974410327744	0.9339712518814284	0.5612244897959184
mom 15m>+3%	eod	2	2	5	67	10	-0.2900366039144788	0.27452326890279616	0.8790335588676043	0.5612244897959184
mom 15m>+3%	eod	2	4	1	60	10	-0.3617493392400648	0.7860439386947864	0.9343397205458551	0.5102040816326531
mom 15m>+3%	eod	2	4	3	60	10	-0.3617493392400648	0.4182060995075057	0.7994510257722525	0.5102040816326531
mom 15m>+3%	eod	2	4	5	60	10	-0.3617493392400648	0.17863652081403597	0.6638677904041178	0.5102040816326531
mom 15m>+3%	eod	4	2	1	51	10	0.07020325440664243	1.0180549760725959	1.0079897916763023	0.4446064139941691
mom 15m>+3%	eod	4	2	3	51	10	0.07020325440664243	0.9511679901233662	1.0095196715055468	0.4446064139941691
mom 15m>+3%	eod	4	2	5	51	10	0.07020325440664243	0.7789182851919881	0.992663850893516	0.4446064139941691
mom 15m>+3%	eod	4	4	1	44	10	0.2476135774821768	1.0848182539948545	0.9606336557959141	0.3935860058309038
mom 15m>+3%	eod	4	4	3	44	10	0.2476135774821768	1.082304051249564	0.864118178473481	0.3935860058309038
mom 15m>+3%	eod	4	4	5	44	10	0.2476135774821768	0.8627667536193282	0.7496841851585966	0.3935860058309038
dip 30m<-1%	15	-	2	1	1465	551	-0.2048762804550762	0.046810450601725506	0.41512280108531585	14.69387755102041
dip 30m<-1%	15	-	2	3	1465	551	-0.2048762804550762	7.14897768147126e-05	0.06408163254767268	14.69387755102041
dip 30m<-1%	15	-	2	5	1465	551	-0.2048762804550762	6.728144871615229e-08	0.008527114351235347	14.69387755102041
dip 30m<-1%	15	-	4	1	1430	541	-0.2002608080850304	0.05392581124610661	0.43251740899790386	14.36588921282799
dip 30m<-1%	15	-	4	3	1430	541	-0.2002608080850304	0.00011149264752912389	0.07284539009943522	14.36588921282799
dip 30m<-1%	15	-	4	5	1430	541	-0.2002608080850304	1.4488406870515866e-07	0.010650071214287148	14.36588921282799
dip 30m<-1%	15	2	2	1	1477	552	-0.20554133844936587	0.045442083983763475	0.4035351157780991	14.78862973760933
dip 30m<-1%	15	2	2	3	1477	552	-0.20554133844936587	6.699092131921973e-05	0.05914662621358166	14.78862973760933
dip 30m<-1%	15	2	2	5	1477	552	-0.20554133844936587	6.233688589285489e-08	0.007513260742241399	14.78862973760933
dip 30m<-1%	15	2	4	1	1438	542	-0.19105720377290103	0.06074104308115015	0.41607111864499063	14.431486880466473
dip 30m<-1%	15	2	4	3	1438	542	-0.19105720377290103	0.00016146745868101227	0.06524606693599197	14.431486880466473
dip 30m<-1%	15	2	4	5	1438	542	-0.19105720377290103	2.733415256754929e-07	0.00894381795758225	14.431486880466473
dip 30m<-1%	15	4	2	1	1468	551	-0.2007873687259176	0.04941379335989351	0.41273075851637536	14.715743440233238
dip 30m<-1%	15	4	2	3	1468	551	-0.2007873687259176	8.409487790321792e-05	0.0630634714172985	14.715743440233238
dip 30m<-1%	15	4	2	5	1468	551	-0.2007873687259176	8.799705659918026e-08	0.008318206921585004	14.715743440233238
dip 30m<-1%	15	4	4	1	1432	541	-0.19458502988644316	0.058255547931251615	0.43002513429888634	14.380466472303208
dip 30m<-1%	15	4	4	3	1432	541	-0.19458502988644316	0.00014036700740932168	0.07168798599193207	14.380466472303208
dip 30m<-1%	15	4	4	5	1432	541	-0.19458502988644316	2.1183010077141694e-07	0.010389153052371395	14.380466472303208
dip 30m<-1%	60	-	2	1	896	348	-0.19603336672919633	0.15854719226329878	0.6785650997853209	9.067055393586006
dip 30m<-1%	60	-	2	3	896	348	-0.19603336672919633	0.002395606992435903	0.2631881858714462	9.067055393586006
dip 30m<-1%	60	-	2	5	896	348	-0.19603336672919633	1.8356910758360284e-05	0.08116610336533134	9.067055393586006
dip 30m<-1%	60	-	4	1	787	316	-0.21738987061912227	0.165493220506086	0.7509704249150653	8.03935860058309
dip 30m<-1%	60	-	4	3	787	316	-0.21738987061912227	0.0026472834477987315	0.3604732883613437	8.03935860058309
dip 30m<-1%	60	-	4	5	787	316	-0.21738987061912227	2.002630805978685e-05	0.13837460909893226	8.03935860058309
dip 30m<-1%	60	2	2	1	927	354	-0.19983980007379698	0.1450700768561769	0.6310115666102009	9.336734693877553
dip 30m<-1%	60	2	2	3	927	354	-0.19983980007379698	0.0019009549885108785	0.21468799265226474	9.336734693877553
dip 30m<-1%	60	2	2	5	927	354	-0.19983980007379698	1.3043038026016354e-05	0.058971972629174724	9.336734693877553
dip 30m<-1%	60	2	4	1	807	322	-0.1953218492253498	0.19070467454540113	0.7491145726019259	8.228862973760934
dip 30m<-1%	60	2	4	3	807	322	-0.1953218492253498	0.004204292892580877	0.3569369398378721	8.228862973760934
dip 30m<-1%	60	2	4	5	807	322	-0.1953218492253498	4.556255229260835e-05	0.13532124075661922	8.228862973760934
dip 30m<-1%	60	4	2	1	905	348	-0.18675150620692058	0.16910196944138123	0.6654842688860585	9.13265306122449
dip 30m<-1%	60	4	2	3	905	348	-0.18675150620692058	0.0028689835986324937	0.24955995608069118	9.13265306122449
dip 30m<-1%	60	4	2	5	905	348	-0.18675150620692058	2.4200768431631672e-05	0.07482385374295225	9.13265306122449
dip 30m<-1%	60	4	4	1	792	316	-0.184899624734134	0.21123011339589665	0.7524539443133678	8.075801749271138
dip 30m<-1%	60	4	4	3	792	316	-0.184899624734134	0.005426529111576378	0.362441595463168	8.075801749271138
dip 30m<-1%	60	4	4	5	792	316	-0.184899624734134	6.475945142074988e-05	0.13954087138139343	8.075801749271138
dip 30m<-1%	eod	-	2	1	588	225	-0.20590905855665623	0.2529977941390595	0.7939910927788681	5.925655976676385
dip 30m<-1%	eod	-	2	3	588	225	-0.20590905855665623	0.006938585557494278	0.3818432609113077	5.925655976676385
dip 30m<-1%	eod	-	2	5	588	225	-0.20590905855665623	7.095586368555736e-05	0.13023044959849353	5.925655976676385
dip 30m<-1%	eod	-	4	1	426	169	-0.19307810413013132	0.3712183439891016	0.8364674757571445	4.336734693877552
dip 30m<-1%	eod	-	4	3	426	169	-0.19307810413013132	0.02080160365521513	0.43534716749602564	4.336734693877552
dip 30m<-1%	eod	-	4	5	426	169	-0.19307810413013132	0.0003796986352666434	0.15103208460096107	4.336734693877552
dip 30m<-1%	eod	2	2	1	729	271	-0.23187608853224573	0.16630690872571088	0.649670253010148	7.28862973760933
dip 30m<-1%	eod	2	2	3	729	271	-0.23187608853224573	0.002456922870785945	0.2220607233177879	7.28862973760933
dip 30m<-1%	eod	2	2	5	729	271	-0.23187608853224573	1.5465642134556305e-05	0.05700146555827766	7.28862973760933
dip 30m<-1%	eod	2	4	1	519	202	-0.19435003374472648	0.3251482230667332	0.7744529993058379	5.255102040816327
dip 30m<-1%	eod	2	4	3	519	202	-0.19435003374472648	0.01675152721265112	0.36089514667929007	5.255102040816327
dip 30m<-1%	eod	2	4	5	519	202	-0.19435003374472648	0.0003048218065136228	0.11697633151194002	5.255102040816327
dip 30m<-1%	eod	4	2	1	635	238	-0.2189956234257624	0.22060244973925816	0.8122827988295374	6.362973760932945
dip 30m<-1%	eod	4	2	3	635	238	-0.2189956234257624	0.00525130704738301	0.4153614851776442	6.362973760932945
dip 30m<-1%	eod	4	2	5	635	238	-0.2189956234257624	4.878187339958339e-05	0.15221454648262886	6.362973760932945
dip 30m<-1%	eod	4	4	1	457	173	-0.18574526678363854	0.37631488302950084	0.8326152480946506	4.591836734693878
dip 30m<-1%	eod	4	4	3	457	173	-0.18574526678363854	0.024234459653730327	0.43865045486002774	4.591836734693878
dip 30m<-1%	eod	4	4	5	457	173	-0.18574526678363854	0.0005156475949155435	0.15718549943734808	4.591836734693878
mom 30m>+1%	15	-	2	1	1299	528	-0.18911140305217736	0.08015792028901707	0.3493254057986066	13.316326530612246
mom 30m>+1%	15	-	2	3	1299	528	-0.18911140305217736	0.00036075590092073774	0.039606611728180995	13.316326530612246
mom 30m>+1%	15	-	2	5	1299	528	-0.18911140305217736	1.0718880667044762e-06	0.004064274678629979	13.316326530612246
mom 30m>+1%	15	-	4	1	1290	528	-0.19986828290694228	0.07221987558606639	0.35408970780448995	13.250728862973762
mom 30m>+1%	15	-	4	3	1290	528	-0.19986828290694228	0.0002813507763691384	0.04125891391378643	13.250728862973762
mom 30m>+1%	15	-	4	5	1290	528	-0.19986828290694228	7.460380543092129e-07	0.004352020906255061	13.250728862973762
mom 30m>+1%	15	2	2	1	1324	530	-0.20074561249259693	0.06737945368678058	0.34345205583162547	13.513119533527698
mom 30m>+1%	15	2	2	3	1324	530	-0.20074561249259693	0.00024057771414244213	0.03759144931696656	13.513119533527698
mom 30m>+1%	15	2	2	5	1324	530	-0.20074561249259693	6.188107328171373e-07	0.0037160931660016714	13.513119533527698
mom 30m>+1%	15	2	4	1	1309	530	-0.19614109218663733	0.07347731073523521	0.3462273774507268	13.403790087463557
mom 30m>+1%	15	2	4	3	1309	530	-0.19614109218663733	0.00030397410368007113	0.038502328532662354	13.403790087463557
mom 30m>+1%	15	2	4	5	1309	530	-0.19614109218663733	8.668345143653463e-07	0.003865361328735347	13.403790087463557
mom 30m>+1%	15	4	2	1	1305	528	-0.20285117376432002	0.06804508451935186	0.3493254057986066	13.360058309037901
mom 30m>+1%	15	4	2	3	1305	528	-0.20285117376432002	0.00024704177146375565	0.039606611728180995	13.360058309037901
mom 30m>+1%	15	4	2	5	1305	528	-0.20285117376432002	6.4609280450508e-07	0.004064274678629979	13.360058309037901
mom 30m>+1%	15	4	4	1	1293	528	-0.19636795044031471	0.07571106835201939	0.35408970780448995	13.27259475218659
mom 30m>+1%	15	4	4	3	1293	528	-0.19636795044031471	0.00033669911962008585	0.04125891391378643	13.27259475218659
mom 30m>+1%	15	4	4	5	1293	528	-0.19636795044031471	1.0573664337952485e-06	0.004352020906255061	13.27259475218659
mom 30m>+1%	60	-	2	1	801	307	-0.2011355190918384	0.18417639792146934	0.5599013581285284	8.075801749271138
mom 30m>+1%	60	-	2	3	801	307	-0.2011355190918384	0.003969633896337821	0.1558825935282205	8.075801749271138
mom 30m>+1%	60	-	2	5	801	307	-0.2011355190918384	4.853651698395346e-05	0.036915570491256905	8.075801749271138
mom 30m>+1%	60	-	4	1	784	303	-0.20994167880909867	0.17828251947665114	0.6069302421250234	7.922740524781342
mom 30m>+1%	60	-	4	3	784	303	-0.20994167880909867	0.003538960006564247	0.19675091885786228	7.922740524781342
mom 30m>+1%	60	-	4	5	784	303	-0.20994167880909867	3.7023758920322976e-05	0.05336456883623165	7.922740524781342
mom 30m>+1%	60	2	2	1	858	316	-0.21308013101187284	0.1510378578776079	0.5918564948266132	8.556851311953354
mom 30m>+1%	60	2	2	3	858	316	-0.21308013101187284	0.002364127908544604	0.183781272753898	8.556851311953354
mom 30m>+1%	60	2	2	5	858	316	-0.21308013101187284	2.211454637095957e-05	0.04841035541165014	8.556851311953354
mom 30m>+1%	60	2	4	1	826	313	-0.21286486724497355	0.16050612632142502	0.5923800151009379	8.301749271137027
mom 30m>+1%	60	2	4	3	826	313	-0.21286486724497355	0.0026605274518671034	0.18094066022866218	8.301749271137027
mom 30m>+1%	60	2	4	5	826	313	-0.21286486724497355	2.3593471774154145e-05	0.04545658093505206	8.301749271137027
mom 30m>+1%	60	4	2	1	821	307	-0.21150701026790766	0.1646423158871909	0.5669192798634992	8.221574344023324
mom 30m>+1%	60	4	2	3	821	307	-0.21150701026790766	0.002977537224946528	0.16144463044520851	8.221574344023324
mom 30m>+1%	60	4	2	5	821	307	-0.21150701026790766	3.130030242234289e-05	0.039003864907485766	8.221574344023324
mom 30m>+1%	60	4	4	1	793	303	-0.20354587188275577	0.18480322408956962	0.614537633812835	7.988338192419826
mom 30m>+1%	60	4	4	3	793	303	-0.20354587188275577	0.0040061073973100885	0.20377117589471097	7.988338192419826
mom 30m>+1%	60	4	4	5	793	303	-0.20354587188275577	4.615270461292543e-05	0.056383374441621316	7.988338192419826
mom 30m>+1%	eod	-	2	1	521	204	-0.13583104116341146	0.4359706971246028	0.7109155997083599	5.284256559766765
mom 30m>+1%	eod	-	2	3	521	204	-0.13583104116341146	0.0441214637463143	0.2962665663062326	5.284256559766765
mom 30m>+1%	eod	-	2	5	521	204	-0.13583104116341146	0.0021521849906608404	0.09592525792087635	5.284256559766765
mom 30m>+1%	eod	-	4	1	431	176	-0.1113957401565991	0.5422148090161416	0.7264245101193035	4.424198250728863
mom 30m>+1%	eod	-	4	3	431	176	-0.1113957401565991	0.07813191107022627	0.30305667373559003	4.424198250728863
mom 30m>+1%	eod	-	4	5	431	176	-0.1113957401565991	0.0046064943454025295	0.09112400891931509	4.424198250728863
mom 30m>+1%	eod	2	2	1	684	245	-0.19408182369833776	0.24259301360569777	0.62589243960034	6.771137026239067
mom 30m>+1%	eod	2	2	3	684	245	-0.19408182369833776	0.008335864239694507	0.2045504348825079	6.771137026239067
mom 30m>+1%	eod	2	2	5	684	245	-0.19408182369833776	0.00013776550658961526	0.05227963556725585	6.771137026239067
mom 30m>+1%	eod	2	4	1	556	212	-0.18994459354413878	0.31110911697378996	0.6595733940882312	5.597667638483966
mom 30m>+1%	eod	2	4	3	556	212	-0.18994459354413878	0.014982142485331291	0.2276069671777364	5.597667638483966
mom 30m>+1%	eod	2	4	5	556	212	-0.18994459354413878	0.00026284675828034694	0.056340904952097266	5.597667638483966
mom 30m>+1%	eod	4	2	1	582	211	-0.20498339492700307	0.2754625505966154	0.7122279304213325	5.779883381924199
mom 30m>+1%	eod	4	2	3	582	211	-0.20498339492700307	0.011787225089413517	0.29712218713559924	5.779883381924199
mom 30m>+1%	eod	4	2	5	582	211	-0.20498339492700307	0.00023609455643093288	0.09579036455507962	5.779883381924199
mom 30m>+1%	eod	4	4	1	467	182	-0.16662859799349136	0.4106511647830223	0.7293394946473409	4.7303206997084555
mom 30m>+1%	eod	4	4	3	467	182	-0.16662859799349136	0.03482685078388026	0.3053402470650664	4.7303206997084555
mom 30m>+1%	eod	4	4	5	467	182	-0.16662859799349136	0.001121711302571247	0.09140735552927763	4.7303206997084555
dip 30m<-2%	15	-	2	1	375	122	-0.2467360468857322	0.38563363918806315	0.7721466077795036	3.622448979591837
dip 30m<-2%	15	-	2	3	375	122	-0.2467360468857322	0.048685038319622745	0.44261998811449116	3.622448979591837
dip 30m<-2%	15	-	2	5	375	122	-0.2467360468857322	0.004949564977125301	0.24056335901595544	3.622448979591837
dip 30m<-2%	15	-	4	1	355	118	-0.21991948011451087	0.4457575232857622	0.7727947908786352	3.4475218658892133
dip 30m<-2%	15	-	4	3	355	118	-0.21991948011451087	0.07525162352293131	0.4427659219914789	3.4475218658892133
dip 30m<-2%	15	-	4	5	355	118	-0.21991948011451087	0.010203551514547255	0.239639987776419	3.4475218658892133
dip 30m<-2%	15	2	2	1	386	123	-0.24894522754300136	0.37325909808582536	0.7591784702185832	3.709912536443149
dip 30m<-2%	15	2	2	3	386	123	-0.24894522754300136	0.04480640123520038	0.4214197966242145	3.709912536443149
dip 30m<-2%	15	2	2	5	386	123	-0.24894522754300136	0.004390379158697537	0.22224230748615453	3.709912536443149
dip 30m<-2%	15	2	4	1	366	119	-0.18837416386040012	0.48967218289962194	0.7615701385016632	3.534985422740525
dip 30m<-2%	15	2	4	3	366	119	-0.18837416386040012	0.10100232823883439	0.42438090974366544	3.534985422740525
dip 30m<-2%	15	2	4	5	366	119	-0.18837416386040012	0.016898009617314698	0.2237793206658825	3.534985422740525
dip 30m<-2%	15	4	2	1	378	122	-0.23419058828817318	0.40144861397522025	0.7721466077795036	3.644314868804665
dip 30m<-2%	15	4	2	3	378	122	-0.23419058828817318	0.054903695046547456	0.44261998811449116	3.644314868804665
dip 30m<-2%	15	4	2	5	378	122	-0.23419058828817318	0.006030650576455214	0.24056335901595544	3.644314868804665
dip 30m<-2%	15	4	4	1	357	118	-0.2026105622560562	0.47248481216594734	0.7727947908786352	3.462099125364432
dip 30m<-2%	15	4	4	3	357	118	-0.2026105622560562	0.0898992257988444	0.4427659219914789	3.462099125364432
dip 30m<-2%	15	4	4	5	357	118	-0.2026105622560562	0.013756355972012612	0.239639987776419	3.462099125364432
dip 30m<-2%	60	-	2	1	296	95	-0.23051802976342883	0.48248597162899415	0.7704748524989251	2.849854227405248
dip 30m<-2%	60	-	2	3	296	95	-0.23051802976342883	0.08534854369952632	0.4266372530673321	2.849854227405248
dip 30m<-2%	60	-	2	5	296	95	-0.23051802976342883	0.010525097834917651	0.21543865035012957	2.849854227405248
dip 30m<-2%	60	-	4	1	244	81	-0.14527470744030005	0.6685090040180988	0.7699171578406139	2.368804664723032
dip 30m<-2%	60	-	4	3	244	81	-0.14527470744030005	0.22296671481216115	0.4226134535837646	2.368804664723032
dip 30m<-2%	60	-	4	5	244	81	-0.14527470744030005	0.04967036039456545	0.20842561842763532	2.368804664723032
dip 30m<-2%	60	2	2	1	317	97	-0.24321529370891784	0.4446017960357483	0.7545577567373793	3.0174927113702625
dip 30m<-2%	60	2	2	3	317	97	-0.24321529370891784	0.0691333936857541	0.404909726707898	3.0174927113702625
dip 30m<-2%	60	2	2	5	317	97	-0.24321529370891784	0.007751443504752874	0.2003707673428426	3.0174927113702625
dip 30m<-2%	60	2	4	1	254	83	-0.112747599259716	0.7221625183855759	0.7649574674967342	2.4562682215743443
dip 30m<-2%	60	2	4	3	254	83	-0.112747599259716	0.2955885955339951	0.41816806759571806	2.4562682215743443
dip 30m<-2%	60	2	4	5	254	83	-0.112747599259716	0.08579280734097515	0.20727545214985754	2.4562682215743443
dip 30m<-2%	60	4	2	1	303	95	-0.21529565450568688	0.4965844039902605	0.7589357279035264	2.9008746355685133
dip 30m<-2%	60	4	2	3	303	95	-0.21529565450568688	0.09226731363577832	0.409569381196478	2.9008746355685133
dip 30m<-2%	60	4	2	5	303	95	-0.21529565450568688	0.011792174209771711	0.20249811716736518	2.9008746355685133
dip 30m<-2%	60	4	4	1	247	81	-0.076488692166688	0.7884613268467047	0.7553518465551253	2.3906705539358604
dip 30m<-2%	60	4	4	3	247	81	-0.076488692166688	0.3647994898592378	0.4013785432888321	2.3906705539358604
dip 30m<-2%	60	4	4	5	247	81	-0.076488692166688	0.11244631183680792	0.1927720287144196	2.3906705539358604
dip 30m<-2%	eod	-	2	1	253	89	-0.18927790124960464	0.5500021848942265	0.8518771030878559	2.492711370262391
dip 30m<-2%	eod	-	2	3	253	89	-0.18927790124960464	0.09357829800413171	0.5298101447195962	2.492711370262391
dip 30m<-2%	eod	-	2	5	253	89	-0.18927790124960464	0.008576569465749556	0.27207240223148516	2.492711370262391
dip 30m<-2%	eod	-	4	1	184	68	-0.10731077507010728	0.7212099243761605	0.9798761895838985	1.8367346938775513
dip 30m<-2%	eod	-	4	3	184	68	-0.10731077507010728	0.19467786056816014	0.8103872550823946	1.8367346938775513
dip 30m<-2%	eod	-	4	5	184	68	-0.10731077507010728	0.024328952330505218	0.5491975634786789	1.8367346938775513
dip 30m<-2%	eod	2	2	1	305	95	-0.3005045067672646	0.3794620722733049	0.7569572953556147	2.915451895043732
dip 30m<-2%	eod	2	2	3	305	95	-0.3005045067672646	0.039761002916702134	0.3941935731991431	2.915451895043732
dip 30m<-2%	eod	2	2	5	305	95	-0.3005045067672646	0.0027025111671486165	0.18026673518479602	2.915451895043732
dip 30m<-2%	eod	2	4	1	218	75	-0.22343685108295389	0.577382393080961	0.918945498059821	2.1355685131195337
dip 30m<-2%	eod	2	4	3	218	75	-0.22343685108295389	0.130335332750223	0.6930952213657148	2.1355685131195337
dip 30m<-2%	eod	2	4	5	218	75	-0.22343685108295389	0.01670026307599045	0.4440651374332282	2.1355685131195337
dip 30m<-2%	eod	4	2	1	280	90	-0.2762042818296937	0.43218362747872074	0.7898105760782587	2.6967930029154523
dip 30m<-2%	eod	4	2	3	280	90	-0.2762042818296937	0.05479611184925376	0.4355848914852259	2.6967930029154523
dip 30m<-2%	eod	4	2	5	280	90	-0.2762042818296937	0.004177551774610184	0.2045299767536577	2.6967930029154523
dip 30m<-2%	eod	4	4	1	201	71	-0.18233778820814658	0.6404523581936129	0.9651962181581645	1.9825072886297377
dip 30m<-2%	eod	4	4	3	201	71	-0.18233778820814658	0.16201711384175607	0.7824061527779608	1.9825072886297377
dip 30m<-2%	eod	4	4	5	201	71	-0.18233778820814658	0.020847150830591427	0.5234078939139843	1.9825072886297377
mom 30m>+2%	15	-	2	1	264	101	-0.2810038471106844	0.46007603929819807	0.8511280475176787	2.6603498542274053
mom 30m>+2%	15	-	2	3	264	101	-0.2810038471106844	0.08142745809385085	0.6036375473105131	2.6603498542274053
mom 30m>+2%	15	-	2	5	264	101	-0.2810038471106844	0.011756439003455596	0.41599209669659515	2.6603498542274053
mom 30m>+2%	15	-	4	1	253	101	-0.2961440692309724	0.45623962320643086	0.8477812488802053	2.5801749271137027
mom 30m>+2%	15	-	4	3	253	101	-0.2961440692309724	0.07775957605050268	0.5956286854760936	2.5801749271137027
mom 30m>+2%	15	-	4	5	253	101	-0.2961440692309724	0.010293409418434913	0.405648502054907	2.5801749271137027
mom 30m>+2%	15	2	2	1	282	101	-0.3152007961891674	0.40349276850747123	0.8529428753116333	2.7915451895043732
mom 30m>+2%	15	2	2	3	282	101	-0.3152007961891674	0.05860853081887033	0.6082520466817746	2.7915451895043732
mom 30m>+2%	15	2	2	5	282	101	-0.3152007961891674	0.00727945066492793	0.42212828334621916	2.7915451895043732
mom 30m>+2%	15	2	4	1	267	101	-0.2931876754260669	0.44684544861132713	0.8427330034426	2.6822157434402336
mom 30m>+2%	15	2	4	3	267	101	-0.2931876754260669	0.07744017144631574	0.5854669827179773	2.6822157434402336
mom 30m>+2%	15	2	4	5	267	101	-0.2931876754260669	0.010956818203318147	0.39459473959053554	2.6822157434402336
mom 30m>+2%	15	4	2	1	268	101	-0.3377200222852212	0.3967050492950258	0.8511280475176787	2.6895043731778427
mom 30m>+2%	15	4	2	3	268	101	-0.3377200222852212	0.055528650505532	0.6036375473105131	2.6895043731778427
mom 30m>+2%	15	4	2	5	268	101	-0.3377200222852212	0.006636511335647862	0.41599209669659515	2.6895043731778427
mom 30m>+2%	15	4	4	1	255	101	-0.2813056543906205	0.4768468695631882	0.8477812488802053	2.5947521865889214
mom 30m>+2%	15	4	4	3	255	101	-0.2813056543906205	0.09410532471727805	0.5956286854760936	2.5947521865889214
mom 30m>+2%	15	4	4	5	255	101	-0.2813056543906205	0.015258745205737816	0.405648502054907	2.5947521865889214
mom 30m>+2%	60	-	2	1	192	72	-0.2823179896384614	0.5627431502919171	0.8732016316171898	1.924198250728863
mom 30m>+2%	60	-	2	3	192	72	-0.2823179896384614	0.14751607974224806	0.6431399332240251	1.924198250728863
mom 30m>+2%	60	-	2	5	192	72	-0.2823179896384614	0.0304167045373568	0.45211349667473233	1.924198250728863
mom 30m>+2%	60	-	4	1	180	72	-0.2856582536883023	0.5709801524464393	0.8946521220521346	1.8367346938775513
mom 30m>+2%	60	-	4	3	180	72	-0.2856582536883023	0.1426872816586826	0.6879282382266648	1.8367346938775513
mom 30m>+2%	60	-	4	5	180	72	-0.2856582536883023	0.025222342194646363	0.5000525812896396	1.8367346938775513
mom 30m>+2%	60	2	2	1	233	75	-0.31271183103004935	0.4688369837677663	0.8655752565120594	2.2448979591836737
mom 30m>+2%	60	2	2	3	233	75	-0.31271183103004935	0.0864797132824915	0.6280580431890103	2.2448979591836737
mom 30m>+2%	60	2	2	5	233	75	-0.31271183103004935	0.012554741794008168	0.43625970170649897	2.2448979591836737
mom 30m>+2%	60	2	4	1	214	75	-0.33572557809139825	0.4684236378758519	0.8868384024891808	2.1064139941690962
mom 30m>+2%	60	2	4	3	214	75	-0.33572557809139825	0.08001433216798702	0.6717960444303549	2.1064139941690962
mom 30m>+2%	60	2	4	5	214	75	-0.33572557809139825	0.009506149915053717	0.48251775617291554	2.1064139941690962
mom 30m>+2%	60	4	2	1	208	73	-0.370319962735017	0.44871124415227764	0.8830791570885437	2.048104956268222
mom 30m>+2%	60	4	2	3	208	73	-0.370319962735017	0.07503104037260751	0.6639686518271863	2.048104956268222
mom 30m>+2%	60	4	2	5	208	73	-0.370319962735017	0.009794738719521698	0.4754705649258598	2.048104956268222
mom 30m>+2%	60	4	4	1	190	73	-0.33955317233847093	0.5038068887886994	0.9047722922437602	1.9169096209912537
mom 30m>+2%	60	4	4	3	190	73	-0.33955317233847093	0.09981522074183902	0.7102074700905034	1.9169096209912537
mom 30m>+2%	60	4	4	5	190	73	-0.33955317233847093	0.013972074082271928	0.5258862764928087	1.9169096209912537
mom 30m>+2%	eod	-	2	1	152	61	-0.18352635624313932	0.7014597571987711	1.0009135638295767	1.5524781341107874
mom 30m>+2%	eod	-	2	3	152	61	-0.18352635624313932	0.2419680952921279	0.9385670184755294	1.5524781341107874
mom 30m>+2%	eod	-	2	5	152	61	-0.18352635624313932	0.057848572063724214	0.8081487034025909	1.5524781341107874
mom 30m>+2%	eod	-	4	1	133	57	-0.23429071871067395	0.6710226698578291	1.0125092375211564	1.3848396501457727
mom 30m>+2%	eod	-	4	3	133	57	-0.23429071871067395	0.19497604268083835	0.9447184526265431	1.3848396501457727
mom 30m>+2%	eod	-	4	5	133	57	-0.23429071871067395	0.03416101522499348	0.77461284215877	1.3848396501457727
mom 30m>+2%	eod	2	2	1	229	71	-0.42130927200611185	0.3665977356491357	0.9120017263459103	2.186588921282799
mom 30m>+2%	eod	2	2	3	229	71	-0.42130927200611185	0.03895021487312993	0.718854574182822	2.186588921282799
mom 30m>+2%	eod	2	2	5	229	71	-0.42130927200611185	0.003001344242259665	0.5269157675634177	2.186588921282799
mom 30m>+2%	eod	2	4	1	196	69	-0.5015441909370725	0.3522379629285757	0.912163778975434	1.9314868804664724
mom 30m>+2%	eod	2	4	3	196	69	-0.5015441909370725	0.02982954746171861	0.7001794695578606	1.9314868804664724
mom 30m>+2%	eod	2	4	5	196	69	-0.5015441909370725	0.0014406141029160522	0.47859618825231187	1.9314868804664724
mom 30m>+2%	eod	4	2	1	192	66	-0.4222682055478789	0.4245330000949652	1.0300105444877794	1.8804664723032072
mom 30m>+2%	eod	4	2	3	192	66	-0.4222682055478789	0.0582849046767604	1.0222267338974345	1.8804664723032072
mom 30m>+2%	eod	4	2	5	192	66	-0.4222682055478789	0.005595901730467614	0.9304787681560022	1.8804664723032072
mom 30m>+2%	eod	4	4	1	162	62	-0.41061939098731226	0.4816968338411898	1.0321376269351394	1.6326530612244898
mom 30m>+2%	eod	4	4	3	162	62	-0.41061939098731226	0.07485688719957138	0.9977798619848102	1.6326530612244898
mom 30m>+2%	eod	4	4	5	162	62	-0.41061939098731226	0.006605782455751632	0.8434317079267704	1.6326530612244898
dip 30m<-3%	15	-	2	1	116	36	-0.19350138190814176	0.7867555801303074	0.8811698220944488	1.1078717201166182
dip 30m<-3%	15	-	2	3	116	36	-0.19350138190814176	0.44528862676955855	0.6759795364184485	1.1078717201166182
dip 30m<-3%	15	-	2	5	116	36	-0.19350138190814176	0.22460331118050342	0.5099619703844724	1.1078717201166182
dip 30m<-3%	15	-	4	1	104	34	-0.2095044364308546	0.7931445055354681	0.8673976860770662	1.0058309037900874
dip 30m<-3%	15	-	4	3	104	34	-0.2095044364308546	0.45972149271376767	0.6451760618449262	1.0058309037900874
dip 30m<-3%	15	-	4	5	104	34	-0.2095044364308546	0.2390560899913531	0.4723269343000013	1.0058309037900874
dip 30m<-3%	15	2	2	1	120	37	-0.26936519827202704	0.7155337991313105	0.8813749291453438	1.1443148688046647
dip 30m<-3%	15	2	2	3	120	37	-0.26936519827202704	0.3417057590309977	0.6760180034905774	1.1443148688046647
dip 30m<-3%	15	2	2	5	120	37	-0.26936519827202704	0.14842438021179846	0.509494194876601	1.1443148688046647
dip 30m<-3%	15	2	4	1	106	35	-0.25201024799224997	0.7578541331103245	0.8675995874323824	1.0276967930029155
dip 30m<-3%	15	2	4	3	106	35	-0.25201024799224997	0.4088929919635977	0.6452127760245271	1.0276967930029155
dip 30m<-3%	15	2	4	5	106	35	-0.25201024799224997	0.20203466679343524	0.4718936804802958	1.0276967930029155
dip 30m<-3%	15	4	2	1	118	36	-0.1858991801580241	0.7911274606285627	0.8811698220944488	1.1224489795918369
dip 30m<-3%	15	4	2	3	118	36	-0.1858991801580241	0.4533332961224086	0.6759795364184485	1.1224489795918369
dip 30m<-3%	15	4	2	5	118	36	-0.1858991801580241	0.2314030752026047	0.5099619703844724	1.1224489795918369
dip 30m<-3%	15	4	4	1	105	34	-0.18885836651468887	0.8095110651176168	0.8673976860770662	1.0131195335276968
dip 30m<-3%	15	4	4	3	105	34	-0.18885836651468887	0.4905428246289899	0.6451760618449262	1.0131195335276968
dip 30m<-3%	15	4	4	5	105	34	-0.18885836651468887	0.2673683200148613	0.4723269343000013	1.0131195335276968
dip 30m<-3%	60	-	2	1	103	32	-0.39767820180169966	0.6506466459351475	0.891340943320997	0.9839650145772596
dip 30m<-3%	60	-	2	3	103	32	-0.39767820180169966	0.24469495131965238	0.6838621920511824	0.9839650145772596
dip 30m<-3%	60	-	2	5	103	32	-0.39767820180169966	0.07888333585368598	0.5015440231688288	0.9839650145772596
dip 30m<-3%	60	-	4	1	81	24	-0.4318468001533611	0.6908720700827291	0.9116645654225821	0.7653061224489797
dip 30m<-3%	60	-	4	3	81	24	-0.4318468001533611	0.29173922681442915	0.7272605242747973	0.7653061224489797
dip 30m<-3%	60	-	4	5	81	24	-0.4318468001533611	0.10373899155709743	0.5487180536888522	0.7653061224489797
dip 30m<-3%	60	2	2	1	113	33	-0.3429715573862606	0.6674353862844709	0.847546283777143	1.0641399416909623
dip 30m<-3%	60	2	2	3	113	33	-0.3429715573862606	0.26859287437295115	0.5945229153070727	1.0641399416909623
dip 30m<-3%	60	2	2	5	113	33	-0.3429715573862606	0.09410070695321728	0.40353195701596517	1.0641399416909623
dip 30m<-3%	60	2	4	1	88	25	-0.20215327449831688	0.8221620781328943	0.8668713361200896	0.8236151603498543
dip 30m<-3%	60	2	4	3	88	25	-0.20215327449831688	0.49696495262862317	0.6322517198717176	0.8236151603498543
dip 30m<-3%	60	2	4	5	88	25	-0.20215327449831688	0.25580839507730413	0.44148720715692424	0.8236151603498543
dip 30m<-3%	60	4	2	1	108	32	-0.3108726310336896	0.6995342559306468	0.8689440397745357	1.0204081632653061
dip 30m<-3%	60	4	2	3	108	32	-0.3108726310336896	0.3013277740228327	0.6380493718115097	1.0204081632653061
dip 30m<-3%	60	4	2	5	108	32	-0.3108726310336896	0.10981774560088108	0.4511541541744018	1.0204081632653061
dip 30m<-3%	60	4	4	1	85	24	-0.24293677837633268	0.79496588035002	0.8887569861270324	0.794460641399417
dip 30m<-3%	60	4	4	3	85	24	-0.24293677837633268	0.43684160899601304	0.6785403931529446	0.794460641399417
dip 30m<-3%	60	4	4	5	85	24	-0.24293677837633268	0.19767158757106204	0.49358863421025373	0.794460641399417
dip 30m<-3%	eod	-	2	1	90	32	-0.12725268370429532	0.8279107184464508	0.9351544974402929	0.8892128279883382
dip 30m<-3%	eod	-	2	3	90	32	-0.12725268370429532	0.41070328116959265	0.7699476730509348	0.8892128279883382
dip 30m<-3%	eod	-	2	5	90	32	-0.12725268370429532	0.15039349056182857	0.5884892275486914	0.8892128279883382
dip 30m<-3%	eod	-	4	1	72	24	-0.08177191463364576	0.8675232374992076	0.9169892210613154	0.6997084548104957
dip 30m<-3%	eod	-	4	3	72	24	-0.08177191463364576	0.44423288098302205	0.711757345969436	0.6997084548104957
dip 30m<-3%	eod	-	4	5	72	24	-0.08177191463364576	0.1514752562344792	0.49599359873186	0.6997084548104957
dip 30m<-3%	eod	2	2	1	113	33	-0.32458523359374164	0.6787162412099765	0.8615963580739969	1.0641399416909623
dip 30m<-3%	eod	2	2	3	113	33	-0.32458523359374164	0.2756981471770142	0.6183439302349988	1.0641399416909623
dip 30m<-3%	eod	2	2	5	113	33	-0.32458523359374164	0.09437155981310638	0.42368149632809465	1.0641399416909623
dip 30m<-3%	eod	2	4	1	88	25	-0.21841289874425254	0.8026616910656442	0.858148967420013	0.8236151603498543
dip 30m<-3%	eod	2	4	3	88	25	-0.21841289874425254	0.43496593249346044	0.5975430378166899	0.8236151603498543
dip 30m<-3%	eod	2	4	5	88	25	-0.21841289874425254	0.183428299383106	0.38308529915735784	0.8236151603498543
dip 30m<-3%	eod	4	2	1	106	32	-0.27118057617990826	0.7286013239814246	0.9197595237071607	1.0058309037900874
dip 30m<-3%	eod	4	2	3	106	32	-0.27118057617990826	0.3258093513951264	0.7401909940123823	1.0058309037900874
dip 30m<-3%	eod	4	2	5	106	32	-0.27118057617990826	0.116527965713302	0.5583315721118569	1.0058309037900874
dip 30m<-3%	eod	4	4	1	82	24	-0.22166333426995047	0.8015270609512637	0.9018932930510825	0.772594752186589
dip 30m<-3%	eod	4	4	3	82	24	-0.22166333426995047	0.4048360070836797	0.6842495871454888	0.772594752186589
dip 30m<-3%	eod	4	4	5	82	24	-0.22166333426995047	0.14623977157672177	0.47057596430592924	0.772594752186589
mom 30m>+3%	15	-	2	1	89	31	-0.33353913976990385	0.7226846438874069	0.9262569653276485	0.8746355685131196
mom 30m>+3%	15	-	2	3	89	31	-0.33353913976990385	0.32845111668921556	0.7878673283385217	0.8746355685131196
mom 30m>+3%	15	-	2	5	89	31	-0.33353913976990385	0.12858627298716865	0.6622792315402173	0.8746355685131196
mom 30m>+3%	15	-	4	1	82	31	-0.4306142787997419	0.6818400254456795	0.9271961294376111	0.8236151603498543
mom 30m>+3%	15	-	4	3	82	31	-0.4306142787997419	0.2685803847894885	0.7896115808958367	0.8236151603498543
mom 30m>+3%	15	-	4	5	82	31	-0.4306142787997419	0.08609310950332999	0.6636521078646512	0.8236151603498543
mom 30m>+3%	15	2	2	1	105	31	-0.41242821247962497	0.6404759840765567	0.9262569653276485	0.9912536443148688
mom 30m>+3%	15	2	2	3	105	31	-0.41242821247962497	0.24348648987142338	0.7878673283385217	0.9912536443148688
mom 30m>+3%	15	2	2	5	105	31	-0.41242821247962497	0.08339263954332972	0.6622792315402173	0.9912536443148688
mom 30m>+3%	15	2	4	1	94	31	-0.3761479922419153	0.6906511769373823	0.9271961294376111	0.9110787172011663
mom 30m>+3%	15	2	4	3	94	31	-0.3761479922419153	0.2970077861953207	0.7896115808958367	0.9110787172011663
mom 30m>+3%	15	2	4	5	94	31	-0.3761479922419153	0.1099348379436918	0.6636521078646512	0.9110787172011663
mom 30m>+3%	15	4	2	1	93	31	-0.5074259849455502	0.6160815906480904	0.9262569653276485	0.9037900874635569
mom 30m>+3%	15	4	2	3	93	31	-0.5074259849455502	0.21695286373738065	0.7878673283385217	0.9037900874635569
mom 30m>+3%	15	4	2	5	93	31	-0.5074259849455502	0.06906071523866983	0.6622792315402173	0.9037900874635569
mom 30m>+3%	15	4	4	1	84	31	-0.39195268991451154	0.7072587668314773	0.9271961294376111	0.838192419825073
mom 30m>+3%	15	4	4	3	84	31	-0.39195268991451154	0.31855431228936854	0.7896115808958367	0.838192419825073
mom 30m>+3%	15	4	4	5	84	31	-0.39195268991451154	0.1238733010873622	0.6636521078646512	0.838192419825073
mom 30m>+3%	60	-	2	1	68	22	-0.1909171411359424	0.8597265697480242	0.8980465563024076	0.6559766763848397
mom 30m>+3%	60	-	2	3	68	22	-0.1909171411359424	0.5640642914739421	0.7135213780117011	0.6559766763848397
mom 30m>+3%	60	-	2	5	68	22	-0.1909171411359424	0.3200311367823881	0.5554650632194946	0.6559766763848397
mom 30m>+3%	60	-	4	1	60	22	-0.2672146262211513	0.8207787398282856	0.9182610204234273	0.5976676384839651
mom 30m>+3%	60	-	4	3	60	22	-0.2672146262211513	0.45137974890023347	0.7590094555729415	0.5976676384839651
mom 30m>+3%	60	-	4	5	60	22	-0.2672146262211513	0.19358341032802576	0.6096263477001983	0.5976676384839651
mom 30m>+3%	60	2	2	1	96	25	-0.4106579926055387	0.6634729988081675	0.8761336842801475	0.881924198250729
mom 30m>+3%	60	2	2	3	96	25	-0.4106579926055387	0.2649428696774811	0.6619160581922056	0.881924198250729
mom 30m>+3%	60	2	2	5	96	25	-0.4106579926055387	0.0925949710080918	0.4892028500834759	0.881924198250729
mom 30m>+3%	60	2	4	1	83	24	-0.4220704619775092	0.6870652682237237	0.9173772052310872	0.7798833819241983
mom 30m>+3%	60	2	4	3	83	24	-0.4220704619775092	0.27704637519343944	0.7571963443102145	0.7798833819241983
mom 30m>+3%	60	2	4	5	83	24	-0.4220704619775092	0.08871196488618445	0.6076047807715208	0.7798833819241983
mom 30m>+3%	60	4	2	1	82	22	-0.49903180521253426	0.6525473786705247	0.8980465563024076	0.7580174927113703
mom 30m>+3%	60	4	2	3	82	22	-0.49903180521253426	0.25009511998343553	0.7135213780117011	0.7580174927113703
mom 30m>+3%	60	4	2	5	82	22	-0.49903180521253426	0.08332067349683962	0.5554650632194946	0.7580174927113703
mom 30m>+3%	60	4	4	1	68	22	-0.4269948788366494	0.7291957874638635	0.9182610204234273	0.6559766763848397
mom 30m>+3%	60	4	4	3	68	22	-0.4269948788366494	0.33158184624772497	0.7590094555729415	0.6559766763848397
mom 30m>+3%	60	4	4	5	68	22	-0.4269948788366494	0.12092912489550414	0.6096263477001983	0.6559766763848397
mom 30m>+3%	eod	-	2	1	49	22	0.380305635733717	1.1443389378179145	0.9182368944711014	0.5174927113702624
mom 30m>+3%	eod	-	2	3	49	22	0.380305635733717	1.1987269745931213	0.7539965623975758	0.5174927113702624
mom 30m>+3%	eod	-	2	5	49	22	0.380305635733717	1.0248094313863572	0.59799774198666	0.5174927113702624
mom 30m>+3%	eod	-	4	1	43	21	0.06716254864389357	0.971091823333635	0.8969087910986789	0.4664723032069971
mom 30m>+3%	eod	-	4	3	43	21	0.06716254864389357	0.7017533855896816	0.6924720580959673	0.4664723032069971
mom 30m>+3%	eod	-	4	5	43	21	0.06716254864389357	0.38634867356621627	0.5043187140376104	0.4664723032069971
mom 30m>+3%	eod	2	2	1	96	25	-0.4063744760239841	0.6648206143072302	0.9146333476326001	0.881924198250729
mom 30m>+3%	eod	2	2	3	96	25	-0.4063744760239841	0.2632596435587843	0.7476752874008353	0.881924198250729
mom 30m>+3%	eod	2	2	5	96	25	-0.4063744760239841	0.08973287368166824	0.5922256954198489	0.881924198250729
mom 30m>+3%	eod	2	4	1	80	23	-0.4426330135985072	0.6805202838819513	0.9070055677131793	0.750728862973761
mom 30m>+3%	eod	2	4	3	80	23	-0.4426330135985072	0.259428189643838	0.7193692902728401	0.750728862973761
mom 30m>+3%	eod	2	4	5	80	23	-0.4426330135985072	0.07428697531043303	0.540817633560169	0.750728862973761
mom 30m>+3%	eod	4	2	1	78	22	-0.1335586620285135	0.8783394632741897	0.9163302074990698	0.728862973760933
mom 30m>+3%	eod	4	2	3	78	22	-0.1335586620285135	0.5837266478786545	0.7496912539574093	0.728862973760933
mom 30m>+3%	eod	4	2	5	78	22	-0.1335586620285135	0.320162542561187	0.5927455358403249	0.728862973760933
mom 30m>+3%	eod	4	4	1	63	21	-0.18931204136768973	0.855228341039559	0.8950463911914378	0.6122448979591837
mom 30m>+3%	eod	4	4	3	63	21	-0.18931204136768973	0.4991808183352176	0.6885180536018085	0.6122448979591837
mom 30m>+3%	eod	4	4	5	63	21	-0.18931204136768973	0.2130030506971264	0.4998892895371428	0.6122448979591837
mom 30m>+5%	15	2	2	1	40	2	-0.5439341676284332	0.798596915043297	1.0047001686100911	0.30612244897959184
mom 30m>+5%	15	2	2	3	40	2	-0.5439341676284332	0.4870795429597438	1.0138886325906153	0.30612244897959184
mom 30m>+5%	15	2	2	5	40	2	-0.5439341676284332	0.27940881192944766	1.0227945989182623	0.30612244897959184
mom 30m>+5%	60	2	2	1	40	2	-0.500000000000001	0.8121840731047437	1.0146575342465753	0.30612244897959184
mom 30m>+5%	60	2	2	3	40	2	-0.500000000000001	0.5102515339156676	1.0433440773569702	0.30612244897959184
mom 30m>+5%	60	2	2	5	40	2	-0.500000000000001	0.2998838054912964	1.0711925866236904	0.30612244897959184
mom 30m>+5%	eod	2	2	1	40	2	-0.500000000000001	0.8121840731047437	1.0404	0.30612244897959184
mom 30m>+5%	eod	2	2	3	40	2	-0.500000000000001	0.5102515339156676	1.1236000000000002	0.30612244897959184
mom 30m>+5%	eod	2	2	5	40	2	-0.500000000000001	0.2998838054912964	1.2100000000000002	0.30612244897959184
dip 60m<-1%	15	-	2	1	1788	672	-0.21304310320303077	0.02101308541767821	0.25511035932637793	17.93002915451895
dip 60m<-1%	15	-	2	3	1788	672	-0.21304310320303077	6.713360517579805e-06	0.01501639639608175	17.93002915451895
dip 60m<-1%	15	-	2	5	1788	672	-0.21304310320303077	1.381133346044958e-09	0.0007717927694159707	17.93002915451895
dip 60m<-1%	15	-	4	1	1765	671	-0.2070887709083695	0.024433979725366334	0.25527794702143497	17.75510204081633
dip 60m<-1%	15	-	4	3	1765	671	-0.2070887709083695	1.0322498138369218e-05	0.015057024064648627	17.75510204081633
dip 60m<-1%	15	-	4	5	1765	671	-0.2070887709083695	2.706360208583814e-09	0.0007754813489463127	17.75510204081633
dip 60m<-1%	15	2	2	1	1795	674	-0.21509432226916367	0.019969733401878454	0.2542154122712903	17.995626822157437
dip 60m<-1%	15	2	2	3	1795	674	-0.21509432226916367	5.782160590907584e-06	0.014904498391491404	17.995626822157437
dip 60m<-1%	15	2	2	5	1795	674	-0.21509432226916367	1.0801565536530375e-09	0.0007654525241735314	17.995626822157437
dip 60m<-1%	15	2	4	1	1771	671	-0.20754817562480782	0.023980912712346123	0.2554674621407023	17.798833819241985
dip 60m<-1%	15	2	4	3	1771	671	-0.20754817562480782	9.855133722769983e-06	0.015125051214967258	17.798833819241985
dip 60m<-1%	15	2	4	5	1771	671	-0.20754817562480782	2.540489464807346e-09	0.0007837743584827402	17.798833819241985
dip 60m<-1%	15	4	2	1	1789	672	-0.20940113281247033	0.022343989986040924	0.25350625630940216	17.93731778425656
dip 60m<-1%	15	4	2	3	1789	672	-0.20940113281247033	8.000335980357782e-06	0.014756286295029623	17.93731778425656
dip 60m<-1%	15	4	2	5	1789	672	-0.20940113281247033	1.825812597776995e-09	0.0007511950845730351	17.93731778425656
dip 60m<-1%	15	4	4	1	1767	671	-0.1992299167317894	0.027870947417537473	0.2536727902333454	17.769679300291546
dip 60m<-1%	15	4	4	3	1767	671	-0.1992299167317894	1.505873967217826e-05	0.0147962102217201	17.769679300291546
dip 60m<-1%	15	4	4	5	1767	671	-0.1992299167317894	4.9490101223975265e-09	0.0007547852229133402	17.769679300291546
dip 60m<-1%	60	-	2	1	836	319	-0.2401156793986258	0.12573230271955332	0.6306831188076356	8.418367346938776
dip 60m<-1%	60	-	2	3	836	319	-0.2401156793986258	0.0013343649107271616	0.220060923124043	8.418367346938776
dip 60m<-1%	60	-	2	5	836	319	-0.2401156793986258	8.27301146682233e-06	0.06444313657501125	8.418367346938776
dip 60m<-1%	60	-	4	1	768	299	-0.2437857815254838	0.14350616288941162	0.6453366516325986	7.776967930029155
dip 60m<-1%	60	-	4	3	768	299	-0.2437857815254838	0.001933719516681802	0.23466083470640428	7.776967930029155
dip 60m<-1%	60	-	4	5	768	299	-0.2437857815254838	1.4379146970206449e-05	0.07087708766526997	7.776967930029155
dip 60m<-1%	60	2	2	1	864	323	-0.23975673762388922	0.11808521358649808	0.6182846325162535	8.651603498542276
dip 60m<-1%	60	2	2	3	864	323	-0.23975673762388922	0.0011097216088605838	0.20926558000717166	8.651603498542276
dip 60m<-1%	60	2	2	5	864	323	-0.23975673762388922	6.073716749508883e-06	0.06000220911752521	8.651603498542276
dip 60m<-1%	60	2	4	1	781	302	-0.23802900578068237	0.14585343686494098	0.6299865872034922	7.893586005830905
dip 60m<-1%	60	2	4	3	781	302	-0.23802900578068237	0.002057137072931268	0.22024029284975896	7.893586005830905
dip 60m<-1%	60	2	4	5	781	302	-0.23802900578068237	1.615656121911381e-05	0.06445161961055243	7.893586005830905
dip 60m<-1%	60	4	2	1	842	320	-0.23022745880820258	0.13425276751984647	0.6287963229078508	8.46938775510204
dip 60m<-1%	60	4	2	3	842	320	-0.23022745880820258	0.0015930509725198942	0.21922835283275743	8.46938775510204
dip 60m<-1%	60	4	2	5	842	320	-0.23022745880820258	1.076626390757615e-05	0.06448748432096106	8.46938775510204
dip 60m<-1%	60	4	4	1	773	300	-0.2363221904105701	0.14969106736427387	0.6408315502190439	7.8206997084548115
dip 60m<-1%	60	4	4	3	773	300	-0.2363221904105701	0.0021484705009451586	0.23127917426114789	7.8206997084548115
dip 60m<-1%	60	4	4	5	773	300	-0.2363221904105701	1.6492554291527584e-05	0.0697911216999575	7.8206997084548115
dip 60m<-1%	eod	-	2	1	563	211	-0.20074804980604344	0.279325558372305	0.812715299939766	5.641399416909621
dip 60m<-1%	eod	-	2	3	563	211	-0.20074804980604344	0.010419193699120989	0.4301464637960496	5.641399416909621
dip 60m<-1%	eod	-	2	5	563	211	-0.20074804980604344	0.00016679897684359775	0.17198255562189418	5.641399416909621
dip 60m<-1%	eod	-	4	1	414	161	-0.19395170798036176	0.3908823577257822	0.8926980189043969	4.190962099125365
dip 60m<-1%	eod	-	4	3	414	161	-0.19395170798036176	0.028567637295887568	0.5705844530304606	4.190962099125365
dip 60m<-1%	eod	-	4	5	414	161	-0.19395170798036176	0.0008284176090159972	0.2710858096062708	4.190962099125365
dip 60m<-1%	eod	2	2	1	661	240	-0.24285929745755108	0.18438672654426702	0.6662474872125423	6.567055393586006
dip 60m<-1%	eod	2	2	3	661	240	-0.24285929745755108	0.0037348011408407933	0.2499018660847701	6.567055393586006
dip 60m<-1%	eod	2	2	5	661	240	-0.24285929745755108	3.734887455513929e-05	0.07456803262095717	6.567055393586006
dip 60m<-1%	eod	2	4	1	480	182	-0.2305061015331343	0.30173571910217883	0.8000198784508233	4.825072886297376
dip 60m<-1%	eod	2	4	3	480	182	-0.2305061015331343	0.015461038726173671	0.42853373566799835	4.825072886297376
dip 60m<-1%	eod	2	4	5	480	182	-0.2305061015331343	0.00034466104628317067	0.17804269867471997	4.825072886297376
dip 60m<-1%	eod	4	2	1	594	216	-0.24074147183151792	0.21728705773090565	0.7726457634565785	5.903790087463557
dip 60m<-1%	eod	4	2	3	594	216	-0.24074147183151792	0.00577409390658704	0.3798206026379422	5.903790087463557
dip 60m<-1%	eod	4	2	5	594	216	-0.24074147183151792	7.155453917538057e-05	0.14468070359834617	5.903790087463557
dip 60m<-1%	eod	4	4	1	436	166	-0.23896052998098263	0.3182340241046695	0.8805815162276912	4.387755102040817
dip 60m<-1%	eod	4	4	3	436	166	-0.23896052998098263	0.017072436423468697	0.5591990608649168	4.387755102040817
dip 60m<-1%	eod	4	4	5	436	166	-0.23896052998098263	0.0003726323064863949	0.26923255651576267	4.387755102040817
mom 60m>+1%	15	-	2	1	1726	682	-0.18125317007536618	0.042119990839904434	0.2880036158454651	17.551020408163268
mom 60m>+1%	15	-	2	3	1726	682	-0.18125317007536618	5.922561597321525e-05	0.022188132500279255	17.551020408163268
mom 60m>+1%	15	-	2	5	1726	682	-0.18125317007536618	6.102242841047399e-08	0.0015471716866721703	17.551020408163268
mom 60m>+1%	15	-	4	1	1714	681	-0.1719083056525367	0.050184905326709994	0.2939207499521991	17.456268221574344
mom 60m>+1%	15	-	4	3	1714	681	-0.1719083056525367	9.650335335417148e-05	0.023607999532005604	17.456268221574344
mom 60m>+1%	15	-	4	5	1714	681	-0.1719083056525367	1.2968732508733942e-07	0.0017186727495319878	17.456268221574344
mom 60m>+1%	15	2	2	1	1746	684	-0.17795992103995625	0.04308517610041483	0.27922130852858806	17.711370262390673
mom 60m>+1%	15	2	2	3	1746	684	-0.17795992103995625	6.377024306480909e-05	0.02023428803271276	17.711370262390673
mom 60m>+1%	15	2	2	5	1746	684	-0.17795992103995625	6.939441240067696e-08	0.001328083336810378	17.711370262390673
mom 60m>+1%	15	2	4	1	1733	683	-0.1816881726231688	0.04114326088666172	0.28261826497023196	17.60932944606414
mom 60m>+1%	15	2	4	3	1733	683	-0.1816881726231688	5.378874592331381e-05	0.021008696164456574	17.60932944606414
mom 60m>+1%	15	2	4	5	1733	683	-0.1816881726231688	4.902750968426407e-08	0.001417009901683326	17.60932944606414
mom 60m>+1%	15	4	2	1	1732	682	-0.17671575019099867	0.04501077454345962	0.2880036158454651	17.594752186588924
mom 60m>+1%	15	4	2	3	1732	682	-0.17671575019099867	7.16943386534958e-05	0.022188132500279255	17.594752186588924
mom 60m>+1%	15	4	2	5	1732	682	-0.17671575019099867	8.277779427492982e-08	0.0015471716866721703	17.594752186588924
mom 60m>+1%	15	4	4	1	1719	681	-0.16898466286068772	0.0524450999694528	0.2939207499521991	17.49271137026239
mom 60m>+1%	15	4	4	3	1719	681	-0.16898466286068772	0.00011114775261817374	0.023607999532005604	17.49271137026239
mom 60m>+1%	15	4	4	5	1719	681	-0.16898466286068772	1.6524842666252147e-07	0.0017186727495319878	17.49271137026239
mom 60m>+1%	60	-	2	1	833	318	-0.15967027226675398	0.2464487689032194	0.6281155612952161	8.389212827988338
mom 60m>+1%	60	-	2	3	833	318	-0.15967027226675398	0.010111377032507026	0.22460114850424023	8.389212827988338
mom 60m>+1%	60	-	2	5	833	318	-0.15967027226675398	0.00025568243048070503	0.07034292876164895	8.389212827988338
mom 60m>+1%	60	-	4	1	818	316	-0.18251805630094745	0.20831688705980506	0.6808073404975736	8.26530612244898
mom 60m>+1%	60	-	4	3	818	316	-0.18251805630094745	0.005829466426057511	0.2850412432675123	8.26530612244898
mom 60m>+1%	60	-	4	5	818	316	-0.18251805630094745	9.147312614574673e-05	0.10384428595086365	8.26530612244898
mom 60m>+1%	60	2	2	1	874	322	-0.17556999327124118	0.2048814970061968	0.6383693816179635	8.71720116618076
mom 60m>+1%	60	2	2	3	874	322	-0.17556999327124118	0.006316903512191833	0.23756790395119332	8.71720116618076
mom 60m>+1%	60	2	2	5	874	322	-0.17556999327124118	0.0001278602903363411	0.07812896185837966	8.71720116618076
mom 60m>+1%	60	2	4	1	851	319	-0.19814921661598864	0.1737785001705071	0.6900445137235701	8.527696793002915
mom 60m>+1%	60	2	4	3	851	319	-0.19814921661598864	0.003531698615100168	0.29948636954693447	8.527696793002915
mom 60m>+1%	60	2	4	5	851	319	-0.19814921661598864	4.080368501013905e-05	0.11432746205540999	8.527696793002915
mom 60m>+1%	60	4	2	1	853	318	-0.1781306115692811	0.2066072065327715	0.6291508391483686	8.534985422740526
mom 60m>+1%	60	4	2	3	853	318	-0.1781306115692811	0.006252358527903787	0.22563544735743868	8.534985422740526
mom 60m>+1%	60	4	2	5	853	318	-0.1781306115692811	0.00011947559039799944	0.07084811620587826	8.534985422740526
mom 60m>+1%	60	4	4	1	829	316	-0.1825513076018041	0.20552839983910806	0.6819294664331705	8.345481049562682
mom 60m>+1%	60	4	4	3	829	316	-0.1825513076018041	0.005699495079223472	0.28635387159995535	8.345481049562682
mom 60m>+1%	60	4	4	5	829	316	-0.1825513076018041	8.796766179674056e-05	0.10459007277465494	8.345481049562682
mom 60m>+1%	eod	-	2	1	506	189	-0.10931523304044816	0.5124382566335056	0.7546264490846706	5.065597667638484
mom 60m>+1%	eod	-	2	3	506	189	-0.10931523304044816	0.07554439014847925	0.36746340971535735	5.065597667638484
mom 60m>+1%	eod	-	2	5	506	189	-0.10931523304044816	0.005817956434440055	0.14567449848318959	5.065597667638484
mom 60m>+1%	eod	-	4	1	446	166	-0.13437204044553527	0.4824961796584033	0.8593597148893091	4.46064139941691
mom 60m>+1%	eod	-	4	3	446	166	-0.13437204044553527	0.05640700992515282	0.5348936685577689	4.46064139941691
mom 60m>+1%	eod	-	4	5	446	166	-0.13437204044553527	0.002817753418671273	0.2634023371564751	4.46064139941691
mom 60m>+1%	eod	2	2	1	645	227	-0.18588798530504475	0.2795451951200155	0.6316919034089234	6.355685131195336
mom 60m>+1%	eod	2	2	3	645	227	-0.18588798530504475	0.013818043096440896	0.21735175366589443	6.355685131195336
mom 60m>+1%	eod	2	2	5	645	227	-0.18588798530504475	0.00036627751981727275	0.06114951423077464	6.355685131195336
mom 60m>+1%	eod	2	4	1	558	200	-0.19705568726115383	0.3015221373445901	0.7651173009410428	5.524781341107873
mom 60m>+1%	eod	2	4	3	558	200	-0.19705568726115383	0.014720872820069855	0.3789085474353899	5.524781341107873
mom 60m>+1%	eod	2	4	5	558	200	-0.19705568726115383	0.0002924969765613653	0.14820175248755008	5.524781341107873
mom 60m>+1%	eod	4	2	1	556	194	-0.1648496595494407	0.3681737961672247	0.7687250850517785	5.466472303206998
mom 60m>+1%	eod	4	2	3	556	194	-0.1648496595494407	0.030544728318802648	0.38977543064334497	5.466472303206998
mom 60m>+1%	eod	4	2	5	556	194	-0.1648496595494407	0.0013238362861538655	0.16125980511679738	5.466472303206998
mom 60m>+1%	eod	4	4	1	476	170	-0.1453745907695951	0.4526351427283744	0.8706029047657228	4.708454810495628
mom 60m>+1%	eod	4	4	3	476	170	-0.1453745907695951	0.05006261594956815	0.555068121187929	4.708454810495628
mom 60m>+1%	eod	4	4	5	476	170	-0.1453745907695951	0.0023359643978460146	0.27852123639761694	4.708454810495628
dip 60m<-2%	15	-	2	1	589	205	-0.26591919446397877	0.20304057886885724	0.686997127046224	5.787172011661808
dip 60m<-2%	15	-	2	3	589	205	-0.26591919446397877	0.0070617048227704675	0.30826856606281866	5.787172011661808
dip 60m<-2%	15	-	2	5	589	205	-0.26591919446397877	0.0001949179932127759	0.12918787809052307	5.787172011661808
dip 60m<-2%	15	-	4	1	570	202	-0.23446342953021884	0.25504349235216806	0.6862680913879095	5.626822157434403
dip 60m<-2%	15	-	4	3	570	202	-0.23446342953021884	0.013825972032135586	0.3075030142422943	5.626822157434403
dip 60m<-2%	15	-	4	5	570	202	-0.23446342953021884	0.0005827171937057148	0.12868718177658334	5.626822157434403
dip 60m<-2%	15	2	2	1	594	207	-0.25942066899465105	0.2084562381479813	0.6977424922156299	5.838192419825074
dip 60m<-2%	15	2	2	3	594	207	-0.25942066899465105	0.00768113060159465	0.32303134079847884	5.838192419825074
dip 60m<-2%	15	2	2	5	594	207	-0.25942066899465105	0.00022572510023841568	0.13969376400079103	5.838192419825074
dip 60m<-2%	15	2	4	1	573	203	-0.23919706691448236	0.24690937274951258	0.7067859570064619	5.6559766763848405
dip 60m<-2%	15	2	4	3	573	203	-0.23919706691448236	0.012661017490199706	0.3352199070613182	5.6559766763848405
dip 60m<-2%	15	2	4	5	573	203	-0.23919706691448236	0.0005097879552739018	0.1481094257597583	5.6559766763848405
dip 60m<-2%	15	4	2	1	590	205	-0.25719039586814296	0.21293109322463732	0.686997127046224	5.794460641399417
dip 60m<-2%	15	4	2	3	590	205	-0.25719039586814296	0.008087997256741416	0.30826856606281866	5.794460641399417
dip 60m<-2%	15	4	2	5	590	205	-0.25719039586814296	0.0002418605409944502	0.12918787809052307	5.794460641399417
dip 60m<-2%	15	4	4	1	570	202	-0.22871411226776714	0.26334702342023253	0.6862680913879095	5.626822157434403
dip 60m<-2%	15	4	4	3	570	202	-0.22871411226776714	0.015159263840184628	0.3075030142422943	5.626822157434403
dip 60m<-2%	15	4	4	5	570	202	-0.22871411226776714	0.000675230477163361	0.12868718177658334	5.626822157434403
dip 60m<-2%	60	-	2	1	352	122	-0.2972941172934082	0.33727802959625286	0.9285964019025434	3.4548104956268224
dip 60m<-2%	60	-	2	3	352	122	-0.2972941172934082	0.030143398089110124	0.7387278542699182	3.4548104956268224
dip 60m<-2%	60	-	2	5	352	122	-0.2972941172934082	0.001951311299517589	0.5287226003389345	3.4548104956268224
dip 60m<-2%	60	-	4	1	295	108	-0.2671014109313794	0.43539313071225716	0.9175595297813032	2.93731778425656
dip 60m<-2%	60	-	4	3	295	108	-0.2671014109313794	0.06325649933770157	0.7107724291050525	2.93731778425656
dip 60m<-2%	60	-	4	5	295	108	-0.2671014109313794	0.006339802520938728	0.49196400713317495	2.93731778425656
dip 60m<-2%	60	2	2	1	368	125	-0.317412785394862	0.29940291984361794	0.88055904671721	3.5932944606414
dip 60m<-2%	60	2	2	3	368	125	-0.317412785394862	0.021311494894590787	0.6386614039061456	3.5932944606414
dip 60m<-2%	60	2	2	5	368	125	-0.317412785394862	0.0011057064407103206	0.42316731036488703	3.5932944606414
dip 60m<-2%	60	2	4	1	304	110	-0.2825555553524084	0.40731345650054046	0.862097110372563	3.0174927113702625
dip 60m<-2%	60	2	4	3	304	110	-0.2825555553524084	0.05290180230238717	0.5970118218264817	3.0174927113702625
dip 60m<-2%	60	2	4	5	304	110	-0.2825555553524084	0.004831848642817883	0.3742640680966267	3.0174927113702625
dip 60m<-2%	60	4	2	1	357	123	-0.2817203121628076	0.3504022651707435	0.9228907970240537	3.4985422740524785
dip 60m<-2%	60	4	2	3	357	123	-0.2817203121628076	0.033272823541383306	0.7271273059996816	3.4985422740524785
dip 60m<-2%	60	4	2	5	357	123	-0.2817203121628076	0.002240137364821656	0.5167158575270335	3.4985422740524785
dip 60m<-2%	60	4	4	1	300	108	-0.22594971730934243	0.4846220394145764	0.8994030487851917	2.973760932944607
dip 60m<-2%	60	4	4	3	300	108	-0.22594971730934243	0.0856075697002044	0.6707817275171456	2.973760932944607
dip 60m<-2%	60	4	4	5	300	108	-0.22594971730934243	0.0101590370491274	0.4474217183824481	2.973760932944607
dip 60m<-2%	eod	-	2	1	309	109	-0.280091841738207	0.3766960697494565	0.9607091801688763	3.0466472303207
dip 60m<-2%	eod	-	2	3	309	109	-0.280091841738207	0.030981419129922094	0.7639274798402796	3.0466472303207
dip 60m<-2%	eod	-	2	5	309	109	-0.280091841738207	0.0013962850590953214	0.5046979102740405	3.0466472303207
dip 60m<-2%	eod	-	4	1	219	85	-0.30360850405517836	0.4567075654149533	0.9740068631306775	2.2157434402332363
dip 60m<-2%	eod	-	4	3	219	85	-0.30360850405517836	0.05179834288577055	0.7878508858758988	2.2157434402332363
dip 60m<-2%	eod	-	4	5	219	85	-0.30360850405517836	0.0028386632915751372	0.5152965640093816	2.2157434402332363
dip 60m<-2%	eod	2	2	1	353	120	-0.38624027337960004	0.24252989656210291	0.8550213777535188	3.4475218658892133
dip 60m<-2%	eod	2	2	3	353	120	-0.38624027337960004	0.010322825141812817	0.565442706541263	3.4475218658892133
dip 60m<-2%	eod	2	2	5	353	120	-0.38624027337960004	0.0002821134136772398	0.3265143845092313	3.4475218658892133
dip 60m<-2%	eod	2	4	1	244	94	-0.4409041513454382	0.32075670603489076	0.8755430421780328	2.4635568513119535
dip 60m<-2%	eod	2	4	3	244	94	-0.4409041513454382	0.022426769143537986	0.5962356261431287	2.4635568513119535
dip 60m<-2%	eod	2	4	5	244	94	-0.4409041513454382	0.0008908802753894021	0.3423554021062606	2.4635568513119535
dip 60m<-2%	eod	4	2	1	330	112	-0.3426051271327653	0.302198042652635	0.9124081730191449	3.221574344023324
dip 60m<-2%	eod	4	2	3	330	112	-0.3426051271327653	0.01863557339976568	0.6695892475555706	3.221574344023324
dip 60m<-2%	eod	4	2	5	330	112	-0.3426051271327653	0.0006833676194373392	0.4169189867173695	3.221574344023324
dip 60m<-2%	eod	4	4	1	233	87	-0.33031695050825133	0.4296932203556148	0.9549546370867564	2.3323615160349855
dip 60m<-2%	eod	4	4	3	233	87	-0.33031695050825133	0.05002332274736933	0.7544456964120633	2.3323615160349855
dip 60m<-2%	eod	4	4	5	233	87	-0.33031695050825133	0.003038705605613048	0.48861699579844703	2.3323615160349855
mom 60m>+2%	15	-	2	1	423	197	-0.13107381507085059	0.5561735467633558	0.6308705610743728	4.518950437317785
mom 60m>+2%	15	-	2	3	423	197	-0.13107381507085059	0.14493104142292995	0.24284451738066617	4.518950437317785
mom 60m>+2%	15	-	2	5	423	197	-0.13107381507085059	0.030963465383576746	0.08933091487443459	4.518950437317785
mom 60m>+2%	15	-	4	1	415	197	-0.10330717553597682	0.6356984089325654	0.6221506896915552	4.46064139941691
mom 60m>+2%	15	-	4	3	415	197	-0.10330717553597682	0.2234553876776481	0.2323833643234526	4.46064139941691
mom 60m>+2%	15	-	4	5	415	197	-0.10330717553597682	0.06580189174149977	0.08265943581590988	4.46064139941691
mom 60m>+2%	15	2	2	1	442	198	-0.15195159963266253	0.5016235824281913	0.6204729449951436	4.664723032069971
mom 60m>+2%	15	2	2	3	442	198	-0.15195159963266253	0.11302219710502467	0.23101395480050466	4.664723032069971
mom 60m>+2%	15	2	2	5	442	198	-0.15195159963266253	0.021927578720709676	0.08216424868644974	4.664723032069971
mom 60m>+2%	15	2	4	1	433	198	-0.160686406172643	0.48835769721906863	0.6085203467373782	4.599125364431488
mom 60m>+2%	15	2	4	3	433	198	-0.160686406172643	0.10238455326001786	0.21757166481436713	4.599125364431488
mom 60m>+2%	15	2	4	5	433	198	-0.160686406172643	0.017914395013515817	0.07412994861526598	4.599125364431488
mom 60m>+2%	15	4	2	1	430	197	-0.12760014795643	0.5655541228955631	0.6308705610743728	4.56997084548105
mom 60m>+2%	15	4	2	3	430	197	-0.12760014795643	0.15954078260518997	0.24284451738066617	4.56997084548105
mom 60m>+2%	15	4	2	5	430	197	-0.12760014795643	0.03818372696949795	0.08933091487443459	4.56997084548105
mom 60m>+2%	15	4	4	1	421	197	-0.10405515146917016	0.6314046705417796	0.6221506896915552	4.504373177842566
mom 60m>+2%	15	4	4	3	421	197	-0.10405515146917016	0.22101957234275338	0.2323833643234526	4.504373177842566
mom 60m>+2%	15	4	4	5	421	197	-0.10405515146917016	0.06496633794437427	0.08265943581590988	4.504373177842566
mom 60m>+2%	60	-	2	1	239	107	-0.148853468577757	0.6731287773913334	0.7940527190244846	2.5218658892128283
mom 60m>+2%	60	-	2	3	239	107	-0.148853468577757	0.24709634222789198	0.4837131665219992	2.5218658892128283
mom 60m>+2%	60	-	2	5	239	107	-0.148853468577757	0.0711969866518908	0.28103540366776697	2.5218658892128283
mom 60m>+2%	60	-	4	1	232	107	-0.16859156308816162	0.6448206037300714	0.8334112161038102	2.470845481049563
mom 60m>+2%	60	-	4	3	232	107	-0.16859156308816162	0.2063394182399408	0.55879917652684	2.470845481049563
mom 60m>+2%	60	-	4	5	232	107	-0.16859156308816162	0.04768514439323832	0.3565385224261751	2.470845481049563
mom 60m>+2%	60	2	2	1	279	114	-0.18328823976239383	0.5843920368301149	0.7687531964858472	2.864431486880467
mom 60m>+2%	60	2	2	3	279	114	-0.18328823976239383	0.1706920820720656	0.43357556216431364	2.864431486880467
mom 60m>+2%	60	2	2	5	279	114	-0.18328823976239383	0.04030263090559474	0.22941648524445726	2.864431486880467
mom 60m>+2%	60	2	4	1	262	112	-0.21982851896245273	0.542988864347494	0.8069498547317815	2.7259475218658893
mom 60m>+2%	60	2	4	3	262	112	-0.21982851896245273	0.12888358603980843	0.5010621952798605	2.7259475218658893
mom 60m>+2%	60	2	4	5	262	112	-0.21982851896245273	0.022385796137722045	0.29102038534565344	2.7259475218658893
mom 60m>+2%	60	4	2	1	258	107	-0.17077655922054868	0.6244239830200711	0.7940527190244846	2.6603498542274053
mom 60m>+2%	60	4	2	3	258	107	-0.17077655922054868	0.2034456432949086	0.4837131665219992	2.6603498542274053
mom 60m>+2%	60	4	2	5	258	107	-0.17077655922054868	0.052332899458348014	0.28103540366776697	2.6603498542274053
mom 60m>+2%	60	4	4	1	242	107	-0.15422696490317545	0.6636264550115071	0.8334112161038102	2.543731778425656
mom 60m>+2%	60	4	4	3	242	107	-0.15422696490317545	0.23362333066136753	0.55879917652684	2.543731778425656
mom 60m>+2%	60	4	4	5	242	107	-0.15422696490317545	0.06031294192694913	0.3565385224261751	2.543731778425656
mom 60m>+2%	eod	-	2	1	186	92	-0.1067046962617593	0.7640002531398128	0.8490297917724493	2.0262390670553936
mom 60m>+2%	eod	-	2	3	186	92	-0.1067046962617593	0.3188110791739502	0.5641362701725977	2.0262390670553936
mom 60m>+2%	eod	-	2	5	186	92	-0.1067046962617593	0.09379336973178955	0.3363377766975693	2.0262390670553936
mom 60m>+2%	eod	-	4	1	175	84	-0.20471494592344935	0.6390443784296136	0.9467108970051372	1.8877551020408165
mom 60m>+2%	eod	-	4	3	175	84	-0.20471494592344935	0.16725833144265034	0.7669377203960128	1.8877551020408165
mom 60m>+2%	eod	-	4	5	175	84	-0.20471494592344935	0.026292675476735104	0.5414760171112561	1.8877551020408165
mom 60m>+2%	eod	2	2	1	267	109	-0.25568583021285707	0.4861267629601499	0.8052298430090372	2.740524781341108
mom 60m>+2%	eod	2	2	3	267	109	-0.25568583021285707	0.09090195782144028	0.4798270687811255	2.740524781341108
mom 60m>+2%	eod	2	2	5	267	109	-0.25568583021285707	0.012352783863816186	0.2549640225348906	2.740524781341108
mom 60m>+2%	eod	2	4	1	240	99	-0.31264604703448945	0.4458421789523498	0.9196735294656758	2.470845481049563
mom 60m>+2%	eod	2	4	3	240	99	-0.31264604703448945	0.061747041312244566	0.706954372081446	2.470845481049563
mom 60m>+2%	eod	2	4	5	240	99	-0.31264604703448945	0.0050485202222759545	0.4750942508597951	2.470845481049563
mom 60m>+2%	eod	4	2	1	223	96	-0.18333421356221616	0.635532746612412	0.8655438295136484	2.3250728862973764
mom 60m>+2%	eod	4	2	3	223	96	-0.18333421356221616	0.19750470727069394	0.5941665011977827	2.3250728862973764
mom 60m>+2%	eod	4	2	5	223	96	-0.18333421356221616	0.04356789922484021	0.3633096416987878	2.3250728862973764
mom 60m>+2%	eod	4	4	1	200	88	-0.18192816595205186	0.6548610347169537	0.9596027789710634	2.099125364431487
mom 60m>+2%	eod	4	4	3	200	88	-0.18192816595205186	0.19532322695406917	0.796105970545494	2.099125364431487
mom 60m>+2%	eod	4	4	5	200	88	-0.18192816595205186	0.03509387836071754	0.5723221807005185	2.099125364431487
dip 60m<-3%	15	-	2	1	234	66	-0.2848541467896687	0.5052623989711265	0.8129800585144732	2.186588921282799
dip 60m<-3%	15	-	2	3	234	66	-0.2848541467896687	0.11707088459877847	0.5266651067706888	2.186588921282799
dip 60m<-3%	15	-	2	5	234	66	-0.2848541467896687	0.023805554986365485	0.33197315180331993	2.186588921282799
dip 60m<-3%	15	-	4	1	223	62	-0.258646890608689	0.5519707246388544	0.819860171189949	2.0772594752186593
dip 60m<-3%	15	-	4	3	223	62	-0.258646890608689	0.15112248512533552	0.5425180722052579	2.0772594752186593
dip 60m<-3%	15	-	4	5	223	62	-0.258646890608689	0.03566621217144392	0.3512802081797904	2.0772594752186593
dip 60m<-3%	15	2	2	1	238	66	-0.29782185062196925	0.4850453126940615	0.8088712545794303	2.2157434402332363
dip 60m<-3%	15	2	2	3	238	66	-0.29782185062196925	0.10434166638037597	0.5192388783318597	2.2157434402332363
dip 60m<-3%	15	2	2	5	238	66	-0.29782185062196925	0.019850076230285396	0.32468994935000556	2.2157434402332363
dip 60m<-3%	15	2	4	1	227	62	-0.2622439597770653	0.5426180979318922	0.8197396035177149	2.1064139941690962
dip 60m<-3%	15	2	4	3	227	62	-0.2622439597770653	0.1446782051175176	0.5422878218167768	2.1064139941690962
dip 60m<-3%	15	2	4	5	227	62	-0.2622439597770653	0.03354150635648267	0.3510408269582886	2.1064139941690962
dip 60m<-3%	15	4	2	1	234	66	-0.27954954551461825	0.5113191910131698	0.8129800585144732	2.186588921282799
dip 60m<-3%	15	4	2	3	234	66	-0.27954954551461825	0.12100452047415311	0.5266651067706888	2.186588921282799
dip 60m<-3%	15	4	2	5	234	66	-0.27954954551461825	0.025053959290993917	0.33197315180331993	2.186588921282799
dip 60m<-3%	15	4	4	1	223	62	-0.24760904709123988	0.5652183933847305	0.819860171189949	2.0772594752186593
dip 60m<-3%	15	4	4	3	223	62	-0.24760904709123988	0.16147764675885373	0.5425180722052579	2.0772594752186593
dip 60m<-3%	15	4	4	5	223	62	-0.24760904709123988	0.039547416001409263	0.3512802081797904	2.0772594752186593
dip 60m<-3%	60	-	2	1	157	47	-0.28490450465539385	0.6241365027465909	0.9317272521749698	1.4868804664723034
dip 60m<-3%	60	-	2	3	157	47	-0.28490450465539385	0.21052394355539997	0.7785749455655969	1.4868804664723034
dip 60m<-3%	60	-	2	5	157	47	-0.28490450465539385	0.05859044102367796	0.6193045064983284	1.4868804664723034
dip 60m<-3%	60	-	4	1	122	40	-0.15770984486937742	0.8024954205991155	0.9279556564828997	1.1807580174927115
dip 60m<-3%	60	-	4	3	122	40	-0.15770984486937742	0.4367482261653739	0.7639802629208581	1.1807580174927115
dip 60m<-3%	60	-	4	5	122	40	-0.15770984486937742	0.18807309590715213	0.591978302040982	1.1807580174927115
dip 60m<-3%	60	2	2	1	168	47	-0.2553231326077995	0.6364375949684419	0.9100868526663396	1.5670553935860059
dip 60m<-3%	60	2	2	3	168	47	-0.2553231326077995	0.22435924001126478	0.7315635922084339	1.5670553935860059
dip 60m<-3%	60	2	2	5	168	47	-0.2553231326077995	0.0654659703144143	0.5647190619665201	1.5670553935860059
dip 60m<-3%	60	2	4	1	130	40	-0.18432019747787837	0.7677637360099284	0.8848379526292497	1.239067055393586
dip 60m<-3%	60	2	4	3	130	40	-0.18432019747787837	0.38810257076356885	0.6697522694935353	1.239067055393586
dip 60m<-3%	60	2	4	5	130	40	-0.18432019747787837	0.15735025182949552	0.48291932448146124	1.239067055393586
dip 60m<-3%	60	4	2	1	159	47	-0.17330430669870087	0.7380795360265171	0.9119646068709899	1.501457725947522
dip 60m<-3%	60	4	2	3	159	47	-0.17330430669870087	0.3404289982811519	0.7342500569895656	1.501457725947522
dip 60m<-3%	60	4	2	5	159	47	-0.17330430669870087	0.12620651155273838	0.5661409798969294	1.501457725947522
dip 60m<-3%	60	4	4	1	124	40	-0.07697664950621737	0.8823114027770277	0.9046387276585544	1.1953352769679302
dip 60m<-3%	60	4	4	3	124	40	-0.07697664950621737	0.5732236966673557	0.7128002286117946	1.1953352769679302
dip 60m<-3%	60	4	4	5	124	40	-0.07697664950621737	0.28999076380495464	0.5325025477514185	1.1953352769679302
dip 60m<-3%	eod	-	2	1	146	47	-0.1387158617905335	0.7446372915504789	1.0595593247701394	1.4067055393586008
dip 60m<-3%	eod	-	2	3	146	47	-0.1387158617905335	0.27092005159959376	1.098818339638966	1.4067055393586008
dip 60m<-3%	eod	-	2	5	146	47	-0.1387158617905335	0.06467698108026333	1.035177847349757	1.4067055393586008
dip 60m<-3%	eod	-	4	1	110	37	-0.05731638785952166	0.849941387267775	1.0702320833759285	1.0714285714285716
dip 60m<-3%	eod	-	4	3	110	37	-0.05731638785952166	0.38164506084335725	1.1205940498639089	1.0714285714285716
dip 60m<-3%	eod	-	4	5	110	37	-0.05731638785952166	0.10184449323692242	1.044891635065564	1.0714285714285716
dip 60m<-3%	eod	2	2	1	168	47	-0.31139417495608696	0.5757301918062288	1.027235167208138	1.5670553935860059
dip 60m<-3%	eod	2	2	3	168	47	-0.31139417495608696	0.16011450578982145	1.0365849155935825	1.5670553935860059
dip 60m<-3%	eod	2	2	5	168	47	-0.31139417495608696	0.035065539798791345	0.9851953193108686	1.5670553935860059
dip 60m<-3%	eod	2	4	1	126	38	-0.24462904878360123	0.7077945348355812	1.042082523074418	1.1953352769679302
dip 60m<-3%	eod	2	4	3	126	38	-0.24462904878360123	0.28049714855461444	1.0674936390394951	1.1953352769679302
dip 60m<-3%	eod	2	4	5	126	38	-0.24462904878360123	0.0790901571186368	1.0060099382813883	1.1953352769679302
dip 60m<-3%	eod	4	2	1	157	47	-0.2955240054792489	0.6047602076788712	0.9848449920836544	1.4868804664723034
dip 60m<-3%	eod	4	2	3	157	47	-0.2955240054792489	0.17584548757418175	0.9037026430570024	1.4868804664723034
dip 60m<-3%	eod	4	2	5	157	47	-0.2955240054792489	0.03790104124507123	0.7716088047637049	1.4868804664723034
dip 60m<-3%	eod	4	4	1	118	38	-0.25409434485012283	0.7068254980576517	1.053247034560315	1.1370262390670556
dip 60m<-3%	eod	4	4	3	118	38	-0.25409434485012283	0.26472316757943803	1.0888514051683895	1.1370262390670556
dip 60m<-3%	eod	4	4	5	118	38	-0.25409434485012283	0.06624891515502909	1.0216044309799552	1.1370262390670556
mom 60m>+3%	15	-	2	1	144	61	-0.10128166124259252	0.8542927779180721	0.8246910786463854	1.4941690962099126
mom 60m>+3%	15	-	2	3	144	61	-0.10128166124259252	0.5824936710018719	0.5544303224559798	1.4941690962099126
mom 60m>+3%	15	-	2	5	144	61	-0.10128166124259252	0.3638224082389791	0.3668593621309213	1.4941690962099126
mom 60m>+3%	15	-	4	1	138	61	0.012812937989429092	0.9965072308792001	0.8200056590120582	1.4504373177842567
mom 60m>+3%	15	-	4	3	138	61	0.012812937989429092	0.8819896984588793	0.544578339591258	1.4504373177842567
mom 60m>+3%	15	-	4	5	138	61	0.012812937989429092	0.681012977702228	0.35551159607501076	1.4504373177842567
mom 60m>+3%	15	2	2	1	162	62	-0.07327056091696649	0.8776483381218118	0.8141693696537252	1.6326530612244898
mom 60m>+3%	15	2	2	3	162	62	-0.07327056091696649	0.6296914461233827	0.5324618950352364	1.6326530612244898
mom 60m>+3%	15	2	2	5	162	62	-0.07327056091696649	0.4107005512376337	0.34184505113930685	1.6326530612244898
mom 60m>+3%	15	2	4	1	153	62	-0.019071146001899665	0.9580248656092509	0.8180688904548513	1.5670553935860059
mom 60m>+3%	15	2	4	3	153	62	-0.019071146001899665	0.8082033185423924	0.5401872402813342	1.5670553935860059
mom 60m>+3%	15	2	4	5	153	62	-0.019071146001899665	0.6057023708936676	0.3501731405482645	1.5670553935860059
mom 60m>+3%	15	4	2	1	150	61	-0.07114620715940904	0.8871305095789521	0.8246910786463854	1.5379008746355687
mom 60m>+3%	15	4	2	3	150	61	-0.07114620715940904	0.6466418813758172	0.5544303224559798	1.5379008746355687
mom 60m>+3%	15	4	2	5	150	61	-0.07114620715940904	0.4266550364834334	0.3668593621309213	1.5379008746355687
mom 60m>+3%	15	4	4	1	141	61	0.027413589191906465	1.0251485630132549	0.8200056590120582	1.4723032069970847
mom 60m>+3%	15	4	4	3	141	61	0.027413589191906465	0.9926699182119716	0.544578339591258	1.4723032069970847
mom 60m>+3%	15	4	4	5	141	61	0.027413589191906465	0.8624829242371049	0.35551159607501076	1.4723032069970847
mom 60m>+3%	60	-	2	1	83	36	-0.0023831389801277194	0.965896567733753	0.8430774705156394	0.8673469387755103
mom 60m>+3%	60	-	2	3	83	36	-0.0023831389801277194	0.7683163271025203	0.5896189280374456	0.8673469387755103
mom 60m>+3%	60	-	2	5	83	36	-0.0023831389801277194	0.5178017000377069	0.4031651090645919	0.8673469387755103
mom 60m>+3%	60	-	4	1	79	36	-0.07446093466152999	0.9066681956034013	0.8347896434791324	0.838192419825073
mom 60m>+3%	60	-	4	3	79	36	-0.07446093466152999	0.6095910245040359	0.5689758222355087	0.838192419825073
mom 60m>+3%	60	-	4	5	79	36	-0.07446093466152999	0.32573562853625904	0.37542014853608746	0.838192419825073
mom 60m>+3%	60	2	2	1	119	39	-0.1279564549526013	0.8453202877446185	0.8321130145470509	1.151603498542274
mom 60m>+3%	60	2	2	3	119	39	-0.1279564549526013	0.5492398542443193	0.5658754064817055	1.151603498542274
mom 60m>+3%	60	2	2	5	119	39	-0.1279564549526013	0.3138456747754783	0.37529608283085575	1.151603498542274
mom 60m>+3%	60	2	4	1	105	38	-0.18894701917780277	0.8021716456574217	0.8374119527158546	1.0422740524781342
mom 60m>+3%	60	2	4	3	105	38	-0.18894701917780277	0.4496664384464366	0.5739704617800723	1.0422740524781342
mom 60m>+3%	60	2	4	5	105	38	-0.18894701917780277	0.2064491393389215	0.38052101653896414	1.0422740524781342
mom 60m>+3%	60	4	2	1	96	36	-0.08444550986434762	0.9049759858045834	0.8430774705156394	0.9620991253644315
mom 60m>+3%	60	4	2	3	96	36	-0.08444550986434762	0.6640677086014594	0.5896189280374456	0.9620991253644315
mom 60m>+3%	60	4	2	5	96	36	-0.08444550986434762	0.42291850908971496	0.4031651090645919	0.9620991253644315
mom 60m>+3%	60	4	4	1	87	36	-0.07305458641252785	0.9167408487836578	0.8347896434791324	0.8965014577259476
mom 60m>+3%	60	4	4	3	87	36	-0.07305458641252785	0.6691314626798961	0.5689758222355087	0.8965014577259476
mom 60m>+3%	60	4	4	5	87	36	-0.07305458641252785	0.40273531264604073	0.37542014853608746	0.8965014577259476
mom 60m>+3%	eod	-	2	1	64	32	0.22102290995359725	1.0937886528229694	0.9045800434634957	0.6997084548104957
mom 60m>+3%	eod	-	2	3	64	32	0.22102290995359725	1.0405128272157038	0.7144364220505115	0.6997084548104957
mom 60m>+3%	eod	-	2	5	64	32	0.22102290995359725	0.7990508845562113	0.5383773619248404	0.6997084548104957
mom 60m>+3%	eod	-	4	1	62	30	-0.10730794203186098	0.8805561768587903	0.9271318579239779	0.6705539358600584
mom 60m>+3%	eod	-	4	3	62	30	-0.10730794203186098	0.5121306392804846	0.763477636752234	0.6705539358600584
mom 60m>+3%	eod	-	4	5	62	30	-0.10730794203186098	0.21935778705879927	0.5923813521779674	0.6705539358600584
mom 60m>+3%	eod	2	2	1	119	39	-0.10602076784465046	0.8635208383998157	0.8888266691270514	1.151603498542274
mom 60m>+3%	eod	2	2	3	119	39	-0.10602076784465046	0.5688009519330909	0.6785797917639764	1.151603498542274
mom 60m>+3%	eod	2	2	5	119	39	-0.10602076784465046	0.3168996707421131	0.49446881730656833	1.151603498542274
mom 60m>+3%	eod	2	4	1	104	37	-0.2967515865537591	0.7113655589927731	0.915920942844338	1.0276967930029155
mom 60m>+3%	eod	2	4	3	104	37	-0.2967515865537591	0.2944789953617886	0.7357885012874463	1.0276967930029155
mom 60m>+3%	eod	2	4	5	104	37	-0.2967515865537591	0.09096016181215176	0.5556819689448909	1.0276967930029155
mom 60m>+3%	eod	4	2	1	88	34	0.01597448547488697	0.9881583354949378	0.9451442857947817	0.8892128279883382
mom 60m>+3%	eod	4	2	3	88	34	0.01597448547488697	0.8296279732359411	0.8108927969370998	0.8892128279883382
mom 60m>+3%	eod	4	2	5	88	34	0.01597448547488697	0.5741910974516687	0.6599267245249997	0.8892128279883382
mom 60m>+3%	eod	4	4	1	77	32	-0.06118441164683983	0.9211925583969272	0.9609098740615365	0.794460641399417
mom 60m>+3%	eod	4	4	3	77	32	-0.06118441164683983	0.6329911802621874	0.8441370956223014	0.794460641399417
mom 60m>+3%	eod	4	4	5	77	32	-0.06118441164683983	0.32568446072970103	0.6924108371916722	0.794460641399417
dip 60m<-5%	15	-	2	1	46	14	-0.29522605017440223	0.8665934809500101	0.9496811446232658	0.4373177842565598
dip 60m<-5%	15	-	2	3	46	14	-0.29522605017440223	0.6227441098344344	0.8507445713757245	0.4373177842565598
dip 60m<-5%	15	-	2	5	46	14	-0.29522605017440223	0.4220054878422231	0.7550785220401272	0.4373177842565598
dip 60m<-5%	15	-	4	1	40	12	-0.3560002128906209	0.8583260188052817	0.9590052200073107	0.37900874635568516
dip 60m<-5%	15	-	4	3	40	12	-0.3560002128906209	0.5935437146915271	0.8785447159820574	0.37900874635568516
dip 60m<-5%	15	-	4	5	40	12	-0.3560002128906209	0.3757754101257914	0.8006488021170921	0.37900874635568516
dip 60m<-5%	15	2	2	1	50	14	-0.268695095766623	0.868342733465734	0.947148661570937	0.4664723032069971
dip 60m<-5%	15	2	2	3	50	14	-0.268695095766623	0.6282497295135077	0.8442282299779532	0.4664723032069971
dip 60m<-5%	15	2	2	5	50	14	-0.268695095766623	0.4297040526737884	0.7458326625865747	0.4664723032069971
dip 60m<-5%	15	2	4	1	43	12	-0.3630539564926435	0.8477978017023214	0.9564478727539577	0.40087463556851316
dip 60m<-5%	15	2	4	3	43	12	-0.3630539564926435	0.5761274873637278	0.8718154373064503	0.40087463556851316
dip 60m<-5%	15	2	4	5	43	12	-0.3630539564926435	0.36125169396019186	0.7908449392340258	0.40087463556851316
dip 60m<-5%	15	4	2	1	46	14	-0.2825337661794127	0.8714844752349336	0.9496811446232658	0.4373177842565598
dip 60m<-5%	15	4	2	3	46	14	-0.2825337661794127	0.6326295745439282	0.8507445713757245	0.4373177842565598
dip 60m<-5%	15	4	2	5	46	14	-0.2825337661794127	0.43251389317791533	0.7550785220401272	0.4373177842565598
dip 60m<-5%	15	4	4	1	40	12	-0.34424569875220135	0.8623151754071581	0.9590052200073107	0.37900874635568516
dip 60m<-5%	15	4	4	3	40	12	-0.34424569875220135	0.6016132502585766	0.8785447159820574	0.37900874635568516
dip 60m<-5%	15	4	4	5	40	12	-0.34424569875220135	0.38406326574790706	0.8006488021170921	0.37900874635568516
dip 60m<-5%	60	-	2	1	37	11	-0.7691522628544667	0.7469292943149801	0.9333243284916051	0.34985422740524785
dip 60m<-5%	60	-	2	3	37	11	-0.7691522628544667	0.39898449953793574	0.7989149121680101	0.34985422740524785
dip 60m<-5%	60	-	2	5	37	11	-0.7691522628544667	0.20090392294717718	0.6691269104230751	0.34985422740524785
dip 60m<-5%	60	2	2	1	43	11	-0.482706131500608	0.8061992610196561	0.895959965520265	0.3935860058309038
dip 60m<-5%	60	2	2	3	43	11	-0.482706131500608	0.49953487200037333	0.713069621756216	0.3935860058309038
dip 60m<-5%	60	2	2	5	43	11	-0.482706131500608	0.28989849334148443	0.5607125639112421	0.3935860058309038
dip 60m<-5%	60	4	2	1	39	11	-0.44366059429894805	0.8325030852678978	0.9135278079814467	0.3644314868804665
dip 60m<-5%	60	4	2	3	39	11	-0.44366059429894805	0.5429623795948373	0.7534320531763792	0.3644314868804665
dip 60m<-5%	60	4	2	5	39	11	-0.44366059429894805	0.3270080988913233	0.6116864333577188	0.3644314868804665
dip 60m<-5%	eod	-	2	1	35	11	0.20752805832363638	1.00878753959522	0.9560159024877919	0.3352769679300292
dip 60m<-5%	eod	-	2	3	35	11	0.20752805832363638	0.7949652437582103	0.8508901564962484	0.3352769679300292
dip 60m<-5%	eod	-	2	5	35	11	0.20752805832363638	0.507392477875725	0.7342504418897947	0.3352769679300292
dip 60m<-5%	eod	2	2	1	43	11	-0.45639115406557235	0.8149051358660309	0.9045612399812143	0.3935860058309038
dip 60m<-5%	eod	2	2	3	43	11	-0.45639115406557235	0.5141370441244087	0.7325845899280702	0.3935860058309038
dip 60m<-5%	eod	2	2	5	43	11	-0.45639115406557235	0.30245423810979405	0.5849144894337651	0.3935860058309038
dip 60m<-5%	eod	4	2	1	39	11	-0.4467047176546397	0.8301804401160708	0.9152175045439049	0.3644314868804665
dip 60m<-5%	eod	4	2	3	39	11	-0.4467047176546397	0.5334370240510726	0.7568977868912324	0.3644314868804665
dip 60m<-5%	eod	4	2	5	39	11	-0.4467047176546397	0.3127828773371333	0.6153776166054735	0.3644314868804665
mom 60m>+5%	15	2	2	1	44	4	-0.06063652048452873	0.9673024544424453	0.9740864819741428	0.34985422740524785
mom 60m>+5%	15	2	2	3	44	4	-0.06063652048452873	0.8700024406024011	0.9234856437020612	0.34985422740524785
mom 60m>+5%	15	2	2	5	44	4	-0.06063652048452873	0.7418912537060346	0.8744968011917222	0.34985422740524785
mom 60m>+5%	15	4	2	1	36	4	-0.0587382094503128	0.9706181053872628	0.9740864819741428	0.2915451895043732
mom 60m>+5%	15	4	2	3	36	4	-0.0587382094503128	0.8691828910221102	0.9234856437020612	0.2915451895043732
mom 60m>+5%	15	4	2	5	36	4	-0.0587382094503128	0.7290326494438705	0.8744968011917222	0.2915451895043732
mom 60m>+5%	60	2	2	1	40	3	-0.18018716440392435	0.9235786633543368	1.0319226686322895	0.3134110787172012
mom 60m>+5%	60	2	2	3	40	3	-0.18018716440392435	0.7533072287135415	1.0969396796941522	0.3134110787172012
mom 60m>+5%	60	2	2	5	40	3	-0.18018716440392435	0.5783333799641366	1.1634898667497968	0.3134110787172012
mom 60m>+5%	eod	2	2	1	40	3	-0.10000000000000066	0.9531271770790152	1.039196390559926	0.3134110787172012
mom 60m>+5%	eod	2	2	3	40	3	-0.10000000000000066	0.8250805807966609	1.1197004164738549	0.3134110787172012
mom 60m>+5%	eod	2	2	5	40	3	-0.10000000000000066	0.669196585306824	1.2030009254974554	0.3134110787172012
orb 30m breakout	eod	-	2	1	401	137	-0.15807318099059542	0.5041152140120877	0.8582719684766782	3.9212827988338197
orb 30m breakout	eod	-	2	3	401	137	-0.15807318099059542	0.09437932459461791	0.5699193725334688	3.9212827988338197
orb 30m breakout	eod	-	2	5	401	137	-0.15807318099059542	0.011743836186018545	0.3296322349643525	3.9212827988338197
orb 30m breakout	eod	-	4	1	366	130	-0.019081373681939424	0.8476812367310708	0.7539671604798419	3.6151603498542277
orb 30m breakout	eod	-	4	3	366	130	-0.019081373681939424	0.3669366856609679	0.36887090692383184	3.6151603498542277
orb 30m breakout	eod	-	4	5	366	130	-0.019081373681939424	0.08548645209053761	0.14595625463153275	3.6151603498542277
orb 30m breakout	eod	2	2	1	412	138	-0.0888369954113753	0.662035123442072	0.8416365643791909	4.0087463556851315
orb 30m breakout	eod	2	2	3	412	138	-0.0888369954113753	0.21912723173780962	0.5425962108018534	4.0087463556851315
orb 30m breakout	eod	2	2	5	412	138	-0.0888369954113753	0.04954625825373027	0.30793623521119	4.0087463556851315
orb 30m breakout	eod	2	4	1	378	131	-0.03502695610268308	0.8288268107133384	0.7332418180300313	3.709912536443149
orb 30m breakout	eod	2	4	3	378	131	-0.03502695610268308	0.403862174463708	0.34297307197615307	3.709912536443149
orb 30m breakout	eod	2	4	5	378	131	-0.03502695610268308	0.12062113607372106	0.13131684702141175	3.709912536443149
orb 30m breakout	eod	4	2	1	403	137	-0.06032422157080127	0.7406722143306729	0.8647607880226782	3.9358600583090384
orb 30m breakout	eod	4	2	3	403	137	-0.06032422157080127	0.289531557266589	0.5822155741517273	3.9358600583090384
orb 30m breakout	eod	4	2	5	403	137	-0.06032422157080127	0.07235249175324991	0.3409289524835027	3.9358600583090384
orb 30m breakout	eod	4	4	1	369	130	0.0037203228254855353	0.9484939084436339	0.755706871082862	3.6370262390670556
orb 30m breakout	eod	4	4	3	369	130	0.0037203228254855353	0.5689180989968489	0.37134889094022244	3.6370262390670556
orb 30m breakout	eod	4	4	5	369	130	0.0037203228254855353	0.1946256642829585	0.147538867266695	3.6370262390670556
