epic	rule	trail	lev	brake	trades	tr_x	tr_dd	te_x	te_dd	all_x	all_dd	tr_cagr	te_cagr	bh_tr	bh_te
NVDA	mom|60d>10%	0.0000	5	0.3000	10	127.5763	-0.5518	1.7848	-0.1670	227.6992	-0.5518	4.4629	0.2362	3.3944	4.6624
NVDA	mom|60d>10%	0.0000	5	0.2000	10	127.5763	-0.5518	1.7848	-0.1670	227.6992	-0.5518	4.4629	0.2362	3.3944	4.6624
NVDA	mom|60d>10%	0.0000	5	0.0000	10	127.5763	-0.5518	1.7848	-0.1670	227.6992	-0.5518	4.4629	0.2362	3.3944	4.6624
UDOW	momS|10d<-5%	0.2500	5	0.2000	36	29.2104	-0.2847	7.2055	-0.4297	210.4741	-0.4297	2.2600	1.0601	0.6552	0.8981
UDOW	momS|10d<-5%	0.0000	5	0.2000	35	29.2104	-0.2847	5.1788	-0.4297	151.2760	-0.4297	2.2600	0.8256	0.6552	0.8981
AMD	brk|100/20	0.0800	5	0.3000	22	5.2680	-0.3865	28.5917	-0.3840	150.6223	-0.3865	0.7894	2.4116	1.7175	4.5569
AMD	brk|100/20	0.0800	5	0.2000	22	5.2680	-0.3865	28.5917	-0.3840	150.6223	-0.3865	0.7894	2.4116	1.7175	4.5569
MSTR	xmaS|5/20	0.0800	3	0.2000	221	10.9156	-0.3428	13.3628	-0.3722	145.8634	-0.3722	1.4574	1.5826	1.0116	2.3136
MSTR	mom|10d>0%	0.1500	3	0.0000	108	7.3852	-0.7688	19.5210	-0.8924	144.1670	-0.8924	1.1215	1.9669	1.0116	2.3136
NVDA	brk|10/5	0.2500	5	0.0000	59	53.5375	-0.6408	2.5462	-0.8081	136.3157	-0.8081	3.0305	0.4078	3.3944	4.6624
NVDA	brk|10/5	0.0000	5	0.0000	59	53.5375	-0.6408	2.5462	-0.8081	136.3157	-0.8081	3.0305	0.4078	3.3944	4.6624
NVDA	brk|10/5	0.1500	5	0.0000	59	53.5375	-0.6408	2.5462	-0.8081	136.3157	-0.8081	3.0305	0.4078	3.3944	4.6624
AMD	mom|60d>20%	0.2500	5	0.3000	9	8.9223	0.0000	13.9599	-0.3074	124.5534	-0.3074	1.1520	1.6243	1.7175	4.5569
AMD	mom|60d>20%	0.2500	5	0.0000	9	8.9223	0.0000	13.9599	-0.3074	124.5534	-0.3074	1.1520	1.6243	1.7175	4.5569
AMD	mom|60d>20%	0.2500	5	0.2000	9	8.9223	0.0000	13.9599	-0.3074	124.5534	-0.3074	1.1520	1.6243	1.7175	4.5569
AMD	brk|100/20	0.2500	5	0.3000	10	7.7244	0.0000	15.9768	-0.1291	123.4108	-0.1291	1.0461	1.7571	1.7175	4.5569
AMD	brk|100/20	0.2500	5	0.2000	10	7.7244	0.0000	15.9768	-0.1291	123.4108	-0.1291	1.0461	1.7571	1.7175	4.5569
AMD	brk|100/20	0.0000	5	0.2000	10	7.7244	0.0000	15.9768	-0.1291	123.4108	-0.1291	1.0461	1.7571	1.7175	4.5569
AMD	brk|100/20	0.2500	5	0.0000	10	7.7244	0.0000	15.9768	-0.1291	123.4108	-0.1291	1.0461	1.7571	1.7175	4.5569
AMD	brk|100/20	0.0000	5	0.0000	10	7.7244	0.0000	15.9768	-0.1291	123.4108	-0.1291	1.0461	1.7571	1.7175	4.5569
AMD	brk|100/20	0.0000	5	0.3000	10	7.7244	0.0000	15.9768	-0.1291	123.4108	-0.1291	1.0461	1.7571	1.7175	4.5569
MSTR	ma|200	0.0800	3	0.3000	175	5.4419	-0.4495	21.7657	-0.4527	118.4475	-0.4527	0.8913	2.0875	1.0116	2.3136
MSTR	mom|10d>0%	0.1500	2	0.0000	108	6.6685	-0.5847	17.0567	-0.7255	113.7436	-0.7255	1.0416	1.8239	1.0116	2.3136
AMD	brk|100/10	0.0800	5	0.3000	23	3.9258	-0.3865	28.5917	-0.3840	112.2449	-0.3865	0.6143	2.4116	1.7175	4.5569
AMD	brk|100/10	0.0800	5	0.2000	23	3.9258	-0.3865	28.5917	-0.3840	112.2449	-0.3865	0.6143	2.4116	1.7175	4.5569
MSTR	xma|50/200	0.0800	3	0.3000	166	2.0696	-0.4495	53.3401	-0.4119	110.3931	-0.4495	0.3147	3.2862	1.0116	2.3136
AMD	brk|20/10	0.0800	5	0.0000	47	2.4712	-0.8848	43.1608	-0.6608	106.6596	-0.8848	0.3728	2.9666	1.7175	4.5569
NVDA	mom|5d>5%	0.0000	5	0.2000	78	43.7006	-0.4137	2.3231	-0.4949	101.5212	-0.4949	2.7539	0.3614	3.3944	4.6624
NVDA	mom|5d>5%	0.1500	5	0.2000	78	43.7006	-0.4137	2.3231	-0.4949	101.5212	-0.4949	2.7539	0.3614	3.3944	4.6624
NVDA	mom|5d>5%	0.2500	5	0.2000	78	43.7006	-0.4137	2.3231	-0.4949	101.5212	-0.4949	2.7539	0.3614	3.3944	4.6624
AMD	brk|55/20	0.0800	5	0.3000	26	9.0464	-0.3143	11.2194	-0.3840	101.4948	-0.3840	1.1625	1.4225	1.7175	4.5569
AMD	brk|55/20	0.0800	5	0.2000	26	9.0464	-0.3143	11.2194	-0.3840	101.4948	-0.3840	1.1625	1.4225	1.7175	4.5569
PLTR	xma|50/200	0.2500	3	0.0000	11	3.9531	0.0000	24.5320	-0.6436	96.9781	-0.6436	0.6182	2.2256	0.6080	11.5379
AMD	brk|55/20	0.0800	5	0.0000	26	9.0464	-0.4383	10.6090	-0.6367	95.9728	-0.6367	1.1625	1.3734	1.7175	4.5569
TQQQ	brk|55/20	0.1500	5	0.0000	11	5.9167	-0.5163	15.3123	0.0000	90.5990	-0.5163	0.8637	1.7146	1.0272	3.3408
TQQQ	brk|55/20	0.1500	5	0.3000	11	5.9167	-0.3528	15.3123	0.0000	90.5990	-0.3528	0.8637	1.7146	1.0272	3.3408
TQQQ	brk|55/20	0.1500	5	0.2000	11	5.9167	-0.3528	15.3123	0.0000	90.5990	-0.3528	0.8637	1.7146	1.0272	3.3408
SOLUSD	mom|20d>5%	0.0000	2	0.0000	38	116.9361	-0.3906	0.7556	-0.7676	88.3626	-0.7676	4.2988	-0.0975	7.9407	1.1320
NVDA	mom|10d>5%	0.0800	5	0.3000	77	8.1332	-0.5332	10.5190	-0.3999	85.5527	-0.5332	1.0834	1.3660	3.3944	4.6624
NVDA	mom|60d>20%	0.0800	5	0.2000	58	107.9439	-0.4794	0.7869	-0.4426	84.9364	-0.4794	4.1524	-0.0840	3.3944	4.6624
PLTR	ma|200	0.0800	5	0.2000	119	1.6430	-0.4303	51.6113	-0.4250	84.7987	-0.4303	0.1899	3.2348	0.6080	11.5379
AMD	brk|100/20	0.1500	5	0.2000	12	11.5087	0.0000	7.3037	-0.5232	84.0562	-0.5232	1.3527	1.0703	1.7175	4.5569
AMD	brk|100/20	0.1500	5	0.3000	12	11.5087	0.0000	7.3037	-0.5232	84.0562	-0.5232	1.3527	1.0703	1.7175	4.5569
AMD	brk|100/20	0.1500	5	0.0000	12	11.5087	0.0000	7.3037	-0.5232	84.0562	-0.5232	1.3527	1.0703	1.7175	4.5569
AMD	brk|100/20	0.0800	5	0.0000	22	5.2680	-0.5793	15.8732	-0.6367	83.6206	-0.6367	0.7894	1.7506	1.7175	4.5569
NVDA	brk|10/5	0.0000	5	0.2000	59	15.2513	-0.5189	5.4428	-0.4068	83.0097	-0.5189	1.5965	0.8591	3.3944	4.6624
NVDA	brk|10/5	0.1500	5	0.2000	59	15.2513	-0.5189	5.4428	-0.4068	83.0097	-0.5189	1.5965	0.8591	3.3944	4.6624
NVDA	brk|10/5	0.2500	5	0.2000	59	15.2513	-0.5189	5.4428	-0.4068	83.0097	-0.5189	1.5965	0.8591	3.3944	4.6624
AMD	brk|55/10	0.0800	5	0.2000	27	7.3350	-0.3143	11.2194	-0.3840	82.2946	-0.3840	1.0094	1.4225	1.7175	4.5569
AMD	brk|55/10	0.0800	5	0.3000	27	7.3350	-0.3143	11.2194	-0.3840	82.2946	-0.3840	1.0094	1.4225	1.7175	4.5569
AMD	mom|60d>5%	0.2500	3	0.3000	19	14.4860	-0.1715	5.4253	-0.6090	78.5913	-0.6090	1.5501	0.8569	1.7175	4.5569
AMD	mom|60d>5%	0.2500	3	0.2000	19	14.4860	-0.1715	5.4253	-0.6090	78.5913	-0.6090	1.5501	0.8569	1.7175	4.5569
MSTR	mom|10d>0%	0.0000	3	0.0000	84	5.3104	-0.7194	14.7163	-0.7980	78.1499	-0.7980	0.8740	1.6754	1.0116	2.3136
AMD	brk|55/10	0.0800	5	0.0000	27	7.3350	-0.4383	10.6090	-0.6367	77.8172	-0.6367	1.0094	1.3734	1.7175	4.5569
AMD	mom|60d>5%	0.2500	3	0.0000	19	14.4860	-0.1715	5.3333	-0.7807	77.2583	-0.7807	1.5501	0.8453	1.7175	4.5569
MSTR	mom|10d>0%	0.1500	2	0.3000	108	2.3768	-0.4540	32.2226	-0.3569	76.5873	-0.4540	0.3850	2.5642	1.0116	2.3136
NVDA	brk|100/20	0.1500	5	0.2000	11	34.9007	-0.5300	2.1899	-0.2128	76.4280	-0.5300	2.4697	0.3323	3.3944	4.6624
MSTR	mom|10d>0%	0.0000	2	0.0000	84	4.8497	-0.5506	15.3598	-0.6349	74.4902	-0.6349	0.8111	1.7177	1.0116	2.3136
NVDA	mom|60d>10%	0.0000	3	0.3000	10	48.7790	-0.3311	1.5144	-0.1002	73.8710	-0.3311	2.9013	0.1640	3.3944	4.6624
NVDA	mom|60d>10%	0.0000	3	0.0000	10	48.7790	-0.3311	1.5144	-0.1002	73.8710	-0.3311	2.9013	0.1640	3.3944	4.6624
NVDA	mom|60d>10%	0.0000	3	0.2000	10	48.7790	-0.3311	1.5144	-0.1002	73.8710	-0.3311	2.9013	0.1640	3.3944	4.6624
AMD	brk|55/20	0.1500	5	0.3000	14	24.1282	0.0000	3.0486	-0.5232	73.5573	-0.5232	2.0489	0.5037	1.7175	4.5569
AMD	brk|55/20	0.1500	5	0.0000	14	24.1282	0.0000	3.0486	-0.7032	73.5573	-0.7032	2.0489	0.5037	1.7175	4.5569
AMD	brk|55/20	0.1500	5	0.2000	14	24.1282	0.0000	3.0486	-0.5232	73.5573	-0.5232	2.0489	0.5037	1.7175	4.5569
AMD	brk|55/5	0.0800	5	0.3000	30	6.1416	-0.3143	11.9245	-0.3840	73.2358	-0.3840	0.8882	1.4772	1.7175	4.5569
NVDA	brk|100/20	0.0000	5	0.2000	11	37.8528	-0.4179	1.9136	-0.2128	72.4339	-0.4179	2.5697	0.2681	3.3944	4.6624
NVDA	brk|100/20	0.2500	5	0.2000	11	37.8528	-0.4179	1.9136	-0.2128	72.4339	-0.4179	2.5697	0.2681	3.3944	4.6624
AMD	brk|55/20	0.0000	5	0.0000	12	16.8512	0.0000	4.1093	-0.8350	69.2458	-0.8350	1.6888	0.6774	1.7175	4.5569
AMD	brk|55/20	0.2500	5	0.2000	12	16.8512	0.0000	4.1093	-0.6595	69.2458	-0.6595	1.6888	0.6774	1.7175	4.5569
AMD	brk|55/20	0.0000	5	0.3000	12	16.8512	0.0000	4.1093	-0.6595	69.2458	-0.6595	1.6888	0.6774	1.7175	4.5569
AMD	brk|55/20	0.2500	5	0.3000	12	16.8512	0.0000	4.1093	-0.6595	69.2458	-0.6595	1.6888	0.6774	1.7175	4.5569
AMD	brk|55/20	0.2500	5	0.0000	12	16.8512	0.0000	4.1093	-0.8350	69.2458	-0.8350	1.6888	0.6774	1.7175	4.5569
AMD	brk|55/20	0.0000	5	0.2000	12	16.8512	0.0000	4.1093	-0.6595	69.2458	-0.6595	1.6888	0.6774	1.7175	4.5569
MSTR	mom|10d>20%	0.1500	3	0.3000	38	1.4305	-0.4547	47.7206	-0.4487	68.2666	-0.4547	0.1442	3.1151	1.0116	2.3136
MSTR	mom|10d>0%	0.2500	2	0.0000	86	5.2206	-0.5433	12.8289	-0.6779	66.9753	-0.6779	0.8620	1.5444	1.0116	2.3136
TQQQ	dip|3d<-1.5sd hold2	0.0000	5	0.3000	60	13.4263	-0.4788	4.9025	-0.3487	65.8217	-0.4788	1.4831	0.7893	1.0272	3.3408
AMD	brk|100/5	0.0800	5	0.2000	25	3.4057	-0.3143	19.3182	-0.3840	65.7919	-0.3840	0.5359	1.9556	1.7175	4.5569
AMD	brk|100/5	0.0800	5	0.3000	25	3.4057	-0.3143	19.3182	-0.3840	65.7919	-0.3840	0.5359	1.9556	1.7175	4.5569
MSTR	mom|10d>5%	0.2500	2	0.3000	66	4.0075	-0.3776	16.3044	-0.4186	65.3408	-0.4186	0.6857	1.7777	1.0116	2.3136
NVDA	mom|60d>5%	0.0800	5	0.2000	86	63.7734	-0.4794	1.0218	-0.4426	65.1636	-0.4794	3.2852	0.0079	3.3944	4.6624
AMD	brk|20/10	0.0800	5	0.2000	47	2.7739	-0.4056	23.4307	-0.3909	64.9952	-0.4056	0.4294	2.1719	1.7175	4.5569
AMD	mom|60d>5%	0.0000	3	0.2000	16	11.8881	-0.1715	5.4167	-0.5614	64.3940	-0.5614	1.3796	0.8558	1.7175	4.5569
AMD	mom|60d>5%	0.0000	3	0.3000	16	11.8881	-0.1715	5.4167	-0.5614	64.3940	-0.5614	1.3796	0.8558	1.7175	4.5569
MSTR	mom|10d>0%	0.2500	3	0.0000	86	5.9861	-0.7127	10.7489	-0.8669	64.3440	-0.8669	0.9603	1.3848	1.0116	2.3136
MSTR	momS|20d<-10%	0.0800	5	0.2000	164	7.8901	-0.5195	8.1287	-0.6204	64.1362	-0.6204	1.1749	1.1530	1.0116	2.3136
MSTR	ma|200	0.0800	2	0.2000	175	4.0447	-0.3184	15.7545	-0.3186	63.7226	-0.3186	0.6916	1.7430	1.0116	2.3136
AMD	mom|60d>5%	0.0000	3	0.0000	16	11.8881	-0.1715	5.3248	-0.7540	63.3018	-0.7540	1.3796	0.8442	1.7175	4.5569
NVDA	brk|10/5	0.0000	3	0.0000	59	21.7458	-0.4160	2.8820	-0.5731	62.6708	-0.5731	1.9399	0.4731	3.3944	4.6624
NVDA	brk|10/5	0.1500	3	0.0000	59	21.7458	-0.4160	2.8820	-0.5731	62.6708	-0.5731	1.9399	0.4731	3.3944	4.6624
NVDA	brk|10/5	0.2500	3	0.0000	59	21.7458	-0.4160	2.8820	-0.5731	62.6708	-0.5731	1.9399	0.4731	3.3944	4.6624
AMD	brk|100/10	0.0800	5	0.0000	23	3.9258	-0.5793	15.8732	-0.6367	62.3147	-0.6367	0.6143	1.7506	1.7175	4.5569
GOLD	ma|10	0.0000	10	0.0000	116	2.9115	-0.5005	21.2403	-0.8156	61.8400	-0.8156	0.4539	2.0600	1.1434	2.0840
GOLD	ma|10	0.2500	10	0.0000	116	2.9115	-0.5005	21.2403	-0.8156	61.8400	-0.8156	0.4539	2.0600	1.1434	2.0840
NVDA	mom|60d>5%	0.0000	3	0.2000	13	46.1333	-0.3311	1.3396	-0.2843	61.8000	-0.3311	2.8258	0.1129	3.3944	4.6624
MSTR	mom|10d>5%	0.1500	2	0.0000	82	4.6809	-0.6049	13.1017	-0.8174	61.3279	-0.8174	0.7871	1.5640	1.0116	2.3136
NVDA	mom|10d>5%	0.0000	5	0.0000	51	19.6458	-0.7375	3.1123	-0.8052	61.1437	-0.8052	1.8372	0.5152	3.3944	4.6624
NVDA	mom|10d>5%	0.2500	5	0.0000	51	19.6458	-0.7375	3.1123	-0.8052	61.1437	-0.8052	1.8372	0.5152	3.3944	4.6624
NVDA	brk|20/5	0.1500	5	0.0000	47	26.6031	-0.4505	2.2872	-0.8579	60.8469	-0.8579	2.1550	0.3536	3.3944	4.6624
NVDA	brk|20/5	0.2500	5	0.0000	47	26.6031	-0.4505	2.2872	-0.8579	60.8469	-0.8579	2.1550	0.3536	3.3944	4.6624
NVDA	brk|20/5	0.0000	5	0.0000	47	26.6031	-0.4505	2.2872	-0.8579	60.8469	-0.8579	2.1550	0.3536	3.3944	4.6624
MSTR	mom|10d>5%	0.1500	3	0.0000	82	4.5569	-0.7935	13.3055	-0.9437	60.6311	-0.9437	0.7691	1.5785	1.0116	2.3136
PLTR	ma|200	0.0000	5	0.2000	9	33.8551	-0.4259	1.7662	0.0000	59.7956	-0.4259	2.4329	0.2314	0.6080	11.5379
AMD	mom|60d>5%	0.1500	5	0.2000	35	23.0827	-0.3558	2.5661	-0.7685	59.2336	-0.7685	2.0020	0.4119	1.7175	4.5569
AMD	brk|100/10	0.0000	5	0.0000	14	2.9270	-0.5752	19.9947	-0.4606	58.5240	-0.5752	0.4566	1.9930	1.7175	4.5569
AMD	brk|100/10	0.2500	5	0.0000	14	2.9270	-0.5752	19.9947	-0.4606	58.5240	-0.5752	0.4566	1.9930	1.7175	4.5569
DE40	mom|10d>5%	0.2500	20	0.3000	15	10.0277	-0.3717	5.8026	-0.2895	58.1872	-0.3717	1.2419	0.9032	1.2016	1.5273
DE40	mom|10d>5%	0.2500	20	0.0000	15	10.0277	-0.4805	5.8026	-0.2895	58.1872	-0.4805	1.2419	0.9032	1.2016	1.5273
DE40	mom|10d>5%	0.0800	20	0.0000	15	10.0277	-0.4805	5.8026	-0.2895	58.1872	-0.4805	1.2419	0.9032	1.2016	1.5273
DE40	mom|10d>5%	0.0800	20	0.3000	15	10.0277	-0.3717	5.8026	-0.2895	58.1872	-0.3717	1.2419	0.9032	1.2016	1.5273
DE40	mom|10d>5%	0.0000	20	0.2000	15	10.0277	-0.3190	5.8026	-0.2535	58.1872	-0.3190	1.2419	0.9032	1.2016	1.5273
DE40	mom|10d>5%	0.0800	20	0.2000	15	10.0277	-0.3190	5.8026	-0.2535	58.1872	-0.3190	1.2419	0.9032	1.2016	1.5273
DE40	mom|10d>5%	0.0000	20	0.0000	15	10.0277	-0.4805	5.8026	-0.2895	58.1872	-0.4805	1.2419	0.9032	1.2016	1.5273
DE40	mom|10d>5%	0.2500	20	0.2000	15	10.0277	-0.3190	5.8026	-0.2535	58.1872	-0.3190	1.2419	0.9032	1.2016	1.5273
DE40	mom|10d>5%	0.1500	20	0.0000	15	10.0277	-0.4805	5.8026	-0.2895	58.1872	-0.4805	1.2419	0.9032	1.2016	1.5273
DE40	mom|10d>5%	0.1500	20	0.3000	15	10.0277	-0.3717	5.8026	-0.2895	58.1872	-0.3717	1.2419	0.9032	1.2016	1.5273
DE40	mom|10d>5%	0.0000	20	0.3000	15	10.0277	-0.3717	5.8026	-0.2895	58.1872	-0.3717	1.2419	0.9032	1.2016	1.5273
DE40	mom|10d>5%	0.1500	20	0.2000	15	10.0277	-0.3190	5.8026	-0.2535	58.1872	-0.3190	1.2419	0.9032	1.2016	1.5273
MSTR	xma|50/200	0.0800	2	0.2000	166	2.0045	-0.3184	28.8836	-0.2883	57.8961	-0.3184	0.2990	2.4243	1.0116	2.3136
SOLUSD	mom|20d>5%	0.0000	2	0.3000	38	116.9361	-0.3906	0.4900	-0.4894	57.2955	-0.4894	4.2988	-0.2298	7.9407	1.1320
UDOW	momS|10d<-5%	0.1500	5	0.2000	44	13.6666	-0.5294	4.1468	-0.4297	56.6729	-0.5294	1.4986	0.6830	0.6552	0.8981
GOLD	ma|10	0.1500	10	0.0000	116	2.9115	-0.5005	19.0020	-0.8156	55.3234	-0.8156	0.4539	1.9378	1.1434	2.0840
AMD	mom|10d>0%	0.0800	5	0.3000	135	3.2566	-0.4130	16.8742	-0.4785	54.9520	-0.4785	0.5120	1.8128	1.7175	4.5569
AMD	mom|60d>20%	0.1500	5	0.2000	21	15.7583	-0.4291	3.4605	-0.7319	54.5315	-0.7319	1.6264	0.5751	1.7175	4.5569
NVDA	mom|60d>5%	0.0000	3	0.0000	13	46.1333	-0.3311	1.1710	-0.3744	54.0214	-0.3744	2.8258	0.0595	3.3944	4.6624
GOLD	mom|5d>0%	0.0000	20	0.3000	123	2.5959	-0.5675	20.7486	-0.6415	53.8611	-0.6415	0.3966	2.0339	1.1434	2.0840
GOLD	mom|5d>0%	0.2500	20	0.3000	123	2.5959	-0.5675	20.7486	-0.6415	53.8611	-0.6415	0.3966	2.0339	1.1434	2.0840
MSTR	ma|100	0.0800	3	0.3000	177	4.2972	-0.4495	12.3791	-0.4119	53.1959	-0.4495	0.7305	1.5113	1.0116	2.3136
SOXL	ma|50	0.1500	5	0.2000	102	0.7557	-0.4979	70.0908	-0.6985	52.9666	-0.6985	-0.0934	3.7367	0.0504	5.4354
NVDA	mom|60d>10%	0.0800	5	0.2000	77	78.5732	-0.4794	0.6729	-0.4426	52.8706	-0.4794	3.6101	-0.1350	3.3944	4.6624
PLTR	xma|50/200	0.2500	2	0.0000	11	2.9082	0.0000	17.8142	-0.4625	51.8071	-0.4625	0.4533	1.8692	0.6080	11.5379
NVDA	mom|10d>5%	0.0000	3	0.3000	51	12.5277	-0.3783	4.1284	-0.3823	51.7189	-0.3823	1.4236	0.6802	3.3944	4.6624
NVDA	mom|10d>5%	0.2500	3	0.3000	51	12.5277	-0.3783	4.1284	-0.3823	51.7189	-0.3823	1.4236	0.6802	3.3944	4.6624
AMD	brk|20/10	0.0800	5	0.3000	47	2.1822	-0.4821	23.4307	-0.5062	51.1298	-0.5062	0.3142	2.1719	1.7175	4.5569
AMD	brk|20/10	0.0800	3	0.0000	47	2.6663	-0.6867	19.0340	-0.4534	50.7504	-0.6867	0.4098	1.9396	1.7175	4.5569
AMD	dip|1d<-1.0sd hold5	0.0000	3	0.0000	119	5.4904	-0.8021	9.2124	-0.6841	50.5801	-0.8021	0.8155	1.2539	1.7175	4.5569
NVDA	brk|10/5	0.2500	3	0.3000	59	21.7458	-0.4160	2.2886	-0.3697	49.7669	-0.4160	1.9399	0.3539	3.3944	4.6624
NVDA	brk|10/5	0.1500	3	0.3000	59	21.7458	-0.4160	2.2886	-0.3697	49.7669	-0.4160	1.9399	0.3539	3.3944	4.6624
NVDA	brk|10/5	0.0000	3	0.3000	59	21.7458	-0.4160	2.2886	-0.3697	49.7669	-0.4160	1.9399	0.3539	3.3944	4.6624
NVDA	mom|60d>5%	0.0000	3	0.3000	13	46.1333	-0.3311	1.0739	-0.3744	49.5437	-0.3744	2.8258	0.0264	3.3944	4.6624
NVDA	dip|3d<-1.5sd hold5	0.0000	5	0.2000	46	1.4302	-0.6191	34.0852	-0.2825	48.7476	-0.6191	0.1335	2.6382	3.3944	4.6624
NVDA	brk|20/5	0.0000	5	0.2000	47	8.9701	-0.3809	5.2713	-0.4618	47.2838	-0.4618	1.1561	0.8374	3.3944	4.6624
NVDA	brk|20/5	0.2500	5	0.2000	47	8.9701	-0.3809	5.2713	-0.4618	47.2838	-0.4618	1.1561	0.8374	3.3944	4.6624
NVDA	brk|20/5	0.1500	5	0.2000	47	8.9701	-0.3809	5.2713	-0.4618	47.2838	-0.4618	1.1561	0.8374	3.3944	4.6624
AMD	mom|10d>0%	0.0800	3	0.2000	135	4.0550	-0.2621	11.6126	-0.3417	47.0885	-0.3417	0.6327	1.4533	1.7175	4.5569
NVDA	brk|10/5	0.0000	5	0.3000	59	25.2515	-0.6408	1.8472	-0.4732	46.6438	-0.6408	2.0979	0.2518	3.3944	4.6624
NVDA	brk|10/5	0.1500	5	0.3000	59	25.2515	-0.6408	1.8472	-0.4732	46.6438	-0.6408	2.0979	0.2518	3.3944	4.6624
NVDA	brk|10/5	0.2500	5	0.3000	59	25.2515	-0.6408	1.8472	-0.4732	46.6438	-0.6408	2.0979	0.2518	3.3944	4.6624
AMD	brk|100/10	0.2500	5	0.3000	14	2.3088	-0.5752	19.9947	-0.4606	46.1628	-0.5752	0.3405	1.9930	1.7175	4.5569
AMD	brk|100/10	0.0000	5	0.3000	14	2.3088	-0.5752	19.9947	-0.4606	46.1628	-0.5752	0.3405	1.9930	1.7175	4.5569
AMD	brk|100/10	0.0000	5	0.2000	14	2.3088	-0.5752	19.9947	-0.4606	46.1628	-0.5752	0.3405	1.9930	1.7175	4.5569
AMD	brk|100/10	0.2500	5	0.2000	14	2.3088	-0.5752	19.9947	-0.4606	46.1628	-0.5752	0.3405	1.9930	1.7175	4.5569
AMD	xma|5/20	0.1500	3	0.2000	53	3.1092	-0.4187	14.8133	-0.3327	46.0573	-0.4187	0.4877	1.6819	1.7175	4.5569
GOLD	mom|5d>0%	0.1500	20	0.3000	123	2.5959	-0.5675	17.5378	-0.6415	45.5262	-0.6415	0.3966	1.8528	1.1434	2.0840
AMD	xma|20/100	0.1500	5	0.2000	32	9.7355	-0.7511	4.6593	-0.7319	45.3604	-0.7511	1.2188	0.7563	1.7175	4.5569
UDOW	momS|10d<-5%	0.2500	5	0.0000	36	6.7052	-0.6357	6.7415	-0.6249	45.2029	-0.8436	0.9472	1.0105	0.6552	0.8981
NVDA	brk|20/5	0.0000	5	0.3000	47	13.4203	-0.3809	3.3093	-0.5153	44.4121	-0.5153	1.4827	0.5496	3.3944	4.6624
NVDA	brk|20/5	0.1500	5	0.3000	47	13.4203	-0.3809	3.3093	-0.5153	44.4121	-0.5153	1.4827	0.5496	3.3944	4.6624
NVDA	brk|20/5	0.2500	5	0.3000	47	13.4203	-0.3809	3.3093	-0.5153	44.4121	-0.5153	1.4827	0.5496	3.3944	4.6624
NVDA	mom|60d>0%	0.0000	3	0.2000	28	70.5471	-0.2863	0.6278	-0.5428	44.2870	-0.5428	3.4394	-0.1567	3.3944	4.6624
AMD	mom|60d>10%	0.1500	5	0.2000	28	17.2188	-0.3558	2.5635	-0.7319	44.1403	-0.7319	1.7092	0.4113	1.7175	4.5569
AMD	xma|5/20	0.0000	5	0.3000	40	2.3020	-0.6303	19.0325	-0.6160	43.8134	-0.6303	0.3391	1.9395	1.7175	4.5569
AMD	xma|5/20	0.2500	5	0.3000	41	2.3020	-0.6303	19.0325	-0.6160	43.8134	-0.6303	0.3391	1.9395	1.7175	4.5569
AMD	xma|5/20	0.1500	5	0.3000	53	2.1136	-0.6978	20.5453	-0.5175	43.4236	-0.6978	0.2996	2.0229	1.7175	4.5569
MSTR	mom|5d>0%	0.1500	3	0.3000	142	7.6084	-0.3868	5.6952	-0.5046	43.3315	-0.5046	1.1454	0.8902	1.0116	2.3136
AMD	mom|60d>0%	0.2500	3	0.0000	34	8.4214	-0.4034	5.1100	-0.6979	43.0329	-0.6979	1.1089	0.8166	1.7175	4.5569
MSTR	mom|10d>20%	0.1500	2	0.3000	38	2.0175	-0.3440	21.1251	-0.4585	42.6190	-0.4585	0.3021	2.0539	1.0116	2.3136
NVDA	mom|60d>0%	0.0000	3	0.3000	28	70.5471	-0.2863	0.6023	-0.5428	42.4876	-0.5428	3.4394	-0.1694	3.3944	4.6624
MSTR	xma|5/20	0.0800	2	0.2000	191	1.3514	-0.3290	31.3475	-0.2960	42.3630	-0.3290	0.1199	2.5284	1.0116	2.3136
AMD	mom|10d>10%	0.1500	5	0.2000	36	5.7788	-0.4719	7.3246	-0.5305	42.3273	-0.5305	0.8484	1.0725	1.7175	4.5569
UDOW	momS|10d<-5%	0.1500	5	0.0000	44	6.4916	-0.7341	6.4605	-0.6015	41.9389	-0.8338	0.9252	0.9794	0.6552	0.8981
AMD	brk|20/10	0.0800	3	0.3000	47	2.3265	-0.3645	17.9480	-0.4189	41.7559	-0.4189	0.3441	1.8770	1.7175	4.5569
MSTR	mom|10d>0%	0.1500	3	0.3000	108	1.0869	-0.4167	38.3074	-0.5149	41.6347	-0.5149	0.0318	2.7971	1.0116	2.3136
NVDA	mom|10d>5%	0.2500	3	0.0000	51	11.6107	-0.5157	3.5583	-0.5408	41.3149	-0.5408	1.3600	0.5913	3.3944	4.6624
NVDA	mom|10d>5%	0.0000	3	0.0000	51	11.6107	-0.5157	3.5583	-0.5408	41.3149	-0.5408	1.3600	0.5913	3.3944	4.6624
SOLUSD	mom|20d>5%	0.0000	2	0.2000	38	83.7857	-0.3906	0.4900	-0.4453	41.0527	-0.4453	3.7150	-0.2298	7.9407	1.1320
AMD	mom|60d>10%	0.2500	3	0.3000	14	9.7747	-0.0960	4.1635	-0.6684	40.6974	-0.6684	1.2219	0.6854	1.7175	4.5569
AMD	mom|60d>10%	0.2500	3	0.0000	14	9.7747	-0.0960	4.1635	-0.7293	40.6974	-0.7293	1.2219	0.6854	1.7175	4.5569
AMD	mom|60d>10%	0.2500	3	0.2000	14	9.7747	-0.0960	4.1635	-0.6684	40.6974	-0.6684	1.2219	0.6854	1.7175	4.5569
AMD	brk|55/5	0.0800	5	0.0000	30	6.1416	-0.3807	6.6201	-0.6367	40.6581	-0.6367	0.8882	0.9972	1.7175	4.5569
SOLUSD	mom|20d>10%	0.0000	2	0.3000	32	87.0406	-0.3757	0.4666	-0.5458	40.6174	-0.5458	3.7783	-0.2434	7.9407	1.1320
SOLUSD	mom|20d>0%	0.0000	2	0.3000	62	73.4593	-0.4546	0.5503	-0.4453	40.4233	-0.4546	3.5027	-0.1964	7.9407	1.1320
NVDA	dip|2d<-1.5sd hold5	0.0000	5	0.3000	54	0.9931	-0.5582	40.6782	-0.3130	40.3960	-0.5582	-0.0024	2.8815	3.3944	4.6624
AMD	mom|10d>10%	0.2500	5	0.2000	33	7.4397	-0.4719	5.2647	-0.5016	39.1673	-0.5016	1.0193	0.8366	1.7175	4.5569
AMD	mom|10d>10%	0.0000	5	0.2000	33	7.4397	-0.4719	5.2647	-0.5016	39.1673	-0.5016	1.0193	0.8366	1.7175	4.5569
MSTR	xmaS|5/20	0.0800	5	0.3000	221	2.0593	-0.8611	18.9247	-0.6204	38.9720	-0.8611	0.3122	1.9334	1.0116	2.3136
NVDA	xma|20/100	0.0000	5	0.2000	11	32.7194	-0.6891	1.1877	-0.4932	38.8594	-0.6891	2.3921	0.0650	3.3944	4.6624
NVDA	xma|20/100	0.0000	5	0.3000	11	32.7194	-0.6891	1.1877	-0.4932	38.8594	-0.6891	2.3921	0.0650	3.3944	4.6624
MSTR	ma|50	0.0800	3	0.2000	180	2.9800	-0.4731	12.9786	-0.3420	38.6761	-0.4731	0.5079	1.5552	1.0116	2.3136
AMD	mom|60d>0%	0.2500	5	0.0000	34	14.7453	-0.6352	2.6090	-0.9338	38.4705	-0.9338	1.5660	0.4204	1.7175	4.5569
AMD	mom|60d>0%	0.0000	3	0.0000	30	7.5231	-0.3992	5.1068	-0.6711	38.4194	-0.6711	1.0273	0.8162	1.7175	4.5569
MSTR	mom|10d>20%	0.1500	2	0.2000	38	1.8178	-0.3067	21.1251	-0.3051	38.4013	-0.3067	0.2521	2.0539	1.0116	2.3136
NVDA	mom|60d>20%	0.0800	5	0.3000	58	107.9439	-0.4794	0.3550	-0.5647	38.3214	-0.5647	4.1524	-0.3155	3.3944	4.6624
MSTR	mom|5d>0%	0.0800	3	0.3000	230	2.7411	-0.4350	13.8319	-0.4428	37.9149	-0.4428	0.4613	1.6154	1.0116	2.3136
NVDA	brk|20/5	0.0000	3	0.3000	47	11.5348	-0.2877	3.1976	-0.4395	36.8840	-0.4395	1.3545	0.5302	3.3944	4.6624
NVDA	brk|20/5	0.2500	3	0.3000	47	11.5348	-0.2877	3.1976	-0.4395	36.8840	-0.4395	1.3545	0.5302	3.3944	4.6624
NVDA	brk|20/5	0.1500	3	0.3000	47	11.5348	-0.2877	3.1976	-0.4395	36.8840	-0.4395	1.3545	0.5302	3.3944	4.6624
NVDA	mom|10d>5%	0.1500	3	0.3000	51	11.6843	-0.3962	3.1495	-0.3961	36.7998	-0.3962	1.3652	0.5218	3.3944	4.6624
NVDA	mom|20d>0%	0.0800	5	0.2000	120	16.2793	-0.4794	2.2471	-0.4447	36.5807	-0.4794	1.6565	0.3449	3.3944	4.6624
AMD	brk|100/5	0.0800	5	0.0000	25	3.4057	-0.5195	10.7248	-0.6367	36.5255	-0.6367	0.5359	1.3829	1.7175	4.5569
SOLUSD	mom|20d>0%	0.0000	2	0.2000	62	73.4593	-0.3983	0.4949	-0.4453	36.3551	-0.4453	3.5027	-0.2270	7.9407	1.1320
SOLUSD	brk|20/5	0.2500	2	0.3000	37	21.8880	-0.4721	1.6608	-0.3190	36.3523	-0.4721	1.9467	0.2040	7.9407	1.1320
SOLUSD	brk|20/5	0.2500	2	0.0000	37	21.8880	-0.6831	1.6608	-0.3834	36.3523	-0.6831	1.9467	0.2040	7.9407	1.1320
MSTR	mom|10d>5%	0.0000	2	0.3000	64	3.7173	-0.3776	9.7416	-0.4186	36.2124	-0.4186	0.6387	1.3005	1.0116	2.3136
NVDA	ma|10	0.0800	5	0.2000	129	16.1811	-0.4449	2.2332	-0.4583	36.1360	-0.4583	1.6508	0.3418	3.3944	4.6624
NVDA	dip|3d<-1.5sd hold5	0.0000	5	0.0000	46	1.3153	-0.8137	27.1545	-0.5581	35.7168	-0.8137	0.1007	2.3478	3.3944	4.6624
PLTR	ma|200	0.0000	5	0.3000	9	19.9973	-0.5296	1.7662	0.0000	35.3197	-0.5296	1.8549	0.2314	0.6080	11.5379
MSTR	mom|10d>20%	0.1500	3	0.2000	38	0.7395	-0.4547	47.7206	-0.4487	35.2905	-0.4547	-0.1073	3.1151	1.0116	2.3136
AMD	xma|5/20	0.2500	3	0.2000	41	3.0963	-0.3782	11.3236	-0.4930	35.0614	-0.4930	0.4856	1.4307	1.7175	4.5569
SOLUSD	mom|20d>0%	0.0000	2	0.0000	62	95.6432	-0.5727	0.3663	-0.8780	35.0296	-0.8780	3.9387	-0.3076	7.9407	1.1320
MSTR	ma|100	0.0800	2	0.2000	177	3.5979	-0.3184	9.7354	-0.2883	35.0267	-0.3184	0.6187	1.3000	1.0116	2.3136
AMD	ma|100	0.2500	5	0.0000	25	4.0108	-0.7214	8.7110	-0.8155	34.9383	-0.8155	0.6265	1.2082	1.7175	4.5569
AMD	brk|100/20	0.0800	3	0.2000	22	3.4350	-0.3817	10.1672	-0.2304	34.9243	-0.3817	0.5406	1.3368	1.7175	4.5569
AMD	mom|10d>5%	0.0800	3	0.3000	97	3.4385	-0.3926	10.1352	-0.4063	34.8496	-0.4063	0.5411	1.3341	1.7175	4.5569
AMD	mom|20d>10%	0.1500	3	0.3000	29	5.3839	-0.4116	6.4717	-0.4029	34.8425	-0.4116	0.8031	0.9807	1.7175	4.5569
SOXL	ma|50	0.2500	3	0.2000	52	1.1259	-0.4194	30.9387	-0.3830	34.8345	-0.4194	0.0424	2.5115	0.0504	5.4354
AMD	brk|100/10	0.1500	5	0.0000	15	2.9973	-0.5752	11.6066	-0.5232	34.7886	-0.5752	0.4687	1.4528	1.7175	4.5569
NVDA	mom|10d>5%	0.0800	5	0.0000	77	17.7941	-0.6059	1.9505	-0.8651	34.7077	-0.8651	1.7405	0.2770	3.3944	4.6624
AMD	ma|100	0.0000	5	0.0000	22	3.3665	-0.7214	10.2721	-0.7747	34.5811	-0.7747	0.5297	1.3456	1.7175	4.5569
AMD	mom|60d>5%	0.2500	2	0.2000	19	7.2748	-0.1143	4.7373	-0.4196	34.4630	-0.4196	1.0036	0.7670	1.7175	4.5569
SOXL	ma|50	0.1500	3	0.3000	102	0.3557	-0.4799	96.3087	-0.5327	34.2612	-0.5327	-0.3037	4.3209	0.0504	5.4354
NVDA	mom|10d>5%	0.1500	5	0.0000	51	17.6718	-0.7517	1.9352	-0.8052	34.1978	-0.8052	1.7339	0.2733	3.3944	4.6624
AMD	mom|60d>5%	0.2500	2	0.0000	19	7.2748	-0.1143	4.6837	-0.5937	34.0733	-0.5937	1.0036	0.7596	1.7175	4.5569
AMD	mom|60d>5%	0.2500	2	0.3000	19	7.2748	-0.1143	4.6837	-0.4196	34.0733	-0.4196	1.0036	0.7596	1.7175	4.5569
UDOW	momS|10d<-5%	0.1500	3	0.0000	44	6.2275	-0.4457	5.4380	-0.3603	33.8651	-0.5981	0.8974	0.8585	0.6552	0.8981
NVDA	mom|60d>0%	0.0000	3	0.0000	28	70.5471	-0.2863	0.4769	-0.5606	33.6433	-0.5606	3.4394	-0.2374	3.3944	4.6624
NVDA	ma|20	0.1500	3	0.0000	70	15.0511	-0.7372	2.2309	-0.7491	33.5769	-0.7491	1.5845	0.3413	3.3944	4.6624
AMD	mom|60d>10%	0.0000	3	0.0000	11	7.9866	-0.0960	4.1683	-0.6964	33.2909	-0.6964	1.0701	0.6861	1.7175	4.5569
AMD	mom|60d>10%	0.0000	3	0.3000	11	7.9866	-0.0960	4.1683	-0.6280	33.2909	-0.6280	1.0701	0.6861	1.7175	4.5569
AMD	mom|60d>10%	0.0000	3	0.2000	11	7.9866	-0.0960	4.1683	-0.6280	33.2909	-0.6280	1.0701	0.6861	1.7175	4.5569
AMD	xma|20/100	0.0000	3	0.2000	8	3.2838	-0.5062	10.1175	-0.3945	33.2242	-0.5062	0.5165	1.3326	1.7175	4.5569
AMD	xma|20/100	0.0000	3	0.0000	8	3.2838	-0.5062	10.1175	-0.3945	33.2242	-0.5062	0.5165	1.3326	1.7175	4.5569
AMD	xma|20/100	0.0000	3	0.3000	8	3.2838	-0.5062	10.1175	-0.3945	33.2242	-0.5062	0.5165	1.3326	1.7175	4.5569
AMD	mom|60d>0%	0.0000	5	0.0000	30	13.4023	-0.6062	2.4683	-0.9231	33.0804	-0.9231	1.4816	0.3919	1.7175	4.5569
SOLUSD	mom|20d>10%	0.0000	2	0.0000	32	87.0406	-0.3757	0.3788	-0.8724	32.9700	-0.8724	3.7783	-0.2990	7.9407	1.1320
SOXL	ma|50	0.2500	3	0.3000	52	1.4703	-0.4474	22.3855	-0.3830	32.9141	-0.4474	0.1445	2.1193	0.0504	5.4354
AMD	xma|20/100	0.2500	3	0.3000	14	3.9711	-0.6038	8.2352	-0.5375	32.7028	-0.6038	0.6208	1.1633	1.7175	4.5569
AMD	xma|20/100	0.2500	3	0.2000	14	3.9711	-0.6038	8.2352	-0.3945	32.7028	-0.6038	0.6208	1.1633	1.7175	4.5569
AMD	xma|20/100	0.2500	3	0.0000	14	3.9711	-0.6038	8.2352	-0.5375	32.7028	-0.6038	0.6208	1.1633	1.7175	4.5569
UDOW	momS|10d<-5%	0.0000	5	0.0000	35	6.7052	-0.6357	4.8454	-0.6249	32.4891	-0.8436	0.9472	0.7816	0.6552	0.8981
NVDA	brk|10/5	0.0000	2	0.2000	59	10.3862	-0.2878	3.1049	-0.2577	32.2483	-0.2878	1.2696	0.5138	3.3944	4.6624
NVDA	brk|10/5	0.1500	2	0.2000	59	10.3862	-0.2878	3.1049	-0.2577	32.2483	-0.2878	1.2696	0.5138	3.3944	4.6624
NVDA	brk|10/5	0.2500	2	0.2000	59	10.3862	-0.2878	3.1049	-0.2577	32.2483	-0.2878	1.2696	0.5138	3.3944	4.6624
NVDA	mom|20d>10%	0.1500	3	0.3000	22	5.5759	-0.4316	5.7577	-0.4206	32.1043	-0.4316	0.8254	0.8977	3.3944	4.6624
NVDA	mom|20d>10%	0.1500	3	0.0000	22	5.5759	-0.5465	5.7577	-0.4813	32.1043	-0.5465	0.8254	0.8977	3.3944	4.6624
NVDA	mom|10d>0%	0.1500	3	0.0000	87	16.4898	-0.5295	1.9426	-0.7770	32.0324	-0.7770	1.6684	0.2751	3.3944	4.6624
PLTR	ma|200	0.0000	3	0.2000	9	21.8516	-0.3452	1.4597	0.0000	31.8975	-0.3452	1.9449	0.1485	0.6080	11.5379
AMD	mom|60d>20%	0.2500	3	0.3000	9	4.4593	0.0000	7.1044	-0.1844	31.6810	-0.1844	0.6880	1.0495	1.7175	4.5569
AMD	mom|60d>20%	0.2500	3	0.2000	9	4.4593	0.0000	7.1044	-0.1844	31.6810	-0.1844	0.6880	1.0495	1.7175	4.5569
AMD	mom|60d>20%	0.2500	3	0.0000	9	4.4593	0.0000	7.1044	-0.1844	31.6810	-0.1844	0.6880	1.0495	1.7175	4.5569
GOLD	mom|5d>0%	0.0000	20	0.2000	123	2.2641	-0.5675	13.8679	-0.6415	31.3980	-0.6415	0.3313	1.6179	1.1434	2.0840
GOLD	mom|5d>0%	0.2500	20	0.2000	123	2.2641	-0.5675	13.8679	-0.6415	31.3980	-0.6415	0.3313	1.6179	1.1434	2.0840
UDOW	momS|10d<-5%	0.2500	3	0.0000	36	5.8179	-0.4213	5.3840	-0.3796	31.3232	-0.6102	0.8527	0.8517	0.6552	0.8981
NVDA	mom|10d>5%	0.0800	3	0.3000	77	9.0948	-0.3436	3.4382	-0.3867	31.2699	-0.3867	1.1665	0.5714	3.3944	4.6624
MSTR	mom|10d>10%	0.1500	3	0.2000	58	4.1161	-0.4167	15.9867	-0.5046	31.1585	-0.5046	0.7027	1.7577	1.0116	2.3136
NVDA	brk|20/5	0.2500	3	0.0000	47	11.5348	-0.2877	2.7001	-0.6603	31.1455	-0.6603	1.3545	0.4384	3.3944	4.6624
NVDA	brk|20/5	0.0000	3	0.0000	47	11.5348	-0.2877	2.7001	-0.6603	31.1455	-0.6603	1.3545	0.4384	3.3944	4.6624
NVDA	brk|20/5	0.1500	3	0.0000	47	11.5348	-0.2877	2.7001	-0.6603	31.1455	-0.6603	1.3545	0.4384	3.3944	4.6624
NVDA	mom|10d>5%	0.1500	3	0.0000	51	10.8291	-0.5297	2.8702	-0.5591	31.0813	-0.5591	1.3031	0.4709	3.3944	4.6624
SOLUSD	mom|20d>5%	0.0000	1	0.3000	38	29.3383	-0.2029	1.0554	-0.3243	30.9646	-0.3243	2.2650	0.0199	7.9407	1.1320
SOLUSD	mom|20d>5%	0.0000	1	0.0000	38	29.3383	-0.2029	1.0554	-0.4631	30.9646	-0.4631	2.2650	0.0199	7.9407	1.1320
TQQQ	mom|10d>5%	0.0800	5	0.2000	92	17.8538	-0.4764	1.7261	-0.3917	30.8168	-0.4764	1.7438	0.2211	1.0272	3.3408
PLTR	xma|50/200	0.2500	3	0.2000	11	3.9531	0.0000	7.7787	-0.5951	30.7502	-0.5951	0.6182	1.1186	0.6080	11.5379
PLTR	xma|50/200	0.2500	3	0.3000	11	3.9531	0.0000	7.7787	-0.5951	30.7502	-0.5951	0.6182	1.1186	0.6080	11.5379
NVDA	mom|60d>10%	0.0000	2	0.2000	10	22.6573	-0.2207	1.3566	-0.0668	30.7373	-0.2207	1.9825	0.1181	3.3944	4.6624
NVDA	mom|60d>10%	0.0000	2	0.0000	10	22.6573	-0.2207	1.3566	-0.0668	30.7373	-0.2207	1.9825	0.1181	3.3944	4.6624
NVDA	mom|60d>10%	0.0000	2	0.3000	10	22.6573	-0.2207	1.3566	-0.0668	30.7373	-0.2207	1.9825	0.1181	3.3944	4.6624
AMD	brk|55/20	0.0800	3	0.0000	26	4.7537	-0.2824	6.4651	-0.4189	30.7334	-0.4189	0.7262	0.9800	1.7175	4.5569
MSTR	momS|10d<-10%	0.1500	3	0.3000	64	2.3831	-0.5335	12.8938	-0.4299	30.7266	-0.5335	0.3863	1.5491	1.0116	2.3136
MSTR	mom|10d>0%	0.0800	2	0.0000	214	2.4106	-0.7929	12.7290	-0.7727	30.6844	-0.7929	0.3923	1.5371	1.0116	2.3136
AMD	mom|10d>0%	0.1500	3	0.3000	90	3.1166	-0.4002	9.7920	-0.5187	30.5176	-0.5187	0.4890	1.3048	1.7175	4.5569
NVDA	dip|3d<-1.0sd hold5	0.0000	3	0.2000	91	3.6015	-0.4203	8.4071	-0.3812	30.2779	-0.4203	0.5663	1.1797	3.3944	4.6624
AMD	mom|60d>5%	0.0000	2	0.2000	16	6.1915	-0.1143	4.8628	-0.3743	30.1080	-0.3743	0.8936	0.7840	1.7175	4.5569
MSTR	mom|5d>0%	0.0800	2	0.2000	230	2.8759	-0.3079	10.4633	-0.3025	30.0916	-0.3079	0.4879	1.3615	1.0116	2.3136
AMD	brk|100/20	0.2500	3	0.3000	10	4.0116	0.0000	7.4959	-0.0775	30.0704	-0.0775	0.6266	1.0901	1.7175	4.5569
AMD	brk|100/20	0.2500	3	0.2000	10	4.0116	0.0000	7.4959	-0.0775	30.0704	-0.0775	0.6266	1.0901	1.7175	4.5569
AMD	brk|100/20	0.0000	3	0.2000	10	4.0116	0.0000	7.4959	-0.0775	30.0704	-0.0775	0.6266	1.0901	1.7175	4.5569
AMD	brk|100/20	0.2500	3	0.0000	10	4.0116	0.0000	7.4959	-0.0775	30.0704	-0.0775	0.6266	1.0901	1.7175	4.5569
AMD	brk|100/20	0.0000	3	0.0000	10	4.0116	0.0000	7.4959	-0.0775	30.0704	-0.0775	0.6266	1.0901	1.7175	4.5569
AMD	brk|100/20	0.0000	3	0.3000	10	4.0116	0.0000	7.4959	-0.0775	30.0704	-0.0775	0.6266	1.0901	1.7175	4.5569
AMD	mom|10d>0%	0.1500	2	0.3000	90	3.5500	-0.3547	8.4680	-0.3780	30.0611	-0.3780	0.5584	1.1855	1.7175	4.5569
MSTR	mom|10d>20%	0.1500	3	0.0000	38	0.5733	-0.9164	52.3457	-0.6291	30.0113	-0.9164	-0.1888	3.2568	1.0116	2.3136
AMD	mom|20d>10%	0.1500	5	0.3000	29	8.2554	-0.4160	3.6173	-0.7111	29.8618	-0.7111	1.0943	0.6009	1.7175	4.5569
NVDA	brk|10/5	0.1500	2	0.3000	59	10.3862	-0.2878	2.8670	-0.3478	29.7769	-0.3478	1.2696	0.4703	3.3944	4.6624
NVDA	brk|10/5	0.2500	2	0.3000	59	10.3862	-0.2878	2.8670	-0.3478	29.7769	-0.3478	1.2696	0.4703	3.3944	4.6624
NVDA	brk|10/5	0.0000	2	0.3000	59	10.3862	-0.2878	2.8670	-0.3478	29.7769	-0.3478	1.2696	0.4703	3.3944	4.6624
AMD	mom|60d>5%	0.0000	2	0.0000	16	6.1915	-0.1143	4.8079	-0.5619	29.7676	-0.5619	0.8936	0.7766	1.7175	4.5569
AMD	mom|60d>5%	0.0000	2	0.3000	16	6.1915	-0.1143	4.8079	-0.3743	29.7676	-0.3743	0.8936	0.7766	1.7175	4.5569
AMD	mom|10d>5%	0.1500	3	0.0000	59	5.8753	-0.7552	5.0637	-0.7272	29.7511	-0.7552	0.8591	0.8106	1.7175	4.5569
AMD	brk|55/10	0.0000	5	0.0000	18	5.5630	-0.3844	5.3441	-0.8008	29.7291	-0.8008	0.8239	0.8467	1.7175	4.5569
AMD	brk|55/10	0.2500	5	0.0000	18	5.5630	-0.3844	5.3441	-0.8008	29.7291	-0.8008	0.8239	0.8467	1.7175	4.5569
NVDA	xma|20/100	0.0000	3	0.2000	11	22.3352	-0.4135	1.3217	-0.2959	29.5211	-0.4135	1.9676	0.1075	3.3944	4.6624
NVDA	ma|10	0.1500	3	0.0000	106	6.1818	-0.8228	4.7718	-0.6488	29.4981	-0.8228	0.8925	0.7717	3.3944	4.6624
AMD	brk|55/20	0.0800	3	0.2000	26	4.7537	-0.2824	6.2019	-0.3707	29.4823	-0.3707	0.7262	0.9501	1.7175	4.5569
AMD	ma|100	0.2500	3	0.0000	25	3.7239	-0.5161	7.8961	-0.6126	29.4044	-0.6126	0.5847	1.1303	1.7175	4.5569
AMD	xma|5/20	0.0000	3	0.2000	40	3.0963	-0.3782	9.4624	-0.5763	29.2983	-0.5763	0.4856	1.2761	1.7175	4.5569
MSTR	ma|100	0.0800	3	0.2000	177	2.5607	-0.3674	11.4283	-0.3289	29.2641	-0.3674	0.4243	1.4389	1.0116	2.3136
AMD	brk|55/20	0.0000	3	0.0000	12	6.8976	0.0000	4.2401	-0.5956	29.2468	-0.5956	0.9666	0.6967	1.7175	4.5569
AMD	brk|55/20	0.0000	3	0.3000	12	6.8976	0.0000	4.2401	-0.4146	29.2468	-0.4146	0.9666	0.6967	1.7175	4.5569
AMD	brk|55/20	0.0000	3	0.2000	12	6.8976	0.0000	4.2401	-0.4146	29.2468	-0.4146	0.9666	0.6967	1.7175	4.5569
AMD	brk|55/20	0.2500	3	0.2000	12	6.8976	0.0000	4.2401	-0.4146	29.2468	-0.4146	0.9666	0.6967	1.7175	4.5569
AMD	brk|55/20	0.2500	3	0.3000	12	6.8976	0.0000	4.2401	-0.4146	29.2468	-0.4146	0.9666	0.6967	1.7175	4.5569
AMD	brk|55/20	0.2500	3	0.0000	12	6.8976	0.0000	4.2401	-0.5956	29.2468	-0.5956	0.9666	0.6967	1.7175	4.5569
US500	dip|3d<-1.5sd hold2	0.0000	20	0.3000	69	0.7888	-0.6194	36.5112	-0.5372	28.7983	-0.6194	-0.0797	2.7310	1.2251	1.6367
MSTR	mom|10d>5%	0.0000	2	0.0000	64	2.7733	-0.5924	10.3739	-0.7444	28.7699	-0.7444	0.4677	1.3541	1.0116	2.3136
AMD	brk|55/5	0.0800	5	0.2000	30	6.1416	-0.3143	4.6525	-0.3840	28.5742	-0.3840	0.8882	0.7553	1.7175	4.5569
AMD	brk|100/10	0.0800	3	0.2000	23	2.8037	-0.3817	10.1672	-0.2304	28.5062	-0.3817	0.4348	1.3368	1.7175	4.5569
NVDA	brk|10/5	0.2500	3	0.2000	59	12.7197	-0.4160	2.2393	-0.3019	28.4836	-0.4160	1.4366	0.3432	3.3944	4.6624
NVDA	brk|10/5	0.1500	3	0.2000	59	12.7197	-0.4160	2.2393	-0.3019	28.4836	-0.4160	1.4366	0.3432	3.3944	4.6624
NVDA	brk|10/5	0.0000	3	0.2000	59	12.7197	-0.4160	2.2393	-0.3019	28.4836	-0.4160	1.4366	0.3432	3.3944	4.6624
AMD	mom|60d>5%	0.2500	5	0.2000	19	41.6810	-0.2858	0.6832	-0.9360	28.4773	-0.9360	2.6922	-0.1301	1.7175	4.5569
AMD	mom|60d>5%	0.2500	5	0.3000	19	41.6810	-0.2858	0.6832	-0.9360	28.4773	-0.9360	2.6922	-0.1301	1.7175	4.5569
SOXL	ma|50	0.1500	2	0.2000	102	0.6573	-0.3260	43.1871	-0.3721	28.3874	-0.3721	-0.1367	2.9674	0.0504	5.4354
NVDA	ma|20	0.1500	5	0.0000	70	23.1394	-0.9209	1.2146	-0.9239	28.1041	-0.9239	2.0046	0.0737	3.3944	4.6624
AMD	ma|100	0.0000	3	0.3000	22	3.2246	-0.3758	8.6911	-0.4366	28.0254	-0.4366	0.5068	1.2064	1.7175	4.5569
AMD	ma|100	0.0000	3	0.0000	22	3.2246	-0.5161	8.6911	-0.5654	28.0254	-0.5654	0.5068	1.2064	1.7175	4.5569
MSTR	mom|10d>0%	0.1500	2	0.2000	108	1.1571	-0.2823	24.1311	-0.3569	27.9226	-0.3569	0.0564	2.2063	1.0116	2.3136
NVDA	ma|20	0.1500	2	0.3000	70	11.2031	-0.3046	2.4845	-0.4024	27.8342	-0.4024	1.3306	0.3952	3.3944	4.6624
PLTR	xma|50/200	0.1500	2	0.0000	33	2.0074	-0.4028	13.7945	-0.5961	27.6905	-0.5961	0.2764	1.6128	0.6080	11.5379
PLTR	xma|50/200	0.0800	5	0.2000	113	0.5732	-0.4133	48.2801	-0.4250	27.6754	-0.4250	-0.1771	3.1327	0.6080	11.5379
AMD	mom|60d>5%	0.2500	5	0.0000	19	41.6810	-0.2858	0.6639	-0.9912	27.6723	-0.9912	2.6922	-0.1392	1.7175	4.5569
AMD	brk|55/20	0.1500	3	0.3000	14	8.8647	0.0000	3.1072	-0.4699	27.5440	-0.4699	1.1472	0.5142	1.7175	4.5569
AMD	brk|55/20	0.1500	3	0.0000	14	8.8647	0.0000	3.1072	-0.4699	27.5440	-0.4699	1.1472	0.5142	1.7175	4.5569
AMD	brk|55/20	0.1500	3	0.2000	14	8.8647	0.0000	3.1072	-0.3200	27.5440	-0.3200	1.1472	0.5142	1.7175	4.5569
META	rsi2|<10 trend200 max7	0.0000	5	0.2000	85	4.2456	-0.3819	6.4870	-0.4201	27.5411	-0.4201	0.6592	0.9824	1.3509	2.1912
AMD	brk|100/10	0.1500	5	0.3000	15	2.3642	-0.5752	11.6066	-0.5232	27.4407	-0.5752	0.3516	1.4528	1.7175	4.5569
AMD	brk|100/10	0.1500	5	0.2000	15	2.3642	-0.5752	11.6066	-0.5232	27.4407	-0.5752	0.3516	1.4528	1.7175	4.5569
NVDA	brk|100/20	0.1500	5	0.0000	11	34.9007	-0.5300	0.7856	-0.7176	27.4169	-0.7176	2.4697	-0.0845	3.3944	4.6624
NVDA	brk|100/20	0.1500	5	0.3000	11	34.9007	-0.5300	0.7856	-0.7176	27.4169	-0.7176	2.4697	-0.0845	3.3944	4.6624
NVDA	mom|10d>0%	0.2500	3	0.0000	86	17.6323	-0.5161	1.5515	-0.8417	27.3559	-0.8417	1.7318	0.1744	3.3944	4.6624
NVDA	mom|10d>0%	0.0000	3	0.0000	86	17.6323	-0.5161	1.5515	-0.8417	27.3559	-0.8417	1.7318	0.1744	3.3944	4.6624
AMD	mom|20d>10%	0.0800	5	0.2000	70	3.4839	-0.4000	7.8475	-0.4448	27.3398	-0.4448	0.5482	1.1255	1.7175	4.5569
NVDA	xma|20/100	0.0000	5	0.0000	11	32.7194	-0.6891	0.8354	-0.7004	27.3322	-0.7004	2.3921	-0.0637	3.3944	4.6624
AMD	mom|20d>10%	0.1500	3	0.2000	29	5.3839	-0.2496	5.0548	-0.4547	27.2143	-0.4547	0.8031	0.8094	1.7175	4.5569
MSTR	momS|10d<-0%	0.0000	2	0.3000	84	4.5746	-0.4079	5.9449	-0.4338	27.1956	-0.4338	0.7717	0.9201	1.0116	2.3136
MSTR	mom|5d>0%	0.1500	2	0.2000	142	5.5058	-0.2671	4.9384	-0.3462	27.1901	-0.3462	0.8996	0.7941	1.0116	2.3136
UDOW	momS|10d<-5%	0.0800	3	0.0000	72	7.1201	-0.4971	3.8180	-0.3859	27.1846	-0.6121	0.9885	0.6328	0.6552	0.8981
MSTR	mom|20d>0%	0.0800	2	0.3000	192	1.2050	-0.3888	22.4372	-0.3675	27.0368	-0.3888	0.0727	2.1220	1.0116	2.3136
AMD	mom|10d>0%	0.0000	2	0.3000	86	3.8343	-0.3325	7.0157	-0.3942	26.9002	-0.3942	0.6010	1.0401	1.7175	4.5569
PLTR	ma|200	0.2500	3	0.0000	17	0.6846	-0.7682	39.2743	-0.5951	26.8868	-0.7682	-0.1243	2.8319	0.6080	11.5379
AMD	mom|10d>0%	0.2500	2	0.3000	86	3.8343	-0.3325	7.0084	-0.3942	26.8721	-0.3942	0.6010	1.0393	1.7175	4.5569
MSTR	momS|10d<-10%	0.1500	3	0.2000	64	3.6297	-0.4296	7.3951	-0.3113	26.8420	-0.4296	0.6241	1.0798	1.0116	2.3136
MSTR	mom|10d>10%	0.1500	2	0.2000	58	3.7231	-0.2778	7.2080	-0.3808	26.8364	-0.3808	0.6397	1.0604	1.0116	2.3136
PLTR	xma|50/200	0.1500	3	0.0000	33	1.9593	-0.5660	13.6410	-0.7771	26.7262	-0.7771	0.2656	1.6022	0.6080	11.5379
NVDA	xma|20/100	0.0000	3	0.3000	11	22.3352	-0.4135	1.1947	-0.3636	26.6828	-0.4135	1.9676	0.0673	3.3944	4.6624
GOLD	mom|5d>0%	0.1500	20	0.2000	123	2.2641	-0.5675	11.7219	-0.6415	26.5392	-0.6415	0.3313	1.4617	1.1434	2.0840
AMD	xma|5/20	0.0800	5	0.2000	117	1.6731	-0.4919	15.8297	-0.5059	26.4847	-0.5059	0.1975	1.7478	1.7175	4.5569
MSTR	mom|10d>0%	0.2500	2	0.3000	86	5.6036	-0.3953	4.7129	-0.3683	26.4092	-0.3953	0.9122	0.7636	1.0116	2.3136
META	mom|60d>5%	0.2500	5	0.0000	15	13.5151	-0.3027	1.9439	-0.5529	26.2727	-0.5529	1.4889	0.2754	1.3509	2.1912
META	mom|60d>5%	0.0000	5	0.0000	15	13.5151	-0.3027	1.9439	-0.5529	26.2727	-0.5529	1.4889	0.2754	1.3509	2.1912
META	mom|60d>5%	0.2500	5	0.3000	15	13.5151	-0.3027	1.9439	-0.4328	26.2727	-0.4328	1.4889	0.2754	1.3509	2.1912
META	mom|60d>5%	0.0000	5	0.3000	15	13.5151	-0.3027	1.9439	-0.4328	26.2727	-0.4328	1.4889	0.2754	1.3509	2.1912
NVDA	mom|10d>10%	0.0800	5	0.0000	53	6.9672	-0.4027	3.7574	-0.6415	26.1785	-0.6415	0.9735	0.6233	3.3944	4.6624
NVDA	dip|2d<-1.0sd hold5	0.0000	3	0.2000	98	3.0256	-0.2912	8.5698	-0.2047	25.9290	-0.2912	0.4736	1.1951	3.3944	4.6624
MSTR	mom|10d>5%	0.2500	2	0.0000	66	2.9898	-0.5858	8.6645	-0.8125	25.9055	-0.8125	0.5098	1.2039	1.0116	2.3136
AMD	brk|55/10	0.0800	3	0.0000	27	4.0063	-0.2824	6.4651	-0.4189	25.9014	-0.4189	0.6258	0.9800	1.7175	4.5569
SOXL	ma|50	0.2500	2	0.2000	52	1.8364	-0.3124	14.0748	-0.2631	25.8466	-0.3124	0.2372	1.6321	0.0504	5.4354
META	rsi2|<20 trend200 max3	0.0000	5	0.0000	114	3.3114	-0.2575	7.7878	-0.6049	25.7883	-0.6049	0.5209	1.1195	1.3509	2.1912
NVDA	brk|10/5	0.2500	2	0.0000	59	10.3862	-0.2878	2.4822	-0.4228	25.7804	-0.4228	1.2696	0.3948	3.3944	4.6624
NVDA	brk|10/5	0.1500	2	0.0000	59	10.3862	-0.2878	2.4822	-0.4228	25.7804	-0.4228	1.2696	0.3948	3.3944	4.6624
NVDA	brk|10/5	0.0000	2	0.0000	59	10.3862	-0.2878	2.4822	-0.4228	25.7804	-0.4228	1.2696	0.3948	3.3944	4.6624
AMD	mom|20d>5%	0.1500	3	0.3000	45	2.6242	-0.5226	9.7851	-0.4293	25.6779	-0.5226	0.4019	1.3042	1.7175	4.5569
NVDA	mom|60d>5%	0.0800	5	0.3000	86	31.9521	-0.5288	0.8021	-0.4426	25.6279	-0.5288	2.3641	-0.0775	3.3944	4.6624
AMD	brk|100/20	0.0800	3	0.0000	22	3.4350	-0.3817	7.4536	-0.4189	25.6030	-0.4189	0.5406	1.0858	1.7175	4.5569
AMD	brk|100/20	0.0800	3	0.3000	22	3.4350	-0.3817	7.4536	-0.4189	25.6030	-0.4189	0.5406	1.0858	1.7175	4.5569
TQQQ	mom|20d>20%	0.0800	5	0.3000	34	3.5363	-0.5130	7.2348	-0.3809	25.5846	-0.5130	0.5563	1.0632	1.0272	3.3408
NVDA	mom|10d>5%	0.0800	5	0.2000	77	9.7690	-0.4011	6.5679	-0.3999	25.4784	-0.4011	1.2215	0.9914	3.3944	4.6624
MSTR	momS|10d<-0%	0.0800	3	0.2000	231	11.1170	-0.3428	2.2896	-0.3755	25.4535	-0.3755	1.4743	0.3541	1.0116	2.3136
UDOW	momS|10d<-5%	0.0000	3	0.0000	35	5.8179	-0.4213	4.3712	-0.3796	25.4310	-0.6102	0.8527	0.7157	0.6552	0.8981
TQQQ	brk|55/20	0.1500	3	0.3000	11	3.8584	-0.3327	6.5874	0.0000	25.4167	-0.3327	0.6046	0.9936	1.0272	3.3408
TQQQ	brk|55/20	0.1500	3	0.0000	11	3.8584	-0.3327	6.5874	0.0000	25.4167	-0.3327	0.6046	0.9936	1.0272	3.3408
TQQQ	brk|55/20	0.1500	3	0.2000	11	3.8584	-0.2135	6.5874	0.0000	25.4167	-0.2135	0.6046	0.9936	1.0272	3.3408
NVDA	mom|10d>10%	0.0000	5	0.0000	39	20.8373	-0.5091	1.2182	-0.8476	25.3851	-0.8476	1.8963	0.0749	3.3944	4.6624
NVDA	mom|10d>10%	0.2500	5	0.0000	39	20.8373	-0.5091	1.2182	-0.8476	25.3851	-0.8476	1.8963	0.0749	3.3944	4.6624
AMD	dip|1d<-1.0sd hold5	0.0000	2	0.0000	119	4.3267	-0.6061	5.8594	-0.5071	25.3521	-0.6061	0.6702	0.9099	1.7175	4.5569
MSTR	mom|10d>0%	0.1500	1	0.0000	108	3.6412	-0.3269	6.9358	-0.4244	25.2547	-0.4244	0.6260	1.0315	1.0116	2.3136
NVDA	mom|60d>5%	0.0000	2	0.0000	13	21.4761	-0.2207	1.1647	-0.2600	25.0139	-0.2600	1.9271	0.0574	3.3944	4.6624
NVDA	mom|60d>5%	0.0000	2	0.3000	13	21.4761	-0.2207	1.1647	-0.2600	25.0139	-0.2600	1.9271	0.0574	3.3944	4.6624
MSTR	mom|10d>5%	0.0800	2	0.0000	171	1.6008	-0.8179	15.5732	-0.8089	24.9289	-0.8179	0.1936	1.7314	1.0116	2.3136
MSTR	xma|20/100	0.0800	3	0.3000	183	1.3411	-0.4495	18.5862	-0.4119	24.9261	-0.4495	0.1167	1.9141	1.0116	2.3136
AMD	mom|10d>0%	0.1500	2	0.2000	90	3.0078	-0.2668	8.2798	-0.3658	24.9036	-0.3658	0.4705	1.1676	1.7175	4.5569
AMD	brk|55/10	0.0800	3	0.2000	27	4.0063	-0.2824	6.2019	-0.3707	24.8470	-0.3707	0.6258	0.9501	1.7175	4.5569
META	xma|20/100	0.0800	5	0.0000	37	16.5408	-0.4518	1.4998	-0.6549	24.8084	-0.6549	1.6713	0.1599	1.3509	2.1912
NVDA	ma|100	0.0800	5	0.2000	103	10.2560	-0.4794	2.4093	-0.4426	24.7101	-0.4794	1.2596	0.3796	3.3944	4.6624
NVDA	mom|5d>10%	0.1500	3	0.3000	43	9.1214	-0.3674	2.7061	-0.4876	24.6836	-0.4876	1.1687	0.4396	3.3944	4.6624
AMD	mom|60d>0%	0.2500	3	0.3000	34	4.7317	-0.3819	5.2128	-0.5318	24.6654	-0.5318	0.7234	0.8299	1.7175	4.5569
NVDA	dip|3d<-1.5sd hold5	0.0000	5	0.3000	46	1.4302	-0.7150	17.2458	-0.5581	24.6645	-0.7150	0.1335	1.8353	3.3944	4.6624
AMD	mom|20d>20%	0.0800	5	0.2000	43	1.0119	-0.3939	24.3499	-0.3062	24.6404	-0.3939	0.0042	2.2169	1.7175	4.5569
NVDA	ma|10	0.1500	3	0.2000	106	7.0617	-0.3878	3.4673	-0.3109	24.4850	-0.3878	0.9828	0.5763	3.3944	4.6624
AMD	mom|10d>5%	0.2500	2	0.3000	55	5.0258	-0.3034	4.8694	-0.3531	24.4725	-0.3531	0.7602	0.7849	1.7175	4.5569
AMD	mom|10d>5%	0.0000	2	0.3000	55	5.0258	-0.3034	4.8694	-0.3531	24.4725	-0.3531	0.7602	0.7849	1.7175	4.5569
MSTR	mom|10d>10%	0.1500	3	0.3000	58	3.0710	-0.4734	7.9634	-0.5418	24.4555	-0.5418	0.5251	1.1369	1.0116	2.3136
NVDA	xma|20/100	0.0000	3	0.0000	11	22.3352	-0.4135	1.0943	-0.4767	24.4425	-0.4767	1.9676	0.0335	3.3944	4.6624
NVDA	mom|10d>5%	0.0800	3	0.2000	77	5.4481	-0.3436	4.4846	-0.3565	24.4325	-0.3565	0.8106	0.7319	3.3944	4.6624
MSTR	mom|10d>10%	0.1500	2	0.0000	58	1.3312	-0.6202	18.3191	-0.7127	24.3855	-0.7127	0.1136	1.8987	1.0116	2.3136
AMD	mom|10d>10%	0.1500	3	0.0000	36	3.5003	-0.6973	6.9477	-0.5868	24.3191	-0.6973	0.5508	1.0328	1.7175	4.5569
MSTR	mom|5d>0%	0.1500	2	0.0000	142	10.1640	-0.5007	2.3880	-0.9224	24.2713	-0.9224	1.3923	0.3752	1.0116	2.3136
AMD	dip|3d<-1.0sd hold5	0.0000	3	0.3000	98	3.7978	-0.3691	6.3870	-0.3482	24.2570	-0.3691	0.5957	0.9712	1.7175	4.5569
US100	dip|3d<-1.5sd hold2	0.0000	10	0.2000	65	8.3548	-0.3340	2.9016	-0.3064	24.2425	-0.3340	1.1031	0.4768	1.2639	1.8560
MSTR	mom|5d>0%	0.1500	2	0.3000	142	7.1579	-0.3295	3.3809	-0.3618	24.2004	-0.3618	1.0967	0.5618	1.0116	2.3136
MSTR	mom|10d>0%	0.0000	1	0.0000	84	2.9561	-0.3156	8.1177	-0.3806	23.9967	-0.3806	0.5034	1.1520	1.0116	2.3136
NVDA	mom|10d>5%	0.0800	3	0.0000	77	9.0948	-0.3685	2.6366	-0.6658	23.9791	-0.6658	1.1665	0.4259	3.3944	4.6624
MSTR	momS|10d<-10%	0.1500	2	0.2000	64	3.0294	-0.3818	7.9102	-0.2996	23.9630	-0.3818	0.5173	1.1317	1.0116	2.3136
AMD	mom|10d>0%	0.0800	3	0.3000	135	2.3463	-0.3771	10.2109	-0.4319	23.9575	-0.4319	0.3480	1.3404	1.7175	4.5569
NVDA	mom|10d>10%	0.2500	3	0.3000	39	9.9934	-0.3325	2.3933	-0.3823	23.9173	-0.3823	1.2392	0.3763	3.3944	4.6624
NVDA	mom|10d>10%	0.0000	3	0.3000	39	9.9934	-0.3325	2.3933	-0.3823	23.9173	-0.3823	1.2392	0.3763	3.3944	4.6624
MSTR	mom|10d>20%	0.1500	2	0.0000	38	1.0367	-0.7519	23.0686	-0.4585	23.9160	-0.7519	0.0137	2.1539	1.0116	2.3136
AMD	mom|60d>5%	0.1500	3	0.3000	35	11.9093	-0.4600	2.0019	-0.5345	23.8416	-0.5345	1.3810	0.2892	1.7175	4.5569
NVDA	mom|60d>0%	0.0000	2	0.2000	28	29.1896	-0.1909	0.8150	-0.3749	23.7898	-0.3749	2.2592	-0.0721	3.3944	4.6624
AMD	mom|60d>10%	0.0800	3	0.0000	89	3.8477	-0.5385	6.1559	-0.6677	23.6858	-0.6677	0.6030	0.9448	1.7175	4.5569
MSTR	mom|10d>0%	0.0000	2	0.3000	84	5.2054	-0.4292	4.5502	-0.3683	23.6858	-0.4292	0.8599	0.7411	1.0116	2.3136
UDOW	momS|10d<-5%	0.2500	5	0.3000	36	3.5061	-0.5812	6.7415	-0.5805	23.6363	-0.5812	0.5516	1.0105	0.6552	0.8981
NVDA	mom|60d>5%	0.0000	2	0.2000	13	21.4761	-0.2207	1.0985	-0.2600	23.5924	-0.2600	1.9271	0.0350	3.3944	4.6624
SOLUSD	mom|20d>5%	0.0000	1	0.2000	38	29.3383	-0.2029	0.8035	-0.2606	23.5746	-0.2606	2.2650	-0.0769	7.9407	1.1320
NVDA	brk|20/5	0.0000	3	0.2000	47	7.0209	-0.2361	3.3434	-0.3299	23.4738	-0.3299	0.9788	0.5554	3.3944	4.6624
NVDA	brk|20/5	0.2500	3	0.2000	47	7.0209	-0.2361	3.3434	-0.3299	23.4738	-0.3299	0.9788	0.5554	3.3944	4.6624
NVDA	brk|20/5	0.1500	3	0.2000	47	7.0209	-0.2361	3.3434	-0.3299	23.4738	-0.3299	0.9788	0.5554	3.3944	4.6624
MSTR	mom|10d>0%	0.2500	1	0.2000	86	2.9603	-0.2356	7.9123	-0.2828	23.4230	-0.2828	0.5042	1.1319	1.0116	2.3136
SOLUSD	mom|20d>10%	0.0000	2	0.2000	32	87.0406	-0.3757	0.2690	-0.5458	23.4163	-0.5458	3.7783	-0.3815	7.9407	1.1320
PLTR	dip|1d<-2.0sd hold5	0.0000	3	0.3000	29	1.2372	-0.4246	18.9181	-0.0902	23.4048	-0.4246	0.0774	1.9330	0.6080	11.5379
PLTR	dip|1d<-2.0sd hold5	0.0000	3	0.2000	29	1.2372	-0.2828	18.9181	-0.0902	23.4048	-0.2828	0.0774	1.9330	0.6080	11.5379
NVDA	mom|60d>20%	0.0800	3	0.0000	58	16.9103	-0.7980	1.3805	-0.6116	23.3444	-0.7980	1.6921	0.1252	3.3944	4.6624
AMD	xma|5/20	0.1500	3	0.0000	53	1.8817	-0.8481	12.3976	-0.7122	23.3290	-0.8481	0.2478	1.5127	1.7175	4.5569
AMD	brk|100/20	0.1500	3	0.3000	12	5.2412	0.0000	4.4480	-0.3200	23.3126	-0.3200	0.7862	0.7267	1.7175	4.5569
AMD	brk|100/20	0.1500	3	0.0000	12	5.2412	0.0000	4.4480	-0.3200	23.3126	-0.3200	0.7862	0.7267	1.7175	4.5569
AMD	brk|100/20	0.1500	3	0.2000	12	5.2412	0.0000	4.4480	-0.3200	23.3126	-0.3200	0.7862	0.7267	1.7175	4.5569
NVDA	mom|10d>10%	0.2500	3	0.2000	39	9.9934	-0.2058	2.3313	-0.3823	23.2979	-0.3823	1.2392	0.3631	3.3944	4.6624
NVDA	mom|10d>10%	0.0000	3	0.2000	39	9.9934	-0.2058	2.3313	-0.3823	23.2979	-0.3823	1.2392	0.3631	3.3944	4.6624
AMD	xma|5/20	0.1500	2	0.3000	53	2.3472	-0.4467	9.8967	-0.3196	23.2291	-0.4467	0.3482	1.3138	1.7175	4.5569
AMD	dip|1d<-1.0sd hold5	0.0000	3	0.2000	119	5.3285	-0.4641	4.3387	-0.4059	23.1187	-0.4641	0.7966	0.7110	1.7175	4.5569
MSTR	mom|10d>0%	0.1500	3	0.2000	108	0.8387	-0.4167	27.5336	-0.5046	23.0937	-0.5046	-0.0640	2.3648	1.0116	2.3136
NVDA	xma|10/50	0.0800	5	0.2000	100	12.6538	-0.4794	1.8221	-0.4426	23.0562	-0.4794	1.4321	0.2456	3.3944	4.6624
AMD	mom|60d>0%	0.2500	2	0.3000	34	5.2110	-0.2783	4.4069	-0.3629	22.9642	-0.3629	0.7826	0.7208	1.7175	4.5569
AMD	mom|60d>0%	0.2500	2	0.0000	34	5.2110	-0.2783	4.4069	-0.5149	22.9642	-0.5149	0.7826	0.7208	1.7175	4.5569
AMD	xma|5/20	0.1500	5	0.2000	53	0.9713	-0.6978	23.5168	-0.3985	22.8411	-0.6978	-0.0102	2.1761	1.7175	4.5569
AMD	mom|10d>5%	0.2500	5	0.2000	55	9.7945	-0.5808	2.3280	-0.5587	22.8015	-0.5808	1.2235	0.3624	1.7175	4.5569
AMD	mom|10d>5%	0.0000	5	0.2000	55	9.7945	-0.5808	2.3280	-0.5587	22.8015	-0.5808	1.2235	0.3624	1.7175	4.5569
META	mom|60d>0%	0.0800	5	0.2000	64	25.0514	-0.3043	0.9064	-0.3893	22.7054	-0.3893	2.0893	-0.0353	1.3509	2.1912
NVDA	mom|60d>20%	0.0800	3	0.2000	58	30.7759	-0.3012	0.7369	-0.3624	22.6789	-0.3624	2.3202	-0.1057	3.3944	4.6624
GOLD	brk|10/5	0.0800	10	0.0000	56	2.7687	-0.3884	8.1597	-0.6398	22.5920	-0.6398	0.4285	1.1560	1.1434	2.0840
MSTR	mom|10d>0%	0.2500	1	0.0000	86	3.0595	-0.3100	7.3823	-0.3806	22.5861	-0.3806	0.5229	1.0785	1.0116	2.3136
NVDA	mom|10d>5%	0.0000	2	0.2000	51	7.0693	-0.2609	3.1901	-0.2549	22.5520	-0.2609	0.9836	0.5289	3.3944	4.6624
NVDA	mom|10d>5%	0.2500	2	0.2000	51	7.0693	-0.2609	3.1901	-0.2549	22.5520	-0.2609	0.9836	0.5289	3.3944	4.6624
NVDA	mom|60d>10%	0.0800	5	0.3000	77	46.7545	-0.5288	0.4802	-0.4464	22.4519	-0.5288	2.8438	-0.2354	3.3944	4.6624
AMD	mom|60d>5%	0.0800	2	0.3000	100	3.3750	-0.3801	6.6409	-0.3484	22.4132	-0.3801	0.5311	0.9995	1.7175	4.5569
AMD	mom|10d>5%	0.1500	2	0.3000	59	4.6533	-0.3550	4.8103	-0.3784	22.3838	-0.3784	0.7133	0.7769	1.7175	4.5569
MSTR	xma|5/20	0.0800	3	0.3000	191	0.3463	-0.4361	64.5261	-0.4248	22.3443	-0.4361	-0.3290	3.5955	1.0116	2.3136
SOLUSD	mom|20d>0%	0.0000	1	0.2000	62	23.3608	-0.2496	0.9540	-0.2351	22.2861	-0.2496	2.0146	-0.0171	7.9407	1.1320
GOLD	mom|60d>0%	0.0000	10	0.0000	24	0.6987	-0.6580	31.8164	-0.4018	22.2295	-0.6580	-0.1180	2.5477	1.1434	2.0840
AMD	mom|10d>5%	0.1500	5	0.2000	59	7.6079	-0.5808	2.9210	-0.5587	22.2225	-0.5808	1.0352	0.4804	1.7175	4.5569
SMCI	mom|60d>5%	0.2500	5	0.2000	43	45.5124	-0.3444	0.4874	-0.6396	22.1821	-0.6396	3.4015	-0.2313	7.7027	1.5224
AMD	brk|100/5	0.0000	5	0.2000	22	2.0342	-0.4474	10.9019	-0.4935	22.1771	-0.4935	0.2823	1.3972	1.7175	4.5569
AMD	brk|100/5	0.2500	5	0.2000	22	2.0342	-0.4474	10.9019	-0.4935	22.1771	-0.4935	0.2823	1.3972	1.7175	4.5569
META	xma|20/100	0.1500	5	0.0000	15	11.3229	-0.3951	1.9477	-0.7468	22.0533	-0.7468	1.3393	0.2763	1.3509	2.1912
NVDA	ma|10	0.0000	3	0.0000	106	6.1818	-0.8228	3.5656	-0.7376	22.0418	-0.8228	0.8925	0.5925	3.3944	4.6624
NVDA	ma|10	0.2500	3	0.0000	106	6.1818	-0.8228	3.5656	-0.7376	22.0418	-0.8228	0.8925	0.5925	3.3944	4.6624
AMD	mom|60d>0%	0.0000	3	0.3000	30	4.2270	-0.3776	5.2096	-0.4903	22.0210	-0.4903	0.6567	0.8295	1.7175	4.5569
AMD	brk|20/10	0.0800	2	0.3000	47	2.3527	-0.3407	9.3388	-0.3018	21.9719	-0.3407	0.3493	1.2652	1.7175	4.5569
NVDA	ma|20	0.0000	3	0.0000	70	14.9076	-0.7397	1.4692	-0.8089	21.9024	-0.8089	1.5758	0.1512	3.3944	4.6624
NVDA	ma|20	0.2500	3	0.0000	70	14.9076	-0.7397	1.4692	-0.8089	21.9024	-0.8089	1.5758	0.1512	3.3944	4.6624
AMD	brk|55/10	0.1500	5	0.0000	19	5.6967	-0.3844	3.8348	-0.7622	21.8457	-0.7622	0.8391	0.6355	1.7175	4.5569
AMD	brk|100/5	0.1500	5	0.2000	22	2.0342	-0.4474	10.6909	-0.4935	21.7479	-0.4935	0.2823	1.3801	1.7175	4.5569
AMD	brk|100/5	0.1500	5	0.3000	22	2.0342	-0.4474	10.6909	-0.4935	21.7479	-0.4935	0.2823	1.3801	1.7175	4.5569
MSTR	xma|20/100	0.0800	3	0.2000	183	1.0813	-0.4044	20.0994	-0.3289	21.7338	-0.4044	0.0298	1.9988	1.0116	2.3136
AMD	mom|10d>0%	0.1500	3	0.0000	90	2.3931	-0.8308	9.0502	-0.8281	21.6579	-0.8308	0.3574	1.2393	1.7175	4.5569
PLTR	ma|200	0.2500	2	0.0000	17	0.8962	-0.6040	24.1472	-0.3967	21.6403	-0.6040	-0.0377	2.2070	0.6080	11.5379
AMD	brk|55/20	0.0800	3	0.3000	26	4.7537	-0.2824	4.5466	-0.4189	21.6135	-0.4189	0.7262	0.7406	1.7175	4.5569
NVDA	ma|50	0.2500	5	0.3000	45	17.2214	-0.6081	1.2533	-0.4045	21.5834	-0.6081	1.7093	0.0861	3.3944	4.6624
NVDA	brk|10/5	0.0800	3	0.3000	70	4.8833	-0.3626	4.3993	-0.3797	21.4831	-0.3797	0.7425	0.7198	3.3944	4.6624
AMD	brk|100/10	0.2500	3	0.0000	14	2.3323	-0.3451	9.2104	-0.2764	21.4813	-0.3451	0.3452	1.2538	1.7175	4.5569
AMD	brk|100/10	0.0000	3	0.0000	14	2.3323	-0.3451	9.2104	-0.2764	21.4813	-0.3451	0.3452	1.2538	1.7175	4.5569
MSTR	momS|20d<-0%	0.0800	3	0.3000	234	3.7739	-0.4296	5.6770	-0.4306	21.4246	-0.4306	0.6480	0.8880	1.0116	2.3136
NVDA	ma|50	0.0000	5	0.3000	45	17.0282	-0.6081	1.2533	-0.4045	21.3412	-0.6081	1.6986	0.0861	3.3944	4.6624
AMD	mom|10d>10%	0.1500	5	0.0000	36	3.4037	-0.9044	6.2534	-0.8160	21.2845	-0.9044	0.5356	0.9560	1.7175	4.5569
MSTR	xmaS|50/200	0.2500	3	0.2000	34	11.5430	-0.6000	1.8413	-0.5799	21.2545	-0.6000	1.5096	0.2504	1.0116	2.3136
AMD	mom|60d>0%	0.0000	2	0.3000	30	4.6885	-0.2783	4.5258	-0.3269	21.2191	-0.3269	0.7179	0.7377	1.7175	4.5569
AMD	mom|60d>0%	0.0000	2	0.0000	30	4.6885	-0.2783	4.5258	-0.4875	21.2191	-0.4875	0.7179	0.7377	1.7175	4.5569
NVDA	brk|10/5	0.0800	5	0.0000	70	7.4577	-0.8248	2.8440	-0.7569	21.2097	-0.8248	1.0211	0.4660	3.3944	4.6624
META	rsi2|<20 trend100 max3	0.0000	5	0.3000	115	3.9053	-0.2575	5.4260	-0.3836	21.1902	-0.3836	0.6114	0.8570	1.3509	2.1912
AMD	brk|20/10	0.0800	2	0.0000	47	2.2687	-0.5205	9.3388	-0.3227	21.1875	-0.5205	0.3323	1.2652	1.7175	4.5569
MSTR	mom|5d>0%	0.0000	2	0.0000	129	12.2313	-0.5008	1.7304	-0.8966	21.1648	-0.8966	1.5649	0.2222	1.0116	2.3136
AMD	mom|60d>5%	0.0000	5	0.2000	16	32.7476	-0.2858	0.6453	-0.9219	21.1308	-0.9219	2.3932	-0.1481	1.7175	4.5569
AMD	mom|60d>5%	0.0000	5	0.3000	16	32.7476	-0.2858	0.6453	-0.9219	21.1308	-0.9219	2.3932	-0.1481	1.7175	4.5569
MSTR	mom|10d>0%	0.0000	1	0.2000	84	2.8603	-0.2356	7.3874	-0.2132	21.1302	-0.2356	0.4849	1.0790	1.0116	2.3136
AMD	mom|10d>5%	0.0800	2	0.2000	97	2.8187	-0.2704	7.4887	-0.2831	21.1083	-0.2831	0.4375	1.0894	1.7175	4.5569
META	rsi2|<20 trend100 max3	0.0000	5	0.0000	115	3.9053	-0.2575	5.3945	-0.6566	21.0673	-0.6566	0.6114	0.8530	1.3509	2.1912
NVDA	ma|20	0.2500	2	0.3000	70	10.8757	-0.3046	1.9349	-0.4879	21.0437	-0.4879	1.3065	0.2732	3.3944	4.6624
NVDA	ma|20	0.0000	2	0.3000	70	10.8757	-0.3046	1.9349	-0.4879	21.0437	-0.4879	1.3065	0.2732	3.3944	4.6624
AMD	mom|10d>10%	0.2500	3	0.3000	33	3.5539	-0.4526	5.9112	-0.4229	21.0082	-0.4526	0.5590	0.9161	1.7175	4.5569
AMD	mom|10d>10%	0.0000	3	0.3000	33	3.5539	-0.4526	5.9112	-0.4229	21.0082	-0.4526	0.5590	0.9161	1.7175	4.5569
PLTR	dip|1d<-2.0sd hold5	0.0000	3	0.0000	29	1.1079	-0.6262	18.9181	-0.0902	20.9595	-0.6262	0.0365	1.9330	0.6080	11.5379
AMD	mom|60d>10%	0.2500	2	0.3000	14	5.4105	-0.0640	3.8726	-0.4607	20.9525	-0.4607	0.8062	0.6413	1.7175	4.5569
AMD	mom|60d>10%	0.2500	2	0.2000	14	5.4105	-0.0640	3.8726	-0.4607	20.9525	-0.4607	0.8062	0.6413	1.7175	4.5569
AMD	mom|60d>10%	0.2500	2	0.0000	14	5.4105	-0.0640	3.8726	-0.5268	20.9525	-0.5268	0.8062	0.6413	1.7175	4.5569
SOLUSD	mom|20d>0%	0.0000	1	0.3000	62	27.0432	-0.3120	0.7742	-0.3308	20.9376	-0.3308	2.1732	-0.0894	7.9407	1.1320
NVDA	mom|5d>10%	0.1500	5	0.0000	43	13.4356	-0.6754	1.5583	-0.9103	20.9367	-0.9103	1.4837	0.1763	3.3944	4.6624
AMD	brk|100/10	0.0800	3	0.3000	23	2.8037	-0.3817	7.4536	-0.4189	20.8979	-0.4189	0.4348	1.0858	1.7175	4.5569
AMD	brk|100/10	0.0800	3	0.0000	23	2.8037	-0.3817	7.4536	-0.4189	20.8979	-0.4189	0.4348	1.0858	1.7175	4.5569
NVDA	mom|5d>10%	0.1500	3	0.0000	43	7.6103	-0.4722	2.7325	-0.5961	20.7950	-0.5961	1.0355	0.4447	3.3944	4.6624
SOXL	ma|50	0.0800	3	0.3000	230	0.3142	-0.3989	25.0841	-0.4221	20.7626	-0.4221	-0.3333	2.2520	0.0504	5.4354
AMD	ma|100	0.1500	3	0.3000	40	6.2971	-0.4246	3.2911	-0.5345	20.7245	-0.5345	0.9048	0.5465	1.7175	4.5569
MSTR	xma|20/100	0.0800	2	0.2000	183	1.6293	-0.3184	12.7141	-0.2883	20.7145	-0.3184	0.2016	1.5360	1.0116	2.3136
AMD	mom|10d>0%	0.0800	2	0.3000	135	3.0398	-0.3082	6.8036	-0.3734	20.6817	-0.3734	0.4760	1.0173	1.7175	4.5569
META	rsi2|<20 trend200 max3	0.0000	5	0.3000	114	3.3114	-0.2575	6.2332	-0.3362	20.6406	-0.3362	0.5209	0.9537	1.3509	2.1912
META	rsi2|<10 trend200 max7	0.0000	5	0.0000	85	6.0849	-0.3819	3.3917	-0.7902	20.6381	-0.7902	0.8821	0.5636	1.3509	2.1912
SOLUSD	mom|20d>0%	0.0000	1	0.0000	62	27.0432	-0.3120	0.7598	-0.6047	20.5485	-0.6047	2.1732	-0.0956	7.9407	1.1320
US500	dip|3d<-1.5sd hold2	0.0000	20	0.2000	69	0.7888	-0.6194	26.0379	-0.5372	20.5375	-0.6194	-0.0797	2.2968	1.2251	1.6367
AMD	mom|60d>5%	0.0000	5	0.0000	16	32.7476	-0.2858	0.6270	-0.9893	20.5335	-0.9893	2.3932	-0.1570	1.7175	4.5569
MSTR	mom|10d>10%	0.1500	3	0.0000	58	0.7554	-0.8101	27.1416	-0.8773	20.5023	-0.8773	-0.1001	2.3472	1.0116	2.3136
AMD	brk|100/5	0.0800	3	0.2000	25	2.5347	-0.3396	8.0692	-0.2304	20.4529	-0.3396	0.3850	1.1473	1.7175	4.5569
SOXL	ma|50	0.0800	2	0.2000	230	0.6203	-0.2777	16.6451	-0.2965	20.2793	-0.2965	-0.1540	1.7988	0.0504	5.4354
SOLUSD	mom|20d>10%	0.0000	1	0.2000	32	22.7481	-0.1933	0.8906	-0.3202	20.2605	-0.3202	1.9867	-0.0415	7.9407	1.1320
TQQQ	dip|3d<-1.5sd hold2	0.0000	3	0.2000	60	6.3939	-0.3017	3.1675	-0.2180	20.2523	-0.3017	0.9150	0.5249	1.0272	3.3408
AMD	brk|55/5	0.0800	3	0.2000	30	3.5823	-0.2419	5.6523	-0.2773	20.2482	-0.2773	0.5634	0.8850	1.7175	4.5569
UDOW	momS|10d<-5%	0.2500	3	0.3000	36	3.7596	-0.3809	5.3840	-0.3766	20.2417	-0.4388	0.5901	0.8517	0.6552	0.8981
UDOW	momS|10d<-5%	0.2500	3	0.2000	36	3.7596	-0.3809	5.3840	-0.3766	20.2417	-0.3809	0.5901	0.8517	0.6552	0.8981
NVDA	mom|10d>10%	0.2500	3	0.0000	39	9.9934	-0.3325	2.0246	-0.6023	20.2330	-0.6023	1.2392	0.2945	3.3944	4.6624
NVDA	mom|10d>10%	0.0000	3	0.0000	39	9.9934	-0.3325	2.0246	-0.6023	20.2330	-0.6023	1.2392	0.2945	3.3944	4.6624
MSTR	mom|10d>5%	0.0000	3	0.0000	64	2.4268	-0.7638	8.3156	-0.8964	20.1804	-0.8964	0.3958	1.1710	1.0116	2.3136
AMD	xma|5/20	0.2500	5	0.2000	41	1.0579	-0.6303	19.0325	-0.6160	20.1341	-0.6303	0.0199	1.9395	1.7175	4.5569
AMD	xma|5/20	0.0000	5	0.2000	40	1.0579	-0.6303	19.0325	-0.6160	20.1341	-0.6303	0.0199	1.9395	1.7175	4.5569
NVDA	mom|60d>20%	0.0800	5	0.0000	58	31.9031	-0.9471	0.6304	-0.8457	20.1114	-0.9471	2.3622	-0.1554	3.3944	4.6624
MSTR	mom|5d>0%	0.2500	2	0.3000	130	6.6850	-0.3295	2.9903	-0.4081	19.9904	-0.4081	1.0435	0.4932	1.0116	2.3136
AMD	mom|10d>5%	0.1500	2	0.0000	59	4.2213	-0.5906	4.7353	-0.5544	19.9892	-0.5906	0.6559	0.7667	1.7175	4.5569
NVDA	mom|60d>0%	0.0000	2	0.0000	28	29.1896	-0.1909	0.6837	-0.3749	19.9576	-0.3749	2.2592	-0.1299	3.3944	4.6624
TQQQ	brk|100/20	0.1500	5	0.0000	8	3.8429	-0.3325	5.1720	-0.2361	19.8757	-0.3325	0.6023	0.8247	1.0272	3.3408
TQQQ	brk|100/20	0.1500	5	0.2000	8	3.8429	-0.3170	5.1720	-0.2361	19.8757	-0.3170	0.6023	0.8247	1.0272	3.3408
TQQQ	brk|100/20	0.1500	5	0.3000	8	3.8429	-0.3170	5.1720	-0.2361	19.8757	-0.3170	0.6023	0.8247	1.0272	3.3408
MSTR	mom|5d>0%	0.0000	2	0.3000	129	6.6850	-0.3295	2.9621	-0.3848	19.8017	-0.3848	1.0435	0.4880	1.0116	2.3136
MSTR	mom|5d>0%	0.0800	2	0.3000	230	2.9640	-0.4011	6.6745	-0.3648	19.7831	-0.4011	0.5049	1.0032	1.0116	2.3136
MSTR	mom|10d>5%	0.1500	2	0.2000	82	2.1216	-0.3309	9.3106	-0.3462	19.7531	-0.3462	0.3270	1.2627	1.0116	2.3136
AMD	mom|10d>0%	0.0800	3	0.0000	135	3.0785	-0.6660	6.4129	-0.8352	19.7422	-0.8352	0.4826	0.9741	1.7175	4.5569
AMD	dip|2d<-1.5sd hold5	0.0000	5	0.2000	52	0.4532	-0.8177	43.5571	-0.4749	19.7401	-0.8177	-0.2421	2.9798	1.7175	4.5569
AMD	xma|5/20	0.1500	3	0.3000	53	2.3560	-0.4483	8.3614	-0.4140	19.6996	-0.4483	0.3500	1.1754	1.7175	4.5569
MSTR	mom|5d>0%	0.1500	3	0.0000	142	16.4581	-0.6738	1.1955	-0.9857	19.6760	-0.9857	1.8678	0.0675	1.0116	2.3136
NVDA	mom|10d>0%	0.1500	2	0.0000	87	9.1953	-0.3624	2.1387	-0.6004	19.6657	-0.6004	1.1749	0.3208	3.3944	4.6624
NVDA	ma|20	0.1500	2	0.0000	70	8.5741	-0.5698	2.2918	-0.5901	19.6501	-0.5901	1.1222	0.3546	3.3944	4.6624
SOLUSD	mom|20d>20%	0.0000	2	0.3000	22	60.7695	-0.3998	0.3227	-0.4600	19.6126	-0.4600	3.2134	-0.3389	7.9407	1.1320
SOLUSD	mom|20d>20%	0.0000	2	0.0000	22	60.7695	-0.5216	0.3227	-0.8695	19.6126	-0.8695	3.2134	-0.3389	7.9407	1.1320
NVDA	ma|20	0.0800	3	0.0000	107	11.4696	-0.6387	1.7053	-0.7358	19.5593	-0.7358	1.3499	0.2157	3.3944	4.6624
NVDA	mom|10d>0%	0.0800	5	0.2000	125	4.8889	-0.4923	3.9908	-0.4899	19.5107	-0.4923	0.7432	0.6595	3.3944	4.6624
NVDA	mom|10d>5%	0.2500	2	0.0000	51	6.7243	-0.3717	2.8970	-0.3725	19.4803	-0.3725	0.9491	0.4759	3.3944	4.6624
NVDA	mom|10d>5%	0.0000	2	0.0000	51	6.7243	-0.3717	2.8970	-0.3725	19.4803	-0.3725	0.9491	0.4759	3.3944	4.6624
MSTR	brkS|10/5	0.1500	3	0.0000	58	2.7214	-0.7129	7.1398	-0.8145	19.4305	-0.8145	0.4573	1.0532	1.0116	2.3136
SOXL	ma|50	0.1500	2	0.3000	102	0.7879	-0.4767	24.5721	-0.3721	19.3593	-0.4767	-0.0801	2.2276	0.0504	5.4354
AMD	mom|60d>5%	0.0800	3	0.0000	100	3.8662	-0.6425	5.0021	-0.7987	19.3389	-0.7987	0.6057	0.8025	1.7175	4.5569
NVDA	ma|50	0.2500	3	0.2000	45	12.7769	-0.3981	1.5131	-0.2608	19.3333	-0.3981	1.4404	0.1637	3.3944	4.6624
PLTR	xma|50/200	0.2500	2	0.3000	11	2.9082	0.0000	6.6351	-0.3967	19.2961	-0.3967	0.4533	0.9989	0.6080	11.5379
PLTR	xma|50/200	0.2500	2	0.2000	11	2.9082	0.0000	6.6351	-0.3967	19.2961	-0.3967	0.4533	0.9989	0.6080	11.5379
META	mom|60d>10%	0.1500	5	0.0000	13	21.2516	-0.2425	0.9072	-0.4753	19.2804	-0.4753	1.9164	-0.0350	1.3509	2.1912
NVDA	ma|50	0.0000	3	0.2000	45	12.6894	-0.3981	1.5131	-0.2608	19.2008	-0.3981	1.4345	0.1637	3.3944	4.6624
AMD	mom|10d>0%	0.0000	2	0.2000	86	3.0145	-0.2668	6.3611	-0.3284	19.1756	-0.3284	0.4717	0.9682	1.7175	4.5569
AMD	mom|10d>0%	0.2500	2	0.2000	86	3.0145	-0.2668	6.3544	-0.3291	19.1556	-0.3291	0.4717	0.9675	1.7175	4.5569
AMD	mom|20d>10%	0.1500	3	0.0000	29	5.3839	-0.4116	3.5499	-0.7581	19.1123	-0.7581	0.8031	0.5899	1.7175	4.5569
MSTR	ma|20	0.1500	2	0.0000	97	1.9323	-0.6892	9.8891	-0.8186	19.1084	-0.8186	0.2812	1.3132	1.0116	2.3136
AMD	mom|10d>5%	0.1500	3	0.2000	59	7.1261	-0.3711	2.6788	-0.3523	19.0898	-0.3711	0.9891	0.4342	1.7175	4.5569
NVDA	ma|10	0.1500	2	0.0000	106	4.9854	-0.6579	3.8185	-0.4849	19.0369	-0.6579	0.7552	0.6329	3.3944	4.6624
GOLD	mom|60d>0%	0.2500	10	0.0000	25	0.6987	-0.6580	27.2453	-0.4018	19.0357	-0.6580	-0.1180	2.3519	1.1434	2.0840
NVDA	dip|3d<-1.0sd hold5	0.0000	3	0.0000	91	2.5137	-0.6659	7.5693	-0.3812	19.0273	-0.6659	0.3810	1.0976	3.3944	4.6624
META	rsi2|<10 trend100 max7	0.0000	5	0.2000	82	3.1773	-0.3819	5.9711	-0.4201	18.9721	-0.4201	0.4991	0.9232	1.3509	2.1912
NVDA	ma|10	0.0000	3	0.3000	106	4.1180	-0.3878	4.5799	-0.3727	18.8602	-0.3878	0.6416	0.7453	3.3944	4.6624
NVDA	ma|10	0.1500	3	0.3000	106	4.1180	-0.3878	4.5799	-0.3727	18.8602	-0.3878	0.6416	0.7453	3.3944	4.6624
NVDA	ma|10	0.2500	3	0.3000	106	4.1180	-0.3878	4.5799	-0.3727	18.8602	-0.3878	0.6416	0.7453	3.3944	4.6624
AMD	mom|60d>10%	0.0800	2	0.3000	89	2.8788	-0.3885	6.5330	-0.3300	18.8072	-0.3885	0.4481	0.9875	1.7175	4.5569
SOLUSD	mom|20d>20%	0.0000	2	0.2000	22	58.0522	-0.3998	0.3227	-0.4657	18.7357	-0.4657	3.1464	-0.3389	7.9407	1.1320
NVDA	mom|10d>0%	0.2500	2	0.0000	86	9.6642	-0.3508	1.9352	-0.6625	18.7027	-0.6625	1.2131	0.2733	3.3944	4.6624
NVDA	mom|10d>0%	0.0000	2	0.0000	86	9.6642	-0.3508	1.9352	-0.6625	18.7027	-0.6625	1.2131	0.2733	3.3944	4.6624
NVDA	brk|10/5	0.0800	3	0.0000	70	5.9814	-0.5692	3.1261	-0.5303	18.6984	-0.5692	0.8708	0.5176	3.3944	4.6624
NVDA	mom|10d>5%	0.2500	5	0.3000	51	4.6399	-0.4574	4.0297	-0.6372	18.6971	-0.6372	0.7116	0.6654	3.3944	4.6624
NVDA	mom|10d>5%	0.0000	5	0.3000	51	4.6399	-0.4574	4.0297	-0.6372	18.6971	-0.6372	0.7116	0.6654	3.3944	4.6624
GOLD	mom|5d>0%	0.2500	10	0.0000	123	2.2648	-0.5899	8.2106	-0.7014	18.5950	-0.7014	0.3315	1.1609	1.1434	2.0840
GOLD	mom|5d>0%	0.0000	10	0.0000	123	2.2648	-0.5899	8.2106	-0.7014	18.5950	-0.7014	0.3315	1.1609	1.1434	2.0840
GOLD	ma|10	0.2500	5	0.0000	116	2.2139	-0.2693	8.3946	-0.5323	18.5850	-0.5323	0.3209	1.1785	1.1434	2.0840
GOLD	ma|10	0.0000	5	0.0000	116	2.2139	-0.2693	8.3946	-0.5323	18.5850	-0.5323	0.3209	1.1785	1.1434	2.0840
AMD	dip|1d<-2.0sd hold5	0.0000	3	0.3000	36	7.5446	-0.2942	2.4621	-0.3065	18.5759	-0.3065	1.0293	0.3906	1.7175	4.5569
NVDA	ma|50	0.2500	3	0.0000	45	20.1624	-0.3981	0.9213	-0.6636	18.5749	-0.6636	1.8631	-0.0296	3.3944	4.6624
MSTR	ma|200	0.0000	3	0.0000	9	5.8221	-0.5276	3.1895	-0.4952	18.5692	-0.5276	0.9399	0.5288	1.0116	2.3136
AMD	brk|20/10	0.0800	2	0.2000	47	2.0674	-0.2491	8.9767	-0.2916	18.5588	-0.2916	0.2896	1.2327	1.7175	4.5569
US100	dip|3d<-1.5sd hold2	0.0000	10	0.3000	65	8.6125	-0.3340	2.1543	-0.4258	18.5541	-0.4258	1.1256	0.3243	1.2639	1.8560
AMD	mom|10d>5%	0.0000	3	0.0000	55	5.9653	-0.7514	3.1066	-0.7832	18.5322	-0.7832	0.8691	0.5142	1.7175	4.5569
AMD	brk|100/10	0.2500	3	0.2000	14	2.0094	-0.3451	9.2104	-0.2764	18.5078	-0.3451	0.2768	1.2538	1.7175	4.5569
AMD	brk|100/10	0.2500	3	0.3000	14	2.0094	-0.3451	9.2104	-0.2764	18.5078	-0.3451	0.2768	1.2538	1.7175	4.5569
AMD	brk|100/10	0.0000	3	0.2000	14	2.0094	-0.3451	9.2104	-0.2764	18.5078	-0.3451	0.2768	1.2538	1.7175	4.5569
AMD	brk|100/10	0.0000	3	0.3000	14	2.0094	-0.3451	9.2104	-0.2764	18.5078	-0.3451	0.2768	1.2538	1.7175	4.5569
NVDA	brk|100/20	0.1500	3	0.0000	11	17.3910	-0.3180	1.0640	-0.4633	18.5038	-0.4633	1.7186	0.0230	3.3944	4.6624
NVDA	brk|100/20	0.1500	3	0.3000	11	17.3910	-0.3180	1.0640	-0.4633	18.5038	-0.4633	1.7186	0.0230	3.3944	4.6624
NVDA	brk|100/20	0.1500	3	0.2000	11	17.3910	-0.3180	1.0640	-0.4633	18.5038	-0.4633	1.7186	0.0230	3.3944	4.6624
AMD	mom|10d>5%	0.2500	3	0.0000	55	5.9653	-0.7514	3.1006	-0.7836	18.4959	-0.7836	0.8691	0.5131	1.7175	4.5569
TQQQ	mom|10d>5%	0.0800	5	0.3000	92	11.9595	-0.4935	1.5451	-0.4782	18.4790	-0.4935	1.3846	0.1726	1.0272	3.3408
NVDA	ma|50	0.0000	3	0.0000	45	20.0242	-0.3981	0.9213	-0.6636	18.4475	-0.6636	1.8562	-0.0296	3.3944	4.6624
AMD	mom|10d>0%	0.0000	3	0.3000	86	3.1644	-0.4002	5.7934	-0.4641	18.3323	-0.4641	0.4969	0.9020	1.7175	4.5569
PLTR	ma|200	0.0000	2	0.3000	9	14.0297	-0.3777	1.3065	0.0000	18.3297	-0.3777	1.5217	0.1028	0.6080	11.5379
MSTR	momS|5d<-0%	0.0800	3	0.2000	266	2.0796	-0.3305	8.8021	-0.3837	18.3049	-0.3837	0.3171	1.2167	1.0116	2.3136
AMD	mom|10d>0%	0.2500	3	0.3000	86	3.1644	-0.4002	5.7830	-0.4651	18.2996	-0.4651	0.4969	0.9008	1.7175	4.5569
NVDA	ma|10	0.2500	3	0.2000	106	7.0617	-0.3878	2.5909	-0.4824	18.2959	-0.4824	0.9828	0.4168	3.3944	4.6624
NVDA	ma|10	0.0000	3	0.2000	106	7.0617	-0.3878	2.5909	-0.4824	18.2959	-0.4824	0.9828	0.4168	3.3944	4.6624
AMD	mom|60d>10%	0.0000	2	0.3000	11	4.5945	-0.0640	3.9812	-0.4186	18.2916	-0.4186	0.7057	0.6580	1.7175	4.5569
AMD	mom|60d>10%	0.0000	2	0.2000	11	4.5945	-0.0640	3.9812	-0.4186	18.2916	-0.4186	0.7057	0.6580	1.7175	4.5569
AMD	mom|60d>10%	0.0000	2	0.0000	11	4.5945	-0.0640	3.9812	-0.4899	18.2916	-0.4899	0.7057	0.6580	1.7175	4.5569
AMD	dip|1d<-2.0sd hold5	0.0000	3	0.0000	36	7.5446	-0.2942	2.4236	-0.4348	18.2854	-0.4348	1.0293	0.3826	1.7175	4.5569
AMD	mom|10d>0%	0.1500	3	0.2000	90	0.8729	-0.4712	20.9295	-0.3950	18.2688	-0.4712	-0.0465	2.0435	1.7175	4.5569
NVDA	mom|10d>5%	0.1500	2	0.2000	51	6.7188	-0.2744	2.7145	-0.2722	18.2383	-0.2744	0.9485	0.4412	3.3944	4.6624
AMD	brk|55/10	0.0800	3	0.3000	27	4.0063	-0.2824	4.5466	-0.4189	18.2153	-0.4189	0.6258	0.7406	1.7175	4.5569
NVDA	mom|20d>0%	0.1500	3	0.2000	68	10.2111	-0.4214	1.7820	-0.3956	18.1959	-0.4214	1.2562	0.2355	3.3944	4.6624
UDOW	momS|10d<-5%	0.1500	2	0.3000	44	4.5732	-0.2944	3.9702	-0.2463	18.1563	-0.3298	0.7030	0.6564	0.6552	0.8981
UDOW	momS|10d<-5%	0.1500	2	0.0000	44	4.5732	-0.2944	3.9702	-0.2463	18.1563	-0.4378	0.7030	0.6564	0.6552	0.8981
TECL	dip|3d<-1.5sd hold2	0.0000	3	0.2000	62	6.3541	-0.3193	2.8569	-0.2508	18.1529	-0.3193	0.9108	0.4684	0.1537	3.8701
MSTR	mom|5d>0%	0.1500	3	0.2000	142	4.5901	-0.3868	3.9420	-0.5046	18.0944	-0.5046	0.7740	0.6521	1.0116	2.3136
MSTR	momS|10d<-0%	0.1500	2	0.0000	125	3.2257	-0.6000	5.5861	-0.5770	18.0193	-0.6000	0.5535	0.8768	1.0116	2.3136
AMD	mom|10d>5%	0.1500	5	0.3000	59	9.2236	-0.5808	1.9531	-0.5587	18.0150	-0.5808	1.1772	0.2776	1.7175	4.5569
MSTR	mom|10d>5%	0.1500	1	0.0000	82	2.9983	-0.3359	6.0064	-0.5280	18.0088	-0.5280	0.5114	0.9273	1.0116	2.3136
AMD	mom|10d>0%	0.1500	2	0.0000	90	2.5401	-0.6736	7.0893	-0.6697	18.0076	-0.6736	0.3860	1.0479	1.7175	4.5569
SMCI	xma|50/200	0.2500	2	0.3000	17	59.0406	-0.2604	0.3037	-0.5764	17.9319	-0.5764	3.8694	-0.3535	7.7027	1.5224
AMD	mom|60d>5%	0.1500	2	0.2000	35	7.2507	-0.3186	2.4662	-0.3715	17.8817	-0.3715	1.0012	0.3915	1.7175	4.5569
AMD	brk|10/5	0.0800	5	0.3000	72	0.2762	-0.4155	64.6092	-0.4236	17.8478	-0.4236	-0.3627	3.5976	1.7175	4.5569
MSTR	brkS|10/5	0.1500	2	0.0000	58	3.1759	-0.5263	5.6190	-0.6299	17.8457	-0.6299	0.5445	0.8809	1.0116	2.3136
NVDA	mom|10d>10%	0.0800	3	0.3000	53	4.5324	-0.2466	3.9157	-0.4038	17.7475	-0.4038	0.6976	0.6480	3.3944	4.6624
SOXL	ma|50	0.2500	5	0.2000	52	0.5722	-0.6561	30.9895	-0.8004	17.7325	-0.8004	-0.1776	2.5136	0.0504	5.4354
NVDA	ma|50	0.0800	5	0.3000	106	14.3340	-0.4794	1.2301	-0.4426	17.6317	-0.4794	1.5407	0.0787	3.3944	4.6624
AMD	brk|20/10	0.0000	3	0.0000	31	3.5099	-0.5008	5.0140	-0.6634	17.5987	-0.6634	0.5522	0.8041	1.7175	4.5569
AMD	brk|20/10	0.2500	3	0.0000	31	3.5099	-0.5008	5.0042	-0.6640	17.5642	-0.6640	0.5522	0.8028	1.7175	4.5569
NVDA	mom|5d>10%	0.2500	3	0.3000	43	9.1214	-0.3674	1.9229	-0.6359	17.5392	-0.6359	1.1687	0.2703	3.3944	4.6624
NVDA	mom|5d>10%	0.0000	3	0.3000	43	9.1214	-0.3674	1.9229	-0.6359	17.5392	-0.6359	1.1687	0.2703	3.3944	4.6624
AMD	ma|100	0.2500	2	0.0000	25	2.9957	-0.3761	5.8321	-0.4585	17.4710	-0.4585	0.4685	0.9067	1.7175	4.5569
AMD	ma|100	0.2500	2	0.3000	25	2.9957	-0.3122	5.8321	-0.3586	17.4710	-0.3586	0.4685	0.9067	1.7175	4.5569
SOLUSD	brk|100/5	0.0000	2	0.2000	14	12.0811	-0.1240	1.4446	-0.2672	17.4519	-0.2672	1.3930	0.1441	7.9407	1.1320
SOLUSD	brk|100/5	0.0000	2	0.0000	14	12.0811	-0.1240	1.4446	-0.3837	17.4519	-0.3837	1.3930	0.1441	7.9407	1.1320
SOLUSD	brk|100/5	0.0000	2	0.3000	14	12.0811	-0.1240	1.4446	-0.3837	17.4519	-0.3837	1.3930	0.1441	7.9407	1.1320
TECL	xma|5/20	0.0800	3	0.2000	137	4.2864	-0.3481	4.0704	-0.4861	17.4472	-0.4861	0.6648	0.6715	0.1537	3.8701
AMD	mom|20d>10%	0.1500	2	0.2000	29	3.6260	-0.2865	4.8092	-0.2801	17.4379	-0.2865	0.5700	0.7767	1.7175	4.5569
UDOW	momS|10d<-5%	0.0800	2	0.0000	72	5.2760	-0.3310	3.3044	-0.2658	17.4342	-0.4555	0.7904	0.5487	0.6552	0.8981
ETHUSD	momS|20d<-10%	0.2500	2	0.3000	25	6.2543	-0.3853	1.8676	-0.4612	17.4014	-0.3853	0.9003	0.2569	1.3260	1.1363
AMD	xma|20/100	0.2500	2	0.2000	14	3.1170	-0.4248	5.5822	-0.3791	17.3995	-0.4248	0.4890	0.8764	1.7175	4.5569
AMD	xma|20/100	0.2500	2	0.3000	14	3.1170	-0.4248	5.5822	-0.3791	17.3995	-0.4248	0.4890	0.8764	1.7175	4.5569
AMD	xma|20/100	0.2500	2	0.0000	14	3.1170	-0.4248	5.5822	-0.3791	17.3995	-0.4248	0.4890	0.8764	1.7175	4.5569
NVDA	mom|60d>10%	0.2500	3	0.0000	14	16.6491	-0.8432	1.0434	-0.3801	17.3710	-0.8432	1.6774	0.0157	3.3944	4.6624
SOLUSD	mom|20d>10%	0.0000	1	0.0000	32	22.7481	-0.1933	0.7636	-0.5881	17.3694	-0.5881	1.9867	-0.0940	7.9407	1.1320
SOLUSD	mom|20d>10%	0.0000	1	0.3000	32	22.7481	-0.1933	0.7636	-0.3579	17.3694	-0.3579	1.9867	-0.0940	7.9407	1.1320
NVDA	mom|10d>5%	0.0000	3	0.2000	51	4.4443	-0.2745	3.9046	-0.3823	17.3534	-0.3823	0.6860	0.6463	3.3944	4.6624
NVDA	mom|10d>5%	0.2500	3	0.2000	51	4.4443	-0.2745	3.9046	-0.3823	17.3534	-0.3823	0.6860	0.6463	3.3944	4.6624
SOXL	ma|50	0.2500	2	0.3000	52	1.9640	-0.3640	8.8229	-0.4637	17.3282	-0.4637	0.2666	1.2186	0.0504	5.4354
NVDA	mom|10d>10%	0.1500	3	0.3000	39	9.3147	-0.3517	1.8577	-0.4825	17.3043	-0.4825	1.1847	0.2544	3.3944	4.6624
GOLD	ma|10	0.1500	5	0.0000	116	2.2139	-0.2693	7.8157	-0.5323	17.3035	-0.5323	0.3209	1.1223	1.1434	2.0840
NVDA	mom|20d>10%	0.1500	2	0.2000	22	3.9230	-0.2877	4.4083	-0.2804	17.2940	-0.2877	0.6139	0.7210	3.3944	4.6624
NVDA	mom|20d>10%	0.1500	2	0.0000	22	3.9230	-0.3838	4.4083	-0.2981	17.2940	-0.3838	0.6139	0.7210	3.3944	4.6624
AMD	mom|20d>10%	0.0000	3	0.3000	24	3.9154	-0.5165	4.4137	-0.4029	17.2812	-0.5165	0.6128	0.7218	1.7175	4.5569
NVDA	mom|10d>0%	0.1500	2	0.3000	87	8.7810	-0.3378	1.9662	-0.3196	17.2651	-0.3378	1.1400	0.2807	3.3944	4.6624
MSTR	momS|20d<-0%	0.0800	2	0.2000	234	3.9587	-0.2864	4.3608	-0.2991	17.2634	-0.2991	0.6779	0.7142	1.0116	2.3136
AMD	mom|20d>10%	0.2500	3	0.3000	24	3.9154	-0.5165	4.4050	-0.4029	17.2473	-0.5165	0.6128	0.7206	1.7175	4.5569
SOLUSD	xma|5/20	0.0000	1	0.2000	48	14.1418	-0.3994	1.2158	-0.2853	17.1935	-0.3994	1.5287	0.0741	7.9407	1.1320
AMD	xma|20/100	0.0000	2	0.0000	8	2.6596	-0.3375	6.4638	-0.2630	17.1913	-0.3375	0.4085	0.9798	1.7175	4.5569
AMD	xma|20/100	0.0000	2	0.2000	8	2.6596	-0.3375	6.4638	-0.2630	17.1913	-0.3375	0.4085	0.9798	1.7175	4.5569
AMD	xma|20/100	0.0000	2	0.3000	8	2.6596	-0.3375	6.4638	-0.2630	17.1913	-0.3375	0.4085	0.9798	1.7175	4.5569
META	mom|60d>5%	0.0800	5	0.2000	35	21.2364	-0.3043	0.8087	-0.4782	17.1739	-0.4782	1.9156	-0.0748	1.3509	2.1912
NVDA	mom|60d>0%	0.0000	2	0.3000	28	29.1896	-0.1909	0.5875	-0.3749	17.1488	-0.3749	2.2592	-0.1769	3.3944	4.6624
META	mom|60d>0%	0.0000	5	0.2000	37	11.2798	-0.3399	1.5197	-0.4778	17.1421	-0.4778	1.3362	0.1655	1.3509	2.1912
META	mom|60d>0%	0.2500	5	0.2000	37	11.2798	-0.3399	1.5197	-0.4778	17.1421	-0.4778	1.3362	0.1655	1.3509	2.1912
MSTR	mom|20d>0%	0.0800	2	0.2000	192	1.9147	-0.3290	8.9307	-0.3047	17.0995	-0.3290	0.2768	1.2285	1.0116	2.3136
NVDA	mom|20d>0%	0.0000	3	0.2000	63	16.3589	-0.5076	1.0423	-0.4249	17.0509	-0.5076	1.6610	0.0153	3.3944	4.6624
UPRO	dip|3d<-1.0sd hold2	0.0000	3	0.3000	142	2.0943	-0.4785	8.1281	-0.3591	17.0225	-0.4785	0.2955	1.1530	1.2815	2.8547
UDOW	momS|10d<-5%	0.0000	5	0.3000	35	3.5061	-0.5812	4.8454	-0.5805	16.9883	-0.5812	0.5516	0.7816	0.6552	0.8981
GOLD	ma|100	0.0000	20	0.2000	27	2.4948	-0.7558	6.8046	-0.2927	16.9762	-0.7558	0.3773	1.0174	1.1434	2.0840
GOLD	ma|100	0.2500	20	0.2000	27	2.4948	-0.7558	6.8046	-0.2927	16.9762	-0.7558	0.3773	1.0174	1.1434	2.0840
META	mom|60d>5%	0.1500	5	0.3000	19	17.8531	-0.3027	0.9445	-0.4328	16.8619	-0.4328	1.7437	-0.0207	1.3509	2.1912
META	mom|60d>5%	0.1500	5	0.0000	19	17.8531	-0.3027	0.9445	-0.6085	16.8619	-0.6085	1.7437	-0.0207	1.3509	2.1912
NVDA	mom|10d>10%	0.1500	3	0.2000	39	9.3147	-0.2287	1.8096	-0.4825	16.8561	-0.4825	1.1847	0.2424	3.3944	4.6624
AMD	mom|20d>10%	0.1500	5	0.2000	29	8.2554	-0.4160	2.0402	-0.7111	16.8424	-0.7111	1.0943	0.2982	1.7175	4.5569
AMD	brk|55/5	0.0800	3	0.0000	30	3.5823	-0.2419	4.6922	-0.4189	16.8087	-0.4189	0.5634	0.7608	1.7175	4.5569
AMD	dip|1d<-2.0sd hold5	0.0000	3	0.2000	36	7.4613	-0.2942	2.2504	-0.2849	16.7907	-0.2942	1.0214	0.3456	1.7175	4.5569
MSTR	mom|10d>5%	0.2500	3	0.0000	66	2.7513	-0.7581	6.0738	-0.9420	16.7105	-0.9420	0.4633	0.9352	1.0116	2.3136
MSTR	mom|10d>0%	0.0800	3	0.0000	214	1.3003	-0.9271	12.8201	-0.9089	16.6703	-0.9271	0.1038	1.5437	1.0116	2.3136
UDOW	momS|10d<-5%	0.2500	2	0.3000	36	4.2738	-0.2940	3.8964	-0.2605	16.6525	-0.3390	0.6630	0.6450	0.6552	0.8981
UDOW	momS|10d<-5%	0.2500	2	0.0000	36	4.2738	-0.2940	3.8964	-0.2605	16.6525	-0.4483	0.6630	0.6450	0.6552	0.8981
AMD	ma|100	0.0000	2	0.0000	22	2.6628	-0.3761	6.2427	-0.4162	16.6230	-0.4162	0.4091	0.9548	1.7175	4.5569
AMD	ma|100	0.0000	2	0.2000	22	2.6628	-0.2634	6.2427	-0.3085	16.6230	-0.3085	0.4091	0.9548	1.7175	4.5569
AMD	ma|100	0.0000	2	0.3000	22	2.6628	-0.3122	6.2427	-0.3085	16.6230	-0.3122	0.4091	0.9548	1.7175	4.5569
META	rsi2|<10 trend200 max3	0.0000	5	0.0000	102	2.7169	-0.3238	6.1160	-0.6857	16.6168	-0.6857	0.4191	0.9401	1.3509	2.1912
AMD	mom|60d>10%	0.0800	2	0.0000	89	3.1907	-0.3885	5.1971	-0.5100	16.5822	-0.5100	0.5013	0.8279	1.7175	4.5569
GOLD	xma|10/50	0.0000	10	0.0000	16	0.5890	-0.5346	28.1439	-0.2111	16.5760	-0.5354	-0.1692	2.3919	1.1434	2.0840
GOLD	xma|10/50	0.0000	10	0.3000	16	0.5890	-0.4378	28.1439	-0.2111	16.5760	-0.4378	-0.1692	2.3919	1.1434	2.0840
GOLD	mom|5d>0%	0.1500	10	0.0000	123	2.2648	-0.5899	7.2978	-0.7014	16.5278	-0.7014	0.3315	1.0697	1.1434	2.0840
TQQQ	dip|3d<-1.5sd hold2	0.0000	3	0.3000	60	6.7832	-0.3017	2.4363	-0.3985	16.5257	-0.3985	0.9551	0.3853	1.0272	3.3408
AMD	mom|10d>0%	0.0800	2	0.2000	135	2.2065	-0.2639	7.4746	-0.2962	16.4928	-0.2962	0.3194	1.0879	1.7175	4.5569
UDOW	momS|10d<-5%	0.0000	3	0.3000	35	3.7596	-0.3809	4.3712	-0.3766	16.4340	-0.4388	0.5901	0.7157	0.6552	0.8981
UDOW	momS|10d<-5%	0.0000	3	0.2000	35	3.7596	-0.3809	4.3712	-0.3766	16.4340	-0.3809	0.5901	0.7157	0.6552	0.8981
NVDA	mom|60d>10%	0.0800	3	0.0000	77	16.0048	-0.8643	1.0267	-0.6809	16.4317	-0.8643	1.6407	0.0097	3.3944	4.6624
META	rsi2|<10 trend200 max3	0.0000	5	0.2000	102	2.7859	-0.2018	5.8950	-0.3736	16.4231	-0.3736	0.4316	0.9142	1.3509	2.1912
NVDA	brk|20/5	0.2500	2	0.2000	47	6.2261	-0.1977	2.6321	-0.3057	16.3878	-0.3057	0.8973	0.4250	3.3944	4.6624
NVDA	brk|20/5	0.1500	2	0.2000	47	6.2261	-0.1977	2.6321	-0.3057	16.3878	-0.3057	0.8973	0.4250	3.3944	4.6624
NVDA	brk|20/5	0.0000	2	0.2000	47	6.2261	-0.1977	2.6321	-0.3057	16.3878	-0.3057	0.8973	0.4250	3.3944	4.6624
NVDA	mom|10d>5%	0.1500	2	0.0000	51	6.3909	-0.3832	2.5575	-0.4056	16.3446	-0.4056	0.9147	0.4101	3.3944	4.6624
META	mom|60d>10%	0.1500	5	0.3000	13	21.2516	-0.2425	0.7662	-0.3548	16.2822	-0.3548	1.9164	-0.0929	1.3509	2.1912
NVDA	ma|10	0.0000	2	0.0000	106	4.9854	-0.6579	3.2579	-0.5606	16.2420	-0.6579	0.7552	0.5407	3.3944	4.6624
NVDA	ma|10	0.2500	2	0.0000	106	4.9854	-0.6579	3.2579	-0.5606	16.2420	-0.6579	0.7552	0.5407	3.3944	4.6624
AMD	brk|55/10	0.2500	3	0.3000	18	3.2420	-0.2306	5.0029	-0.4752	16.2191	-0.4752	0.5097	0.8026	1.7175	4.5569
AMD	brk|55/10	0.0000	3	0.0000	18	3.2420	-0.2306	5.0029	-0.5752	16.2191	-0.5752	0.5097	0.8026	1.7175	4.5569
AMD	brk|55/10	0.2500	3	0.0000	18	3.2420	-0.2306	5.0029	-0.5752	16.2191	-0.5752	0.5097	0.8026	1.7175	4.5569
AMD	brk|55/10	0.0000	3	0.3000	18	3.2420	-0.2306	5.0029	-0.4752	16.2191	-0.4752	0.5097	0.8026	1.7175	4.5569
NVDA	xma|20/100	0.0000	2	0.2000	11	13.4646	-0.2757	1.2022	-0.2487	16.1869	-0.2757	1.4856	0.0697	3.3944	4.6624
GOLD	brk|10/5	0.0000	10	0.0000	56	2.7687	-0.3884	5.8446	-0.6398	16.1820	-0.6398	0.4285	0.9082	1.1434	2.0840
GOLD	brk|10/5	0.2500	10	0.0000	56	2.7687	-0.3884	5.8446	-0.6398	16.1820	-0.6398	0.4285	0.9082	1.1434	2.0840
NVDA	mom|5d>5%	0.2500	2	0.3000	78	6.9474	-0.3252	2.3281	-0.3431	16.1745	-0.3431	0.9715	0.3624	3.3944	4.6624
NVDA	mom|5d>5%	0.1500	2	0.3000	78	6.9474	-0.3252	2.3281	-0.3431	16.1745	-0.3431	0.9715	0.3624	3.3944	4.6624
NVDA	mom|5d>5%	0.0000	2	0.3000	78	6.9474	-0.3252	2.3281	-0.3431	16.1745	-0.3431	0.9715	0.3624	3.3944	4.6624
MSTR	momS|10d<-0%	0.0800	2	0.2000	231	2.7565	-0.2864	5.8678	-0.2535	16.1744	-0.2864	0.4643	0.9109	1.0116	2.3136
AMD	mom|60d>5%	0.1500	3	0.0000	35	11.9093	-0.4600	1.3545	-0.8605	16.1316	-0.8605	1.3810	0.1175	1.7175	4.5569
NVDA	mom|5d>5%	0.0800	3	0.2000	90	3.4379	-0.3083	4.6893	-0.2923	16.1212	-0.3083	0.5410	0.7604	3.3944	4.6624
MSTR	mom|5d>0%	0.2500	2	0.0000	130	12.2313	-0.5008	1.3174	-0.9259	16.1136	-0.9259	1.5649	0.1062	1.0116	2.3136
NVDA	brk|20/10	0.2500	3	0.2000	33	8.4934	-0.3277	1.8968	-0.3328	16.1103	-0.3328	1.1152	0.2640	3.3944	4.6624
NVDA	brk|20/10	0.0000	3	0.2000	33	8.4934	-0.3277	1.8968	-0.3328	16.1103	-0.3328	1.1152	0.2640	3.3944	4.6624
AMD	ma|20	0.0800	3	0.3000	123	2.5661	-0.3693	6.2768	-0.4595	16.1069	-0.4595	0.3910	0.9587	1.7175	4.5569
NVDA	ma|10	0.1500	5	0.0000	106	4.1954	-0.9640	3.8344	-0.8601	16.0866	-0.9640	0.6523	0.6354	3.3944	4.6624
AMD	xma|5/20	0.2500	2	0.3000	41	1.9768	-0.4319	8.1282	-0.3440	16.0678	-0.4319	0.2695	1.1530	1.7175	4.5569
AMD	mom|60d>10%	0.1500	3	0.3000	28	9.1931	-0.4600	1.7476	-0.5345	16.0657	-0.5345	1.1747	0.2267	1.7175	4.5569
NVDA	mom|20d>0%	0.2500	3	0.2000	64	15.3857	-0.5369	1.0423	-0.4249	16.0365	-0.5369	1.6045	0.0153	3.3944	4.6624
AMD	mom|60d>5%	0.0800	2	0.0000	100	3.3750	-0.4770	4.7487	-0.6448	16.0272	-0.6448	0.5311	0.7685	1.7175	4.5569
AMD	mom|10d>0%	0.0800	2	0.0000	135	2.8310	-0.5010	5.6511	-0.6802	15.9985	-0.6802	0.4397	0.8848	1.7175	4.5569
AMD	xma|5/20	0.1500	2	0.0000	53	1.9093	-0.6919	8.3597	-0.5486	15.9609	-0.6919	0.2542	1.1752	1.7175	4.5569
AMD	mom|10d>5%	0.0800	3	0.0000	97	4.2514	-0.6453	3.7431	-0.7381	15.9137	-0.7381	0.6600	0.6210	1.7175	4.5569
MSTR	momS|20d<-0%	0.0800	3	0.2000	234	7.0395	-0.3428	2.2604	-0.3722	15.9119	-0.3722	1.0836	0.3478	1.0116	2.3136
META	rsi2|<20 trend200 max7	0.0000	5	0.3000	95	2.9122	-0.4252	5.4518	-0.5079	15.8768	-0.5079	0.4540	0.8602	1.3509	2.1912
NVDA	mom|10d>10%	0.0800	3	0.0000	53	4.5324	-0.2466	3.4955	-0.4243	15.8428	-0.4243	0.6976	0.5809	3.3944	4.6624
NVDA	mom|10d>0%	0.0000	2	0.3000	86	9.2288	-0.3258	1.7149	-0.4254	15.8264	-0.4254	1.1776	0.2182	3.3944	4.6624
NVDA	mom|10d>0%	0.2500	2	0.3000	86	9.2288	-0.3258	1.7149	-0.4254	15.8264	-0.4254	1.1776	0.2182	3.3944	4.6624
GOLD	ma|10	0.0000	5	0.3000	116	2.2139	-0.2693	7.1419	-0.3240	15.8117	-0.3240	0.3209	1.0534	1.1434	2.0840
GOLD	ma|10	0.2500	5	0.3000	116	2.2139	-0.2693	7.1419	-0.3240	15.8117	-0.3240	0.3209	1.0534	1.1434	2.0840
AMD	mom|20d>10%	0.1500	5	0.0000	29	8.2554	-0.6257	1.9123	-0.9363	15.7866	-0.9363	1.0943	0.2678	1.7175	4.5569
NVDA	brk|10/5	0.0800	5	0.3000	70	3.9115	-0.5240	4.0357	-0.3967	15.7853	-0.5240	0.6122	0.6663	3.3944	4.6624
GOLD	brk|10/5	0.0800	10	0.3000	56	1.7468	-0.3880	9.0264	-0.5519	15.7676	-0.5519	0.2157	1.2372	1.1434	2.0840
META	rsi2|<20 trend100 max7	0.0000	5	0.3000	96	2.6484	-0.4252	5.9532	-0.4201	15.7665	-0.4252	0.4065	0.9211	1.3509	2.1912
MSTR	ma|200	0.0000	2	0.0000	9	5.4796	-0.3517	2.8759	-0.3548	15.7588	-0.3548	0.8962	0.4720	1.0116	2.3136
MSTR	momS|10d<-0%	0.0000	2	0.0000	84	3.0313	-0.6198	5.1856	-0.5165	15.7191	-0.6198	0.5176	0.8264	1.0116	2.3136
MSTR	mom|10d>0%	0.0800	1	0.2000	214	2.2912	-0.2260	6.8442	-0.2413	15.6817	-0.2413	0.3660	1.0217	1.0116	2.3136
AMD	ma|100	0.1500	2	0.2000	40	4.5341	-0.2937	3.4531	-0.3715	15.6569	-0.3715	0.6978	0.5739	1.7175	4.5569
NVDA	brk|20/10	0.1500	3	0.2000	33	9.8681	-0.3277	1.5854	-0.3848	15.6451	-0.3848	1.2293	0.1837	3.3944	4.6624
PLTR	ma|200	0.0000	2	0.0000	9	11.9657	-0.6040	1.3065	0.0000	15.6331	-0.6040	1.3850	0.1028	0.6080	11.5379
MSTR	mom|10d>5%	0.0800	3	0.0000	171	0.8059	-0.9399	19.3774	-0.9276	15.6158	-0.9399	-0.0780	1.9589	1.0116	2.3136
AMD	mom|10d>0%	0.2500	3	0.2000	86	0.8560	-0.4002	18.2161	-0.3950	15.5927	-0.4002	-0.0530	1.8927	1.7175	4.5569
AMD	mom|10d>0%	0.0000	3	0.2000	86	0.8560	-0.4002	18.2161	-0.3950	15.5927	-0.4002	-0.0530	1.8927	1.7175	4.5569
AMD	xma|50/200	0.2500	3	0.3000	11	2.1470	-0.4970	7.2458	-0.5359	15.5566	-0.5359	0.3068	1.0643	1.7175	4.5569
AMD	xma|50/200	0.2500	3	0.2000	11	2.1470	-0.4970	7.2458	-0.5359	15.5566	-0.5359	0.3068	1.0643	1.7175	4.5569
AMD	xma|5/20	0.2500	3	0.3000	41	2.4471	-0.4260	6.3369	-0.4930	15.5069	-0.4930	0.3680	0.9655	1.7175	4.5569
META	xma|20/100	0.0800	3	0.0000	37	8.8546	-0.2867	1.7495	-0.4461	15.4908	-0.4461	1.1463	0.2272	1.3509	2.1912
AMD	mom|10d>5%	0.0000	2	0.0000	55	4.2307	-0.5897	3.6535	-0.6159	15.4567	-0.6159	0.6572	0.6067	1.7175	4.5569
AMD	mom|10d>5%	0.2500	2	0.0000	55	4.2307	-0.5897	3.6495	-0.6164	15.4400	-0.6164	0.6572	0.6061	1.7175	4.5569
MSTR	momS|10d<-0%	0.2500	2	0.0000	98	2.4205	-0.5578	6.3568	-0.5104	15.3867	-0.5578	0.3945	0.9678	1.0116	2.3136
NVDA	mom|20d>10%	0.1500	5	0.0000	22	6.2679	-0.8139	2.4536	-0.8990	15.3787	-0.8990	0.9017	0.3889	3.3944	4.6624
NVDA	xma|20/100	0.0000	2	0.0000	11	13.4646	-0.2757	1.1403	-0.3377	15.3536	-0.3377	1.4856	0.0492	3.3944	4.6624
NVDA	mom|10d>5%	0.2500	2	0.3000	51	6.7243	-0.3717	2.2783	-0.3103	15.3200	-0.3717	0.9491	0.3517	3.3944	4.6624
NVDA	mom|10d>5%	0.0000	2	0.3000	51	6.7243	-0.3717	2.2783	-0.3103	15.3200	-0.3717	0.9491	0.3517	3.3944	4.6624
MSTR	mom|20d>20%	0.0800	2	0.3000	109	0.5320	-0.4039	28.6918	-0.4254	15.2626	-0.4254	-0.2114	2.4160	1.0116	2.3136
NVDA	dip|3d<-1.5sd hold5	0.0000	3	0.0000	46	1.5980	-0.5515	9.5417	-0.3585	15.2474	-0.5515	0.1784	1.2831	3.3944	4.6624
AMD	mom|60d>0%	0.2500	2	0.2000	34	3.4140	-0.2612	4.4656	-0.3629	15.2454	-0.3629	0.5372	0.7292	1.7175	4.5569
NVDA	mom|20d>0%	0.0800	3	0.3000	120	4.8493	-0.3785	3.1382	-0.4244	15.2181	-0.4244	0.7383	0.5198	3.3944	4.6624
AMD	brk|20/5	0.0800	3	0.3000	54	1.4636	-0.3513	10.3740	-0.4189	15.1830	-0.4189	0.1427	1.3541	1.7175	4.5569
MSTR	mom|5d>0%	0.0000	3	0.0000	129	21.4793	-0.7106	0.7068	-0.9779	15.1816	-0.9779	2.1699	-0.1193	1.0116	2.3136
PLTR	ma|200	0.0000	3	0.0000	9	10.3895	-0.7682	1.4597	0.0000	15.1659	-0.7682	1.2699	0.1485	0.6080	11.5379
NVDA	ma|20	0.0000	2	0.0000	70	8.4909	-0.5740	1.7848	-0.6488	15.1548	-0.6488	1.1150	0.2362	3.3944	4.6624
NVDA	ma|20	0.2500	2	0.0000	70	8.4909	-0.5740	1.7848	-0.6488	15.1548	-0.6488	1.1150	0.2362	3.3944	4.6624
MSTR	momS|10d<-0%	0.2500	2	0.3000	98	2.4669	-0.4000	6.1409	-0.4338	15.1488	-0.4338	0.4045	0.9430	1.0116	2.3136
SMCI	ma|200	0.1500	2	0.0000	53	6.5065	-0.4320	2.3134	-0.7945	15.0523	-0.7945	1.0687	0.3593	7.7027	1.5224
NVDA	ma|50	0.2500	2	0.3000	45	12.0364	-0.2770	1.2495	-0.4438	15.0391	-0.4438	1.3899	0.0849	3.3944	4.6624
AMD	xma|5/20	0.2500	3	0.0000	41	2.0074	-0.8295	7.4905	-0.7144	15.0363	-0.8295	0.2764	1.0896	1.7175	4.5569
AMD	ma|20	0.1500	2	0.3000	75	2.0472	-0.3708	7.3392	-0.3711	15.0247	-0.3711	0.2852	1.0740	1.7175	4.5569
AMD	mom|20d>5%	0.0800	5	0.2000	98	0.7760	-0.3502	19.3551	-0.4299	15.0205	-0.4299	-0.0850	1.9576	1.7175	4.5569
AMD	brk|100/5	0.0800	3	0.0000	25	2.5347	-0.3396	5.9155	-0.4189	14.9940	-0.4189	0.3850	0.9166	1.7175	4.5569
AMD	brk|100/5	0.0800	3	0.3000	25	2.5347	-0.3396	5.9155	-0.4189	14.9940	-0.4189	0.3850	0.9166	1.7175	4.5569
GOLD	ma|50	0.0000	10	0.0000	42	0.8107	-0.6256	18.4722	-0.4493	14.9749	-0.6256	-0.0709	1.9075	1.1434	2.0840
GOLD	ma|50	0.2500	10	0.0000	42	0.8107	-0.6256	18.4722	-0.4493	14.9749	-0.6256	-0.0709	1.9075	1.1434	2.0840
NVDA	ma|50	0.0000	2	0.3000	45	11.9809	-0.2770	1.2495	-0.4438	14.9697	-0.4438	1.3860	0.0849	3.3944	4.6624
MSTR	mom|10d>10%	0.0000	2	0.0000	43	0.9461	-0.6667	15.7232	-0.5772	14.8761	-0.6667	-0.0206	1.7410	1.0116	2.3136
GOLD	ma|10	0.0800	5	0.0000	117	2.2139	-0.2693	6.7118	-0.6974	14.8594	-0.6974	0.3209	1.0073	1.1434	2.0840
AMD	mom|10d>10%	0.1500	3	0.3000	36	3.5003	-0.4526	4.2443	-0.3938	14.8564	-0.4526	0.5508	0.6973	1.7175	4.5569
NVDA	rsi2|<5 trend0 max7	0.0000	3	0.3000	154	4.8099	-0.4724	3.0803	-0.6427	14.8160	-0.6427	0.7333	0.5094	3.3944	4.6624
NVDA	brk|20/10	0.2500	3	0.3000	33	8.4934	-0.4644	1.7432	-0.4990	14.8059	-0.4990	1.1152	0.2255	3.3944	4.6624
NVDA	brk|20/10	0.0000	3	0.3000	33	8.4934	-0.4644	1.7432	-0.4990	14.8059	-0.4990	1.1152	0.2255	3.3944	4.6624
NVDA	mom|60d>10%	0.2500	2	0.0000	14	13.6266	-0.6534	1.0854	-0.2534	14.7903	-0.6534	1.4960	0.0304	3.3944	4.6624
NVDA	mom|5d>10%	0.0000	3	0.0000	43	7.6103	-0.4722	1.9416	-0.7130	14.7761	-0.7130	1.0355	0.2749	3.3944	4.6624
NVDA	mom|5d>10%	0.2500	3	0.0000	43	7.6103	-0.4722	1.9416	-0.7130	14.7761	-0.7130	1.0355	0.2749	3.3944	4.6624
MSTR	mom|20d>0%	0.0800	3	0.2000	192	1.7001	-0.4731	8.6853	-0.4161	14.7658	-0.4731	0.2209	1.2059	1.0116	2.3136
NVDA	brk|20/10	0.1500	3	0.3000	33	9.8681	-0.4162	1.4934	-0.5381	14.7375	-0.5381	1.2293	0.1581	3.3944	4.6624
GOLD	ma|10	0.1500	5	0.3000	116	2.2139	-0.2693	6.6494	-0.3240	14.7214	-0.3240	0.3209	1.0004	1.1434	2.0840
AMD	mom|60d>10%	0.0800	3	0.2000	89	2.7410	-0.3513	5.3684	-0.3605	14.7149	-0.3605	0.4235	0.8497	1.7175	4.5569
AMD	mom|60d>5%	0.1500	2	0.3000	35	7.2507	-0.3186	2.0277	-0.3715	14.7023	-0.3715	1.0012	0.2953	1.7175	4.5569
GOLD	ma|10	0.0800	5	0.3000	117	2.2139	-0.2693	6.6346	-0.3530	14.6885	-0.3530	0.3209	0.9988	1.1434	2.0840
NVDA	mom|60d>20%	0.1500	3	0.0000	20	10.4477	-0.7896	1.4051	-0.5159	14.6799	-0.7896	1.2743	0.1326	3.3944	4.6624
NVDA	brk|20/5	0.2500	2	0.0000	47	6.2261	-0.1977	2.3567	-0.5001	14.6729	-0.5001	0.8973	0.3685	3.3944	4.6624
NVDA	brk|20/5	0.0000	2	0.3000	47	6.2261	-0.1977	2.3567	-0.3359	14.6729	-0.3359	0.8973	0.3685	3.3944	4.6624
NVDA	brk|20/5	0.2500	2	0.3000	47	6.2261	-0.1977	2.3567	-0.3359	14.6729	-0.3359	0.8973	0.3685	3.3944	4.6624
NVDA	brk|20/5	0.0000	2	0.0000	47	6.2261	-0.1977	2.3567	-0.5001	14.6729	-0.5001	0.8973	0.3685	3.3944	4.6624
NVDA	brk|20/5	0.1500	2	0.3000	47	6.2261	-0.1977	2.3567	-0.3359	14.6729	-0.3359	0.8973	0.3685	3.3944	4.6624
NVDA	brk|20/5	0.1500	2	0.0000	47	6.2261	-0.1977	2.3567	-0.5001	14.6729	-0.5001	0.8973	0.3685	3.3944	4.6624
MSTR	mom|10d>0%	0.0000	1	0.3000	84	1.7274	-0.3156	8.4862	-0.3129	14.6590	-0.3156	0.2283	1.1872	1.0116	2.3136
NVDA	mom|10d>10%	0.1500	3	0.0000	39	9.3147	-0.3517	1.5716	-0.6493	14.6387	-0.6493	1.1847	0.1799	3.3944	4.6624
NVDA	ma|200	0.1500	3	0.3000	31	5.9104	-0.3814	2.4757	-0.4193	14.6325	-0.4193	0.8630	0.3934	3.3944	4.6624
META	xma|20/100	0.1500	3	0.0000	15	7.0396	-0.2371	2.0749	-0.4481	14.6066	-0.4481	0.9806	0.3062	1.3509	2.1912
AMD	xma|5/20	0.0000	2	0.3000	40	1.9768	-0.4319	7.3885	-0.4037	14.6055	-0.4319	0.2695	1.0791	1.7175	4.5569
AMD	mom|60d>5%	0.0800	3	0.2000	100	2.9483	-0.3513	4.9518	-0.3605	14.5993	-0.3605	0.4603	0.7959	1.7175	4.5569
NVDA	ma|10	0.0800	3	0.0000	129	2.9849	-0.8885	4.8789	-0.5749	14.5632	-0.8885	0.4666	0.7861	3.3944	4.6624
MSTR	mom|10d>5%	0.0000	1	0.0000	64	2.1908	-0.3430	6.5936	-0.4775	14.4455	-0.4775	0.3431	0.9943	1.0116	2.3136
UDOW	momS|10d<-5%	0.0000	2	0.0000	35	4.2738	-0.2940	3.3792	-0.2605	14.4418	-0.4483	0.6630	0.5615	0.6552	0.8981
UDOW	momS|10d<-5%	0.0000	2	0.3000	35	4.2738	-0.2940	3.3792	-0.2605	14.4418	-0.3390	0.6630	0.5615	0.6552	0.8981
MSTR	mom|10d>5%	0.1500	3	0.3000	82	1.4972	-0.4737	9.6351	-0.5046	14.4258	-0.5046	0.1639	1.2913	1.0116	2.3136
MSTR	momS|10d<-0%	0.0800	3	0.3000	231	1.9949	-0.4296	7.2186	-0.3755	14.4006	-0.4296	0.2966	1.0615	1.0116	2.3136
NVDA	mom|5d>0%	0.1500	3	0.0000	124	14.8387	-0.7729	0.9701	-0.7593	14.3943	-0.7729	1.5717	-0.0111	3.3944	4.6624
NVDA	ma|100	0.0000	3	0.0000	29	15.4802	-0.6807	0.9281	-0.4280	14.3679	-0.6807	1.6101	-0.0269	3.3944	4.6624
AMD	mom|10d>10%	0.1500	2	0.0000	36	2.7663	-0.5249	5.1664	-0.4266	14.2919	-0.5249	0.4281	0.8239	1.7175	4.5569
NVDA	mom|10d>0%	0.0800	3	0.3000	125	8.0350	-0.3658	1.7770	-0.3822	14.2779	-0.3822	1.0745	0.2342	3.3944	4.6624
NVDA	xma|20/100	0.0000	2	0.3000	11	13.4646	-0.2757	1.0598	-0.3377	14.2698	-0.3377	1.4856	0.0215	3.3944	4.6624
AMD	xma|5/20	0.0000	3	0.0000	40	2.0074	-0.8295	7.1045	-0.7144	14.2614	-0.8295	0.2764	1.0495	1.7175	4.5569
AMD	brk|100/10	0.1500	3	0.0000	15	2.3689	-0.3451	6.0202	-0.3200	14.2612	-0.3451	0.3526	0.9290	1.7175	4.5569
META	mom|60d>5%	0.0000	3	0.3000	15	7.7248	-0.1816	1.8457	-0.3106	14.2573	-0.3106	1.0461	0.2514	1.3509	2.1912
META	mom|60d>5%	0.2500	3	0.3000	15	7.7248	-0.1816	1.8457	-0.3106	14.2573	-0.3106	1.0461	0.2514	1.3509	2.1912
MSTR	mom|10d>0%	0.1500	1	0.3000	108	1.9196	-0.3269	7.4251	-0.3181	14.2535	-0.3269	0.2780	1.0829	1.0116	2.3136
NVDA	mom|60d>20%	0.0800	2	0.0000	58	9.0081	-0.6398	1.5735	-0.4388	14.1745	-0.6398	1.1593	0.1805	3.3944	4.6624
AMD	mom|10d>5%	0.0800	2	0.3000	97	3.1807	-0.3157	4.4552	-0.3953	14.1706	-0.3953	0.4996	0.7277	1.7175	4.5569
GOLD	brk|10/5	0.1500	10	0.0000	56	2.7687	-0.3884	5.1135	-0.6398	14.1579	-0.6398	0.4285	0.8171	1.1434	2.0840
AMD	xma|20/100	0.0800	2	0.3000	107	2.3160	-0.3868	6.1084	-0.3514	14.1470	-0.3868	0.3419	0.9393	1.7175	4.5569
MSTR	momS|10d<-5%	0.1500	2	0.3000	84	3.4499	-0.4538	4.0973	-0.3799	14.1354	-0.4538	0.5933	0.6756	1.0116	2.3136
NVDA	mom|20d>0%	0.0800	5	0.3000	120	5.0727	-0.5630	2.7864	-0.4422	14.1344	-0.5630	0.7659	0.4550	3.3944	4.6624
MSTR	mom|20d>0%	0.0800	3	0.3000	192	1.3382	-0.4731	10.5591	-0.4333	14.1306	-0.4731	0.1158	1.3693	1.0116	2.3136
NVDA	mom|20d>0%	0.1500	3	0.3000	68	8.5443	-0.4214	1.6514	-0.3956	14.1103	-0.4214	1.1197	0.2015	3.3944	4.6624
NVDA	ma|50	0.2500	2	0.0000	45	12.0364	-0.2770	1.1723	-0.4886	14.1099	-0.4886	1.3899	0.0599	3.3944	4.6624
NVDA	mom|60d>5%	0.0800	3	0.0000	86	15.1915	-0.8658	0.9283	-0.7659	14.1020	-0.8658	1.5929	-0.0269	3.3944	4.6624
AMD	mom|60d>0%	0.0000	2	0.2000	30	3.0717	-0.2612	4.5861	-0.3269	14.0869	-0.3269	0.4814	0.7461	1.7175	4.5569
GOLD	xma|10/50	0.2500	10	0.0000	16	0.5890	-0.5346	23.8919	-0.2111	14.0717	-0.5354	-0.1692	2.1946	1.1434	2.0840
GOLD	xma|10/50	0.2500	10	0.3000	16	0.5890	-0.4378	23.8919	-0.2111	14.0717	-0.4378	-0.1692	2.1946	1.1434	2.0840
NVDA	ma|50	0.0000	2	0.0000	45	11.9809	-0.2770	1.1723	-0.4886	14.0449	-0.4886	1.3860	0.0599	3.3944	4.6624
META	rsi2|<20 trend200 max7	0.0000	5	0.0000	95	4.1739	-0.4252	3.3649	-0.8022	14.0448	-0.8022	0.6493	0.5591	1.3509	2.1912
PLTR	xma|50/200	0.2500	1	0.3000	11	1.9238	0.0000	7.2851	-0.2480	14.0152	-0.2480	0.2575	1.0684	0.6080	11.5379
PLTR	xma|50/200	0.2500	1	0.2000	11	1.9238	0.0000	7.2851	-0.2480	14.0152	-0.2480	0.2575	1.0684	0.6080	11.5379
PLTR	xma|50/200	0.2500	1	0.0000	11	1.9238	0.0000	7.2851	-0.2480	14.0152	-0.2480	0.2575	1.0684	0.6080	11.5379
AMD	mom|10d>0%	0.0000	2	0.0000	86	2.5458	-0.6728	5.4940	-0.6845	13.9868	-0.6845	0.3871	0.8655	1.7175	4.5569
ETHUSD	momS|20d<-10%	0.2500	2	0.2000	25	7.4842	-0.3357	1.8676	-0.4612	13.9777	-0.4612	1.0236	0.2569	1.3260	1.1363
AMD	brk|55/10	0.2500	3	0.2000	18	2.7932	-0.2306	5.0029	-0.2922	13.9740	-0.2922	0.4329	0.8026	1.7175	4.5569
AMD	brk|55/10	0.0000	3	0.2000	18	2.7932	-0.2306	5.0029	-0.2922	13.9740	-0.2922	0.4329	0.8026	1.7175	4.5569
AMD	mom|10d>0%	0.2500	2	0.0000	86	2.5458	-0.6728	5.4883	-0.6845	13.9722	-0.6845	0.3871	0.8647	1.7175	4.5569
NVDA	mom|20d>0%	0.0000	3	0.3000	63	13.6886	-0.5076	1.0202	-0.5003	13.9650	-0.5076	1.5000	0.0073	3.3944	4.6624
AMD	mom|60d>5%	0.1500	2	0.0000	35	7.2507	-0.3186	1.9227	-0.7014	13.9412	-0.7014	1.0012	0.2703	1.7175	4.5569
AMD	ma|100	0.1500	5	0.2000	40	9.5884	-0.3593	1.4535	-0.7319	13.9365	-0.7319	1.2070	0.1467	1.7175	4.5569
TECL	xma|10/50	0.0800	3	0.2000	129	1.8077	-0.3299	7.6896	-0.3529	13.9008	-0.3529	0.2304	1.1097	0.1537	3.8701
MSTR	xma|5/20	0.0800	2	0.3000	191	0.4982	-0.3972	27.7650	-0.3570	13.8317	-0.3972	-0.2306	2.3752	1.0116	2.3136
TECL	ma|20	0.0800	3	0.2000	136	3.9839	-0.3688	3.4702	-0.4417	13.8249	-0.4417	0.6226	0.5767	0.1537	3.8701
NVDA	ma|20	0.1500	3	0.3000	70	8.6325	-0.4166	1.6012	-0.4002	13.8223	-0.4166	1.1273	0.1880	3.3944	4.6624
AMD	xma|5/20	0.1500	2	0.2000	53	2.2033	-0.3154	6.2704	-0.2867	13.8154	-0.3154	0.3187	0.9579	1.7175	4.5569
AMD	dip|1d<-1.0sd hold5	0.0000	2	0.3000	119	3.1403	-0.4583	4.3976	-0.3433	13.8095	-0.4583	0.4929	0.7195	1.7175	4.5569
AMD	brk|20/10	0.0800	3	0.2000	47	2.3265	-0.3474	5.9352	-0.3293	13.8082	-0.3474	0.3441	0.9189	1.7175	4.5569
AMD	mom|10d>0%	0.0000	3	0.0000	86	2.4298	-0.8282	5.6642	-0.8401	13.7627	-0.8401	0.3646	0.8864	1.7175	4.5569
AMD	mom|10d>0%	0.2500	3	0.0000	86	2.4298	-0.8282	5.6541	-0.8401	13.7381	-0.8401	0.3646	0.8852	1.7175	4.5569
AMD	brk|55/20	0.2500	2	0.0000	12	4.0380	0.0000	3.4016	-0.4306	13.7357	-0.4306	0.6303	0.5653	1.7175	4.5569
AMD	brk|55/20	0.2500	2	0.3000	12	4.0380	0.0000	3.4016	-0.4306	13.7357	-0.4306	0.6303	0.5653	1.7175	4.5569
AMD	brk|55/20	0.0000	2	0.0000	12	4.0380	0.0000	3.4016	-0.4306	13.7357	-0.4306	0.6303	0.5653	1.7175	4.5569
AMD	brk|55/20	0.0000	2	0.3000	12	4.0380	0.0000	3.4016	-0.4306	13.7357	-0.4306	0.6303	0.5653	1.7175	4.5569
AMD	brk|55/20	0.0000	2	0.2000	12	4.0380	0.0000	3.4016	-0.2827	13.7357	-0.2827	0.6303	0.5653	1.7175	4.5569
AMD	brk|55/20	0.2500	2	0.2000	12	4.0380	0.0000	3.4016	-0.2827	13.7357	-0.2827	0.6303	0.5653	1.7175	4.5569
AMD	dip|1d<-1.0sd hold5	0.0000	3	0.3000	119	2.2237	-0.6139	6.1768	-0.4650	13.7350	-0.6139	0.3229	0.9472	1.7175	4.5569
MSTR	mom|20d>5%	0.1500	2	0.2000	68	3.2376	-0.2546	4.2404	-0.3462	13.7290	-0.3462	0.5557	0.6968	1.0116	2.3136
NVDA	ma|20	0.1500	3	0.2000	70	8.6325	-0.4166	1.5898	-0.3270	13.7243	-0.4166	1.1273	0.1849	3.3944	4.6624
NVDA	mom|10d>0%	0.0800	2	0.3000	125	4.9050	-0.3191	2.7972	-0.3526	13.7204	-0.3526	0.7452	0.4571	3.3944	4.6624
NVDA	mom|10d>10%	0.2500	5	0.3000	39	8.6806	-0.3314	1.5773	-0.6372	13.6922	-0.6372	1.1314	0.1815	3.3944	4.6624
NVDA	mom|10d>10%	0.0000	5	0.3000	39	8.6806	-0.3314	1.5773	-0.6372	13.6922	-0.6372	1.1314	0.1815	3.3944	4.6624
MSTR	mom|20d>0%	0.1500	2	0.3000	92	2.8070	-0.3356	4.8626	-0.3953	13.6494	-0.3953	0.4744	0.7839	1.0116	2.3136
NVDA	brk|10/5	0.0800	3	0.2000	70	3.6493	-0.3347	3.7388	-0.2533	13.6443	-0.3347	0.5736	0.6204	3.3944	4.6624
AMD	mom|10d>10%	0.0000	3	0.0000	33	3.5539	-0.6926	3.8330	-0.7458	13.6224	-0.7458	0.5590	0.6352	1.7175	4.5569
UDOW	momS|10d<-5%	0.1500	3	0.3000	44	2.5012	-0.3809	5.4380	-0.3572	13.6016	-0.4214	0.3786	0.8585	0.6552	0.8981
MSTR	mom|10d>5%	0.2500	1	0.0000	66	2.2674	-0.3377	5.9963	-0.5203	13.5961	-0.5203	0.3606	0.9262	1.0116	2.3136
META	xma|20/100	0.1500	5	0.2000	15	10.7732	-0.3951	1.2618	-0.7468	13.5942	-0.7468	1.2989	0.0888	1.3509	2.1912
META	xma|20/100	0.1500	5	0.3000	15	10.7732	-0.3951	1.2618	-0.7468	13.5942	-0.7468	1.2989	0.0888	1.3509	2.1912
MSTR	mom|10d>10%	0.2500	2	0.0000	45	1.0321	-0.6365	13.1696	-0.7013	13.5920	-0.7013	0.0119	1.5689	1.0116	2.3136
AMD	mom|10d>10%	0.2500	3	0.0000	33	3.5539	-0.6926	3.8223	-0.7465	13.5842	-0.7465	0.5590	0.6335	1.7175	4.5569
SMCI	ma|200	0.2500	2	0.0000	20	37.9493	-0.3728	0.3579	-0.7631	13.5835	-0.7631	3.1018	-0.3134	7.7027	1.5224
META	mom|60d>10%	0.0800	5	0.2000	25	24.1271	-0.3043	0.5610	-0.3095	13.5358	-0.3095	2.0489	-0.1907	1.3509	2.1912
TQQQ	dip|3d<-1.5sd hold2	0.0000	5	0.0000	60	7.9398	-0.7040	1.7045	-0.8383	13.5335	-0.8383	1.0659	0.2155	1.0272	3.3408
SOLUSD	mom|20d>20%	0.0000	1	0.3000	22	19.6849	-0.2534	0.6873	-0.3814	13.5286	-0.3814	1.8392	-0.1283	7.9407	1.1320
SOLUSD	mom|20d>20%	0.0000	1	0.0000	22	19.6849	-0.2534	0.6873	-0.5848	13.5286	-0.5848	1.8392	-0.1283	7.9407	1.1320
NVDA	brk|55/20	0.1500	3	0.3000	16	11.6570	-0.4518	1.1605	-0.3952	13.5279	-0.4518	1.3633	0.0560	3.3944	4.6624
NVDA	brk|55/20	0.1500	3	0.2000	16	11.6570	-0.4518	1.1605	-0.3952	13.5279	-0.4518	1.3633	0.0560	3.3944	4.6624
NVDA	brk|55/20	0.1500	3	0.0000	16	11.6570	-0.4922	1.1605	-0.3952	13.5279	-0.4922	1.3633	0.0560	3.3944	4.6624
AMD	mom|60d>5%	0.1500	3	0.2000	35	6.7560	-0.4600	2.0019	-0.5345	13.5252	-0.5345	0.9523	0.2892	1.7175	4.5569
MSTR	momS|10d<-0%	0.0800	2	0.0000	231	1.2540	-0.7974	10.7717	-0.5750	13.5079	-0.8706	0.0889	1.3867	1.0116	2.3136
SOXL	ma|50	0.0000	2	0.2000	42	1.2548	-0.3669	10.7628	-0.3115	13.5048	-0.3669	0.0827	1.3860	0.0504	5.4354
GOLD	ma|10	0.0000	5	0.2000	116	2.3194	-0.2393	5.8121	-0.2258	13.4806	-0.2393	0.3426	0.9043	1.1434	2.0840
GOLD	ma|10	0.2500	5	0.2000	116	2.3194	-0.2393	5.8121	-0.2258	13.4806	-0.2393	0.3426	0.9043	1.1434	2.0840
MSTR	mom|10d>0%	0.0800	1	0.0000	214	2.2949	-0.5052	5.8687	-0.4953	13.4679	-0.5052	0.3668	0.9110	1.0116	2.3136
SOXL	ma|50	0.0800	2	0.3000	230	0.8396	-0.3794	16.0170	-0.3681	13.4478	-0.3794	-0.0594	1.7597	0.0504	5.4354
AMD	mom|10d>5%	0.1500	5	0.0000	59	6.2482	-0.9275	2.1512	-0.9197	13.4413	-0.9275	0.8996	0.3236	1.7175	4.5569
MSTR	mom|10d>0%	0.2500	1	0.3000	86	1.7878	-0.3100	7.5168	-0.3129	13.4386	-0.3129	0.2443	1.0922	1.0116	2.3136
NVDA	mom|60d>10%	0.0800	2	0.0000	77	9.7212	-0.7162	1.3815	-0.5137	13.4300	-0.7162	1.2176	0.1256	3.3944	4.6624
NVDA	ma|20	0.0800	2	0.0000	107	6.5493	-0.4748	2.0479	-0.5687	13.4126	-0.5687	0.9312	0.3000	3.3944	4.6624
MSTR	xma|5/20	0.0000	2	0.2000	39	0.5192	-0.7305	25.8090	-0.4387	13.4008	-0.7305	-0.2185	2.2861	1.0116	2.3136
ETHUSD	momS|20d<-10%	0.0000	2	0.3000	21	4.9311	-0.3654	1.8164	-0.4612	13.3440	-0.3654	0.7485	0.2441	1.3260	1.1363
NVDA	mom|10d>5%	0.1500	2	0.3000	51	6.3909	-0.3098	2.0867	-0.3490	13.3358	-0.3490	0.9147	0.3089	3.3944	4.6624
AMD	mom|10d>5%	0.1500	3	0.3000	59	6.8211	-0.3635	1.9524	-0.4738	13.3176	-0.4738	0.9589	0.2775	1.7175	4.5569
META	mom|60d>5%	0.2500	3	0.2000	15	7.7248	-0.1816	1.7227	-0.2597	13.3079	-0.2597	1.0461	0.2203	1.3509	2.1912
META	mom|60d>5%	0.0000	3	0.0000	15	7.7248	-0.1816	1.7227	-0.3565	13.3079	-0.3565	1.0461	0.2203	1.3509	2.1912
META	mom|60d>5%	0.0000	3	0.2000	15	7.7248	-0.1816	1.7227	-0.2597	13.3079	-0.2597	1.0461	0.2203	1.3509	2.1912
META	mom|60d>5%	0.2500	3	0.0000	15	7.7248	-0.1816	1.7227	-0.3565	13.3079	-0.3565	1.0461	0.2203	1.3509	2.1912
AMD	mom|10d>10%	0.1500	3	0.2000	36	3.1351	-0.4526	4.2443	-0.3938	13.3063	-0.4526	0.4920	0.6973	1.7175	4.5569
GOLD	ma|10	0.0800	5	0.2000	117	2.3194	-0.2393	5.7237	-0.3530	13.2756	-0.3530	0.3426	0.8936	1.1434	2.0840
SOLUSD	brk|20/5	0.0000	1	0.3000	36	9.4620	-0.4363	1.4026	-0.1970	13.2713	-0.4363	1.1968	0.1318	7.9407	1.1320
SOLUSD	brk|20/5	0.0000	1	0.2000	36	9.4620	-0.4363	1.4026	-0.1970	13.2713	-0.4363	1.1968	0.1318	7.9407	1.1320
SOLUSD	brk|20/5	0.0000	1	0.0000	36	9.4620	-0.4363	1.4026	-0.1970	13.2713	-0.4363	1.1968	0.1318	7.9407	1.1320
GOLD	ma|10	0.0800	10	0.0000	117	2.9115	-0.5005	4.5516	-0.9709	13.2517	-0.9709	0.4539	0.7413	1.1434	2.0840
AMD	mom|20d>10%	0.0800	5	0.3000	70	1.7464	-0.5461	7.5844	-0.4528	13.2455	-0.5461	0.2156	1.0991	1.7175	4.5569
SOLUSD	mom|20d>20%	0.0000	1	0.2000	22	19.2347	-0.2534	0.6873	-0.3814	13.2192	-0.3814	1.8163	-0.1283	7.9407	1.1320
TSLA	brk|100/20	0.0800	5	0.0000	14	3.1338	-0.5600	4.2162	-0.4138	13.2126	-0.5600	0.4918	0.6932	1.0220	1.5021
PLTR	ma|200	0.0000	1	0.2000	9	11.4537	-0.2281	1.1532	0.0000	13.2090	-0.2281	1.3487	0.0536	0.6080	11.5379
MSTR	momS|10d<-5%	0.0800	3	0.3000	176	1.7015	-0.4329	7.7535	-0.4483	13.1929	-0.4483	0.2213	1.1161	1.0116	2.3136
NVDA	brk|100/5	0.1500	5	0.0000	29	5.3484	-0.4505	2.4664	-0.7238	13.1915	-0.7238	0.7989	0.3915	3.3944	4.6624
NVDA	brk|100/5	0.0000	5	0.0000	29	5.3484	-0.4505	2.4664	-0.7238	13.1915	-0.7238	0.7989	0.3915	3.3944	4.6624
NVDA	brk|100/5	0.2500	5	0.0000	29	5.3484	-0.4505	2.4664	-0.7238	13.1915	-0.7238	0.7989	0.3915	3.3944	4.6624
AMD	mom|60d>10%	0.1500	3	0.0000	28	9.1931	-0.5118	1.4333	-0.7686	13.1766	-0.7686	1.1747	0.1408	1.7175	4.5569
NVDA	mom|20d>10%	0.0800	5	0.2000	54	2.4460	-0.4794	5.3850	-0.4867	13.1714	-0.4867	0.3678	0.8518	3.3944	4.6624
NVDA	mom|10d>10%	0.0800	5	0.2000	53	3.2057	-0.4027	9.8994	-0.3645	13.1642	-0.4027	0.5037	1.3141	3.3944	4.6624
META	rsi2|<10 trend100 max7	0.0000	5	0.0000	82	4.5539	-0.3819	2.8875	-0.8214	13.1492	-0.8214	0.7004	0.4741	1.3509	2.1912
NVDA	mom|20d>0%	0.2500	3	0.3000	64	12.8743	-0.5369	1.0202	-0.5003	13.1342	-0.5369	1.4469	0.0073	3.3944	4.6624
GOLD	mom|60d>5%	0.0000	10	0.3000	10	0.6093	-0.3961	21.5343	-0.3334	13.1203	-0.3961	-0.1593	2.0754	1.1434	2.0840
GOLD	mom|60d>5%	0.0000	10	0.0000	10	0.6093	-0.6084	21.5343	-0.3334	13.1203	-0.6084	-0.1593	2.0754	1.1434	2.0840
GOLD	mom|60d>5%	0.0000	10	0.2000	10	0.6093	-0.3961	21.5343	-0.3334	13.1203	-0.3961	-0.1593	2.0754	1.1434	2.0840
AMD	xma|5/20	0.2500	2	0.0000	41	1.9768	-0.6680	6.6339	-0.5464	13.1139	-0.6680	0.2695	0.9987	1.7175	4.5569
AMD	ma|20	0.0800	2	0.2000	123	2.4040	-0.2590	5.4524	-0.3252	13.1076	-0.3252	0.3596	0.8603	1.7175	4.5569
ETHUSD	momS|20d<-10%	0.0000	2	0.0000	21	4.9311	-0.3654	2.6559	-0.4612	13.0966	-0.5502	0.7485	0.4297	1.3260	1.1363
MSTR	ma|50	0.0800	2	0.3000	180	1.2403	-0.4395	10.5443	-0.3980	13.0784	-0.4395	0.0844	1.3681	1.0116	2.3136
AMD	mom|60d>20%	0.2500	2	0.3000	9	2.9353	0.0000	4.4547	-0.1230	13.0759	-0.1230	0.4580	0.7276	1.7175	4.5569
AMD	mom|60d>20%	0.2500	2	0.2000	9	2.9353	0.0000	4.4547	-0.1230	13.0759	-0.1230	0.4580	0.7276	1.7175	4.5569
AMD	mom|60d>20%	0.2500	2	0.0000	9	2.9353	0.0000	4.4547	-0.1230	13.0759	-0.1230	0.4580	0.7276	1.7175	4.5569
NVDA	dip|3d<-1.0sd hold1	0.0000	5	0.0000	189	3.5649	-0.7286	3.6667	-0.7628	13.0717	-0.7628	0.5607	0.6089	3.3944	4.6624
PLTR	ma|200	0.0800	3	0.2000	119	1.1233	-0.2875	28.1886	-0.3736	13.0565	-0.3736	0.0416	2.3939	0.6080	11.5379
NVDA	mom|10d>5%	0.1500	3	0.2000	51	4.1451	-0.2745	3.1495	-0.3961	13.0550	-0.3961	0.6453	0.5218	3.3944	4.6624
MSTR	momS|10d<-0%	0.0000	2	0.2000	84	4.4800	-0.3117	2.9132	-0.2810	13.0511	-0.3117	0.7579	0.4789	1.0116	2.3136
META	rsi2|<5 trend200 max7	0.0000	5	0.2000	80	4.2456	-0.3819	3.0726	-0.4201	13.0447	-0.4201	0.6592	0.5081	1.3509	2.1912
NVDA	mom|60d>5%	0.0800	3	0.2000	86	17.1371	-0.3375	0.7588	-0.3802	13.0039	-0.3802	1.7047	-0.0961	3.3944	4.6624
AMD	brk|20/5	0.0800	5	0.2000	54	1.4679	-0.3266	8.8482	-0.3909	12.9886	-0.3909	0.1439	1.2209	1.7175	4.5569
AMD	xma|5/20	0.0000	3	0.3000	40	2.4471	-0.4260	5.2953	-0.5763	12.9580	-0.5763	0.3680	0.8405	1.7175	4.5569
AMD	xma|5/20	0.0000	2	0.0000	40	1.9768	-0.6680	6.5496	-0.5464	12.9473	-0.6680	0.2695	0.9894	1.7175	4.5569
MSTR	brkS|10/5	0.0800	5	0.2000	98	0.9409	-0.4246	13.7322	-0.5533	12.9213	-0.5533	-0.0226	1.6085	1.0116	2.3136
AMD	mom|10d>10%	0.0000	2	0.2000	33	2.7725	-0.3131	4.6563	-0.2910	12.9094	-0.3131	0.4292	0.7559	1.7175	4.5569
AMD	mom|10d>10%	0.2500	2	0.2000	33	2.7725	-0.3131	4.6563	-0.2910	12.9094	-0.3131	0.4292	0.7559	1.7175	4.5569
MSTR	brkS|10/5	0.0000	2	0.3000	50	3.3649	-0.3117	3.8337	-0.3320	12.9000	-0.3320	0.5784	0.6353	1.0116	2.3136
META	rsi2|<20 trend100 max7	0.0000	5	0.0000	96	3.7958	-0.4252	3.3984	-0.8002	12.8998	-0.8002	0.5954	0.5647	1.3509	2.1912
META	ma|100	0.0800	5	0.2000	50	13.2414	-0.3288	0.9737	-0.4035	12.8932	-0.4035	1.4711	-0.0097	1.3509	2.1912
SOXL	ma|50	0.0000	3	0.2000	42	0.6002	-0.5327	21.4611	-0.4672	12.8814	-0.5327	-0.1637	2.0716	0.0504	5.4354
SMCI	brk|55/20	0.2500	3	0.0000	12	18.8001	-0.2449	0.6840	-0.5633	12.8593	-0.5633	2.1230	-0.1298	7.7027	1.5224
SMCI	brk|55/20	0.2500	3	0.3000	12	18.8001	-0.2449	0.6840	-0.5425	12.8593	-0.5425	2.1230	-0.1298	7.7027	1.5224
SMCI	brk|55/20	0.2500	3	0.2000	12	18.8001	-0.2449	0.6840	-0.5425	12.8593	-0.5425	2.1230	-0.1298	7.7027	1.5224
AMD	xma|5/20	0.2500	2	0.2000	41	2.2318	-0.2970	5.7592	-0.3440	12.8536	-0.3440	0.3246	0.8979	1.7175	4.5569
PLTR	ma|200	0.1500	2	0.0000	39	0.6995	-0.5801	18.3157	-0.5735	12.8124	-0.5801	-0.1176	1.8985	0.6080	11.5379
AMD	brk|55/20	0.0800	2	0.0000	26	3.1167	-0.1950	4.1075	-0.2916	12.8019	-0.2916	0.4890	0.6771	1.7175	4.5569
AMD	brk|55/20	0.0800	2	0.3000	26	3.1167	-0.1950	4.1075	-0.2916	12.8019	-0.2916	0.4890	0.6771	1.7175	4.5569
NVDA	ma|100	0.0800	3	0.2000	103	5.5208	-0.3128	2.3155	-0.3779	12.7833	-0.3779	0.8190	0.3597	3.3944	4.6624
TQQQ	brk|100/20	0.0000	5	0.0000	8	3.6122	-0.3591	3.5370	-0.3179	12.7763	-0.3591	0.5679	0.5878	1.0272	3.3408
TQQQ	brk|100/20	0.2500	5	0.3000	8	3.6122	-0.3591	3.5370	-0.3179	12.7763	-0.3591	0.5679	0.5878	1.0272	3.3408
TQQQ	brk|100/20	0.0000	5	0.3000	8	3.6122	-0.3591	3.5370	-0.3179	12.7763	-0.3591	0.5679	0.5878	1.0272	3.3408
TQQQ	brk|100/20	0.2500	5	0.0000	8	3.6122	-0.3591	3.5370	-0.3179	12.7763	-0.3591	0.5679	0.5878	1.0272	3.3408
TQQQ	brk|100/20	0.0000	5	0.2000	8	3.6122	-0.3591	3.5370	-0.3179	12.7763	-0.3591	0.5679	0.5878	1.0272	3.3408
TQQQ	brk|100/20	0.2500	5	0.2000	8	3.6122	-0.3591	3.5370	-0.3179	12.7763	-0.3591	0.5679	0.5878	1.0272	3.3408
TQQQ	mom|10d>5%	0.0800	3	0.2000	92	7.9968	-0.3148	1.5903	-0.3739	12.7175	-0.3739	1.0711	0.1851	1.0272	3.3408
DE40	mom|10d>5%	0.2500	10	0.3000	15	4.2118	-0.2659	3.0190	-0.1478	12.7157	-0.2659	0.6546	0.4984	1.2016	1.5273
DE40	mom|10d>5%	0.1500	10	0.2000	15	4.2118	-0.2659	3.0190	-0.1478	12.7157	-0.2659	0.6546	0.4984	1.2016	1.5273
DE40	mom|10d>5%	0.0800	10	0.2000	15	4.2118	-0.2659	3.0190	-0.1478	12.7157	-0.2659	0.6546	0.4984	1.2016	1.5273
DE40	mom|10d>5%	0.0800	10	0.3000	15	4.2118	-0.2659	3.0190	-0.1478	12.7157	-0.2659	0.6546	0.4984	1.2016	1.5273
DE40	mom|10d>5%	0.2500	10	0.0000	15	4.2118	-0.2659	3.0190	-0.1478	12.7157	-0.2659	0.6546	0.4984	1.2016	1.5273
DE40	mom|10d>5%	0.1500	10	0.0000	15	4.2118	-0.2659	3.0190	-0.1478	12.7157	-0.2659	0.6546	0.4984	1.2016	1.5273
DE40	mom|10d>5%	0.1500	10	0.3000	15	4.2118	-0.2659	3.0190	-0.1478	12.7157	-0.2659	0.6546	0.4984	1.2016	1.5273
DE40	mom|10d>5%	0.0000	10	0.2000	15	4.2118	-0.2659	3.0190	-0.1478	12.7157	-0.2659	0.6546	0.4984	1.2016	1.5273
DE40	mom|10d>5%	0.0800	10	0.0000	15	4.2118	-0.2659	3.0190	-0.1478	12.7157	-0.2659	0.6546	0.4984	1.2016	1.5273
DE40	mom|10d>5%	0.0000	10	0.3000	15	4.2118	-0.2659	3.0190	-0.1478	12.7157	-0.2659	0.6546	0.4984	1.2016	1.5273
DE40	mom|10d>5%	0.0000	10	0.0000	15	4.2118	-0.2659	3.0190	-0.1478	12.7157	-0.2659	0.6546	0.4984	1.2016	1.5273
DE40	mom|10d>5%	0.2500	10	0.2000	15	4.2118	-0.2659	3.0190	-0.1478	12.7157	-0.2659	0.6546	0.4984	1.2016	1.5273
PLTR	xma|20/100	0.0000	2	0.2000	10	1.0237	-0.4218	0.6628	-0.2831	12.6970	-0.4218	0.0082	-0.1397	0.6080	11.5379
AMD	brk|55/5	0.1500	5	0.3000	27	4.0158	-0.4474	3.1568	-0.4935	12.6770	-0.4935	0.6272	0.5231	1.7175	4.5569
PLTR	xma|50/200	0.0800	2	0.0000	113	1.9944	-0.4557	6.3554	-0.6993	12.6753	-0.6993	0.2735	0.9676	0.6080	11.5379
MSTR	mom|20d>5%	0.1500	2	0.3000	68	3.2705	-0.4780	3.8747	-0.4568	12.6722	-0.4780	0.5616	0.6417	1.0116	2.3136
UPRO	brk|20/10	0.0000	5	0.2000	32	4.5795	-0.3616	2.7663	-0.3383	12.6684	-0.3616	0.7038	0.4512	1.2815	2.8547
UPRO	brk|20/10	0.2500	5	0.2000	32	4.5795	-0.3616	2.7663	-0.3383	12.6684	-0.3616	0.7038	0.4512	1.2815	2.8547
NVDA	mom|10d>5%	0.0800	2	0.0000	77	5.2464	-0.2424	2.4062	-0.5034	12.6238	-0.5034	0.7869	0.3790	3.3944	4.6624
NVDA	ma|20	0.0800	5	0.0000	107	20.6340	-0.8477	0.6115	-0.9282	12.6168	-0.9282	1.8864	-0.1648	3.3944	4.6624
AMD	mom|20d>10%	0.0000	2	0.2000	24	3.0229	-0.3634	4.1591	-0.2801	12.5726	-0.3634	0.4731	0.6848	1.7175	4.5569
NVDA	rsi2|<5 trend0 max3	0.0000	3	0.3000	196	2.8078	-0.4817	4.4752	-0.3455	12.5655	-0.4817	0.4355	0.7306	3.3944	4.6624
NVDA	mom|60d>10%	0.1500	3	0.0000	26	18.5534	-0.8195	0.6772	-0.6919	12.5646	-0.8195	1.7809	-0.1329	3.3944	4.6624
AMD	mom|20d>10%	0.2500	2	0.2000	24	3.0229	-0.3634	4.1546	-0.2801	12.5589	-0.3634	0.4731	0.6841	1.7175	4.5569
TQQQ	dip|3d<-1.5sd hold2	0.0000	5	0.2000	60	10.9836	-0.4788	1.1431	-0.3487	12.5554	-0.4788	1.3145	0.0502	1.0272	3.3408
GOLD	ma|10	0.1500	5	0.2000	116	2.3194	-0.2393	5.4113	-0.2258	12.5510	-0.2393	0.3426	0.8551	1.1434	2.0840
NVDA	mom|20d>0%	0.1500	2	0.3000	68	6.4724	-0.4532	1.9385	-0.3338	12.5465	-0.4532	0.9232	0.2741	3.3944	4.6624
AMD	brk|10/5	0.0800	3	0.2000	72	0.6921	-0.3784	18.1267	-0.3671	12.5456	-0.3784	-0.1209	1.8875	1.7175	4.5569
META	xma|20/100	0.2500	3	0.3000	8	6.1898	-0.2111	2.0266	-0.1477	12.5445	-0.2111	0.8934	0.2950	1.3509	2.1912
META	xma|20/100	0.0000	3	0.3000	8	6.1898	-0.2111	2.0266	-0.1477	12.5445	-0.2111	0.8934	0.2950	1.3509	2.1912
META	xma|20/100	0.0000	3	0.0000	8	6.1898	-0.2111	2.0266	-0.1477	12.5445	-0.2111	0.8934	0.2950	1.3509	2.1912
META	xma|20/100	0.0000	3	0.2000	8	6.1898	-0.2111	2.0266	-0.1477	12.5445	-0.2111	0.8934	0.2950	1.3509	2.1912
META	xma|20/100	0.2500	3	0.2000	8	6.1898	-0.2111	2.0266	-0.1477	12.5445	-0.2111	0.8934	0.2950	1.3509	2.1912
META	xma|20/100	0.2500	3	0.0000	8	6.1898	-0.2111	2.0266	-0.1477	12.5445	-0.2111	0.8934	0.2950	1.3509	2.1912
MSTR	ma|50	0.0800	2	0.2000	180	1.2010	-0.3290	10.4443	-0.2883	12.5431	-0.3290	0.0713	1.3599	1.0116	2.3136
NVDA	ma|50	0.0800	3	0.2000	106	9.7962	-0.3012	1.2760	-0.3779	12.4997	-0.3779	1.2236	0.0933	3.3944	4.6624
AMD	mom|20d>5%	0.0800	3	0.3000	98	1.2456	-0.3513	10.0216	-0.4114	12.4832	-0.4114	0.0800	1.3245	1.7175	4.5569
NVDA	mom|20d>0%	0.0000	2	0.2000	63	9.5337	-0.3384	1.3085	-0.3505	12.4750	-0.3505	1.2026	0.1034	3.3944	4.6624
AMD	mom|60d>10%	0.1500	2	0.2000	28	5.8517	-0.3186	2.1317	-0.3715	12.4742	-0.3715	0.8565	0.3192	1.7175	4.5569
SOLUSD	brk|20/5	0.2500	1	0.2000	37	8.8924	-0.3764	1.4026	-0.1970	12.4723	-0.3764	1.1495	0.1318	7.9407	1.1320
SOLUSD	brk|20/5	0.2500	1	0.0000	37	8.8924	-0.3764	1.4026	-0.1970	12.4723	-0.3764	1.1495	0.1318	7.9407	1.1320
SOLUSD	brk|20/5	0.2500	1	0.3000	37	8.8924	-0.3764	1.4026	-0.1970	12.4723	-0.3764	1.1495	0.1318	7.9407	1.1320
AMD	brk|20/10	0.1500	3	0.0000	33	2.1336	-0.7012	5.8445	-0.6140	12.4698	-0.7012	0.3039	0.9082	1.7175	4.5569
US500	brk|20/10	0.2500	20	0.3000	32	5.0097	-0.3500	2.4885	-0.4476	12.4667	-0.4476	0.7582	0.3961	1.2251	1.6367
US500	brk|20/10	0.1500	20	0.3000	32	5.0097	-0.3500	2.4885	-0.4476	12.4667	-0.4476	0.7582	0.3961	1.2251	1.6367
US500	brk|20/10	0.0800	20	0.3000	32	5.0097	-0.3500	2.4885	-0.4476	12.4667	-0.4476	0.7582	0.3961	1.2251	1.6367
US500	brk|20/10	0.0000	20	0.3000	32	5.0097	-0.3500	2.4885	-0.4476	12.4667	-0.4476	0.7582	0.3961	1.2251	1.6367
AMD	xma|20/100	0.1500	3	0.2000	32	5.4019	-0.4600	2.3073	-0.5345	12.4637	-0.5345	0.8052	0.3580	1.7175	4.5569
AMD	xma|20/100	0.1500	3	0.3000	32	5.4019	-0.4600	2.3073	-0.5345	12.4637	-0.5345	0.8052	0.3580	1.7175	4.5569
AMD	brk|55/20	0.1500	2	0.0000	14	4.8473	0.0000	2.5710	-0.3292	12.4623	-0.3292	0.7380	0.4128	1.7175	4.5569
AMD	brk|55/20	0.1500	2	0.2000	14	4.8473	0.0000	2.5710	-0.3292	12.4623	-0.3292	0.7380	0.4128	1.7175	4.5569
AMD	brk|55/20	0.1500	2	0.3000	14	4.8473	0.0000	2.5710	-0.3292	12.4623	-0.3292	0.7380	0.4128	1.7175	4.5569
AMD	brk|100/20	0.0000	2	0.2000	10	2.7183	0.0000	4.5813	-0.0517	12.4534	-0.0517	0.4193	0.7455	1.7175	4.5569
AMD	brk|100/20	0.2500	2	0.0000	10	2.7183	0.0000	4.5813	-0.0517	12.4534	-0.0517	0.4193	0.7455	1.7175	4.5569
AMD	brk|100/20	0.0000	2	0.0000	10	2.7183	0.0000	4.5813	-0.0517	12.4534	-0.0517	0.4193	0.7455	1.7175	4.5569
AMD	brk|100/20	0.2500	2	0.2000	10	2.7183	0.0000	4.5813	-0.0517	12.4534	-0.0517	0.4193	0.7455	1.7175	4.5569
AMD	brk|100/20	0.0000	2	0.3000	10	2.7183	0.0000	4.5813	-0.0517	12.4534	-0.0517	0.4193	0.7455	1.7175	4.5569
AMD	brk|100/20	0.2500	2	0.3000	10	2.7183	0.0000	4.5813	-0.0517	12.4534	-0.0517	0.4193	0.7455	1.7175	4.5569
TECL	dip|3d<-1.5sd hold2	0.0000	3	0.0000	62	5.0723	-0.4523	2.4495	-0.4356	12.4249	-0.4523	0.7659	0.3880	0.1537	3.8701
NVDA	mom|10d>10%	0.2500	2	0.2000	39	5.6822	-0.2310	2.1839	-0.2549	12.4094	-0.2549	0.8375	0.3309	3.3944	4.6624
NVDA	mom|10d>10%	0.0000	2	0.2000	39	5.6822	-0.2310	2.1839	-0.2549	12.4094	-0.2549	0.8375	0.3309	3.3944	4.6624
SOXL	dip|1d<-1.0sd hold5	0.0000	1	0.3000	119	3.0738	-0.4023	4.0361	-0.3213	12.4063	-0.4023	0.4818	0.6664	0.0504	5.4354
NVDA	mom|10d>5%	0.0800	2	0.2000	77	4.3347	-0.2369	2.8559	-0.2681	12.3796	-0.2681	0.6713	0.4682	3.3944	4.6624
NVDA	ma|20	0.0000	3	0.3000	70	8.9399	-0.3958	1.3847	-0.4002	12.3790	-0.4002	1.1535	0.1265	3.3944	4.6624
NVDA	ma|20	0.2500	3	0.3000	70	8.9399	-0.3958	1.3847	-0.4002	12.3790	-0.4002	1.1535	0.1265	3.3944	4.6624
NVDA	dip|3d<-1.0sd hold5	0.0000	2	0.2000	91	2.5678	-0.4047	4.8191	-0.2541	12.3748	-0.4047	0.3913	0.7781	3.3944	4.6624
TQQQ	xma|10/50	0.0800	3	0.2000	116	2.6741	-0.3789	4.6252	-0.3012	12.3682	-0.3789	0.4112	0.7516	1.0272	3.3408
TQQQ	mom|20d>5%	0.0800	5	0.2000	92	2.8278	-0.4802	4.3725	-0.3829	12.3646	-0.4802	0.4391	0.7159	1.0272	3.3408
AMD	mom|20d>5%	0.0800	3	0.2000	98	1.0823	-0.3513	11.4233	-0.3293	12.3637	-0.3513	0.0281	1.4386	1.7175	4.5569
AMD	mom|20d>10%	0.0000	3	0.2000	24	3.9154	-0.3712	3.1529	-0.5013	12.3449	-0.5013	0.6128	0.5224	1.7175	4.5569
NVDA	mom|10d>0%	0.0800	3	0.0000	125	5.4393	-0.7784	2.2673	-0.7619	12.3322	-0.7784	0.8096	0.3493	3.3944	4.6624
PLTR	ma|200	0.2500	3	0.2000	17	1.4399	-0.3452	8.5625	-0.5951	12.3287	-0.5951	0.1362	1.1944	0.6080	11.5379
AMD	mom|20d>10%	0.2500	3	0.2000	24	3.9154	-0.3712	3.1468	-0.5013	12.3208	-0.5013	0.6128	0.5213	1.7175	4.5569
NVDA	rsi2|<10 trend0 max7	0.0000	3	0.3000	163	4.1447	-0.5934	2.9693	-0.6427	12.3070	-0.6427	0.6453	0.4893	3.3944	4.6624
AMD	mom|10d>5%	0.0800	2	0.0000	97	3.2783	-0.4796	3.7525	-0.5715	12.3019	-0.5715	0.5156	0.6225	1.7175	4.5569
NVDA	rsi2|<10 trend100 max7	0.0000	3	0.2000	110	4.6583	-0.2941	2.6403	-0.2637	12.2993	-0.2941	0.7140	0.4266	3.3944	4.6624
AMD	dip|3d<-1.0sd hold2	0.0000	3	0.0000	137	3.5179	-0.4403	3.4939	-0.5332	12.2912	-0.5332	0.5535	0.5807	1.7175	4.5569
AMD	brk|100/10	0.1500	3	0.3000	15	2.0410	-0.3451	6.0202	-0.3200	12.2871	-0.3451	0.2838	0.9290	1.7175	4.5569
AMD	brk|100/10	0.1500	3	0.2000	15	2.0410	-0.3451	6.0202	-0.3200	12.2871	-0.3451	0.2838	0.9290	1.7175	4.5569
NVDA	mom|60d>5%	0.0800	2	0.0000	86	9.3597	-0.7195	1.3099	-0.6028	12.2598	-0.7195	1.1884	0.1038	3.3944	4.6624
AMD	mom|60d>20%	0.0800	3	0.2000	76	3.9010	-0.2517	3.1380	-0.3605	12.2413	-0.3605	0.6107	0.5197	1.7175	4.5569
UDOW	momS|10d<-5%	0.2500	2	0.2000	36	3.1310	-0.2651	3.8964	-0.2605	12.1998	-0.3076	0.4914	0.6450	0.6552	0.8981
AMD	dip|2d<-1.5sd hold5	0.0000	3	0.0000	52	1.0044	-0.7690	12.1419	-0.4757	12.1951	-0.7690	0.0015	1.4936	1.7175	4.5569
SOXL	ma|50	0.0000	3	0.3000	42	0.7838	-0.5327	15.5280	-0.4672	12.1712	-0.5327	-0.0818	1.7285	0.0504	5.4354
AMD	brk|20/10	0.0000	2	0.3000	31	2.6517	-0.3523	4.5888	-0.3446	12.1680	-0.3523	0.4071	0.7465	1.7175	4.5569
PLTR	ma|200	0.0000	1	0.3000	9	10.5458	-0.3244	1.1532	0.0000	12.1619	-0.3244	1.2818	0.0536	0.6080	11.5379
AMD	brk|20/10	0.2500	2	0.3000	31	2.6517	-0.3523	4.5838	-0.3454	12.1548	-0.3523	0.4071	0.7458	1.7175	4.5569
NVDA	mom|20d>0%	0.1500	2	0.2000	68	7.0554	-0.2809	1.7164	-0.2715	12.1102	-0.2809	0.9822	0.2186	3.3944	4.6624
NVDA	brk|20/10	0.2500	3	0.0000	33	8.8471	-0.4644	1.3680	-0.7529	12.1025	-0.7529	1.1457	0.1215	3.3944	4.6624
NVDA	brk|20/10	0.0000	3	0.0000	33	8.8471	-0.4644	1.3680	-0.7529	12.1025	-0.7529	1.1457	0.1215	3.3944	4.6624
MSTR	momS|10d<-0%	0.0000	3	0.3000	84	4.2378	-0.4676	2.8556	-0.4049	12.1014	-0.4676	0.7215	0.4682	1.0116	2.3136
GOLD	brk|100/20	0.0000	10	0.0000	11	0.7285	-0.4689	16.5765	-0.4780	12.0755	-0.4780	-0.1050	1.7946	1.1434	2.0840
GOLD	brk|100/20	0.0000	10	0.2000	11	0.7285	-0.4689	16.5765	-0.4780	12.0755	-0.4780	-0.1050	1.7946	1.1434	2.0840
GOLD	brk|100/20	0.2500	10	0.2000	11	0.7285	-0.4689	16.5765	-0.4780	12.0755	-0.4780	-0.1050	1.7946	1.1434	2.0840
GOLD	brk|100/20	0.2500	10	0.3000	11	0.7285	-0.4689	16.5765	-0.4780	12.0755	-0.4780	-0.1050	1.7946	1.1434	2.0840
GOLD	brk|100/20	0.2500	10	0.0000	11	0.7285	-0.4689	16.5765	-0.4780	12.0755	-0.4780	-0.1050	1.7946	1.1434	2.0840
GOLD	brk|100/20	0.0000	10	0.3000	11	0.7285	-0.4689	16.5765	-0.4780	12.0755	-0.4780	-0.1050	1.7946	1.1434	2.0840
NVDA	mom|60d>5%	0.2500	2	0.0000	17	12.1611	-0.6969	0.9921	-0.2600	12.0647	-0.6969	1.3985	-0.0029	3.3944	4.6624
MSTR	mom|5d>0%	0.1500	1	0.3000	142	4.1238	-0.2746	2.9226	-0.3047	12.0522	-0.3047	0.7039	0.4807	1.0116	2.3136
AMD	mom|20d>10%	0.1500	2	0.0000	29	3.6260	-0.2865	3.3189	-0.5899	12.0344	-0.5899	0.5700	0.5512	1.7175	4.5569
NVDA	mom|60d>10%	0.1500	2	0.0000	26	12.5080	-0.6546	0.9610	-0.5010	12.0198	-0.6546	1.4223	-0.0145	3.3944	4.6624
AMD	mom|60d>20%	0.0800	5	0.3000	76	4.1620	-0.3890	2.8842	-0.5569	12.0039	-0.5569	0.6477	0.4735	1.7175	4.5569
NVDA	mom|10d>0%	0.1500	3	0.3000	87	9.5084	-0.3649	1.2622	-0.4712	12.0011	-0.4712	1.2005	0.0889	3.3944	4.6624
NVDA	mom|60d>0%	0.0800	5	0.2000	106	17.4350	-0.4794	0.6881	-0.4561	11.9972	-0.4794	1.7210	-0.1279	3.3944	4.6624
AMD	brk|20/10	0.0000	2	0.0000	31	2.6517	-0.3523	4.5241	-0.4911	11.9965	-0.4911	0.4071	0.7375	1.7175	4.5569
AMD	brk|20/10	0.2500	2	0.0000	31	2.6517	-0.3523	4.5192	-0.4917	11.9835	-0.4917	0.4071	0.7368	1.7175	4.5569
NVDA	mom|20d>0%	0.2500	2	0.2000	64	9.1556	-0.3646	1.3085	-0.3505	11.9803	-0.3646	1.1716	0.1034	3.3944	4.6624
UDOW	momS|10d<-5%	0.0800	2	0.3000	72	3.6226	-0.3119	3.3044	-0.2658	11.9706	-0.3718	0.5695	0.5487	0.6552	0.8981
META	rsi2|<10 trend200 max7	0.0000	5	0.3000	85	4.2456	-0.3819	2.8154	-0.6199	11.9528	-0.6199	0.6592	0.4606	1.3509	2.1912
NVDA	mom|20d>20%	0.1500	5	0.0000	14	1.4150	-0.7791	8.4460	-0.7333	11.9507	-0.7791	0.1292	1.1834	3.3944	4.6624
NVDA	brk|20/10	0.2500	5	0.2000	33	11.1373	-0.5162	1.0728	-0.5547	11.9478	-0.5547	1.3258	0.0260	3.3944	4.6624
NVDA	brk|20/10	0.0000	5	0.2000	33	11.1373	-0.5162	1.0728	-0.5547	11.9478	-0.5547	1.3258	0.0260	3.3944	4.6624
NVDA	brk|20/10	0.0000	5	0.3000	33	11.1373	-0.5162	1.0728	-0.5547	11.9478	-0.5547	1.3258	0.0260	3.3944	4.6624
NVDA	brk|20/10	0.2500	5	0.3000	33	11.1373	-0.5162	1.0728	-0.5547	11.9478	-0.5547	1.3258	0.0260	3.3944	4.6624
AMD	dip|1d<-1.0sd hold5	0.0000	2	0.2000	119	2.2567	-0.4393	5.2919	-0.2706	11.9421	-0.4393	0.3298	0.8400	1.7175	4.5569
SOLUSD	mom|10d>5%	0.0000	1	0.2000	63	13.7310	-0.3445	0.8695	-0.2162	11.9398	-0.3445	1.5027	-0.0499	7.9407	1.1320
META	mom|60d>10%	0.2500	5	0.3000	11	16.0250	-0.2425	0.7440	-0.4869	11.9221	-0.4869	1.6419	-0.1026	1.3509	2.1912
META	mom|60d>10%	0.0000	5	0.0000	11	16.0250	-0.2425	0.7440	-0.5697	11.9221	-0.5697	1.6419	-0.1026	1.3509	2.1912
META	mom|60d>10%	0.2500	5	0.0000	11	16.0250	-0.2425	0.7440	-0.5697	11.9221	-0.5697	1.6419	-0.1026	1.3509	2.1912
META	mom|60d>10%	0.0000	5	0.3000	11	16.0250	-0.2425	0.7440	-0.4869	11.9221	-0.4869	1.6419	-0.1026	1.3509	2.1912
AMD	brk|55/10	0.1500	3	0.3000	19	3.2928	-0.2306	3.6184	-0.4310	11.9147	-0.4310	0.5179	0.6011	1.7175	4.5569
AMD	brk|55/10	0.1500	3	0.0000	19	3.2928	-0.2306	3.6184	-0.5394	11.9147	-0.5394	0.5179	0.6011	1.7175	4.5569
AMD	brk|20/5	0.0800	3	0.0000	54	1.1443	-0.7560	10.3740	-0.5286	11.8707	-0.7560	0.0483	1.3541	1.7175	4.5569
NVDA	mom|60d>5%	0.2500	3	0.0000	17	13.4223	-0.8771	0.8828	-0.3744	11.8485	-0.8771	1.4829	-0.0446	3.3944	4.6624
NVDA	ma|50	0.1500	2	0.3000	56	11.0068	-0.3870	1.0760	-0.3980	11.8431	-0.3980	1.3162	0.0272	3.3944	4.6624
ETHUSD	momS|20d<-5%	0.0000	2	0.2000	43	2.2733	-0.3767	4.3373	-0.2862	11.8388	-0.3767	0.3332	0.7109	1.3260	1.1363
MSTR	mom|20d>5%	0.1500	3	0.3000	68	3.4575	-0.3819	3.4234	-0.5046	11.8367	-0.5046	0.5946	0.5689	1.0116	2.3136
NVDA	mom|5d>0%	0.1500	2	0.0000	124	9.3800	-0.6022	1.2602	-0.5477	11.8210	-0.6022	1.1901	0.0883	3.3944	4.6624
NVDA	brk|10/5	0.0800	2	0.2000	70	3.5823	-0.2515	3.2956	-0.2645	11.8056	-0.2645	0.5634	0.5472	3.3944	4.6624
SOXL	dip|1d<-1.0sd hold2	0.0000	1	0.3000	171	4.0753	-0.3635	2.8964	-0.3634	11.8040	-0.3635	0.6356	0.4758	0.0504	5.4354
MSTR	mom|10d>20%	0.0000	2	0.3000	27	0.9698	-0.5779	12.1694	-0.3596	11.8018	-0.5779	-0.0115	1.4957	1.0116	2.3136
NVDA	mom|20d>0%	0.0800	2	0.2000	120	3.8701	-0.2621	3.0484	-0.2992	11.7978	-0.2992	0.6063	0.5037	3.3944	4.6624
MSTR	mom|10d>5%	0.0800	1	0.3000	171	1.8341	-0.3423	6.4291	-0.3474	11.7919	-0.3474	0.2563	0.9759	1.0116	2.3136
NVDA	mom|10d>10%	0.1500	5	0.0000	39	18.7212	-0.5357	0.6289	-0.9240	11.7730	-0.9240	1.7897	-0.1561	3.3944	4.6624
NVDA	dip|3d<-1.5sd hold5	0.0000	3	0.3000	46	1.6591	-0.4700	7.0956	-0.3585	11.7720	-0.4700	0.1940	1.0485	3.3944	4.6624
NVDA	dip|3d<-1.5sd hold5	0.0000	3	0.2000	46	1.6591	-0.4700	7.0956	-0.3585	11.7720	-0.4700	0.1940	1.0485	3.3944	4.6624
NVDA	brk|20/10	0.1500	3	0.0000	33	10.2791	-0.4162	1.1434	-0.7829	11.7531	-0.7829	1.2614	0.0503	3.3944	4.6624
AMD	xma|5/20	0.1500	5	0.0000	53	0.8740	-0.9760	13.4464	-0.8987	11.7521	-0.9760	-0.0461	1.5885	1.7175	4.5569
SOLUSD	mom|20d>5%	0.2500	1	0.2000	48	12.6410	-0.3533	0.9259	-0.2467	11.7043	-0.3533	1.4313	-0.0278	7.9407	1.1320
UDOW	momS|10d<-5%	0.0800	3	0.2000	72	3.7794	-0.3548	3.0918	-0.2924	11.6852	-0.3548	0.5930	0.5115	0.6552	0.8981
AMD	brk|10/5	0.1500	5	0.2000	62	0.3047	-0.6671	38.3499	-0.4935	11.6846	-0.6671	-0.3404	2.7987	1.7175	4.5569
AMD	xma|5/20	0.0000	2	0.2000	40	2.2318	-0.2970	5.2350	-0.4037	11.6838	-0.4037	0.3246	0.8328	1.7175	4.5569
AMD	mom|10d>5%	0.0000	5	0.3000	55	8.9416	-0.5493	1.3040	-0.6053	11.6600	-0.6053	1.1537	0.1020	1.7175	4.5569
AMD	mom|10d>5%	0.2500	5	0.3000	55	8.9416	-0.5493	1.3040	-0.6053	11.6600	-0.6053	1.1537	0.1020	1.7175	4.5569
AMD	brk|10/5	0.2500	5	0.2000	62	0.2980	-0.6671	39.1068	-0.4935	11.6544	-0.6671	-0.3455	2.8259	1.7175	4.5569
AMD	brk|10/5	0.0000	5	0.2000	62	0.2980	-0.6671	39.1068	-0.4935	11.6544	-0.6671	-0.3455	2.8259	1.7175	4.5569
MSTR	mom|10d>10%	0.2500	1	0.2000	45	1.5297	-0.2235	7.6169	-0.2495	11.6517	-0.2495	0.1734	1.1024	1.0116	2.3136
MSTR	momS|10d<-0%	0.0000	3	0.0000	84	2.1090	-0.7910	5.5128	-0.6882	11.6266	-0.7910	0.3241	0.8678	1.0116	2.3136
AMD	ma|20	0.0000	2	0.3000	72	2.0691	-0.3542	5.6151	-0.3791	11.6179	-0.3791	0.2900	0.8804	1.7175	4.5569
NVDA	mom|5d>5%	0.0800	2	0.2000	90	3.4764	-0.2663	3.3404	-0.2767	11.6127	-0.2767	0.5470	0.5549	3.3944	4.6624
AMD	ma|20	0.2500	2	0.3000	72	2.0691	-0.3542	5.6092	-0.3791	11.6058	-0.3791	0.2900	0.8797	1.7175	4.5569
NVDA	mom|5d>10%	0.1500	2	0.2000	43	5.2844	-0.2577	2.1949	-0.3366	11.5989	-0.3366	0.7914	0.3334	3.3944	4.6624
TQQQ	ma|20	0.0800	3	0.3000	117	5.3872	-0.4154	2.1528	-0.4069	11.5977	-0.4154	0.8035	0.3240	1.0272	3.3408
NVDA	mom|10d>5%	0.0800	2	0.3000	77	5.2464	-0.2424	2.2093	-0.3634	11.5906	-0.3634	0.7869	0.3366	3.3944	4.6624
AMD	mom|60d>10%	0.1500	2	0.3000	28	5.8517	-0.3186	1.9778	-0.3791	11.5736	-0.3791	0.8565	0.2835	1.7175	4.5569
PLTR	ma|200	0.0000	1	0.0000	9	10.0257	-0.3577	1.1532	0.0000	11.5621	-0.3577	1.2417	0.0536	0.6080	11.5379
AMD	dip|3d<-1.0sd hold5	0.0000	2	0.2000	98	2.9343	-0.2546	3.9332	-0.2377	11.5413	-0.2546	0.4579	0.6507	1.7175	4.5569
NVDA	ma|100	0.0000	2	0.0000	29	10.7754	-0.5174	1.0710	-0.2981	11.5409	-0.5174	1.2991	0.0254	3.3944	4.6624
NVDA	ma|100	0.0000	2	0.3000	29	10.7754	-0.3292	1.0710	-0.2981	11.5409	-0.3292	1.2991	0.0254	3.3944	4.6624
NVDA	mom|20d>20%	0.1500	3	0.0000	14	1.8240	-0.5070	6.3268	-0.4400	11.5401	-0.5070	0.2343	0.9644	3.3944	4.6624
SOLUSD	mom|20d>5%	0.2500	1	0.0000	48	14.2264	-0.4036	0.8090	-0.5294	11.5091	-0.5294	1.5340	-0.0746	7.9407	1.1320
NVDA	ma|200	0.1500	2	0.2000	31	5.1260	-0.2642	2.2415	-0.2856	11.4903	-0.2856	0.7724	0.3437	3.3944	4.6624
PLTR	xma|50/200	0.1500	1	0.0000	33	1.6697	-0.2142	6.8660	-0.3397	11.4640	-0.3397	0.1966	1.0240	0.6080	11.5379
PLTR	xma|20/100	0.0000	3	0.2000	10	0.6739	-0.6327	0.4986	-0.4247	11.4604	-0.6327	-0.1291	-0.2248	0.6080	11.5379
PLTR	xma|20/100	0.0000	3	0.3000	10	0.6739	-0.6327	0.4986	-0.4247	11.4604	-0.6327	-0.1291	-0.2248	0.6080	11.5379
MSTR	xma|50/200	0.0800	3	0.2000	166	1.8968	-0.3674	6.0373	-0.4772	11.4519	-0.4772	0.2723	0.9310	1.0116	2.3136
TQQQ	mom|20d>20%	0.0800	3	0.2000	34	2.9125	-0.3258	3.9307	-0.2433	11.4485	-0.3258	0.4541	0.6503	1.0272	3.3408
TQQQ	dip|3d<-2.0sd hold1	0.0000	5	0.0000	30	1.3550	-0.3808	8.4463	-0.3434	11.4446	-0.3808	0.1123	1.1834	1.0272	3.3408
NVDA	mom|60d>10%	0.0800	3	0.2000	77	21.2952	-0.3375	0.5370	-0.3802	11.4364	-0.3802	1.9185	-0.2035	3.3944	4.6624
NVDA	mom|20d>0%	0.1500	3	0.0000	68	4.7234	-0.9031	2.4187	-0.4847	11.4248	-0.9031	0.7223	0.3816	3.3944	4.6624
NVDA	dip|3d<-1.0sd hold5	0.0000	2	0.3000	91	2.5030	-0.4047	4.5631	-0.2541	11.4216	-0.4047	0.3789	0.7429	3.3944	4.6624
MSTR	ma|50	0.0800	3	0.3000	180	0.8112	-0.4731	14.0471	-0.4119	11.3954	-0.4731	-0.0757	1.6302	1.0116	2.3136
META	mom|60d>20%	0.0800	5	0.0000	14	8.2818	-0.3043	1.3705	-0.6647	11.3499	-0.6647	1.0966	0.1223	1.3509	2.1912
META	mom|60d>20%	0.0800	5	0.3000	14	8.2818	-0.3043	1.3705	-0.4588	11.3499	-0.4588	1.0966	0.1223	1.3509	2.1912
META	mom|60d>20%	0.0800	5	0.2000	14	8.2818	-0.3043	1.3705	-0.2851	11.3499	-0.3043	1.0966	0.1223	1.3509	2.1912
GOLD	brk|10/5	0.2500	10	0.3000	56	1.7468	-0.3880	6.4653	-0.5519	11.2939	-0.5519	0.2157	0.9800	1.1434	2.0840
GOLD	brk|10/5	0.0000	10	0.3000	56	1.7468	-0.3880	6.4653	-0.5519	11.2939	-0.5519	0.2157	0.9800	1.1434	2.0840
NVDA	dip|3d<-1.0sd hold5	0.0000	2	0.0000	91	2.4738	-0.4902	4.5631	-0.2541	11.2884	-0.4902	0.3733	0.7429	3.3944	4.6624
NVDA	brk|100/10	0.2500	5	0.2000	20	6.6386	-0.3513	1.6992	-0.5547	11.2807	-0.5547	0.9404	0.2141	3.3944	4.6624
NVDA	brk|100/10	0.0000	5	0.2000	20	6.6386	-0.3513	1.6992	-0.5547	11.2807	-0.5547	0.9404	0.2141	3.3944	4.6624
NVDA	ma|10	0.0800	2	0.0000	129	2.8525	-0.7454	3.9543	-0.4227	11.2798	-0.7454	0.4435	0.6539	3.3944	4.6624
MSTR	brk|55/10	0.0000	3	0.0000	14	1.2501	-0.6346	8.9996	-0.4606	11.2507	-0.6346	0.0876	1.2347	1.0116	2.3136
MSTR	brk|55/10	0.0000	3	0.2000	14	1.2501	-0.3122	8.9996	-0.4606	11.2507	-0.4606	0.0876	1.2347	1.0116	2.3136
MSTR	brk|55/10	0.0000	3	0.3000	14	1.2501	-0.5160	8.9996	-0.4606	11.2507	-0.5160	0.0876	1.2347	1.0116	2.3136
NVDA	mom|60d>20%	0.1500	2	0.0000	20	7.7478	-0.6230	1.4501	-0.3623	11.2355	-0.6230	1.0483	0.1457	3.3944	4.6624
GOLD	brk|10/5	0.0800	10	0.2000	56	3.0835	-0.3291	3.6397	-0.5519	11.2229	-0.5519	0.4834	0.6045	1.1434	2.0840
AMD	mom|60d>0%	0.0800	2	0.0000	116	2.7995	-0.5795	4.0044	-0.6393	11.2102	-0.6393	0.4340	0.6616	1.7175	4.5569
AMD	mom|10d>10%	0.0800	3	0.3000	61	3.7319	-0.3053	3.0038	-0.4180	11.2101	-0.4180	0.5859	0.4956	1.7175	4.5569
AMD	brk|55/10	0.0800	2	0.3000	27	2.7236	-0.1950	4.1075	-0.2916	11.1870	-0.2916	0.4203	0.6771	1.7175	4.5569
AMD	brk|55/10	0.0800	2	0.0000	27	2.7236	-0.1950	4.1075	-0.2916	11.1870	-0.2916	0.4203	0.6771	1.7175	4.5569
NVDA	mom|20d>10%	0.1500	3	0.2000	22	5.5759	-0.4316	5.7577	-0.4206	11.1820	-0.4316	0.8254	0.8977	3.3944	4.6624
AMD	mom|20d>5%	0.0000	3	0.2000	37	2.3759	-0.5747	4.7056	-0.4581	11.1801	-0.5747	0.3540	0.7627	1.7175	4.5569
NVDA	mom|10d>10%	0.2500	2	0.0000	39	5.6822	-0.2310	1.9638	-0.4300	11.1585	-0.4300	0.8375	0.2802	3.3944	4.6624
NVDA	mom|10d>10%	0.0000	2	0.0000	39	5.6822	-0.2310	1.9638	-0.4300	11.1585	-0.4300	0.8375	0.2802	3.3944	4.6624
AMD	mom|20d>5%	0.2500	3	0.2000	37	2.3759	-0.5747	4.6964	-0.4581	11.1582	-0.5747	0.3540	0.7614	1.7175	4.5569
US100	mom|60d>0%	0.0800	10	0.3000	40	6.1404	-0.3984	1.8135	-0.6190	11.1354	-0.6190	0.8881	0.2434	1.2639	1.8560
MSTR	mom|10d>5%	0.0800	1	0.0000	171	1.7785	-0.5367	6.2397	-0.5426	11.0972	-0.5426	0.2418	0.9544	1.0116	2.3136
AMD	ma|100	0.0800	2	0.0000	109	1.9094	-0.6098	5.8089	-0.5431	11.0916	-0.6098	0.2542	0.9039	1.7175	4.5569
AMD	mom|10d>10%	0.0000	2	0.0000	33	2.7725	-0.5238	3.9855	-0.5502	11.0497	-0.5502	0.4292	0.6587	1.7175	4.5569
NVDA	ma|200	0.0800	3	0.2000	95	4.2022	-0.3148	2.6277	-0.3779	11.0424	-0.3779	0.6532	0.4242	3.3944	4.6624
AMD	mom|10d>10%	0.2500	2	0.0000	33	2.7725	-0.5238	3.9806	-0.5507	11.0360	-0.5507	0.4292	0.6579	1.7175	4.5569
US500	brk|20/10	0.0800	20	0.0000	32	4.2915	-0.7447	2.5691	-0.6265	11.0253	-0.7447	0.6655	0.4124	1.2251	1.6367
US500	brk|20/10	0.2500	20	0.0000	32	4.2915	-0.7447	2.5691	-0.6265	11.0253	-0.7447	0.6655	0.4124	1.2251	1.6367
US500	brk|20/10	0.0000	20	0.0000	32	4.2915	-0.7447	2.5691	-0.6265	11.0253	-0.7447	0.6655	0.4124	1.2251	1.6367
US500	brk|20/10	0.1500	20	0.0000	32	4.2915	-0.7447	2.5691	-0.6265	11.0253	-0.7447	0.6655	0.4124	1.2251	1.6367
META	xma|20/100	0.1500	3	0.3000	15	7.0396	-0.2371	1.5647	-0.4481	11.0147	-0.4481	0.9806	0.1780	1.3509	2.1912
MSTR	xma|5/20	0.0800	1	0.2000	191	1.0160	-0.2435	10.8386	-0.2191	11.0119	-0.2435	0.0060	1.3921	1.0116	2.3136
US100	ma|100	0.0000	10	0.3000	24	0.9664	-0.6005	11.3901	-0.1662	11.0074	-0.6005	-0.0119	1.4360	1.2639	1.8560
US100	ma|100	0.2500	10	0.3000	24	0.9664	-0.6005	11.3901	-0.1662	11.0074	-0.6005	-0.0119	1.4360	1.2639	1.8560
US100	ma|100	0.2500	10	0.2000	24	0.9664	-0.4953	11.3901	-0.1662	11.0074	-0.4953	-0.0119	1.4360	1.2639	1.8560
US100	ma|100	0.0000	10	0.2000	24	0.9664	-0.4953	11.3901	-0.1662	11.0074	-0.4953	-0.0119	1.4360	1.2639	1.8560
US100	ma|100	0.1500	10	0.3000	24	0.9664	-0.6005	11.3901	-0.1662	11.0074	-0.6005	-0.0119	1.4360	1.2639	1.8560
US100	ma|100	0.1500	10	0.2000	24	0.9664	-0.4953	11.3901	-0.1662	11.0074	-0.4953	-0.0119	1.4360	1.2639	1.8560
TQQQ	brk|55/20	0.1500	2	0.0000	11	2.7928	-0.2296	3.9375	0.0000	10.9966	-0.2296	0.4328	0.6514	1.0272	3.3408
TQQQ	brk|55/20	0.1500	2	0.2000	11	2.7928	-0.2296	3.9375	0.0000	10.9966	-0.2296	0.4328	0.6514	1.0272	3.3408
TQQQ	brk|55/20	0.1500	2	0.3000	11	2.7928	-0.2296	3.9375	0.0000	10.9966	-0.2296	0.4328	0.6514	1.0272	3.3408
AMD	mom|60d>10%	0.1500	2	0.0000	28	5.8517	-0.3622	1.8754	-0.5927	10.9745	-0.5927	0.8565	0.2588	1.7175	4.5569
NVDA	mom|5d>0%	0.0000	3	0.0000	124	14.8387	-0.7729	0.7387	-0.8167	10.9620	-0.8167	1.5717	-0.1049	3.3944	4.6624
NVDA	mom|5d>0%	0.2500	3	0.0000	124	14.8387	-0.7729	0.7387	-0.8167	10.9620	-0.8167	1.5717	-0.1049	3.3944	4.6624
MSTR	mom|10d>0%	0.1500	1	0.2000	108	1.9090	-0.2439	5.7413	-0.2651	10.9600	-0.2651	0.2753	0.8958	1.0116	2.3136
AMD	mom|10d>10%	0.0800	3	0.0000	61	3.7319	-0.4491	2.9357	-0.5869	10.9558	-0.5869	0.5859	0.4831	1.7175	4.5569
AMD	dip|2d<-1.5sd hold5	0.0000	3	0.2000	52	0.7819	-0.4350	14.0074	-0.2849	10.9519	-0.4350	-0.0826	1.6275	1.7175	4.5569
MSTR	momS|10d<-10%	0.1500	2	0.3000	64	2.2058	-0.4684	4.9522	-0.4049	10.9239	-0.4684	0.3466	0.7959	1.0116	2.3136
TECL	xma|10/50	0.0800	3	0.3000	129	1.4012	-0.4514	7.7949	-0.3901	10.9222	-0.4514	0.1254	1.1202	0.1537	3.8701
AMD	ma|100	0.0800	3	0.0000	109	1.7482	-0.7667	6.2384	-0.7020	10.9059	-0.7667	0.2161	0.9543	1.7175	4.5569
GOLD	mom|60d>5%	0.2500	10	0.0000	10	0.6093	-0.6084	17.8769	-0.3334	10.8919	-0.6084	-0.1593	1.8729	1.1434	2.0840
GOLD	mom|60d>5%	0.2500	10	0.3000	10	0.6093	-0.3961	17.8769	-0.3334	10.8919	-0.3961	-0.1593	1.8729	1.1434	2.0840
GOLD	mom|60d>5%	0.2500	10	0.2000	10	0.6093	-0.3961	17.8769	-0.3334	10.8919	-0.3961	-0.1593	1.8729	1.1434	2.0840
NVDA	brk|10/5	0.0800	2	0.0000	70	4.1274	-0.4080	2.6386	-0.3781	10.8906	-0.4080	0.6429	0.4263	3.3944	4.6624
AMD	mom|60d>0%	0.2500	3	0.2000	34	8.2726	-0.2677	1.3147	-0.5318	10.8761	-0.5318	1.0958	0.1053	1.7175	4.5569
AMD	brk|100/20	0.0800	2	0.2000	22	2.4967	-0.2664	4.3488	-0.2916	10.8576	-0.2916	0.3777	0.7125	1.7175	4.5569
AMD	brk|100/20	0.0800	2	0.3000	22	2.4967	-0.2664	4.3488	-0.2916	10.8576	-0.2916	0.3777	0.7125	1.7175	4.5569
AMD	brk|100/20	0.0800	2	0.0000	22	2.4967	-0.2664	4.3488	-0.2916	10.8576	-0.2916	0.3777	0.7125	1.7175	4.5569
META	rsi2|<20 trend0 max7	0.0000	5	0.3000	183	2.1865	-0.6503	4.9642	-0.4494	10.8544	-0.6503	0.3152	0.7975	1.3509	2.1912
SMCI	ma|200	0.2500	2	0.3000	20	26.3792	-0.3075	0.4109	-0.5871	10.8379	-0.5871	2.5618	-0.2779	7.7027	1.5224
PLTR	xma|50/200	0.0800	3	0.0000	113	1.9000	-0.6218	5.7013	-0.8519	10.8325	-0.8519	0.2520	0.8909	0.6080	11.5379
NVDA	mom|20d>0%	0.1500	2	0.0000	68	4.8364	-0.7651	2.2397	-0.3338	10.8319	-0.7651	0.7367	0.3433	3.3944	4.6624
META	rsi2|<20 trend200 max3	0.0000	5	0.2000	114	1.5531	-0.2575	6.9740	-0.3124	10.8310	-0.3124	0.1667	1.0356	1.3509	2.1912
GOLD	xma|20/100	0.2500	10	0.0000	8	9.9730	-0.5551	1.0849	-0.3876	10.8197	-0.5551	1.2376	0.0303	1.1434	2.0840
GOLD	xma|20/100	0.2500	10	0.3000	8	9.9730	-0.4605	1.0849	-0.3876	10.8197	-0.4605	1.2376	0.0303	1.1434	2.0840
GOLD	xma|20/100	0.2500	10	0.2000	8	9.9730	-0.4605	1.0849	-0.3876	10.8197	-0.4605	1.2376	0.0303	1.1434	2.0840
META	rsi2|<20 trend200 max3	0.0000	3	0.3000	114	2.2483	-0.1591	4.8073	-0.3284	10.8082	-0.3284	0.3281	0.7765	1.3509	2.1912
NVDA	mom|20d>20%	0.1500	3	0.3000	14	1.7059	-0.3717	6.3268	-0.4400	10.7929	-0.4400	0.2057	0.9644	3.3944	4.6624
NVDA	mom|20d>20%	0.1500	3	0.2000	14	1.7059	-0.3717	6.3268	-0.4400	10.7929	-0.4400	0.2057	0.9644	3.3944	4.6624
AMD	dip|2d<-1.5sd hold5	0.0000	3	0.3000	52	0.8881	-0.4350	12.1419	-0.3802	10.7837	-0.4350	-0.0407	1.4936	1.7175	4.5569
NVDA	mom|5d>5%	0.1500	3	0.0000	78	6.0477	-0.8415	1.7831	-0.6645	10.7835	-0.8415	0.8780	0.2357	3.3944	4.6624
AMD	xma|50/200	0.2500	2	0.2000	11	1.9880	-0.3313	5.4180	-0.3573	10.7712	-0.3573	0.2721	0.8560	1.7175	4.5569
AMD	xma|50/200	0.2500	2	0.3000	11	1.9880	-0.3313	5.4180	-0.3573	10.7712	-0.3573	0.2721	0.8560	1.7175	4.5569
AMD	mom|20d>20%	0.0800	5	0.3000	43	1.0119	-0.3939	10.6343	-0.5081	10.7612	-0.5081	0.0042	1.3755	1.7175	4.5569
NVDA	brk|100/20	0.1500	2	0.2000	11	9.7370	-0.2120	1.1043	-0.3198	10.7525	-0.3198	1.2189	0.0370	3.3944	4.6624
NVDA	brk|100/20	0.1500	2	0.0000	11	9.7370	-0.2120	1.1043	-0.3198	10.7525	-0.3198	1.2189	0.0370	3.3944	4.6624
NVDA	brk|100/20	0.1500	2	0.3000	11	9.7370	-0.2120	1.1043	-0.3198	10.7525	-0.3198	1.2189	0.0370	3.3944	4.6624
NVDA	ma|20	0.0000	5	0.0000	70	23.4751	-0.9198	0.4570	-0.9627	10.7278	-0.9627	2.0198	-0.2492	3.3944	4.6624
NVDA	ma|20	0.2500	5	0.0000	70	23.4751	-0.9198	0.4570	-0.9627	10.7278	-0.9627	2.0198	-0.2492	3.3944	4.6624
NVDA	xma|5/20	0.0800	3	0.2000	108	9.6725	-0.4507	1.1090	-0.3244	10.7271	-0.4507	1.2137	0.0386	3.3944	4.6624
NVDA	mom|20d>20%	0.1500	5	0.2000	14	1.2686	-0.6195	8.4460	-0.7333	10.7144	-0.7333	0.0869	1.1834	3.3944	4.6624
NVDA	mom|20d>20%	0.1500	5	0.3000	14	1.2686	-0.6195	8.4460	-0.7333	10.7144	-0.7333	0.0869	1.1834	3.3944	4.6624
META	xma|20/100	0.0800	5	0.3000	37	18.1867	-0.3592	0.5884	-0.4957	10.7009	-0.4957	1.7616	-0.1764	1.3509	2.1912
NVDA	dip|3d<-1.0sd hold5	0.0000	3	0.3000	91	2.7209	-0.5733	3.9313	-0.3812	10.6968	-0.5733	0.4198	0.6504	3.3944	4.6624
MSTR	ma|100	0.0000	2	0.2000	23	1.4149	-0.2325	7.5557	-0.3879	10.6907	-0.3879	0.1395	1.0962	1.0116	2.3136
META	xma|20/100	0.1500	3	0.2000	15	6.8305	-0.2371	1.5647	-0.4481	10.6875	-0.4481	0.9598	0.1780	1.3509	2.1912
COIN	momS|5d<-5%	0.1500	3	0.2000	113	7.6488	-0.3913	1.3942	-0.3869	10.6636	-0.3913	1.1151	0.1293	0.5352	1.2370
TECL	mom|20d>5%	0.0800	3	0.2000	115	6.1020	-0.3370	1.7424	-0.4974	10.6319	-0.4974	0.8839	0.2253	0.1537	3.8701
MSTR	mom|10d>20%	0.0000	3	0.2000	27	0.6073	-0.4913	17.4406	-0.5160	10.5924	-0.5160	-0.1710	1.8470	1.0116	2.3136
GOLD	mom|5d>0%	0.2500	5	0.0000	123	1.9206	-0.2996	5.5101	-0.3964	10.5827	-0.3964	0.2568	0.8675	1.1434	2.0840
GOLD	mom|5d>0%	0.0000	5	0.0000	123	1.9206	-0.2996	5.5101	-0.3964	10.5827	-0.3964	0.2568	0.8675	1.1434	2.0840
UDOW	momS|10d<-5%	0.0000	2	0.2000	35	3.1310	-0.2651	3.3792	-0.2605	10.5803	-0.3076	0.4914	0.5615	0.6552	0.8981
MSTR	mom|5d>0%	0.0800	2	0.0000	230	4.0515	-0.6111	2.6108	-0.9051	10.5779	-0.9051	0.6926	0.4208	1.0116	2.3136
AMD	mom|60d>0%	0.0800	3	0.0000	116	2.8267	-0.7455	3.7398	-0.7943	10.5716	-0.7943	0.4389	0.6205	1.7175	4.5569
AMD	mom|20d>5%	0.0800	2	0.2000	98	1.4485	-0.2421	7.2837	-0.2778	10.5506	-0.2778	0.1386	1.0683	1.7175	4.5569
SMCI	xma|50/200	0.2500	1	0.2000	17	16.6348	-0.1302	0.6340	-0.3010	10.5466	-0.3010	1.9781	-0.1536	7.7027	1.5224
NVDA	mom|60d>20%	0.0800	3	0.3000	58	17.6919	-0.4542	0.5959	-0.3624	10.5431	-0.4542	1.7350	-0.1726	3.3944	4.6624
NVDA	ma|20	0.0800	2	0.3000	107	5.9933	-0.3607	1.7589	-0.3239	10.5419	-0.3607	0.8721	0.2296	3.3944	4.6624
NVDA	brk|10/5	0.0800	5	0.2000	70	2.3624	-0.5240	4.4413	-0.3964	10.4923	-0.5240	0.3513	0.7257	3.3944	4.6624
ETHUSD	momS|20d<-10%	0.1500	2	0.2000	52	5.8411	-0.3317	1.7954	-0.2686	10.4868	-0.3317	0.8553	0.2388	1.3260	1.1363
UDOW	xmaS|5/20	0.2500	3	0.3000	39	6.2272	-0.3277	1.6829	-0.5549	10.4799	-0.4945	0.8974	0.2099	0.6552	0.8981
AMD	brk|20/10	0.0000	5	0.0000	31	4.2564	-0.7427	2.4589	-0.8874	10.4662	-0.8874	0.6607	0.3900	1.7175	4.5569
MSTR	ma|20	0.1500	3	0.0000	97	1.1712	-0.8471	8.9326	-0.9377	10.4622	-0.9377	0.0613	1.2286	1.0116	2.3136
NVDA	xma|5/20	0.0800	5	0.3000	108	28.5130	-0.4794	0.3669	-0.5112	10.4615	-0.5112	2.2325	-0.3072	3.3944	4.6624
PLTR	dip|1d<-2.0sd hold5	0.0000	2	0.2000	29	1.2801	-0.2955	8.1716	-0.0601	10.4603	-0.2955	0.0903	1.1572	0.6080	11.5379
NVDA	mom|10d>5%	0.1500	5	0.3000	51	4.1737	-0.4574	2.5056	-0.6372	10.4574	-0.6372	0.6493	0.3996	3.3944	4.6624
MSTR	mom|60d>10%	0.0800	3	0.2000	165	0.4612	-0.3674	22.6364	-0.3752	10.4401	-0.3752	-0.2526	2.1321	1.0116	2.3136
MSTR	rsi2|<10 trend200 max3	0.0000	3	0.3000	99	1.1970	-0.3724	8.7202	-0.6020	10.4384	-0.6020	0.0700	1.2091	1.0116	2.3136
NVDA	mom|10d>0%	0.0800	2	0.2000	125	5.3108	-0.2507	1.9623	-0.2561	10.4211	-0.2561	0.7945	0.2798	3.3944	4.6624
AMD	brk|20/10	0.2500	5	0.0000	31	4.2564	-0.7427	2.4454	-0.8880	10.4087	-0.8880	0.6607	0.3872	1.7175	4.5569
NVDA	mom|5d>10%	0.1500	2	0.0000	43	4.7008	-0.3397	2.2092	-0.4313	10.3849	-0.4313	0.7194	0.3365	3.3944	4.6624
MSTR	brk|20/10	0.0000	2	0.0000	25	1.3431	-0.7712	7.7218	-0.7157	10.3711	-0.7712	0.1173	1.1130	1.0116	2.3136
META	mom|60d>0%	0.1500	5	0.2000	41	14.8906	-0.3399	0.6949	-0.4778	10.3473	-0.4778	1.5748	-0.1247	1.3509	2.1912
COIN	momS|60d<-20%	0.0800	5	0.2000	154	8.3245	-0.3704	1.2427	-0.5379	10.3452	-0.5379	1.1821	0.0828	0.5352	1.2370
META	mom|60d>5%	0.2500	5	0.2000	15	5.3080	-0.3027	1.9439	-0.4328	10.3184	-0.4328	0.7942	0.2754	1.3509	2.1912
META	mom|60d>5%	0.0000	5	0.2000	15	5.3080	-0.3027	1.9439	-0.4328	10.3184	-0.4328	0.7942	0.2754	1.3509	2.1912
NVDA	mom|5d>10%	0.1500	2	0.3000	43	4.7008	-0.3397	2.1949	-0.3366	10.3179	-0.3397	0.7194	0.3334	3.3944	4.6624
SOXL	rsi2|<5 trend100 max3	0.0000	2	0.0000	88	2.1843	-0.4080	4.7201	-0.5143	10.3099	-0.5143	0.3147	0.7646	0.0504	5.4354
META	rsi2|<20 trend100 max7	0.0000	3	0.3000	96	2.5628	-0.2629	4.0191	-0.3563	10.3001	-0.3563	0.3904	0.6638	1.3509	2.1912
MSTR	mom|10d>20%	0.1500	1	0.3000	38	1.5663	-0.3123	6.5727	-0.2498	10.2948	-0.3123	0.1839	0.9920	1.0116	2.3136
AMD	mom|20d>5%	0.0000	2	0.2000	37	2.3459	-0.4032	4.3867	-0.3546	10.2905	-0.4032	0.3480	0.7179	1.7175	4.5569
AMD	mom|20d>5%	0.2500	2	0.2000	37	2.3459	-0.4032	4.3819	-0.3546	10.2794	-0.4032	0.3480	0.7173	1.7175	4.5569
AMD	xma|20/100	0.1500	2	0.2000	32	4.1007	-0.3186	2.5064	-0.3715	10.2779	-0.3715	0.6391	0.3997	1.7175	4.5569
AMD	brk|55/10	0.1500	3	0.2000	19	2.8370	-0.2306	3.6184	-0.3200	10.2654	-0.3200	0.4408	0.6011	1.7175	4.5569
NVDA	mom|10d>10%	0.1500	2	0.2000	39	5.3988	-0.2450	1.8997	-0.3330	10.2560	-0.3330	0.8049	0.2647	3.3944	4.6624
US100	mom|60d>0%	0.0000	10	0.3000	32	5.2100	-0.4879	1.9665	-0.5126	10.2456	-0.5126	0.7825	0.2808	1.2639	1.8560
US100	mom|60d>0%	0.2500	10	0.3000	32	5.2100	-0.4879	1.9665	-0.5126	10.2456	-0.5126	0.7825	0.2808	1.2639	1.8560
SOLUSD	mom|20d>5%	0.2500	1	0.3000	48	12.6410	-0.3533	0.8090	-0.3382	10.2265	-0.3533	1.4313	-0.0746	7.9407	1.1320
META	mom|60d>5%	0.1500	3	0.3000	19	9.0867	-0.1816	1.1240	-0.3123	10.2131	-0.3123	1.1658	0.0437	1.3509	2.1912
META	mom|60d>5%	0.1500	3	0.0000	19	9.0867	-0.1816	1.1240	-0.3891	10.2131	-0.3891	1.1658	0.0437	1.3509	2.1912
META	mom|60d>5%	0.1500	3	0.2000	19	9.0867	-0.1816	1.1240	-0.2597	10.2131	-0.2597	1.1658	0.0437	1.3509	2.1912
US100	dip|3d<-1.5sd hold2	0.0000	10	0.0000	65	6.0902	-0.5290	1.6764	-0.6336	10.2099	-0.6336	0.8827	0.2082	1.2639	1.8560
AMD	mom|10d>10%	0.0000	2	0.3000	33	2.7725	-0.3131	3.6779	-0.5502	10.1969	-0.5502	0.4292	0.6106	1.7175	4.5569
AMD	mom|10d>10%	0.2500	2	0.3000	33	2.7725	-0.3131	3.6733	-0.5507	10.1842	-0.5507	0.4292	0.6099	1.7175	4.5569
SOLUSD	xma|5/20	0.2500	1	0.2000	62	9.0882	-0.3533	1.1203	-0.3001	10.1816	-0.3533	1.1660	0.0425	7.9407	1.1320
TSLA	brk|100/10	0.0800	5	0.0000	15	2.4145	-0.5600	4.2162	-0.4138	10.1801	-0.5600	0.3616	0.6932	1.0220	1.5021
TECL	mom|10d>0%	0.0800	3	0.3000	160	2.0903	-0.4028	4.8661	-0.4942	10.1714	-0.4942	0.2946	0.7844	0.1537	3.8701
META	rsi2|<5 trend200 max7	0.0000	5	0.0000	80	6.0849	-0.3819	1.6706	-0.7926	10.1658	-0.7926	0.8821	0.2066	1.3509	2.1912
NVDA	mom|20d>10%	0.2500	3	0.0000	21	3.4007	-0.5960	2.9876	-0.7103	10.1600	-0.7103	0.5351	0.4927	3.3944	4.6624
MSTR	ma|20	0.1500	1	0.0000	97	1.9531	-0.4231	5.2006	-0.5451	10.1574	-0.5451	0.2863	0.8284	1.0116	2.3136
MSTR	momS|10d<-0%	0.1500	2	0.3000	125	1.7638	-0.4369	5.7478	-0.3655	10.1381	-0.4369	0.2380	0.8965	1.0116	2.3136
NVDA	mom|5d>0%	0.0000	2	0.0000	124	9.3800	-0.6022	1.0798	-0.6124	10.1290	-0.6124	1.1901	0.0285	3.3944	4.6624
NVDA	mom|5d>0%	0.2500	2	0.0000	124	9.3800	-0.6022	1.0798	-0.6124	10.1290	-0.6124	1.1901	0.0285	3.3944	4.6624
AMD	dip|3d<-1.0sd hold5	0.0000	3	0.0000	98	1.9238	-0.6903	5.2553	-0.7189	10.1102	-0.7189	0.2575	0.8354	1.7175	4.5569
NVDA	mom|20d>20%	0.0800	5	0.3000	31	1.3867	-0.3878	7.2724	-0.3999	10.0845	-0.3999	0.1213	1.0671	3.3944	4.6624
NVDA	mom|20d>20%	0.0800	5	0.2000	31	1.3867	-0.3878	7.2724	-0.3999	10.0845	-0.3999	0.1213	1.0671	3.3944	4.6624
AMD	brk|100/20	0.1500	2	0.2000	12	3.2860	0.0000	3.0664	-0.2154	10.0761	-0.2154	0.5168	0.5069	1.7175	4.5569
AMD	brk|100/20	0.1500	2	0.0000	12	3.2860	0.0000	3.0664	-0.2154	10.0761	-0.2154	0.5168	0.5069	1.7175	4.5569
AMD	brk|100/20	0.1500	2	0.3000	12	3.2860	0.0000	3.0664	-0.2154	10.0761	-0.2154	0.5168	0.5069	1.7175	4.5569
GOLD	ma|100	0.0000	20	0.3000	27	2.2314	-0.7558	4.5073	-0.5302	10.0577	-0.7558	0.3246	0.7351	1.1434	2.0840
GOLD	ma|100	0.2500	20	0.3000	27	2.2314	-0.7558	4.5073	-0.5302	10.0577	-0.7558	0.3246	0.7351	1.1434	2.0840
AMD	brk|100/10	0.0000	2	0.0000	14	1.8804	-0.2301	5.3486	-0.1842	10.0575	-0.2301	0.2475	0.8472	1.7175	4.5569
AMD	brk|100/10	0.0000	2	0.3000	14	1.8804	-0.2301	5.3486	-0.1842	10.0575	-0.2301	0.2475	0.8472	1.7175	4.5569
AMD	brk|100/10	0.2500	2	0.3000	14	1.8804	-0.2301	5.3486	-0.1842	10.0575	-0.2301	0.2475	0.8472	1.7175	4.5569
AMD	brk|100/10	0.2500	2	0.0000	14	1.8804	-0.2301	5.3486	-0.1842	10.0575	-0.2301	0.2475	0.8472	1.7175	4.5569
ETHUSD	momS|20d<-10%	0.2500	2	0.0000	25	4.7493	-0.5332	2.1135	-0.4612	10.0378	-0.5502	0.7256	0.3151	1.3260	1.1363
NVDA	mom|20d>0%	0.0000	2	0.3000	63	8.9410	-0.3799	1.1225	-0.3505	10.0363	-0.3799	1.1536	0.0432	3.3944	4.6624
AMD	mom|20d>5%	0.1500	3	0.2000	45	1.1151	-0.5226	8.9988	-0.4293	10.0349	-0.5226	0.0389	1.2347	1.7175	4.5569
GOLD	ma|100	0.0000	10	0.2000	27	2.1722	-0.3779	4.6175	-0.2896	10.0301	-0.3779	0.3121	0.7505	1.1434	2.0840
GOLD	ma|100	0.2500	10	0.2000	27	2.1722	-0.3779	4.6175	-0.2896	10.0301	-0.3779	0.3121	0.7505	1.1434	2.0840
NVDA	mom|10d>0%	0.0000	3	0.3000	86	10.1672	-0.3649	0.9860	-0.6246	10.0249	-0.6246	1.2527	-0.0051	3.3944	4.6624
NVDA	mom|10d>0%	0.2500	3	0.3000	86	10.1672	-0.3649	0.9860	-0.6246	10.0249	-0.6246	1.2527	-0.0051	3.3944	4.6624
MSTR	xmaS|50/200	0.2500	2	0.2000	34	9.0817	-0.4000	1.1038	-0.5162	10.0247	-0.5162	1.2931	0.0368	1.0116	2.3136
AMD	xma|50/200	0.2500	3	0.0000	11	1.1715	-0.7255	8.5435	-0.5359	10.0088	-0.7255	0.0570	1.1926	1.7175	4.5569
AMD	brk|20/5	0.0800	5	0.0000	54	0.6279	-0.9249	15.9374	-0.7376	10.0077	-0.9249	-0.1504	1.7546	1.7175	4.5569
PLTR	ma|200	0.2500	1	0.2000	17	1.1828	-0.2281	8.4587	-0.1984	10.0052	-0.2281	0.0606	1.1846	0.6080	11.5379
NVDA	brk|20/10	0.1500	2	0.3000	33	5.8492	-0.2896	1.7095	-0.3775	9.9995	-0.3775	0.8562	0.2168	3.3944	4.6624
NVDA	brk|20/10	0.2500	2	0.3000	33	5.3030	-0.3255	1.8851	-0.3485	9.9969	-0.3485	0.7936	0.2612	3.3944	4.6624
NVDA	brk|20/10	0.0000	2	0.3000	33	5.3030	-0.3255	1.8851	-0.3485	9.9969	-0.3485	0.7936	0.2612	3.3944	4.6624
AMD	brk|55/20	0.0800	2	0.2000	26	3.1167	-0.1950	3.2057	-0.2916	9.9913	-0.2916	0.4890	0.5316	1.7175	4.5569
META	mom|60d>5%	0.0800	5	0.3000	35	19.4257	-0.3043	0.5139	-0.4782	9.9838	-0.4782	1.8260	-0.2162	1.3509	2.1912
NVDA	mom|10d>0%	0.0800	2	0.0000	125	4.1622	-0.6059	2.3985	-0.5912	9.9831	-0.6059	0.6477	0.3774	3.3944	4.6624
AMD	mom|10d>10%	0.1500	2	0.2000	36	2.7663	-0.3131	3.6059	-0.2722	9.9753	-0.3131	0.4281	0.5990	1.7175	4.5569
GOLD	brk|20/5	0.0800	10	0.0000	44	1.2353	-0.3715	8.0710	-0.6448	9.9705	-0.6448	0.0768	1.1474	1.1434	2.0840
MSTR	momS|10d<-0%	0.1500	1	0.0000	125	2.9053	-0.3461	3.4260	-0.3361	9.9536	-0.3461	0.4936	0.5694	1.0116	2.3136
AMD	brk|100/5	0.0000	5	0.3000	22	2.0342	-0.4474	4.8925	-0.6822	9.9525	-0.6822	0.2823	0.7880	1.7175	4.5569
AMD	brk|100/5	0.2500	5	0.3000	22	2.0342	-0.4474	4.8925	-0.6822	9.9525	-0.6822	0.2823	0.7880	1.7175	4.5569
AMD	brk|100/5	0.2500	5	0.0000	22	2.0342	-0.6128	4.8925	-0.6822	9.9525	-0.6822	0.2823	0.7880	1.7175	4.5569
AMD	brk|100/5	0.0000	5	0.0000	22	2.0342	-0.6128	4.8925	-0.6822	9.9525	-0.6822	0.2823	0.7880	1.7175	4.5569
MSTR	mom|20d>5%	0.0800	2	0.3000	160	1.1203	-0.3826	8.8792	-0.3810	9.9471	-0.3826	0.0436	1.2238	1.0116	2.3136
NVDA	dip|3d<-1.0sd hold1	0.0000	3	0.0000	189	3.2263	-0.5168	3.0807	-0.4948	9.9393	-0.5168	0.5071	0.5095	3.3944	4.6624
MSTR	mom|10d>10%	0.0800	3	0.2000	132	0.5605	-0.2935	17.7307	-0.3407	9.9385	-0.3814	-0.1957	1.8643	1.0116	2.3136
META	rsi2|<20 trend200 max3	0.0000	3	0.2000	114	2.2483	-0.1591	4.4197	-0.2558	9.9370	-0.2558	0.3281	0.7227	1.3509	2.1912
AMD	mom|10d>5%	0.1500	2	0.2000	59	4.6544	-0.2456	2.1344	-0.3323	9.9342	-0.3323	0.7135	0.3198	1.7175	4.5569
MSTR	mom|5d>0%	0.2500	1	0.3000	130	4.5343	-0.2746	2.1905	-0.3239	9.9324	-0.3239	0.7658	0.3324	1.0116	2.3136
NVDA	brk|100/20	0.2500	3	0.2000	11	17.2655	-0.2507	0.5742	-0.6844	9.9143	-0.6844	1.7118	-0.1837	3.3944	4.6624
NVDA	brk|100/20	0.0000	3	0.3000	11	17.2655	-0.2507	0.5742	-0.6844	9.9143	-0.6844	1.7118	-0.1837	3.3944	4.6624
NVDA	brk|100/20	0.2500	3	0.0000	11	17.2655	-0.2507	0.5742	-0.6844	9.9143	-0.6844	1.7118	-0.1837	3.3944	4.6624
NVDA	brk|100/20	0.2500	3	0.3000	11	17.2655	-0.2507	0.5742	-0.6844	9.9143	-0.6844	1.7118	-0.1837	3.3944	4.6624
NVDA	brk|100/20	0.0000	3	0.0000	11	17.2655	-0.2507	0.5742	-0.6844	9.9143	-0.6844	1.7118	-0.1837	3.3944	4.6624
NVDA	brk|100/20	0.0000	3	0.2000	11	17.2655	-0.2507	0.5742	-0.6844	9.9143	-0.6844	1.7118	-0.1837	3.3944	4.6624
NVDA	dip|3d<-1.0sd hold1	0.0000	3	0.3000	189	2.8927	-0.3555	3.4266	-0.3511	9.9122	-0.3555	0.4506	0.5695	3.3944	4.6624
ETHUSD	momS|20d<-10%	0.0000	2	0.2000	21	4.9311	-0.3654	2.0056	-0.4612	9.8898	-0.4612	0.7485	0.2901	1.3260	1.1363
NVDA	brk|20/10	0.1500	5	0.2000	33	14.6626	-0.5162	0.6744	-0.6413	9.8881	-0.6413	1.5609	-0.1343	3.3944	4.6624
NVDA	brk|20/10	0.1500	5	0.3000	33	14.6626	-0.5162	0.6744	-0.6413	9.8881	-0.6413	1.5609	-0.1343	3.3944	4.6624
UDOW	xmaS|5/20	0.2500	3	0.2000	39	7.5624	-0.2831	1.3070	-0.4067	9.8842	-0.4067	1.0309	0.1030	0.6552	0.8981
GOLD	brk|10/5	0.1500	10	0.3000	56	1.7468	-0.3880	5.6566	-0.5519	9.8812	-0.5519	0.2157	0.8855	1.1434	2.0840
SMCI	xma|50/200	0.2500	1	0.3000	17	16.6348	-0.1302	0.5929	-0.3425	9.8636	-0.3425	1.9781	-0.1741	7.7027	1.5224
MSTR	mom|5d>0%	0.0000	1	0.3000	129	4.5343	-0.2746	2.1752	-0.3239	9.8629	-0.3239	0.7658	0.3290	1.0116	2.3136
PLTR	xma|50/200	0.0800	3	0.3000	113	1.2845	-0.4068	7.6760	-0.4539	9.8601	-0.4539	0.0916	1.1084	0.6080	11.5379
AMD	mom|20d>5%	0.1500	3	0.0000	45	1.5034	-0.8544	6.5474	-0.8222	9.8432	-0.9008	0.1535	0.9891	1.7175	4.5569
AMD	xma|5/20	0.0800	3	0.2000	117	1.0012	-0.3819	9.8313	-0.3796	9.8427	-0.3819	0.0004	1.3082	1.7175	4.5569
UDOW	momS|10d<-5%	0.1500	3	0.2000	44	2.5012	-0.3809	3.9346	-0.3572	9.8412	-0.3809	0.3786	0.6509	0.6552	0.8981
MSTR	mom|10d>10%	0.1500	1	0.0000	58	1.4996	-0.3503	6.5605	-0.4259	9.8383	-0.4259	0.1647	0.9906	1.0116	2.3136
NVDA	ma|20	0.2500	3	0.2000	70	8.9399	-0.3958	1.0999	-0.3270	9.8329	-0.3958	1.1535	0.0355	3.3944	4.6624
NVDA	ma|20	0.0000	3	0.2000	70	8.9399	-0.3958	1.0999	-0.3270	9.8329	-0.3958	1.1535	0.0355	3.3944	4.6624
GOLD	mom|5d>0%	0.1500	5	0.0000	123	1.9206	-0.2996	5.1183	-0.3964	9.8301	-0.3964	0.2568	0.8177	1.1434	2.0840
META	rsi2|<10 trend100 max7	0.0000	5	0.3000	82	3.1773	-0.3819	3.0931	-0.6199	9.8278	-0.6199	0.4991	0.5117	1.3509	2.1912
MSTR	mom|5d>0%	0.1500	1	0.0000	142	4.1238	-0.2746	2.3828	-0.6812	9.8263	-0.6812	0.7039	0.3741	1.0116	2.3136
PLTR	xma|50/200	0.1500	1	0.2000	33	1.5093	-0.2142	6.5055	-0.2572	9.8187	-0.2572	0.1551	0.9845	0.6080	11.5379
NVDA	brk|55/20	0.1500	5	0.3000	16	11.5955	-0.7530	0.8450	-0.6514	9.7977	-0.7530	1.3589	-0.0598	3.3944	4.6624
NVDA	brk|55/20	0.1500	5	0.2000	16	11.5955	-0.7530	0.8450	-0.6514	9.7977	-0.7530	1.3589	-0.0598	3.3944	4.6624
NVDA	brk|55/20	0.1500	5	0.0000	16	11.5955	-0.7833	0.8450	-0.6514	9.7977	-0.7833	1.3589	-0.0598	3.3944	4.6624
NVDA	mom|5d>10%	0.0000	2	0.2000	43	5.2844	-0.2577	1.8539	-0.4397	9.7968	-0.4397	0.7914	0.2535	3.3944	4.6624
NVDA	mom|5d>10%	0.2500	2	0.2000	43	5.2844	-0.2577	1.8539	-0.4397	9.7968	-0.4397	0.7914	0.2535	3.3944	4.6624
NVDA	mom|5d>5%	0.0800	5	0.3000	90	3.1589	-0.4811	3.0974	-0.4530	9.7842	-0.4811	0.4960	0.5125	3.3944	4.6624
MSTR	mom|10d>5%	0.0000	1	0.2000	64	1.6591	-0.2315	5.8926	-0.2289	9.7764	-0.2315	0.2098	0.9139	1.0116	2.3136
MSTR	xma|5/20	0.1500	2	0.2000	80	1.5400	-0.3952	6.3471	-0.3462	9.7748	-0.3952	0.1764	0.9667	1.0116	2.3136
SOLUSD	brk|100/5	0.2500	2	0.3000	15	6.7665	-0.3027	1.4446	-0.3837	9.7746	-0.3837	0.9534	0.1441	7.9407	1.1320
SOLUSD	brk|100/5	0.2500	2	0.2000	15	6.7665	-0.3027	1.4446	-0.2672	9.7746	-0.3027	0.9534	0.1441	7.9407	1.1320
SOLUSD	brk|100/5	0.2500	2	0.0000	15	6.7665	-0.3027	1.4446	-0.3837	9.7746	-0.3837	0.9534	0.1441	7.9407	1.1320
MSTR	mom|60d>0%	0.0800	3	0.2000	202	0.4570	-0.3674	21.3828	-0.3846	9.7724	-0.3846	-0.2551	2.0675	1.0116	2.3136
NVDA	mom|10d>0%	0.1500	5	0.0000	87	25.3788	-0.7895	0.3850	-0.9743	9.7703	-0.9743	2.1034	-0.2949	3.3944	4.6624
MSTR	xma|5/20	0.0000	1	0.2000	39	1.1487	-0.4874	8.5002	-0.2479	9.7639	-0.4874	0.0535	1.1885	1.0116	2.3136
US100	mom|60d>0%	0.0800	10	0.2000	40	5.3836	-0.3984	1.8135	-0.6190	9.7629	-0.6190	0.8031	0.2434	1.2639	1.8560
MSTR	mom|10d>0%	0.0800	1	0.3000	214	2.3889	-0.3218	4.0862	-0.3308	9.7613	-0.3308	0.3876	0.6739	1.0116	2.3136
AMD	brk|100/5	0.1500	5	0.0000	22	2.0342	-0.6128	4.7978	-0.6884	9.7599	-0.6884	0.2823	0.7752	1.7175	4.5569
SOXL	dip|1d<-1.0sd hold5	0.0000	1	0.0000	119	3.1462	-0.6802	3.1013	-0.6167	9.7575	-0.6802	0.4939	0.5132	0.0504	5.4354
META	rsi2|<10 trend100 max3	0.0000	5	0.2000	99	2.3248	-0.2185	4.1940	-0.3836	9.7504	-0.3836	0.3437	0.6899	1.3509	2.1912
MSTR	mom|10d>20%	0.0800	3	0.3000	81	0.1778	-0.4731	41.6483	-0.3896	9.7503	-0.4731	-0.4778	2.9151	1.0116	2.3136
AMD	mom|60d>10%	0.1500	3	0.2000	28	5.9036	-0.4600	1.6511	-0.5345	9.7473	-0.5345	0.8623	0.2014	1.7175	4.5569
META	rsi2|<10 trend200 max7	0.0000	3	0.3000	85	3.2266	-0.2305	3.0203	-0.4985	9.7453	-0.4985	0.5072	0.4986	1.3509	2.1912
AMD	mom|60d>0%	0.1500	2	0.0000	49	5.4559	-0.4755	1.7847	-0.6363	9.7374	-0.6363	0.8115	0.2362	1.7175	4.5569
MSTR	mom|10d>5%	0.1500	1	0.2000	82	1.6464	-0.2439	5.9123	-0.2309	9.7340	-0.2439	0.2063	0.9162	1.0116	2.3136
PLTR	dip|1d<-2.0sd hold5	0.0000	2	0.3000	29	1.1909	-0.3353	8.1716	-0.0601	9.7317	-0.3353	0.0631	1.1572	0.6080	11.5379
PLTR	dip|1d<-2.0sd hold5	0.0000	2	0.0000	29	1.1909	-0.4656	8.1716	-0.0601	9.7317	-0.4656	0.0631	1.1572	0.6080	11.5379
TQQQ	mom|20d>0%	0.0800	3	0.2000	127	0.8338	-0.3864	11.6706	-0.2901	9.7311	-0.3864	-0.0617	1.4577	1.0272	3.3408
MSTR	ma|20	0.0800	2	0.0000	197	0.5488	-0.8894	17.7244	-0.7096	9.7267	-0.8894	-0.2021	1.8639	1.0116	2.3136
NVDA	xma|10/50	0.0800	3	0.2000	100	5.8686	-0.3575	1.6571	-0.3779	9.7248	-0.3779	0.8584	0.2030	3.3944	4.6624
AMD	mom|60d>10%	0.0800	5	0.0000	89	3.0946	-0.7602	3.1421	-0.8641	9.7236	-0.8641	0.4853	0.5205	1.7175	4.5569
NVDA	ma|100	0.0800	5	0.3000	103	4.8455	-0.4916	2.0058	-0.4426	9.7189	-0.4916	0.7378	0.2901	3.3944	4.6624
SOXL	dip|1d<-1.0sd hold2	0.0000	2	0.0000	171	5.1977	-0.9121	1.8675	-0.9485	9.7064	-0.9485	0.7810	0.2568	0.0504	5.4354
META	rsi2|<20 trend200 max3	0.0000	3	0.0000	114	2.2483	-0.1591	4.3133	-0.3974	9.6977	-0.3974	0.3281	0.7074	1.3509	2.1912
META	mom|60d>10%	0.1500	3	0.0000	13	9.6401	-0.1455	1.0050	-0.3009	9.6880	-0.3009	1.2111	0.0018	1.3509	2.1912
META	mom|60d>10%	0.1500	3	0.3000	13	9.6401	-0.1455	1.0050	-0.3009	9.6880	-0.3009	1.2111	0.0018	1.3509	2.1912
SOXL	dip|1d<-1.5sd hold1	0.0000	5	0.2000	85	2.1801	-0.4888	4.4365	-0.6129	9.6723	-0.6129	0.3138	0.7251	0.0504	5.4354
MSTR	mom|10d>10%	0.0000	1	0.0000	43	1.2573	-0.3762	7.6929	-0.3121	9.6720	-0.3762	0.0899	1.1100	1.0116	2.3136
MSTR	momS|10d<-5%	0.0000	2	0.3000	47	2.2011	-0.4471	4.3914	-0.4054	9.6657	-0.4471	0.3455	0.7186	1.0116	2.3136
TQQQ	mom|20d>20%	0.0800	5	0.2000	34	1.3039	-0.5130	7.3946	-0.2811	9.6420	-0.5130	0.0974	1.0797	1.0272	3.3408
AMD	mom|60d>5%	0.0000	1	0.2000	16	2.7841	-0.0572	3.4628	-0.2049	9.6408	-0.2049	0.4313	0.5755	1.7175	4.5569
AMD	mom|10d>10%	0.1500	2	0.3000	36	2.7663	-0.3131	3.4847	-0.4266	9.6399	-0.4266	0.4281	0.5792	1.7175	4.5569
NVDA	mom|20d>0%	0.2500	2	0.3000	64	8.5864	-0.3799	1.1225	-0.3505	9.6383	-0.3799	1.1233	0.0432	3.3944	4.6624
NVDA	brk|20/10	0.1500	2	0.2000	33	5.6912	-0.2896	1.6920	-0.3775	9.6294	-0.3775	0.8385	0.2122	3.3944	4.6624
GOLD	brk|10/5	0.0800	5	0.0000	56	1.9643	-0.2058	4.9020	-0.3527	9.6292	-0.3527	0.2667	0.7892	1.1434	2.0840
GOLD	xma|10/50	0.0000	20	0.0000	16	0.1030	-0.9289	93.4390	-0.4222	9.6273	-0.9405	-0.5488	4.2623	1.1434	2.0840
NVDA	xma|5/20	0.0800	3	0.3000	108	8.5855	-0.4507	1.1213	-0.3918	9.6270	-0.4507	1.1232	0.0428	3.3944	4.6624
MSTR	ma|100	0.0000	3	0.3000	23	1.3730	-0.3487	7.0072	-0.5819	9.6206	-0.5819	0.1266	1.0392	1.0116	2.3136
TQQQ	brk|55/20	0.0000	5	0.0000	11	0.8655	-0.9339	11.1105	0.0000	9.6160	-0.9339	-0.0493	1.4139	1.0272	3.3408
TQQQ	brk|55/20	0.2500	5	0.2000	11	0.8655	-0.7986	11.1105	0.0000	9.6160	-0.7986	-0.0493	1.4139	1.0272	3.3408
TQQQ	brk|55/20	0.0000	5	0.2000	11	0.8655	-0.7986	11.1105	0.0000	9.6160	-0.7986	-0.0493	1.4139	1.0272	3.3408
TQQQ	brk|55/20	0.0000	5	0.3000	11	0.8655	-0.8404	11.1105	0.0000	9.6160	-0.8404	-0.0493	1.4139	1.0272	3.3408
TQQQ	brk|55/20	0.2500	5	0.3000	11	0.8655	-0.8404	11.1105	0.0000	9.6160	-0.8404	-0.0493	1.4139	1.0272	3.3408
TQQQ	brk|55/20	0.2500	5	0.0000	11	0.8655	-0.9339	11.1105	0.0000	9.6160	-0.9339	-0.0493	1.4139	1.0272	3.3408
MSTR	mom|5d>10%	0.0800	3	0.3000	116	0.4173	-0.4140	2.6497	-0.4047	9.5949	-0.4140	-0.2802	0.4285	1.0116	2.3136
NVDA	brk|20/10	0.0800	5	0.2000	48	2.1789	-0.4063	4.3976	-0.4149	9.5821	-0.4149	0.3136	0.7195	3.3944	4.6624
NVDA	mom|60d>0%	0.2500	2	0.0000	32	16.4515	-0.6853	0.5824	-0.4676	9.5808	-0.6853	1.6663	-0.1795	3.3944	4.6624
SMCI	ma|200	0.0000	2	0.2000	9	20.1707	-0.2370	0.4749	-0.4357	9.5796	-0.4357	2.2094	-0.2385	7.7027	1.5224
MSTR	mom|10d>5%	0.2500	1	0.2000	66	1.7171	-0.2315	5.5772	-0.2495	9.5766	-0.2495	0.2255	0.8757	1.0116	2.3136
META	xma|20/100	0.0800	3	0.3000	37	8.8546	-0.2867	1.0814	-0.4461	9.5750	-0.4461	1.1463	0.0290	1.3509	2.1912
SOXL	rsi2|<10 trend100 max3	0.0000	2	0.0000	96	2.0300	-0.6229	4.7096	-0.5906	9.5607	-0.6229	0.2814	0.7632	0.0504	5.4354
NVDA	mom|10d>0%	0.1500	2	0.2000	87	6.1734	-0.2520	1.5481	-0.3196	9.5570	-0.3196	0.8916	0.1734	3.3944	4.6624
TQQQ	mom|20d>20%	0.0800	5	0.0000	34	1.3202	-0.7777	7.2348	-0.3940	9.5511	-0.7777	0.1022	1.0632	1.0272	3.3408
SOXL	ma|50	0.1500	1	0.2000	102	1.0172	-0.2597	9.3888	-0.2550	9.5504	-0.2597	0.0060	1.2696	0.0504	5.4354
GOLD	mom|60d>0%	0.0000	5	0.0000	24	0.9389	-0.3906	10.1618	-0.2108	9.5408	-0.3906	-0.0218	1.3363	1.1434	2.0840
GOLD	mom|60d>0%	0.0000	5	0.3000	24	0.9389	-0.3545	10.1618	-0.2108	9.5408	-0.3545	-0.0218	1.3363	1.1434	2.0840
MSTR	momS|10d<-5%	0.1500	2	0.0000	84	1.8514	-0.6222	5.1518	-0.5907	9.5380	-0.6424	0.2607	0.8221	1.0116	2.3136
UDOW	momS|10d<-5%	0.1500	2	0.2000	44	2.4021	-0.2651	3.9702	-0.2463	9.5368	-0.2943	0.3592	0.6564	0.6552	0.8981
NVDA	mom|5d>10%	0.0800	5	0.0000	48	2.7154	-0.8213	3.5119	-0.6983	9.5360	-0.8213	0.4188	0.5836	3.3944	4.6624
MSTR	xmaS|5/20	0.1500	2	0.2000	100	3.9669	-0.3223	2.3970	-0.3374	9.5089	-0.3374	0.6792	0.3771	1.0116	2.3136
AMD	brk|10/5	0.0800	3	0.3000	72	0.9719	-0.4264	9.7814	-0.4189	9.5061	-0.4264	-0.0099	1.3039	1.7175	4.5569
NVDA	brk|20/10	0.2500	2	0.2000	33	5.1598	-0.3255	1.8416	-0.3485	9.5022	-0.3485	0.7765	0.2504	3.3944	4.6624
NVDA	brk|20/10	0.0000	2	0.2000	33	5.1598	-0.3255	1.8416	-0.3485	9.5022	-0.3485	0.7765	0.2504	3.3944	4.6624
MSTR	mom|10d>10%	0.0000	1	0.2000	43	1.4780	-0.2420	6.4253	-0.2627	9.4969	-0.2627	0.1583	0.9755	1.0116	2.3136
AMD	xma|5/20	0.0800	2	0.0000	117	1.5387	-0.5773	6.1643	-0.6325	9.4851	-0.6325	0.1629	0.9457	1.7175	4.5569
SMCI	ma|200	0.2500	3	0.0000	20	64.8311	-0.5224	0.1462	-0.9190	9.4791	-0.9190	4.0495	-0.5052	7.7027	1.5224
AMD	mom|20d>0%	0.1500	2	0.0000	72	2.6462	-0.6105	3.5776	-0.7337	9.4672	-0.7337	0.4061	0.5944	1.7175	4.5569
AMD	dip|1d<-1.0sd hold2	0.0000	3	0.2000	154	4.7363	-0.2813	1.9979	-0.4024	9.4625	-0.4024	0.7240	0.2883	1.7175	4.5569
MSTR	mom|5d>0%	0.0000	1	0.0000	129	4.5343	-0.2746	2.0848	-0.6327	9.4530	-0.6327	0.7658	0.3085	1.0116	2.3136
AMD	xma|5/20	0.0800	3	0.0000	117	1.2815	-0.7447	7.3731	-0.7919	9.4486	-0.8264	0.0907	1.0775	1.7175	4.5569
META	xma|50/200	0.0800	3	0.2000	39	6.2194	-0.2527	1.5186	-0.2943	9.4446	-0.2943	0.8966	0.1652	1.3509	2.1912
AMD	xma|20/100	0.1500	2	0.3000	32	4.1007	-0.3186	2.3021	-0.4610	9.4400	-0.4610	0.6391	0.3568	1.7175	4.5569
TECL	mom|10d>0%	0.0800	3	0.2000	160	2.5717	-0.3591	3.6641	-0.3904	9.4231	-0.3904	0.3921	0.6084	0.1537	3.8701
SMCI	ma|200	0.2500	1	0.3000	20	13.4961	-0.1993	0.6971	-0.4391	9.4077	-0.4391	1.7459	-0.1237	7.7027	1.5224
SMCI	ma|200	0.2500	1	0.2000	20	13.4961	-0.1993	0.6971	-0.2689	9.4077	-0.2689	1.7459	-0.1237	7.7027	1.5224
SOLUSD	mom|10d>10%	0.0000	1	0.2000	52	14.5667	-0.3146	0.6452	-0.3216	9.3987	-0.3216	1.5551	-0.1482	7.9407	1.1320
NVDA	brk|100/10	0.2500	5	0.0000	20	8.5652	-0.3513	1.0964	-0.8056	9.3909	-0.8056	1.1215	0.0343	3.3944	4.6624
NVDA	brk|100/10	0.0000	5	0.0000	20	8.5652	-0.3513	1.0964	-0.8056	9.3909	-0.8056	1.1215	0.0343	3.3944	4.6624
AMD	brk|100/10	0.0800	2	0.3000	23	2.1558	-0.2664	4.3488	-0.2916	9.3752	-0.2916	0.3087	0.7125	1.7175	4.5569
AMD	brk|100/10	0.0800	2	0.0000	23	2.1558	-0.2664	4.3488	-0.2916	9.3752	-0.2916	0.3087	0.7125	1.7175	4.5569
AMD	brk|100/10	0.0800	2	0.2000	23	2.1558	-0.2664	4.3488	-0.2916	9.3752	-0.2916	0.3087	0.7125	1.7175	4.5569
GOLD	ma|10	0.2500	10	0.2000	116	0.9381	-0.3150	9.9826	-0.4016	9.3646	-0.4016	-0.0221	1.3212	1.1434	2.0840
GOLD	ma|10	0.0000	10	0.2000	116	0.9381	-0.3150	9.9826	-0.4016	9.3646	-0.4016	-0.0221	1.3212	1.1434	2.0840
NVDA	mom|20d>10%	0.2500	2	0.0000	21	2.9606	-0.4112	3.1620	-0.4761	9.3613	-0.4761	0.4624	0.5240	3.3944	4.6624
NVDA	brk|55/20	0.1500	2	0.0000	16	7.8500	-0.3355	1.1924	-0.2649	9.3607	-0.3355	1.0577	0.0665	3.3944	4.6624
NVDA	brk|55/20	0.1500	2	0.2000	16	7.8500	-0.3012	1.1924	-0.2649	9.3607	-0.3012	1.0577	0.0665	3.3944	4.6624
NVDA	brk|55/20	0.1500	2	0.3000	16	7.8500	-0.3012	1.1924	-0.2649	9.3607	-0.3012	1.0577	0.0665	3.3944	4.6624
TQQQ	mom|10d>5%	0.0800	3	0.3000	92	11.1266	-0.3809	0.8413	-0.4199	9.3607	-0.4199	1.3250	-0.0613	1.0272	3.3408
AMD	mom|20d>5%	0.1500	2	0.0000	45	1.7232	-0.6999	5.4314	-0.6593	9.3592	-0.7174	0.2099	0.8577	1.7175	4.5569
TECL	mom|10d>0%	0.0800	2	0.2000	160	2.1864	-0.2806	4.2800	-0.3426	9.3579	-0.3426	0.3151	0.7025	0.1537	3.8701
MSTR	mom|10d>5%	0.1500	1	0.3000	82	1.5807	-0.3359	5.9184	-0.3243	9.3552	-0.3359	0.1880	0.9170	1.0116	2.3136
TSLA	mom|20d>5%	0.1500	3	0.2000	45	3.6244	-0.4488	2.5810	-0.3329	9.3546	-0.4488	0.5698	0.4148	1.0220	1.5021
UDOW	xmaS|5/20	0.2500	3	0.0000	39	6.7043	-0.4593	1.3949	-0.7601	9.3520	-0.8703	0.9471	0.1295	0.6552	0.8981
TECL	brk|20/10	0.1500	3	0.3000	32	4.5731	-0.4533	2.0443	-0.3664	9.3487	-0.4533	0.7029	0.2991	0.1537	3.8701
TECL	brk|20/10	0.1500	3	0.2000	32	4.5731	-0.4533	2.0443	-0.3664	9.3487	-0.4533	0.7029	0.2991	0.1537	3.8701
ETHUSD	momS|20d<-10%	0.1500	2	0.3000	52	6.3835	-0.3317	1.8664	-0.4401	9.3405	-0.4401	0.9139	0.2566	1.3260	1.1363
AMD	mom|20d>5%	0.0000	3	0.3000	37	2.3759	-0.5747	3.9270	-0.4987	9.3302	-0.5747	0.3540	0.6497	1.7175	4.5569
AMD	xma|5/20	0.0800	2	0.3000	117	1.4982	-0.3459	6.2270	-0.3757	9.3294	-0.3757	0.1521	0.9530	1.7175	4.5569
ETHUSD	momS|20d<-5%	0.0800	2	0.2000	164	1.9218	-0.2618	4.1378	-0.3100	9.3142	-0.3100	0.2570	0.6816	1.3260	1.1363
AMD	mom|20d>5%	0.2500	3	0.3000	37	2.3759	-0.5747	3.9194	-0.4987	9.3119	-0.5747	0.3540	0.6486	1.7175	4.5569
TQQQ	brk|55/20	0.2500	3	0.3000	11	1.7913	-0.5440	5.1909	0.0000	9.2984	-0.5440	0.2265	0.8271	1.0272	3.3408
TQQQ	brk|55/20	0.0000	3	0.0000	11	1.7913	-0.7043	5.1909	0.0000	9.2984	-0.7043	0.2265	0.8271	1.0272	3.3408
TQQQ	brk|55/20	0.0000	3	0.2000	11	1.7913	-0.5440	5.1909	0.0000	9.2984	-0.5440	0.2265	0.8271	1.0272	3.3408
TQQQ	brk|55/20	0.0000	3	0.3000	11	1.7913	-0.5440	5.1909	0.0000	9.2984	-0.5440	0.2265	0.8271	1.0272	3.3408
TQQQ	brk|55/20	0.2500	3	0.2000	11	1.7913	-0.5440	5.1909	0.0000	9.2984	-0.5440	0.2265	0.8271	1.0272	3.3408
TQQQ	brk|55/20	0.2500	3	0.0000	11	1.7913	-0.7043	5.1909	0.0000	9.2984	-0.7043	0.2265	0.8271	1.0272	3.3408
NVDA	mom|20d>10%	0.0000	3	0.0000	21	3.1092	-0.6307	2.9876	-0.7103	9.2891	-0.7103	0.4877	0.4927	3.3944	4.6624
META	rsi2|<20 trend100 max3	0.0000	5	0.2000	115	1.5749	-0.2575	5.8860	-0.3836	9.2699	-0.3836	0.1724	0.9131	1.3509	2.1912
MSTR	momS|10d<-0%	0.2500	1	0.0000	98	2.5769	-0.3114	3.5915	-0.2914	9.2549	-0.3114	0.4277	0.5967	1.0116	2.3136
AMD	brk|20/5	0.0800	2	0.2000	54	1.4910	-0.2441	6.1982	-0.2916	9.2414	-0.2916	0.1501	0.9496	1.7175	4.5569
NVDA	ma|50	0.0800	5	0.2000	106	11.6027	-0.4794	0.7957	-0.4426	9.2327	-0.4794	1.3594	-0.0802	3.3944	4.6624
NVDA	mom|10d>10%	0.1500	2	0.0000	39	5.3988	-0.2450	1.7082	-0.4329	9.2222	-0.4329	0.8049	0.2165	3.3944	4.6624
AMD	mom|20d>10%	0.0800	3	0.2000	70	1.2598	-0.3819	7.3200	-0.2874	9.2215	-0.3819	0.0842	1.0720	1.7175	4.5569
NVDA	ma|20	0.1500	2	0.2000	70	5.6799	-0.2855	1.6227	-0.2834	9.2166	-0.2855	0.8372	0.1938	3.3944	4.6624
PLTR	ma|200	0.2500	1	0.3000	17	1.0891	-0.3244	8.4587	-0.1984	9.2121	-0.3244	0.0303	1.1846	0.6080	11.5379
NVDA	brk|20/10	0.0800	3	0.2000	48	1.8825	-0.3711	4.8897	-0.3053	9.2047	-0.3711	0.2480	0.7876	3.3944	4.6624
AMD	mom|60d>0%	0.1500	3	0.0000	49	7.4369	-0.6497	1.2377	-0.8068	9.2044	-0.8068	1.0191	0.0812	1.7175	4.5569
AMD	mom|20d>10%	0.1500	2	0.3000	29	3.6260	-0.2865	2.5351	-0.4303	9.1921	-0.4303	0.5700	0.4056	1.7175	4.5569
MSTR	xma|5/20	0.2500	2	0.2000	45	1.1809	-0.7095	7.7664	-0.7474	9.1715	-0.7474	0.0646	1.1174	1.0116	2.3136
NVDA	mom|20d>0%	0.0800	2	0.3000	120	3.7278	-0.3492	2.4598	-0.3467	9.1697	-0.3492	0.5853	0.3902	3.3944	4.6624
AMD	ma|100	0.1500	2	0.0000	40	3.2683	-0.5593	2.8019	-0.6170	9.1575	-0.6170	0.5140	0.4580	1.7175	4.5569
SOLUSD	mom|20d>5%	0.2500	2	0.0000	48	22.8990	-0.7166	0.3998	-0.8276	9.1558	-0.8276	1.9936	-0.2850	7.9407	1.1320
META	xma|20/100	0.0800	5	0.2000	37	18.1867	-0.3592	0.5032	-0.3958	9.1521	-0.3958	1.7616	-0.2222	1.3509	2.1912
TSLA	mom|10d>20%	0.0800	5	0.0000	23	3.1404	-0.5568	2.9116	-0.3832	9.1436	-0.5568	0.4929	0.4787	1.0220	1.5021
MSTR	brkS|10/5	0.2500	2	0.3000	52	1.6633	-0.4546	5.4958	-0.3386	9.1414	-0.4546	0.2109	0.8657	1.0116	2.3136
SMCI	brk|55/20	0.2500	2	0.2000	12	10.8251	-0.1671	0.8443	-0.3617	9.1392	-0.3617	1.5207	-0.0601	7.7027	1.5224
SMCI	brk|55/20	0.2500	2	0.3000	12	10.8251	-0.1671	0.8443	-0.3617	9.1392	-0.3617	1.5207	-0.0601	7.7027	1.5224
SMCI	brk|55/20	0.2500	2	0.0000	12	10.8251	-0.1671	0.8443	-0.3810	9.1392	-0.3810	1.5207	-0.0601	7.7027	1.5224
AMD	mom|20d>5%	0.1500	2	0.3000	45	2.4431	-0.3658	3.7334	-0.3473	9.1211	-0.3658	0.3673	0.6195	1.7175	4.5569
ETHUSD	momS|20d<-10%	0.1500	2	0.0000	52	5.7352	-0.5223	1.5902	-0.5403	9.1202	-0.5917	0.8435	0.1850	1.3260	1.1363
AMD	ma|10	0.0800	2	0.3000	153	1.8444	-0.3407	4.9423	-0.3521	9.1156	-0.3521	0.2391	0.7946	1.7175	4.5569
META	rsi2|<20 trend100 max3	0.0000	3	0.3000	115	2.5349	-0.1591	3.5950	-0.3379	9.1131	-0.3379	0.3851	0.5973	1.3509	2.1912
MSTR	mom|10d>10%	0.2500	1	0.0000	45	1.3012	-0.3711	6.9965	-0.4131	9.1041	-0.4131	0.1041	1.0380	1.0116	2.3136
NVDA	mom|10d>10%	0.0000	2	0.3000	39	5.6822	-0.2310	1.6020	-0.3308	9.1026	-0.3308	0.8375	0.1882	3.3944	4.6624
NVDA	mom|10d>10%	0.2500	2	0.3000	39	5.6822	-0.2310	1.6020	-0.3308	9.1026	-0.3308	0.8375	0.1882	3.3944	4.6624
PLTR	xma|20/100	0.0000	2	0.0000	10	1.0237	-0.5027	8.8914	-0.2831	9.1019	-0.5027	0.0082	1.2249	0.6080	11.5379
SOXL	ma|50	0.1500	3	0.2000	102	0.4644	-0.5050	19.5886	-0.5327	9.0960	-0.5327	-0.2356	1.9706	0.0504	5.4354
META	rsi2|<10 trend200 max3	0.0000	5	0.3000	102	1.8041	-0.3238	5.0415	-0.4222	9.0953	-0.4222	0.2295	0.8077	1.3509	2.1912
SMCI	xma|50/200	0.1500	1	0.3000	53	4.6694	-0.2355	1.9466	-0.4041	9.0897	-0.4041	0.8188	0.2761	7.7027	1.5224
AMD	brk|100/10	0.0000	2	0.2000	14	1.6985	-0.2301	5.3486	-0.1842	9.0844	-0.2301	0.2038	0.8472	1.7175	4.5569
AMD	brk|100/10	0.2500	2	0.2000	14	1.6985	-0.2301	5.3486	-0.1842	9.0844	-0.2301	0.2038	0.8472	1.7175	4.5569
TECL	xma|10/50	0.0800	2	0.2000	129	1.5786	-0.3170	5.7534	-0.2706	9.0824	-0.3170	0.1734	0.8972	0.1537	3.8701
UPRO	dip|3d<-1.0sd hold2	0.0000	2	0.2000	142	1.9876	-0.3382	4.5665	-0.2522	9.0765	-0.3382	0.2720	0.7434	1.2815	2.8547
NVDA	mom|10d>0%	0.2500	2	0.2000	86	6.4883	-0.2520	1.3983	-0.4254	9.0728	-0.4254	0.9249	0.1306	3.3944	4.6624
NVDA	mom|10d>0%	0.0000	2	0.2000	86	6.4883	-0.2520	1.3983	-0.4254	9.0728	-0.4254	0.9249	0.1306	3.3944	4.6624
UDOW	momS|10d<-5%	0.0800	5	0.2000	72	4.8485	-0.4433	1.8705	-0.4139	9.0689	-0.4433	0.7382	0.2576	0.6552	0.8981
SOLUSD	ma|100	0.0000	1	0.2000	32	11.2326	-0.2640	0.8067	-0.2371	9.0612	-0.2640	1.3328	-0.0756	7.9407	1.1320
MSTR	momS|10d<-5%	0.0800	2	0.2000	176	1.5865	-0.3046	5.7096	-0.3169	9.0583	-0.3169	0.1896	0.8919	1.0116	2.3136
SMCI	ma|200	0.1500	3	0.0000	53	6.3025	-0.6229	1.4370	-0.9412	9.0566	-0.9412	1.0433	0.1419	7.7027	1.5224
META	rsi2|<10 trend200 max7	0.0000	3	0.0000	85	3.2266	-0.2305	2.8058	-0.5341	9.0532	-0.5341	0.5072	0.4588	1.3509	2.1912
PLTR	ma|200	0.1500	3	0.0000	39	0.4273	-0.7399	21.1786	-0.7536	9.0500	-0.7536	-0.2575	2.0567	0.6080	11.5379
NVDA	ma|20	0.1500	5	0.2000	70	8.6746	-0.6553	1.0416	-0.4151	9.0352	-0.6553	1.1309	0.0150	3.3944	4.6624
AMD	brk|55/5	0.0800	3	0.3000	30	3.5823	-0.2419	2.5214	-0.4189	9.0324	-0.4189	0.5634	0.4028	1.7175	4.5569
AMD	mom|20d>5%	0.1500	2	0.2000	45	1.2844	-0.3658	7.0293	-0.2862	9.0282	-0.3658	0.0916	1.0415	1.7175	4.5569
TQQQ	dip|3d<-1.5sd hold2	0.0000	3	0.0000	60	4.9327	-0.4922	1.8294	-0.6259	9.0239	-0.6259	0.7487	0.2474	1.0272	3.3408
GOLD	brk|55/20	0.2500	10	0.3000	13	1.0783	-0.4689	8.3634	-0.5159	9.0184	-0.5159	0.0268	1.1756	1.1434	2.0840
GOLD	brk|55/20	0.0000	10	0.3000	13	1.0783	-0.4689	8.3634	-0.5159	9.0184	-0.5159	0.0268	1.1756	1.1434	2.0840
GOLD	brk|55/20	0.0000	10	0.0000	13	1.0783	-0.4689	8.3634	-0.5159	9.0184	-0.5159	0.0268	1.1756	1.1434	2.0840
GOLD	brk|55/20	0.2500	10	0.0000	13	1.0783	-0.4689	8.3634	-0.5159	9.0184	-0.5159	0.0268	1.1756	1.1434	2.0840
GOLD	brk|55/20	0.2500	10	0.2000	13	1.0783	-0.4689	8.3634	-0.5159	9.0184	-0.5159	0.0268	1.1756	1.1434	2.0840
GOLD	brk|55/20	0.0000	10	0.2000	13	1.0783	-0.4689	8.3634	-0.5159	9.0184	-0.5159	0.0268	1.1756	1.1434	2.0840
NVDA	brk|20/10	0.2500	5	0.0000	33	15.3667	-0.6947	0.5866	-0.9269	9.0139	-0.9269	1.6033	-0.1774	3.3944	4.6624
NVDA	brk|20/10	0.0000	5	0.0000	33	15.3667	-0.6947	0.5866	-0.9269	9.0139	-0.9269	1.6033	-0.1774	3.3944	4.6624
AMD	xma|20/100	0.0800	2	0.0000	107	2.3030	-0.5997	3.9131	-0.5224	9.0117	-0.5997	0.3393	0.6476	1.7175	4.5569
TSLA	brk|100/5	0.0800	5	0.0000	16	1.9431	-0.4678	4.6339	-0.4077	9.0039	-0.4678	0.2619	0.7528	1.0220	1.5021
NVDA	mom|20d>10%	0.0000	2	0.0000	21	2.8395	-0.4353	3.1620	-0.4761	8.9784	-0.4761	0.4412	0.5240	3.3944	4.6624
AMD	mom|60d>5%	0.2500	1	0.3000	19	3.0890	-0.0572	2.9035	-0.3331	8.9687	-0.3331	0.4843	0.4771	1.7175	4.5569
NVDA	mom|60d>5%	0.0800	3	0.3000	86	17.2860	-0.3579	0.5183	-0.3802	8.9600	-0.3802	1.7129	-0.2138	3.3944	4.6624
MSTR	mom|10d>10%	0.0800	2	0.2000	132	0.9590	-0.3290	4.6944	-0.2963	8.9562	-0.3290	-0.0156	0.7611	1.0116	2.3136
AMD	mom|10d>5%	0.0000	3	0.2000	55	6.9882	-0.3538	1.2801	-0.4936	8.9457	-0.4936	0.9756	0.0946	1.7175	4.5569
AMD	mom|10d>5%	0.2500	3	0.2000	55	6.9882	-0.3538	1.2776	-0.4946	8.9282	-0.4946	0.9756	0.0938	1.7175	4.5569
NVDA	mom|10d>20%	0.0000	5	0.3000	13	7.5252	-0.1699	1.1861	-0.4921	8.9260	-0.4921	1.0274	0.0645	3.3944	4.6624
NVDA	mom|10d>20%	0.2500	5	0.0000	13	7.5252	-0.1699	1.1861	-0.5101	8.9260	-0.5101	1.0274	0.0645	3.3944	4.6624
NVDA	mom|10d>20%	0.2500	5	0.3000	13	7.5252	-0.1699	1.1861	-0.4921	8.9260	-0.4921	1.0274	0.0645	3.3944	4.6624
NVDA	mom|10d>20%	0.2500	5	0.2000	13	7.5252	-0.1699	1.1861	-0.4921	8.9260	-0.4921	1.0274	0.0645	3.3944	4.6624
NVDA	mom|10d>20%	0.0000	5	0.2000	13	7.5252	-0.1699	1.1861	-0.4921	8.9260	-0.4921	1.0274	0.0645	3.3944	4.6624
NVDA	mom|10d>20%	0.0000	5	0.0000	13	7.5252	-0.1699	1.1861	-0.5101	8.9260	-0.5101	1.0274	0.0645	3.3944	4.6624
MSTR	xma|5/20	0.1500	1	0.2000	80	1.6711	-0.3297	5.3402	-0.4074	8.9238	-0.4074	0.2131	0.8462	1.0116	2.3136
AMD	mom|60d>5%	0.2500	1	0.2000	19	3.0890	-0.0572	2.8871	-0.2166	8.9180	-0.2166	0.4843	0.4741	1.7175	4.5569
AMD	mom|60d>5%	0.2500	1	0.0000	19	3.0890	-0.0572	2.8871	-0.3369	8.9180	-0.3369	0.4843	0.4741	1.7175	4.5569
SOLUSD	xma|5/20	0.0000	1	0.0000	48	8.1786	-0.7265	1.0884	-0.5458	8.9020	-0.7265	1.0874	0.0315	7.9407	1.1320
AMD	brk|20/10	0.1500	2	0.0000	33	1.9650	-0.5252	4.5285	-0.4537	8.8985	-0.5252	0.2669	0.7381	1.7175	4.5569
PLTR	xma|20/100	0.2500	2	0.0000	19	0.9855	-0.5220	9.0284	-0.4793	8.8975	-0.6188	-0.0051	1.2374	0.6080	11.5379
TECL	mom|20d>10%	0.0800	3	0.2000	87	1.3945	-0.3293	6.3614	-0.3467	8.8710	-0.3467	0.1235	0.9683	0.1537	3.8701
AMD	mom|60d>0%	0.0000	3	0.2000	30	7.3903	-0.2037	1.2002	-0.4903	8.8699	-0.4903	1.0146	0.0691	1.7175	4.5569
NVDA	mom|5d>5%	0.0000	3	0.3000	78	2.8175	-0.3730	3.1471	-0.4815	8.8669	-0.4815	0.4373	0.5213	3.3944	4.6624
NVDA	mom|5d>5%	0.1500	3	0.3000	78	2.8175	-0.3730	3.1471	-0.4815	8.8669	-0.4815	0.4373	0.5213	3.3944	4.6624
NVDA	mom|5d>5%	0.2500	3	0.3000	78	2.8175	-0.3730	3.1471	-0.4815	8.8669	-0.4815	0.4373	0.5213	3.3944	4.6624
NVDA	mom|10d>20%	0.1500	5	0.2000	13	6.9950	-0.1699	1.2663	-0.4921	8.8578	-0.4921	0.9762	0.0903	3.3944	4.6624
NVDA	mom|10d>20%	0.1500	5	0.0000	13	6.9950	-0.1699	1.2663	-0.5101	8.8578	-0.5101	0.9762	0.0903	3.3944	4.6624
NVDA	mom|10d>20%	0.1500	5	0.3000	13	6.9950	-0.1699	1.2663	-0.4921	8.8578	-0.4921	0.9762	0.0903	3.3944	4.6624
GOLD	ma|100	0.2500	10	0.3000	27	2.7964	-0.3779	3.1672	-0.5841	8.8567	-0.5841	0.4335	0.5249	1.1434	2.0840
GOLD	ma|100	0.0000	10	0.3000	27	2.7964	-0.3779	3.1672	-0.5841	8.8567	-0.5841	0.4335	0.5249	1.1434	2.0840
AMD	brk|55/10	0.2500	2	0.0000	18	2.3167	-0.1538	3.8190	-0.4183	8.8475	-0.4183	0.3421	0.6330	1.7175	4.5569
AMD	brk|55/10	0.2500	2	0.2000	18	2.3167	-0.1538	3.8190	-0.3336	8.8475	-0.3336	0.3421	0.6330	1.7175	4.5569
AMD	brk|55/10	0.2500	2	0.3000	18	2.3167	-0.1538	3.8190	-0.3336	8.8475	-0.3336	0.3421	0.6330	1.7175	4.5569
AMD	brk|55/10	0.0000	2	0.3000	18	2.3167	-0.1538	3.8190	-0.3336	8.8475	-0.3336	0.3421	0.6330	1.7175	4.5569
AMD	brk|55/10	0.0000	2	0.0000	18	2.3167	-0.1538	3.8190	-0.4183	8.8475	-0.4183	0.3421	0.6330	1.7175	4.5569
AMD	brk|55/10	0.0000	2	0.2000	18	2.3167	-0.1538	3.8190	-0.3336	8.8475	-0.3336	0.3421	0.6330	1.7175	4.5569
MSTR	ma|100	0.1500	2	0.2000	65	1.7745	-0.3397	4.9736	-0.3462	8.8256	-0.3462	0.2408	0.7987	1.0116	2.3136
AMD	mom|10d>10%	0.1500	5	0.3000	36	2.8503	-0.6972	3.0942	-0.6080	8.8192	-0.6972	0.4431	0.5119	1.7175	4.5569
SMCI	ma|200	0.2500	1	0.0000	20	13.4961	-0.1993	0.6522	-0.4752	8.8019	-0.4752	1.7459	-0.1448	7.7027	1.5224
META	rsi2|<20 trend100 max3	0.0000	3	0.0000	115	2.5349	-0.1591	3.4722	-0.4113	8.8018	-0.4113	0.3851	0.5771	1.3509	2.1912
TQQQ	xma|10/50	0.0800	5	0.2000	116	1.8418	-0.4052	4.7774	-0.3924	8.7990	-0.4052	0.2385	0.7724	1.0272	3.3408
AMD	ma|100	0.1500	3	0.0000	40	3.7904	-0.7216	2.3209	-0.7827	8.7973	-0.7827	0.5946	0.3609	1.7175	4.5569
GOLD	brk|55/5	0.0800	10	0.0000	27	1.1889	-0.3758	7.3951	-0.5100	8.7921	-0.5100	0.0625	1.0798	1.1434	2.0840
MSTR	mom|5d>0%	0.2500	1	0.0000	130	4.5343	-0.2746	1.9387	-0.6846	8.7909	-0.6846	0.7658	0.2742	1.0116	2.3136
NVDA	mom|60d>10%	0.0000	1	0.2000	10	7.4190	-0.1104	1.1848	-0.0334	8.7903	-0.1104	1.0174	0.0640	3.3944	4.6624
NVDA	mom|60d>10%	0.0000	1	0.3000	10	7.4190	-0.1104	1.1848	-0.0334	8.7903	-0.1104	1.0174	0.0640	3.3944	4.6624
NVDA	mom|60d>10%	0.0000	1	0.0000	10	7.4190	-0.1104	1.1848	-0.0334	8.7903	-0.1104	1.0174	0.0640	3.3944	4.6624
NVDA	ma|20	0.1500	5	0.3000	70	10.6088	-0.6553	0.8275	-0.5092	8.7793	-0.6553	1.2865	-0.0669	3.3944	4.6624
NVDA	mom|5d>10%	0.2500	2	0.0000	43	4.7008	-0.3397	1.8659	-0.5197	8.7714	-0.5197	0.7194	0.2564	3.3944	4.6624
NVDA	mom|5d>10%	0.0000	2	0.0000	43	4.7008	-0.3397	1.8659	-0.5197	8.7714	-0.5197	0.7194	0.2564	3.3944	4.6624
PLTR	ma|200	0.2500	1	0.0000	17	1.0354	-0.3577	8.4587	-0.1984	8.7578	-0.3577	0.0122	1.1846	0.6080	11.5379
META	xma|20/100	0.0800	2	0.0000	37	5.4102	-0.1962	1.6179	-0.3163	8.7530	-0.3163	0.8062	0.1925	1.3509	2.1912
MSTR	momS|10d<-0%	0.0000	1	0.3000	84	2.7465	-0.3237	3.1863	-0.2881	8.7511	-0.3237	0.4623	0.5283	1.0116	2.3136
TQQQ	ma|20	0.1500	2	0.3000	76	6.6321	-0.4140	1.3189	-0.3948	8.7473	-0.4140	0.9397	0.1066	1.0272	3.3408
TQQQ	ma|20	0.0800	2	0.2000	117	4.1715	-0.2887	2.0965	-0.2830	8.7457	-0.2887	0.6490	0.3112	1.0272	3.3408
NVDA	mom|10d>10%	0.0800	2	0.2000	53	3.1406	-0.1684	2.7840	-0.2824	8.7434	-0.2824	0.4930	0.4546	3.3944	4.6624
NVDA	mom|10d>10%	0.0800	2	0.0000	53	3.1406	-0.1684	2.7840	-0.2950	8.7434	-0.2950	0.4930	0.4546	3.3944	4.6624
NVDA	mom|10d>10%	0.0800	2	0.3000	53	3.1406	-0.1684	2.7840	-0.2950	8.7434	-0.2950	0.4930	0.4546	3.3944	4.6624
MSTR	ma|20	0.0000	2	0.0000	73	0.9539	-0.7572	9.1611	-0.6764	8.7386	-0.7572	-0.0176	1.2493	1.0116	2.3136
AMD	brk|55/10	0.0800	2	0.2000	27	2.7236	-0.1950	3.2057	-0.2916	8.7310	-0.2916	0.4203	0.5316	1.7175	4.5569
META	mom|60d>10%	0.1500	3	0.2000	13	9.6401	-0.1455	0.9050	-0.2217	8.7241	-0.2217	1.2111	-0.0359	1.3509	2.1912
META	rsi2|<20 trend0 max3	0.0000	3	0.3000	237	4.6292	-0.3698	1.8839	-0.4716	8.7212	-0.4716	0.7102	0.2609	1.3509	2.1912
META	rsi2|<20 trend0 max7	0.0000	3	0.2000	183	2.3484	-0.4138	3.7133	-0.2722	8.7206	-0.4138	0.3485	0.6163	1.3509	2.1912
UPRO	dip|3d<-1.5sd hold2	0.0000	5	0.2000	62	0.7684	-0.4622	11.3478	-0.4259	8.7200	-0.4622	-0.0881	1.4326	1.2815	2.8547
AMD	xma|20/100	0.0800	3	0.0000	107	2.3008	-0.7673	3.7895	-0.6894	8.7189	-0.7673	0.3388	0.6284	1.7175	4.5569
NVDA	mom|5d>10%	0.0000	2	0.3000	43	4.7008	-0.3397	1.8539	-0.4397	8.7148	-0.4397	0.7194	0.2535	3.3944	4.6624
NVDA	mom|5d>10%	0.2500	2	0.3000	43	4.7008	-0.3397	1.8539	-0.4397	8.7148	-0.4397	0.7194	0.2535	3.3944	4.6624
ETHUSD	maS|100	0.0800	2	0.2000	165	1.4540	-0.3716	5.9885	-0.2590	8.7072	-0.3716	0.1401	0.9252	1.3260	1.1363
NVDA	xma|20/100	0.0800	3	0.2000	102	5.6361	-0.3375	1.5443	-0.3779	8.7038	-0.3779	0.8323	0.1724	3.3944	4.6624
AMD	brk|20/5	0.0800	2	0.3000	54	1.4020	-0.3407	6.1982	-0.3663	8.6898	-0.3663	0.1256	0.9496	1.7175	4.5569
MSTR	mom|10d>10%	0.1500	2	0.3000	58	0.7286	-0.4540	11.9238	-0.3808	8.6879	-0.4540	-0.1123	1.4771	1.0116	2.3136
TSLA	mom|20d>5%	0.1500	3	0.3000	45	3.6244	-0.4488	2.3970	-0.3516	8.6877	-0.4488	0.5698	0.3771	1.0220	1.5021
MSTR	xma|50/200	0.1500	2	0.0000	54	2.9104	-0.4179	2.9834	-0.8149	8.6830	-0.8149	0.4946	0.4919	1.0116	2.3136
NVDA	mom|60d>0%	0.0800	2	0.0000	106	9.1386	-0.7280	0.9500	-0.6571	8.6816	-0.7280	1.1702	-0.0186	3.3944	4.6624
AMD	mom|20d>10%	0.0000	3	0.0000	24	3.9154	-0.5165	2.2143	-0.7716	8.6697	-0.7716	0.6128	0.3377	1.7175	4.5569
MSTR	momS|10d<-0%	0.1500	3	0.0000	125	1.6608	-0.7756	5.2199	-0.7443	8.6690	-0.7756	0.2102	0.8308	1.0116	2.3136
NVDA	xma|5/20	0.0800	2	0.2000	108	5.6085	-0.3159	1.5452	-0.2742	8.6662	-0.3159	0.8291	0.1726	3.3944	4.6624
MSTR	xma|5/20	0.1500	1	0.3000	80	1.6575	-0.3362	5.2210	-0.4074	8.6539	-0.4074	0.2093	0.8310	1.0116	2.3136
AMD	mom|20d>10%	0.2500	3	0.0000	24	3.9154	-0.5165	2.2099	-0.7716	8.6527	-0.7716	0.6128	0.3367	1.7175	4.5569
MSTR	ma|20	0.0000	1	0.0000	73	1.4084	-0.4388	6.1421	-0.4080	8.6504	-0.4388	0.1375	0.9432	1.0116	2.3136
AMD	mom|10d>10%	0.0800	5	0.0000	61	4.8028	-0.6884	1.7997	-0.8072	8.6437	-0.8072	0.7324	0.2399	1.7175	4.5569
NVDA	rsi2|<5 trend0 max7	0.0000	2	0.2000	154	3.5116	-0.3295	2.4615	-0.4625	8.6437	-0.4625	0.5525	0.3905	3.3944	4.6624
AMD	brk|10/5	0.0800	5	0.2000	72	0.3051	-0.4155	28.2952	-0.3840	8.6336	-0.4155	-0.3401	2.3986	1.7175	4.5569
NVDA	ma|100	0.0000	5	0.0000	29	17.6153	-0.8798	0.4897	-0.6929	8.6264	-0.8798	1.7309	-0.2299	3.3944	4.6624
NVDA	rsi2|<5 trend100 max7	0.0000	3	0.2000	103	3.5966	-0.2941	2.3934	-0.2637	8.6080	-0.2941	0.5656	0.3763	3.3944	4.6624
META	xma|50/200	0.0800	5	0.3000	39	12.3173	-0.3043	0.6986	-0.4620	8.6048	-0.4620	1.4093	-0.1230	1.3509	2.1912
SMCI	ma|200	0.1500	1	0.0000	53	3.9079	-0.2202	2.2017	-0.4760	8.6042	-0.4760	0.6973	0.3349	7.7027	1.5224
NVDA	mom|5d>0%	0.1500	2	0.2000	124	11.6714	-0.2999	0.7356	-0.2806	8.5854	-0.2999	1.3643	-0.1063	3.3944	4.6624
MSTR	mom|5d>0%	0.0800	1	0.3000	230	2.5700	-0.3062	3.3400	-0.3367	8.5838	-0.3367	0.4263	0.5548	1.0116	2.3136
TQQQ	brk|100/20	0.1500	3	0.0000	8	2.7468	-0.2012	3.1241	-0.1417	8.5813	-0.2012	0.4245	0.5173	1.0272	3.3408
TQQQ	brk|100/20	0.1500	3	0.2000	8	2.7468	-0.2012	3.1241	-0.1417	8.5813	-0.2012	0.4245	0.5173	1.0272	3.3408
TQQQ	brk|100/20	0.1500	3	0.3000	8	2.7468	-0.2012	3.1241	-0.1417	8.5813	-0.2012	0.4245	0.5173	1.0272	3.3408
META	rsi2|<5 trend200 max3	0.0000	5	0.0000	97	2.7169	-0.3238	3.1522	-0.6479	8.5642	-0.6479	0.4191	0.5222	1.3509	2.1912
AMD	mom|10d>0%	0.1500	1	0.2000	90	2.1259	-0.2250	4.0240	-0.2576	8.5546	-0.2576	0.3023	0.6645	1.7175	4.5569
META	xma|50/200	0.1500	5	0.2000	13	13.5650	-0.1180	0.6302	-0.6509	8.5494	-0.6509	1.4921	-0.1555	1.3509	2.1912
META	ma|200	0.0800	5	0.3000	42	8.6906	-0.3737	0.9837	-0.4620	8.5488	-0.4620	1.1323	-0.0060	1.3509	2.1912
NVDA	ma|20	0.2500	2	0.2000	70	5.7941	-0.2711	1.4748	-0.2834	8.5453	-0.2834	0.8501	0.1528	3.3944	4.6624
NVDA	ma|20	0.0000	2	0.2000	70	5.7941	-0.2711	1.4748	-0.2834	8.5453	-0.2834	0.8501	0.1528	3.3944	4.6624
GOLD	xma|10/50	0.0000	10	0.2000	16	0.5890	-0.4378	14.5080	-0.2111	8.5448	-0.4378	-0.1692	1.6615	1.1434	2.0840
SOXL	ma|50	0.2500	2	0.0000	52	1.6946	-0.7188	5.0400	-0.6575	8.5408	-0.7188	0.2029	0.8075	0.0504	5.4354
AMD	mom|20d>0%	0.1500	3	0.0000	72	2.7438	-0.7749	3.1057	-0.8816	8.5214	-0.8816	0.4240	0.5140	1.7175	4.5569
AMD	mom|60d>20%	0.0800	2	0.3000	76	1.9509	-0.3278	4.3633	-0.3300	8.5123	-0.3300	0.2637	0.7146	1.7175	4.5569
GOLD	mom|5d>0%	0.0800	5	0.0000	124	1.9206	-0.2996	4.4318	-0.5574	8.5116	-0.5574	0.2568	0.7244	1.1434	2.0840
TECL	dip|3d<-1.5sd hold5	0.0000	2	0.2000	52	1.6325	-0.4514	5.2025	-0.2748	8.4929	-0.4514	0.1872	0.8286	0.1537	3.8701
MSTR	ma|20	0.1500	1	0.3000	97	1.5640	-0.3731	5.4253	-0.3304	8.4849	-0.3731	0.1832	0.8569	1.0116	2.3136
NVDA	xma|10/50	0.0800	5	0.3000	100	5.7311	-0.5479	1.4802	-0.4426	8.4834	-0.5479	0.8430	0.1544	3.3944	4.6624
META	ma|100	0.0800	5	0.3000	50	13.2414	-0.3288	0.6406	-0.4620	8.4819	-0.4620	1.4711	-0.1504	1.3509	2.1912
MSTR	mom|10d>5%	0.1500	2	0.3000	82	0.6973	-0.4540	12.1639	-0.4227	8.4816	-0.4540	-0.1268	1.4953	1.0116	2.3136
NVDA	mom|5d>10%	0.0800	3	0.3000	48	2.9465	-0.3723	2.8742	-0.3739	8.4688	-0.3739	0.4600	0.4717	3.3944	4.6624
MSTR	mom|10d>20%	0.0800	2	0.2000	81	0.4065	-0.3290	17.4877	-0.2702	8.4663	-0.3290	-0.2873	1.8498	1.0116	2.3136
UDOW	xmaS|5/20	0.1500	2	0.3000	56	4.6986	-0.3172	1.7981	-0.4084	8.4484	-0.4084	0.7192	0.2395	0.6552	0.8981
MSTR	mom|10d>5%	0.0000	1	0.3000	64	1.2802	-0.3430	6.5936	-0.3224	8.4412	-0.3430	0.0974	0.9943	1.0116	2.3136
AMD	ma|100	0.0800	2	0.3000	109	1.8357	-0.3439	4.5973	-0.3757	8.4390	-0.3757	0.2370	0.7477	1.7175	4.5569
AMD	mom|60d>5%	0.0000	1	0.3000	16	2.7841	-0.0572	3.0305	-0.3081	8.4373	-0.3081	0.4313	0.5005	1.7175	4.5569
TQQQ	brk|55/20	0.0800	5	0.2000	28	2.6266	-0.4020	3.2119	-0.2735	8.4363	-0.4020	0.4024	0.5327	1.0272	3.3408
PLTR	xma|50/200	0.0800	2	0.2000	113	1.3815	-0.2829	6.1039	-0.3198	8.4325	-0.3198	0.1198	0.9387	0.6080	11.5379
GOLD	mom|60d>0%	0.2500	5	0.0000	25	0.9389	-0.3906	8.9770	-0.2108	8.4285	-0.3906	-0.0218	1.2327	1.1434	2.0840
GOLD	mom|60d>0%	0.2500	5	0.3000	25	0.9389	-0.3545	8.9770	-0.2108	8.4285	-0.3545	-0.0218	1.2327	1.1434	2.0840
AMD	xma|20/100	0.1500	2	0.0000	32	3.1763	-0.6308	2.6468	-0.5719	8.4069	-0.6308	0.4989	0.4279	1.7175	4.5569
AMD	xma|50/200	0.2500	2	0.0000	11	1.3859	-0.5339	6.0649	-0.3573	8.4051	-0.5339	0.1211	0.9342	1.7175	4.5569
TECL	dip|3d<-1.0sd hold5	0.0000	2	0.2000	88	1.5777	-0.3766	5.3203	-0.3538	8.3936	-0.3766	0.1731	0.8437	0.1537	3.8701
UDOW	xmaS|5/20	0.0000	3	0.3000	37	5.9518	-0.3277	1.4098	-0.5549	8.3910	-0.4945	0.8676	0.1339	0.6552	0.8981
AMD	mom|60d>5%	0.0000	1	0.0000	16	2.7841	-0.0572	3.0134	-0.3120	8.3896	-0.3120	0.4313	0.4974	1.7175	4.5569
GOLD	ma|50	0.0000	5	0.2000	42	1.0288	-0.2238	8.1460	-0.2441	8.3809	-0.2441	0.0100	1.1547	1.1434	2.0840
GOLD	ma|50	0.2500	5	0.2000	42	1.0288	-0.2238	8.1460	-0.2441	8.3809	-0.2441	0.0100	1.1547	1.1434	2.0840
NVDA	rsi2|<5 trend200 max7	0.0000	3	0.2000	101	4.5600	-0.3630	1.8377	-0.4223	8.3797	-0.4223	0.7012	0.2494	3.3944	4.6624
MSTR	ma|200	0.0000	1	0.3000	9	3.8552	-0.1759	2.1733	-0.1905	8.3785	-0.1905	0.6613	0.3286	1.0116	2.3136
MSTR	ma|200	0.0000	1	0.2000	9	3.8552	-0.1759	2.1733	-0.1905	8.3785	-0.1905	0.6613	0.3286	1.0116	2.3136
MSTR	ma|200	0.0000	1	0.0000	9	3.8552	-0.1759	2.1733	-0.1905	8.3785	-0.1905	0.6613	0.3286	1.0116	2.3136
GOLD	ma|10	0.1500	10	0.2000	116	0.9381	-0.3150	8.9306	-0.4016	8.3777	-0.4016	-0.0221	1.2285	1.1434	2.0840
SOXL	mom|20d>5%	0.2500	1	0.2000	58	1.4647	-0.3099	5.7171	-0.2838	8.3738	-0.3099	0.1430	0.8928	0.0504	5.4354
GOLD	mom|5d>0%	0.2500	5	0.3000	123	1.9206	-0.2996	4.3573	-0.3506	8.3685	-0.3506	0.2568	0.7137	1.1434	2.0840
GOLD	mom|5d>0%	0.0000	5	0.3000	123	1.9206	-0.2996	4.3573	-0.3506	8.3685	-0.3506	0.2568	0.7137	1.1434	2.0840
NVDA	brk|10/5	0.0800	2	0.3000	70	4.1274	-0.3611	2.0273	-0.3545	8.3674	-0.3611	0.6429	0.2952	3.3944	4.6624
META	xma|20/100	0.1500	2	0.0000	15	4.7450	-0.1581	1.7628	-0.2987	8.3644	-0.2987	0.7251	0.2306	1.3509	2.1912
META	xma|20/100	0.1500	2	0.3000	15	4.7450	-0.1581	1.7628	-0.2987	8.3644	-0.2987	0.7251	0.2306	1.3509	2.1912
MSTR	mom|10d>5%	0.2500	1	0.3000	66	1.3250	-0.3377	6.3110	-0.3453	8.3618	-0.3453	0.1117	0.9625	1.0116	2.3136
GOLD	ma|50	0.0000	5	0.0000	42	1.0141	-0.3785	8.2440	-0.2441	8.3602	-0.3785	0.0049	1.1642	1.1434	2.0840
GOLD	ma|50	0.2500	5	0.0000	42	1.0141	-0.3785	8.2440	-0.2441	8.3602	-0.3785	0.0049	1.1642	1.1434	2.0840
NVDA	brk|20/10	0.1500	2	0.0000	33	5.8492	-0.2896	1.4276	-0.6202	8.3503	-0.6202	0.8562	0.1392	3.3944	4.6624
NVDA	brk|20/10	0.0000	2	0.0000	33	5.3030	-0.3255	1.5742	-0.5899	8.3481	-0.5899	0.7936	0.1807	3.3944	4.6624
NVDA	brk|20/10	0.2500	2	0.0000	33	5.3030	-0.3255	1.5742	-0.5899	8.3481	-0.5899	0.7936	0.1807	3.3944	4.6624
AMD	dip|2d<-1.5sd hold5	0.0000	5	0.0000	52	0.2074	-0.9774	40.2324	-0.7001	8.3451	-0.9774	-0.4235	2.8659	1.7175	4.5569
MSTR	mom|5d>10%	0.0800	2	0.2000	116	0.6972	-0.2880	2.5587	-0.2860	8.3387	-0.2880	-0.1269	0.4104	1.0116	2.3136
UDOW	xmaS|5/20	0.2500	2	0.2000	39	4.3847	-0.2279	1.9000	-0.3945	8.3309	-0.3430	0.6780	0.2648	0.6552	0.8981
SOXL	ma|50	0.0000	2	0.0000	42	1.4098	-0.7623	5.9059	-0.7166	8.3260	-0.7623	0.1278	0.9155	0.0504	5.4354
SMCI	mom|60d>20%	0.2500	2	0.2000	28	3.0574	-0.4928	2.7228	-0.4413	8.3247	-0.4928	0.5431	0.4428	7.7027	1.5224
AMD	mom|10d>10%	0.0000	3	0.2000	33	3.5539	-0.4526	2.3416	-0.6644	8.3219	-0.6644	0.5590	0.3653	1.7175	4.5569
SOXL	dip|2d<-1.0sd hold5	0.0000	1	0.3000	107	2.1546	-0.3838	3.8595	-0.3761	8.3159	-0.4248	0.3084	0.6393	0.0504	5.4354
AMD	ma|50	0.1500	2	0.3000	52	3.0763	-0.3278	2.7023	-0.3339	8.3131	-0.3339	0.4822	0.4388	1.7175	4.5569
SOXL	mom|20d>5%	0.0800	1	0.3000	221	0.9052	-0.3602	9.1815	-0.3520	8.3108	-0.3602	-0.0343	1.2512	0.0504	5.4354
SMCI	ma|200	0.0000	1	0.3000	9	11.3659	-0.2090	0.7309	-0.3575	8.3074	-0.3575	1.5688	-0.1084	7.7027	1.5224
MSTR	xma|5/20	0.0000	1	0.0000	39	1.1766	-0.6462	7.0536	-0.3522	8.2994	-0.6462	0.0631	1.0441	1.0116	2.3136
AMD	mom|10d>10%	0.2500	3	0.2000	33	3.5539	-0.4526	2.3350	-0.6654	8.2986	-0.6654	0.5590	0.3639	1.7175	4.5569
AMD	mom|10d>10%	0.0800	3	0.2000	61	2.8541	-0.3053	2.9057	-0.3150	8.2934	-0.3150	0.4438	0.4776	1.7175	4.5569
NVDA	ma|20	0.0000	5	0.3000	70	11.5960	-0.6232	0.7147	-0.5092	8.2879	-0.6232	1.3589	-0.1157	3.3944	4.6624
NVDA	ma|20	0.2500	5	0.3000	70	11.5960	-0.6232	0.7147	-0.5092	8.2879	-0.6232	1.3589	-0.1157	3.3944	4.6624
TECL	brk|20/10	0.2500	2	0.2000	31	2.7357	-0.4782	3.0258	-0.2711	8.2777	-0.4782	0.4225	0.4996	0.1537	3.8701
AMD	mom|20d>10%	0.0000	2	0.0000	24	3.0229	-0.3634	2.7355	-0.6016	8.2690	-0.6016	0.4731	0.4453	1.7175	4.5569
NVDA	rsi2|<10 trend0 max7	0.0000	2	0.2000	163	3.4465	-0.3956	2.3972	-0.4625	8.2620	-0.4625	0.5424	0.3771	3.3944	4.6624
AMD	mom|20d>10%	0.2500	2	0.0000	24	3.0229	-0.3634	2.7325	-0.6016	8.2600	-0.6016	0.4731	0.4447	1.7175	4.5569
AMD	brk|55/5	0.0800	2	0.0000	30	2.5225	-0.1658	3.2742	-0.2916	8.2591	-0.2916	0.3827	0.5435	1.7175	4.5569
AMD	brk|55/5	0.0800	2	0.3000	30	2.5225	-0.1658	3.2742	-0.2916	8.2591	-0.2916	0.3827	0.5435	1.7175	4.5569
UPRO	brk|20/10	0.2500	5	0.0000	32	3.2486	-0.4860	2.5423	-0.5638	8.2589	-0.5638	0.5107	0.4070	1.2815	2.8547
UPRO	brk|20/10	0.0000	5	0.0000	32	3.2486	-0.4860	2.5423	-0.5638	8.2589	-0.5638	0.5107	0.4070	1.2815	2.8547
MSTR	xma|5/20	0.0000	2	0.3000	39	0.5192	-0.7305	15.9022	-0.4606	8.2569	-0.7305	-0.2185	1.7524	1.0116	2.3136
AMD	mom|20d>20%	0.0800	3	0.3000	43	1.0772	-0.3673	7.6583	-0.3972	8.2495	-0.3972	0.0264	1.1066	1.7175	4.5569
MSTR	mom|10d>20%	0.1500	1	0.0000	38	1.2540	-0.4494	6.5727	-0.2498	8.2418	-0.4494	0.0889	0.9920	1.0116	2.3136
SOXL	mom|20d>20%	0.1500	2	0.3000	59	0.3371	-0.5051	24.4348	-0.4501	8.2363	-0.5051	-0.3167	2.2210	0.0504	5.4354
MSTR	mom|5d>0%	0.2500	3	0.0000	130	21.4793	-0.7106	0.3833	-0.9873	8.2326	-0.9873	2.1699	-0.2960	1.0116	2.3136
AMD	dip|3d<-1.0sd hold5	0.0000	3	0.2000	98	1.6280	-0.3691	5.0526	-0.3482	8.2259	-0.3691	0.1861	0.8092	1.7175	4.5569
MSTR	momS|10d<-0%	0.0000	1	0.0000	84	2.5816	-0.3643	3.1863	-0.2881	8.2258	-0.3643	0.4287	0.5283	1.0116	2.3136
TQQQ	ma|20	0.0800	2	0.3000	117	6.1964	-0.3433	1.3272	-0.3489	8.2237	-0.3489	0.8941	0.1091	1.0272	3.3408
UPRO	rsi2|<10 trend0 max3	0.0000	3	0.2000	206	1.6407	-0.6079	5.0080	-0.2537	8.2169	-0.6079	0.1893	0.8033	1.2815	2.8547
NVDA	ma|100	0.2500	2	0.0000	31	10.1662	-0.6003	0.8080	-0.4453	8.2139	-0.6003	1.2527	-0.0751	3.3944	4.6624
AMD	mom|10d>5%	0.1500	1	0.2000	59	2.4917	-0.2252	3.2948	-0.2308	8.2096	-0.2308	0.3767	0.5471	1.7175	4.5569
PLTR	ma|200	0.0000	5	0.0000	9	4.6412	-0.9373	1.7662	0.0000	8.1974	-0.9373	0.7118	0.2314	0.6080	11.5379
NVDA	brk|100/5	0.0000	3	0.0000	29	3.5333	-0.2877	2.3193	-0.4926	8.1948	-0.4926	0.5559	0.3606	3.3944	4.6624
NVDA	brk|100/5	0.2500	3	0.3000	29	3.5333	-0.2877	2.3193	-0.4926	8.1948	-0.4926	0.5559	0.3606	3.3944	4.6624
NVDA	brk|100/5	0.2500	3	0.0000	29	3.5333	-0.2877	2.3193	-0.4926	8.1948	-0.4926	0.5559	0.3606	3.3944	4.6624
NVDA	brk|100/5	0.1500	3	0.3000	29	3.5333	-0.2877	2.3193	-0.4926	8.1948	-0.4926	0.5559	0.3606	3.3944	4.6624
NVDA	brk|100/5	0.0000	3	0.3000	29	3.5333	-0.2877	2.3193	-0.4926	8.1948	-0.4926	0.5559	0.3606	3.3944	4.6624
NVDA	brk|100/5	0.1500	3	0.0000	29	3.5333	-0.2877	2.3193	-0.4926	8.1948	-0.4926	0.5559	0.3606	3.3944	4.6624
MSTR	maS|20	0.2500	2	0.3000	88	1.9505	-0.4000	4.1976	-0.3661	8.1874	-0.4000	0.2857	0.6905	1.0116	2.3136
TSLA	mom|20d>5%	0.0800	3	0.0000	86	1.8264	-0.6691	4.4824	-0.5795	8.1867	-0.6871	0.2348	0.7316	1.0220	1.5021
META	rsi2|<20 trend200 max7	0.0000	3	0.3000	95	2.6673	-0.2629	3.0683	-0.4636	8.1842	-0.4636	0.4100	0.5073	1.3509	2.1912
MSTR	xma|5/20	0.1500	2	0.0000	80	1.4998	-0.8442	5.4551	-0.8186	8.1817	-0.8442	0.1647	0.8606	1.0116	2.3136
META	rsi2|<20 trend100 max3	0.0000	3	0.2000	115	2.5349	-0.1591	3.2259	-0.3228	8.1774	-0.3228	0.3851	0.5352	1.3509	2.1912
GOLD	ma|50	0.2500	20	0.2000	42	0.5675	-0.3490	14.4069	-0.6415	8.1754	-0.6415	-0.1800	1.6547	1.1434	2.0840
GOLD	ma|50	0.0000	20	0.2000	42	0.5675	-0.3490	14.4069	-0.6415	8.1754	-0.6415	-0.1800	1.6547	1.1434	2.0840
AMD	dip|1d<-2.0sd hold5	0.0000	2	0.3000	36	4.2806	-0.2001	1.9093	-0.3017	8.1732	-0.3017	0.6640	0.2671	1.7175	4.5569
AMD	dip|1d<-2.0sd hold5	0.0000	2	0.0000	36	4.2806	-0.2001	1.9093	-0.3017	8.1732	-0.3017	0.6640	0.2671	1.7175	4.5569
AMD	xma|5/20	0.0800	3	0.3000	117	0.9309	-0.4155	8.7769	-0.4082	8.1707	-0.4155	-0.0248	1.2143	1.7175	4.5569
AMD	brk|55/10	0.0000	5	0.2000	18	4.3880	-0.3844	1.8612	-0.4869	8.1670	-0.4869	0.6785	0.2553	1.7175	4.5569
AMD	brk|55/10	0.0000	5	0.3000	18	4.3880	-0.3844	1.8612	-0.4869	8.1670	-0.4869	0.6785	0.2553	1.7175	4.5569
AMD	brk|55/10	0.2500	5	0.3000	18	4.3880	-0.3844	1.8612	-0.4869	8.1670	-0.4869	0.6785	0.2553	1.7175	4.5569
AMD	brk|55/10	0.2500	5	0.2000	18	4.3880	-0.3844	1.8612	-0.4869	8.1670	-0.4869	0.6785	0.2553	1.7175	4.5569
AMD	dip|2d<-1.5sd hold5	0.0000	5	0.3000	52	0.1579	-0.8177	51.7100	-0.4749	8.1651	-0.8177	-0.4761	3.2378	1.7175	4.5569
AMD	dip|1d<-2.0sd hold5	0.0000	2	0.2000	36	4.2287	-0.2001	1.9295	-0.2029	8.1591	-0.2029	0.6569	0.2719	1.7175	4.5569
TSLA	brk|100/10	0.2500	5	0.3000	10	1.4806	-0.4250	5.5095	-0.4642	8.1576	-0.4642	0.1473	0.8674	1.0220	1.5021
TSLA	brk|100/10	0.2500	5	0.2000	10	1.4806	-0.4250	5.5095	-0.2891	8.1576	-0.4250	0.1473	0.8674	1.0220	1.5021
TSLA	brk|100/10	0.2500	5	0.0000	10	1.4806	-0.4250	5.5095	-0.4642	8.1576	-0.4642	0.1473	0.8674	1.0220	1.5021
TSLA	brk|100/10	0.0000	5	0.0000	10	1.4806	-0.4250	5.5095	-0.4642	8.1576	-0.4642	0.1473	0.8674	1.0220	1.5021
TSLA	brk|100/10	0.0000	5	0.3000	10	1.4806	-0.4250	5.5095	-0.4642	8.1576	-0.4642	0.1473	0.8674	1.0220	1.5021
TSLA	brk|100/10	0.0000	5	0.2000	10	1.4806	-0.4250	5.5095	-0.2891	8.1576	-0.4250	0.1473	0.8674	1.0220	1.5021
MSTR	mom|5d>10%	0.1500	2	0.3000	70	1.3637	-0.3366	5.9777	-0.3877	8.1520	-0.3877	0.1238	0.9240	1.0116	2.3136
META	rsi2|<5 trend200 max3	0.0000	5	0.2000	97	2.7859	-0.2018	2.9215	-0.3736	8.1392	-0.3736	0.4316	0.4805	1.3509	2.1912
NVDA	mom|5d>5%	0.0800	3	0.3000	90	4.6979	-0.3821	1.7325	-0.4418	8.1390	-0.4418	0.7191	0.2228	3.3944	4.6624
META	rsi2|<5 trend100 max7	0.0000	5	0.2000	78	2.8776	-0.3819	2.8282	-0.4201	8.1384	-0.4201	0.4479	0.4630	1.3509	2.1912
NVDA	mom|20d>0%	0.2500	2	0.0000	64	4.7614	-0.7974	1.7074	-0.4389	8.1296	-0.7974	0.7272	0.2163	3.3944	4.6624
MSTR	rsi2|<20 trend200 max3	0.0000	3	0.2000	112	1.5779	-0.3724	5.1504	-0.6020	8.1266	-0.6020	0.1872	0.8219	1.0116	2.3136
NVDA	mom|5d>5%	0.1500	2	0.0000	78	4.6658	-0.6889	1.7404	-0.4955	8.1204	-0.6889	0.7150	0.2248	3.3944	4.6624
NVDA	mom|20d>0%	0.0000	2	0.0000	63	4.7554	-0.7977	1.7074	-0.4389	8.1194	-0.7977	0.7264	0.2163	3.3944	4.6624
GOLD	mom|5d>0%	0.0800	5	0.3000	124	1.9206	-0.2996	4.2268	-0.3530	8.1179	-0.3530	0.2568	0.6948	1.1434	2.0840
MSTR	mom|5d>5%	0.1500	2	0.2000	98	1.9136	-0.2731	4.2416	-0.3462	8.1169	-0.3462	0.2765	0.6969	1.0116	2.3136
NVDA	rsi2|<5 trend100 max3	0.0000	3	0.3000	124	5.0166	-0.3855	1.6167	-0.4320	8.1103	-0.4320	0.7590	0.1922	3.3944	4.6624
SOXL	dip|1d<-1.0sd hold2	0.0000	1	0.0000	171	3.7510	-0.6572	2.1601	-0.7180	8.1023	-0.7180	0.5888	0.3256	0.0504	5.4354
TECL	brk|20/10	0.0000	2	0.2000	31	2.7357	-0.4782	2.9585	-0.2711	8.0937	-0.4782	0.4225	0.4873	0.1537	3.8701
PLTR	xma|50/200	0.1500	1	0.3000	33	1.6697	-0.2142	4.8458	-0.3244	8.0909	-0.3244	0.1966	0.7817	0.6080	11.5379
AMD	mom|10d>0%	0.1500	5	0.2000	90	0.5085	-0.7327	15.9010	-0.4059	8.0856	-0.7327	-0.2109	1.7523	1.7175	4.5569
NVDA	mom|60d>20%	0.1500	5	0.0000	20	9.0804	-0.9525	0.8902	-0.7685	8.0832	-0.9525	1.1653	-0.0417	3.3944	4.6624
UPRO	xma|5/20	0.1500	5	0.2000	42	1.6352	-0.6799	4.9409	-0.4474	8.0794	-0.6799	0.1879	0.7944	1.2815	2.8547
MSTR	brk|55/10	0.0000	2	0.0000	14	1.2908	-0.4745	6.2426	-0.3070	8.0579	-0.4745	0.1008	0.9547	1.0116	2.3136
MSTR	brk|55/10	0.0000	2	0.3000	14	1.2908	-0.3691	6.2426	-0.3070	8.0579	-0.3691	0.1008	0.9547	1.0116	2.3136
MSTR	brk|55/10	0.0000	2	0.2000	14	1.2908	-0.2081	6.2426	-0.3070	8.0579	-0.3070	0.1008	0.9547	1.0116	2.3136
NVDA	mom|5d>5%	0.0000	3	0.0000	78	6.0477	-0.8415	1.3324	-0.7493	8.0578	-0.8415	0.8780	0.1107	3.3944	4.6624
NVDA	mom|5d>5%	0.2500	3	0.0000	78	6.0477	-0.8415	1.3324	-0.7493	8.0578	-0.8415	0.8780	0.1107	3.3944	4.6624
AMD	mom|10d>0%	0.1500	1	0.3000	90	2.0572	-0.3822	3.9076	-0.3148	8.0389	-0.3822	0.2874	0.6468	1.7175	4.5569
GOLD	brk|10/5	0.2500	10	0.2000	56	3.0835	-0.3291	2.6070	-0.5519	8.0386	-0.5519	0.4834	0.4200	1.1434	2.0840
GOLD	brk|10/5	0.0000	10	0.2000	56	3.0835	-0.3291	2.6070	-0.5519	8.0386	-0.5519	0.4834	0.4200	1.1434	2.0840
SOXL	xma|50/200	0.0800	1	0.0000	261	0.8940	-0.4885	8.9904	-0.5768	8.0373	-0.5768	-0.0385	1.2339	0.0504	5.4354
MSTR	xma|5/20	0.1500	1	0.0000	80	1.8149	-0.5252	4.4286	-0.4973	8.0372	-0.5252	0.2513	0.7239	1.0116	2.3136
NVDA	mom|20d>0%	0.0800	3	0.0000	120	2.1857	-0.8965	3.6760	-0.5712	8.0346	-0.8965	0.3150	0.6103	3.3944	4.6624
TECL	mom|20d>5%	0.0800	2	0.2000	115	3.4570	-0.2909	2.3225	-0.4032	8.0289	-0.4032	0.5440	0.3612	0.1537	3.8701
MSTR	mom|20d>20%	0.0800	2	0.0000	109	0.3025	-0.8794	26.5383	-0.4963	8.0271	-0.8794	-0.3622	2.3198	1.0116	2.3136
META	mom|60d>5%	0.0000	2	0.2000	15	5.0527	-0.1211	1.5853	-0.2112	8.0101	-0.2112	0.7635	0.1837	1.3509	2.1912
META	mom|60d>5%	0.2500	2	0.2000	15	5.0527	-0.1211	1.5853	-0.2112	8.0101	-0.2112	0.7635	0.1837	1.3509	2.1912
TQQQ	ma|20	0.1500	3	0.2000	76	4.8860	-0.5326	1.6383	-0.3759	8.0049	-0.5326	0.7429	0.1980	1.0272	3.3408
AMD	xma|20/100	0.1500	3	0.0000	32	3.4349	-0.8114	2.3300	-0.7573	8.0034	-0.8114	0.5405	0.3628	1.7175	4.5569
MSTR	mom|20d>0%	0.0800	1	0.2000	192	1.2825	-0.2576	6.2374	-0.2350	7.9992	-0.2576	0.0981	0.9541	1.0116	2.3136
META	mom|60d>5%	0.0800	3	0.3000	35	9.6612	-0.3392	0.8274	-0.3975	7.9938	-0.3975	1.2128	-0.0670	1.3509	2.1912
NVDA	rsi2|<5 trend200 max7	0.0000	3	0.3000	101	4.0501	-0.3926	1.9728	-0.6427	7.9901	-0.6427	0.6320	0.2823	3.3944	4.6624
MSTR	mom|10d>20%	0.0000	1	0.3000	27	1.1948	-0.3165	6.6843	-0.1876	7.9866	-0.3165	0.0692	1.0043	1.0116	2.3136
PLTR	brk|100/20	0.0800	3	0.2000	30	1.5796	-0.2039	5.0532	-0.2229	7.9822	-0.2229	0.1736	0.8092	0.6080	11.5379
PLTR	brk|100/10	0.0800	3	0.2000	30	1.5796	-0.2039	5.0532	-0.2229	7.9822	-0.2229	0.1736	0.8092	0.6080	11.5379
MSTR	brk|20/10	0.2500	2	0.0000	26	1.4418	-0.7544	5.5350	-0.7157	7.9806	-0.7544	0.1476	0.8705	1.0116	2.3136
NVDA	dip|3d<-1.5sd hold5	0.0000	2	0.3000	46	1.6006	-0.3277	4.9851	-0.2470	7.9792	-0.3277	0.1791	0.8003	3.3944	4.6624
NVDA	rsi2|<5 trend0 max3	0.0000	2	0.2000	196	2.5871	-0.3354	3.0799	-0.2403	7.9680	-0.3354	0.3950	0.5094	3.3944	4.6624
MSTR	mom|60d>10%	0.0800	2	0.2000	165	0.6716	-0.3184	11.8617	-0.2873	7.9660	-0.3184	-0.1391	1.4724	1.0116	2.3136
TECL	brk|20/10	0.1500	2	0.2000	32	3.5969	-0.3022	2.2126	-0.2443	7.9587	-0.3022	0.5656	0.3373	0.1537	3.8701
GOLD	xma|10/50	0.2500	20	0.0000	16	0.1030	-0.9289	77.2379	-0.4222	7.9580	-0.9405	-0.5488	3.9081	1.1434	2.0840
NVDA	mom|20d>10%	0.0800	5	0.3000	54	2.1794	-0.5060	3.6453	-0.6305	7.9448	-0.6305	0.3137	0.6054	3.3944	4.6624
GOLD	ma|50	0.1500	5	0.2000	43	1.0288	-0.2238	7.7217	-0.2441	7.9444	-0.2441	0.0100	1.1129	1.1434	2.0840
NVDA	ma|50	0.0800	3	0.3000	106	7.3555	-0.4062	1.0792	-0.3858	7.9382	-0.4062	1.0113	0.0283	3.3944	4.6624
GOLD	ma|50	0.1500	5	0.0000	43	1.0141	-0.3785	7.8145	-0.2441	7.9247	-0.3785	0.0049	1.1222	1.1434	2.0840
META	rsi2|<20 trend0 max3	0.0000	3	0.0000	237	5.6814	-0.4759	1.3932	-0.8038	7.9153	-0.8038	0.8374	0.1290	1.3509	2.1912
MSTR	momS|10d<-0%	0.2500	1	0.3000	98	2.2037	-0.3114	3.5915	-0.2914	7.9146	-0.3114	0.3461	0.5967	1.0116	2.3136
UDOW	xmaS|5/20	0.0000	3	0.2000	37	7.2280	-0.2831	1.0949	-0.4067	7.9140	-0.4067	0.9990	0.0337	0.6552	0.8981
AMD	brk|20/5	0.0800	2	0.0000	54	1.2768	-0.5932	6.1982	-0.3853	7.9139	-0.5932	0.0893	0.9496	1.7175	4.5569
TQQQ	dip|3d<-1.5sd hold2	0.0000	2	0.2000	60	4.0388	-0.2059	1.9588	-0.2793	7.9113	-0.2793	0.6304	0.2790	1.0272	3.3408
NVDA	dip|1d<-1.0sd hold1	0.0000	5	0.0000	183	0.5683	-0.8672	13.9183	-0.5941	7.9101	-0.8672	-0.1795	1.6214	3.3944	4.6624
MSTR	brkS|10/5	0.0800	3	0.2000	98	1.4139	-0.3913	5.5903	-0.3524	7.9042	-0.3913	0.1392	0.8774	1.0116	2.3136
AMD	xma|5/20	0.0800	2	0.2000	117	1.2099	-0.2926	6.5325	-0.2845	7.9035	-0.2926	0.0690	0.9875	1.7175	4.5569
MSTR	brkS|10/5	0.2500	2	0.0000	52	2.0975	-0.5797	3.7669	-0.6988	7.9010	-0.6988	0.3213	0.6248	1.0116	2.3136
NVDA	brk|20/5	0.0800	3	0.0000	58	2.5348	-0.7091	3.1134	-0.6396	7.8919	-0.7091	0.3850	0.5154	3.3944	4.6624
NVDA	xma|20/100	0.2500	2	0.0000	17	6.6338	-0.7018	1.1887	-0.3377	7.8857	-0.7018	0.9399	0.0653	3.3944	4.6624
MSTR	xma|50/200	0.1500	1	0.0000	54	2.1048	-0.2212	3.7457	-0.5355	7.8841	-0.5355	0.3231	0.6214	1.0116	2.3136
NVDA	ma|100	0.2500	3	0.0000	31	13.4387	-0.7629	0.5862	-0.6257	7.8775	-0.7629	1.4839	-0.1776	3.3944	4.6624
META	xma|20/100	0.2500	2	0.0000	8	4.7810	-0.1407	1.6464	-0.0985	7.8717	-0.1407	0.7297	0.2002	1.3509	2.1912
META	xma|20/100	0.2500	2	0.2000	8	4.7810	-0.1407	1.6464	-0.0985	7.8717	-0.1407	0.7297	0.2002	1.3509	2.1912
META	xma|20/100	0.0000	2	0.3000	8	4.7810	-0.1407	1.6464	-0.0985	7.8717	-0.1407	0.7297	0.2002	1.3509	2.1912
META	xma|20/100	0.0000	2	0.2000	8	4.7810	-0.1407	1.6464	-0.0985	7.8717	-0.1407	0.7297	0.2002	1.3509	2.1912
META	xma|20/100	0.0000	2	0.0000	8	4.7810	-0.1407	1.6464	-0.0985	7.8717	-0.1407	0.7297	0.2002	1.3509	2.1912
META	xma|20/100	0.2500	2	0.3000	8	4.7810	-0.1407	1.6464	-0.0985	7.8717	-0.1407	0.7297	0.2002	1.3509	2.1912
MSTR	momS|10d<-0%	0.2500	3	0.0000	98	1.1550	-0.7447	6.8112	-0.6811	7.8670	-0.7452	0.0557	1.0181	1.0116	2.3136
NVDA	mom|60d>5%	0.0000	1	0.2000	13	7.0929	-0.1104	1.1091	-0.1353	7.8669	-0.1353	0.9859	0.0386	3.3944	4.6624
NVDA	mom|60d>5%	0.0000	1	0.0000	13	7.0929	-0.1104	1.1091	-0.1353	7.8669	-0.1353	0.9859	0.0386	3.3944	4.6624
NVDA	mom|60d>5%	0.0000	1	0.3000	13	7.0929	-0.1104	1.1091	-0.1353	7.8669	-0.1353	0.9859	0.0386	3.3944	4.6624
US500	brk|20/10	0.1500	10	0.2000	32	3.0603	-0.2752	2.5701	-0.2445	7.8656	-0.2752	0.4795	0.4127	1.2251	1.6367
US500	brk|20/10	0.0800	10	0.2000	32	3.0603	-0.2752	2.5701	-0.2445	7.8656	-0.2752	0.4795	0.4127	1.2251	1.6367
US500	brk|20/10	0.2500	10	0.2000	32	3.0603	-0.2752	2.5701	-0.2445	7.8656	-0.2752	0.4795	0.4127	1.2251	1.6367
US500	brk|20/10	0.0000	10	0.2000	32	3.0603	-0.2752	2.5701	-0.2445	7.8656	-0.2752	0.4795	0.4127	1.2251	1.6367
META	mom|60d>0%	0.0800	5	0.3000	64	17.4675	-0.4572	0.4501	-0.4620	7.8625	-0.4620	1.7228	-0.2533	1.3509	2.1912
NVDA	rsi2|<5 trend0 max7	0.0000	3	0.2000	154	2.9640	-0.4724	2.6504	-0.4223	7.8560	-0.4724	0.4630	0.4287	3.3944	4.6624
GOLD	brk|55/5	0.0800	10	0.3000	27	1.1889	-0.3391	6.6024	-0.4421	7.8497	-0.4421	0.0625	0.9952	1.1434	2.0840
NVDA	ma|50	0.1500	2	0.0000	56	8.9504	-0.5142	0.8768	-0.4465	7.8476	-0.5142	1.1544	-0.0470	3.3944	4.6624
MSTR	mom|10d>20%	0.0000	2	0.2000	27	0.6444	-0.3454	12.1694	-0.3596	7.8421	-0.3596	-0.1524	1.4957	1.0116	2.3136
NVDA	mom|60d>5%	0.0800	2	0.2000	86	10.3721	-0.2318	0.7555	-0.2634	7.8364	-0.2634	1.2685	-0.0975	3.3944	4.6624
META	mom|60d>0%	0.1500	5	0.3000	41	14.8906	-0.3399	0.5252	-0.4778	7.8200	-0.4778	1.5748	-0.2100	1.3509	2.1912
AMD	ma|20	0.0000	2	0.2000	72	1.4332	-0.3247	5.4526	-0.3517	7.8147	-0.3517	0.1343	0.8603	1.7175	4.5569
NVDA	rsi2|<10 trend100 max3	0.0000	3	0.3000	133	7.0543	-0.3855	1.1070	-0.4110	7.8092	-0.4110	0.9821	0.0379	3.3944	4.6624
AMD	dip|2d<-1.5sd hold5	0.0000	2	0.3000	52	1.4391	-0.4100	5.4262	-0.3364	7.8090	-0.4100	0.1360	0.8570	1.7175	4.5569
AMD	ma|20	0.2500	2	0.2000	72	1.4332	-0.3247	5.4469	-0.3524	7.8066	-0.3524	0.1343	0.8596	1.7175	4.5569
ETHUSD	momS|20d<-10%	0.0800	2	0.2000	121	2.8120	-0.2881	3.7713	-0.3066	7.8058	-0.3066	0.4363	0.6255	1.3260	1.1363
SOLUSD	brk|20/5	0.2500	2	0.2000	37	6.5934	-0.4721	1.1837	-0.3018	7.8047	-0.4721	0.9357	0.0637	7.9407	1.1320
META	xma|20/100	0.0800	3	0.2000	37	8.5415	-0.2527	0.9128	-0.3122	7.7969	-0.3122	1.1194	-0.0328	1.3509	2.1912
NVDA	brk|100/5	0.1500	5	0.3000	29	2.5226	-0.3809	3.0906	-0.4618	7.7964	-0.4618	0.3827	0.5113	3.3944	4.6624
NVDA	brk|100/5	0.0000	5	0.3000	29	2.5226	-0.3809	3.0906	-0.4618	7.7964	-0.4618	0.3827	0.5113	3.3944	4.6624
NVDA	brk|100/5	0.2500	5	0.3000	29	2.5226	-0.3809	3.0906	-0.4618	7.7964	-0.4618	0.3827	0.5113	3.3944	4.6624
MSTR	mom|10d>20%	0.0000	2	0.0000	27	0.4850	-0.8434	16.0470	-0.3596	7.7835	-0.8434	-0.2383	1.7615	1.0116	2.3136
META	rsi2|<20 trend100 max7	0.0000	3	0.2000	96	2.0536	-0.2629	3.7873	-0.2520	7.7776	-0.2629	0.2866	0.6280	1.3509	2.1912
GOLD	mom|5d>0%	0.1500	5	0.3000	123	1.9206	-0.2996	4.0474	-0.3506	7.7734	-0.3506	0.2568	0.6681	1.1434	2.0840
SMCI	ma|200	0.0000	1	0.0000	9	11.3659	-0.2090	0.6838	-0.3989	7.7725	-0.3989	1.5688	-0.1298	7.7027	1.5224
NVDA	brk|20/10	0.0800	3	0.0000	48	2.0783	-0.6985	3.7340	-0.6038	7.7604	-0.6985	0.2920	0.6196	3.3944	4.6624
NVDA	ma|10	0.0800	2	0.3000	129	2.8386	-0.4031	2.7332	-0.3515	7.7585	-0.4031	0.4410	0.4448	3.3944	4.6624
UDOW	xmaS|5/20	0.2500	2	0.0000	39	4.6087	-0.3232	1.6832	-0.5886	7.7574	-0.7216	0.7076	0.2099	0.6552	0.8981
MSTR	mom|5d>0%	0.2500	1	0.2000	130	4.1097	-0.2109	1.8832	-0.3184	7.7394	-0.3184	0.7017	0.2607	1.0116	2.3136
GOLD	brk|100/5	0.0800	10	0.0000	24	0.9778	-0.4578	7.9138	-0.4421	7.7381	-0.4578	-0.0078	1.1320	1.1434	2.0840
GOLD	brk|10/5	0.2500	5	0.0000	56	1.9643	-0.2058	3.9388	-0.3527	7.7372	-0.3527	0.2667	0.6516	1.1434	2.0840
GOLD	brk|10/5	0.0000	5	0.0000	56	1.9643	-0.2058	3.9388	-0.3527	7.7372	-0.3527	0.2667	0.6516	1.1434	2.0840
TECL	brk|20/10	0.1500	2	0.3000	32	2.5729	-0.4628	3.0043	-0.3932	7.7297	-0.4628	0.3923	0.4957	0.1537	3.8701
SOLUSD	brk|55/5	0.2500	2	0.2000	24	8.8076	-0.3027	0.8772	-0.2793	7.7259	-0.3027	1.1423	-0.0468	7.9407	1.1320
TECL	dip|3d<-1.5sd hold2	0.0000	3	0.3000	62	3.9881	-0.3539	1.9359	-0.3874	7.7204	-0.3874	0.6232	0.2735	0.1537	3.8701
MSTR	momS|10d<-0%	0.0800	1	0.0000	231	1.6446	-0.4761	4.6940	-0.3081	7.7198	-0.5257	0.2058	0.7610	1.0116	2.3136
NVDA	brk|20/5	0.0800	3	0.3000	58	2.1771	-0.3764	3.5442	-0.4085	7.7159	-0.4085	0.3132	0.5890	3.3944	4.6624
AMD	brk|100/5	0.0000	3	0.2000	22	1.9392	-0.2685	3.9693	-0.4493	7.6975	-0.4493	0.2610	0.6562	1.7175	4.5569
AMD	brk|100/5	0.2500	3	0.2000	22	1.9392	-0.2685	3.9693	-0.4493	7.6975	-0.4493	0.2610	0.6562	1.7175	4.5569
AMD	brk|100/5	0.2500	3	0.3000	22	1.9392	-0.3998	3.9693	-0.4493	7.6975	-0.4493	0.2610	0.6562	1.7175	4.5569
AMD	brk|100/5	0.0000	3	0.0000	22	1.9392	-0.3998	3.9693	-0.4493	7.6975	-0.4493	0.2610	0.6562	1.7175	4.5569
AMD	brk|100/5	0.0000	3	0.3000	22	1.9392	-0.3998	3.9693	-0.4493	7.6975	-0.4493	0.2610	0.6562	1.7175	4.5569
AMD	brk|100/5	0.2500	3	0.0000	22	1.9392	-0.3998	3.9693	-0.4493	7.6975	-0.4493	0.2610	0.6562	1.7175	4.5569
SMCI	dip|3d<-1.5sd hold1	0.0000	3	0.3000	61	1.2083	-0.3102	6.3694	-0.3693	7.6961	-0.3693	0.0762	0.9692	7.7027	1.5224
NVDA	mom|20d>10%	0.1500	2	0.3000	22	3.9230	-0.3838	4.4083	-0.2981	7.6952	-0.3838	0.6139	0.7210	3.3944	4.6624
US500	dip|3d<-1.5sd hold2	0.0000	10	0.2000	69	0.9612	-0.3097	8.0047	-0.2883	7.6944	-0.3097	-0.0137	1.1410	1.2251	1.6367
PLTR	ma|100	0.0000	3	0.2000	33	0.6358	-0.3364	12.0891	-0.3957	7.6859	-0.3957	-0.1467	1.4896	0.6080	11.5379
MSTR	momS|10d<-10%	0.0800	3	0.2000	135	2.1220	-0.3636	3.6137	-0.3722	7.6683	-0.3722	0.3271	0.6003	1.0116	2.3136
META	rsi2|<20 trend200 max7	0.0000	3	0.2000	95	2.1374	-0.2629	3.5875	-0.3129	7.6679	-0.3129	0.3047	0.5960	1.3509	2.1912
UDOW	momS|10d<-5%	0.0800	3	0.3000	72	2.9716	-0.3758	2.5796	-0.3859	7.6657	-0.4341	0.4643	0.4146	0.6552	0.8981
NVDA	brk|20/10	0.0800	2	0.3000	48	2.4793	-0.3112	3.0901	-0.3111	7.6613	-0.3112	0.3743	0.5112	3.3944	4.6624
SOLUSD	brk|100/20	0.0000	2	0.2000	8	11.5518	-0.4920	0.6632	-0.7072	7.6607	-0.7072	1.3558	-0.1396	7.9407	1.1320
SOLUSD	brk|100/20	0.0000	2	0.0000	8	11.5518	-0.4920	0.6632	-0.7407	7.6607	-0.7407	1.3558	-0.1396	7.9407	1.1320
SOLUSD	brk|100/20	0.0000	2	0.3000	8	11.5518	-0.4920	0.6632	-0.7072	7.6607	-0.7072	1.3558	-0.1396	7.9407	1.1320
META	mom|60d>5%	0.0000	2	0.3000	15	5.0527	-0.1211	1.5149	-0.2462	7.6545	-0.2462	0.7635	0.1642	1.3509	2.1912
META	mom|60d>5%	0.2500	2	0.3000	15	5.0527	-0.1211	1.5149	-0.2462	7.6545	-0.2462	0.7635	0.1642	1.3509	2.1912
META	mom|60d>5%	0.0000	2	0.0000	15	5.0527	-0.1211	1.5149	-0.2462	7.6545	-0.2462	0.7635	0.1642	1.3509	2.1912
META	mom|60d>5%	0.2500	2	0.0000	15	5.0527	-0.1211	1.5149	-0.2462	7.6545	-0.2462	0.7635	0.1642	1.3509	2.1912
NVDA	brk|100/20	0.0000	2	0.2000	11	9.5171	-0.1672	0.8038	-0.4743	7.6496	-0.4743	1.2012	-0.0768	3.3944	4.6624
NVDA	brk|100/20	0.2500	2	0.2000	11	9.5171	-0.1672	0.8038	-0.4743	7.6496	-0.4743	1.2012	-0.0768	3.3944	4.6624
NVDA	brk|100/20	0.2500	2	0.0000	11	9.5171	-0.1672	0.8038	-0.4743	7.6496	-0.4743	1.2012	-0.0768	3.3944	4.6624
NVDA	brk|100/20	0.0000	2	0.0000	11	9.5171	-0.1672	0.8038	-0.4743	7.6496	-0.4743	1.2012	-0.0768	3.3944	4.6624
NVDA	brk|100/20	0.2500	2	0.3000	11	9.5171	-0.1672	0.8038	-0.4743	7.6496	-0.4743	1.2012	-0.0768	3.3944	4.6624
NVDA	brk|100/20	0.0000	2	0.3000	11	9.5171	-0.1672	0.8038	-0.4743	7.6496	-0.4743	1.2012	-0.0768	3.3944	4.6624
SMCI	mom|60d>5%	0.2500	2	0.2000	43	9.6955	-0.2311	0.7887	-0.4044	7.6466	-0.4044	1.4151	-0.0832	7.7027	1.5224
AMD	mom|10d>10%	0.0800	2	0.3000	61	2.5229	-0.3072	3.0282	-0.3340	7.6399	-0.3340	0.3827	0.5001	1.7175	4.5569
AMD	mom|10d>10%	0.0800	2	0.2000	61	2.7683	-0.2094	2.7590	-0.2911	7.6378	-0.2911	0.4284	0.4498	1.7175	4.5569
SOLUSD	mom|20d>0%	0.2500	1	0.0000	72	13.1103	-0.4036	0.5824	-0.6535	7.6353	-0.6535	1.4625	-0.1795	7.9407	1.1320
META	xma|20/100	0.0800	2	0.3000	37	5.4102	-0.1962	1.4109	-0.3163	7.6335	-0.3163	0.8062	0.1343	1.3509	2.1912
AMD	mom|10d>0%	0.2500	5	0.2000	86	0.6545	-0.7327	11.6617	-0.4059	7.6327	-0.7327	-0.1379	1.4571	1.7175	4.5569
AMD	mom|10d>0%	0.0000	5	0.2000	86	0.6545	-0.7327	11.6617	-0.4059	7.6327	-0.7327	-0.1379	1.4571	1.7175	4.5569
NVDA	mom|60d>0%	0.0800	3	0.0000	106	13.7906	-0.8713	0.5532	-0.8489	7.6286	-0.8713	1.5065	-0.1948	3.3944	4.6624
MSTR	mom|5d>0%	0.1500	1	0.2000	142	2.7185	-0.2225	2.8044	-0.2489	7.6238	-0.2489	0.4567	0.4585	1.0116	2.3136
COIN	momS|20d<-20%	0.0000	3	0.0000	17	18.5157	-0.3936	0.4117	-0.6564	7.6224	-0.6564	1.9289	-0.2773	0.5352	1.2370
SMCI	xma|50/200	0.2500	2	0.0000	17	59.0406	-0.2604	0.1290	-0.9186	7.6137	-0.9186	3.8694	-0.5275	7.7027	1.5224
AMD	brk|100/5	0.1500	3	0.0000	22	1.9392	-0.3998	3.9238	-0.4556	7.6093	-0.4556	0.2610	0.6493	1.7175	4.5569
AMD	brk|100/5	0.1500	3	0.3000	22	1.9392	-0.3998	3.9238	-0.4556	7.6093	-0.4556	0.2610	0.6493	1.7175	4.5569
AMD	brk|100/5	0.1500	3	0.2000	22	1.9392	-0.2685	3.9238	-0.4556	7.6093	-0.4556	0.2610	0.6493	1.7175	4.5569
AMD	ma|20	0.1500	2	0.0000	75	1.6083	-0.6718	4.7302	-0.6390	7.6075	-0.6718	0.1810	0.7660	1.7175	4.5569
NVDA	rsi2|<10 trend100 max7	0.0000	3	0.3000	110	6.6731	-0.3937	1.2453	-0.6427	7.6058	-0.6427	0.9439	0.0836	3.3944	4.6624
PLTR	mom|20d>0%	0.0800	3	0.2000	158	0.6497	-0.3798	11.7045	-0.3174	7.6041	-0.3798	-0.1402	1.4604	0.6080	11.5379
META	rsi2|<20 trend200 max7	0.0000	3	0.0000	95	2.6673	-0.2629	2.8504	-0.5372	7.6030	-0.5372	0.4100	0.4672	1.3509	2.1912
MSTR	brk|20/10	0.0000	2	0.2000	25	1.1210	-0.5308	6.7541	-0.3358	7.5712	-0.5308	0.0439	1.0119	1.0116	2.3136
MSTR	brk|20/10	0.0000	2	0.3000	25	1.1210	-0.5308	6.7541	-0.3358	7.5712	-0.5308	0.0439	1.0119	1.0116	2.3136
UDOW	xmaS|5/20	0.1500	3	0.0000	56	6.2255	-0.4637	1.2155	-0.7495	7.5670	-0.8657	0.8972	0.0740	0.6552	0.8981
TSLA	brk|100/20	0.0800	3	0.3000	14	2.4583	-0.3632	3.0777	-0.2608	7.5659	-0.3632	0.3702	0.5090	1.0220	1.5021
TSLA	brk|100/20	0.0800	3	0.0000	14	2.4583	-0.3632	3.0777	-0.2608	7.5659	-0.3632	0.3702	0.5090	1.0220	1.5021
MSTR	xma|5/20	0.1500	2	0.3000	80	1.3279	-0.6033	5.6945	-0.7214	7.5617	-0.7214	0.1126	0.8901	1.0116	2.3136
AMD	mom|10d>5%	0.0000	1	0.2000	55	2.4857	-0.2270	3.0416	-0.2840	7.5605	-0.2840	0.3756	0.5025	1.7175	4.5569
AMD	mom|10d>5%	0.2500	1	0.2000	55	2.4857	-0.2270	3.0402	-0.2843	7.5570	-0.2843	0.3756	0.5022	1.7175	4.5569
AMD	ma|100	0.2500	3	0.3000	25	3.7239	-0.3758	2.0273	-0.4042	7.5494	-0.4042	0.5847	0.2952	1.7175	4.5569
META	mom|60d>5%	0.0800	3	0.2000	35	9.1135	-0.2527	0.8274	-0.3004	7.5406	-0.3004	1.1681	-0.0670	1.3509	2.1912
SOXL	mom|60d>20%	0.0800	2	0.2000	204	0.5454	-0.2777	13.8174	-0.2965	7.5358	-0.2965	-0.1913	1.6144	0.0504	5.4354
META	mom|60d>10%	0.0000	3	0.0000	11	8.1806	-0.1455	0.9204	-0.3597	7.5290	-0.3597	1.0876	-0.0299	1.3509	2.1912
META	mom|60d>10%	0.0000	3	0.3000	11	8.1806	-0.1455	0.9204	-0.3019	7.5290	-0.3019	1.0876	-0.0299	1.3509	2.1912
META	mom|60d>10%	0.2500	3	0.3000	11	8.1806	-0.1455	0.9204	-0.3019	7.5290	-0.3019	1.0876	-0.0299	1.3509	2.1912
META	mom|60d>10%	0.0000	3	0.2000	11	8.1806	-0.1455	0.9204	-0.2944	7.5290	-0.2944	1.0876	-0.0299	1.3509	2.1912
META	mom|60d>10%	0.2500	3	0.2000	11	8.1806	-0.1455	0.9204	-0.2944	7.5290	-0.2944	1.0876	-0.0299	1.3509	2.1912
META	mom|60d>10%	0.2500	3	0.0000	11	8.1806	-0.1455	0.9204	-0.3597	7.5290	-0.3597	1.0876	-0.0299	1.3509	2.1912
NVDA	mom|10d>10%	0.1500	2	0.3000	39	5.3988	-0.2450	1.3935	-0.3330	7.5230	-0.3330	0.8049	0.1291	3.3944	4.6624
AMD	mom|10d>10%	0.0800	2	0.0000	61	2.7683	-0.3072	2.7173	-0.4327	7.5223	-0.4327	0.4284	0.4417	1.7175	4.5569
GOLD	ma|10	0.0000	10	0.3000	116	1.1215	-0.4437	6.6943	-0.4016	7.5076	-0.4437	0.0410	1.0054	1.1434	2.0840
GOLD	ma|10	0.2500	10	0.3000	116	1.1215	-0.4437	6.6943	-0.4016	7.5076	-0.4437	0.0410	1.0054	1.1434	2.0840
AMD	brk|100/5	0.0800	2	0.3000	25	2.0065	-0.2361	3.7323	-0.2916	7.4889	-0.2916	0.2762	0.6193	1.7175	4.5569
AMD	brk|100/5	0.0800	2	0.2000	25	2.0065	-0.2361	3.7323	-0.2916	7.4889	-0.2916	0.2762	0.6193	1.7175	4.5569
AMD	brk|100/5	0.0800	2	0.0000	25	2.0065	-0.2361	3.7323	-0.2916	7.4889	-0.2916	0.2762	0.6193	1.7175	4.5569
UDOW	xmaS|5/20	0.0000	3	0.0000	37	6.4079	-0.4593	1.1685	-0.7601	7.4879	-0.8703	0.9165	0.0587	0.6552	0.8981
TSLA	mom|20d>5%	0.0800	2	0.0000	86	2.0278	-0.5052	3.6923	-0.4215	7.4873	-0.5263	0.2809	0.6130	1.0220	1.5021
MSTR	maS|20	0.0000	3	0.2000	73	1.3535	-0.4667	5.5279	-0.3412	7.4821	-0.4667	0.1206	0.8697	1.0116	2.3136
PLTR	ma|200	0.2500	2	0.3000	17	1.0508	-0.3777	7.1206	-0.3967	7.4821	-0.3967	0.0175	1.0512	0.6080	11.5379
MSTR	ma|20	0.2500	1	0.0000	76	1.4254	-0.4467	5.2473	-0.4812	7.4796	-0.4812	0.1426	0.8343	1.0116	2.3136
AMD	mom|10d>0%	0.0000	1	0.3000	86	2.0524	-0.3836	3.6420	-0.3296	7.4747	-0.3836	0.2863	0.6049	1.7175	4.5569
AMD	mom|10d>0%	0.2500	1	0.3000	86	2.0524	-0.3836	3.6403	-0.3296	7.4712	-0.3836	0.2863	0.6046	1.7175	4.5569
AMD	brk|10/5	0.0800	2	0.3000	72	1.0877	-0.3400	6.8588	-0.3904	7.4606	-0.3904	0.0299	1.0233	1.7175	4.5569
NVDA	brk|20/10	0.1500	5	0.0000	33	20.2308	-0.6330	0.3687	-0.9559	7.4600	-0.9559	1.8665	-0.3059	3.3944	4.6624
UDOW	momS|10d<-5%	0.0800	5	0.3000	72	3.2738	-0.5496	2.2787	-0.4873	7.4600	-0.5496	0.5148	0.3518	0.6552	0.8981
SOLUSD	mom|20d>20%	0.2500	1	0.0000	30	14.1593	-0.4388	0.5268	-0.6360	7.4597	-0.6360	1.5298	-0.2091	7.9407	1.1320
MSTR	mom|10d>10%	0.0000	1	0.3000	43	1.2423	-0.3078	5.9976	-0.3121	7.4509	-0.3121	0.0850	0.9263	1.0116	2.3136
AMD	xma|20/100	0.0800	3	0.2000	107	2.1990	-0.3513	3.3865	-0.3605	7.4471	-0.3605	0.3178	0.5627	1.7175	4.5569
SMCI	ma|100	0.0000	2	0.3000	38	18.9878	-0.3004	0.3917	-0.4473	7.4374	-0.4473	2.1350	-0.2904	7.7027	1.5224
META	mom|60d>0%	0.1500	3	0.2000	41	8.6076	-0.2078	0.8629	-0.2947	7.4275	-0.2947	1.1251	-0.0525	1.3509	2.1912
MSTR	brkS|10/5	0.1500	1	0.2000	58	2.2221	-0.2245	3.3412	-0.2252	7.4245	-0.2252	0.3503	0.5550	1.0116	2.3136
NVDA	dip|1d<-1.5sd hold2	0.0000	3	0.2000	71	3.4834	-0.2437	2.1307	-0.2740	7.4219	-0.2740	0.5481	0.3190	3.3944	4.6624
PLTR	ma|200	0.1500	1	0.0000	39	0.9402	-0.3432	7.8900	-0.3243	7.4184	-0.3432	-0.0214	1.1297	0.6080	11.5379
NVDA	dip|3d<-1.5sd hold5	0.0000	2	0.0000	46	1.4828	-0.3967	4.9851	-0.2470	7.3920	-0.3967	0.1479	0.8003	3.3944	4.6624
AMD	mom|60d>0%	0.2500	1	0.2000	34	2.6553	-0.1454	2.7834	-0.2611	7.3906	-0.2611	0.4077	0.4545	1.7175	4.5569
SOLUSD	mom|10d>10%	0.0000	1	0.3000	52	12.2768	-0.3942	0.6018	-0.3987	7.3876	-0.3987	1.4065	-0.1696	7.9407	1.1320
GOLD	ma|50	0.0000	5	0.3000	42	0.8960	-0.3235	8.2440	-0.2441	7.3869	-0.3235	-0.0377	1.1642	1.1434	2.0840
GOLD	ma|50	0.2500	5	0.3000	42	0.8960	-0.3235	8.2440	-0.2441	7.3869	-0.3235	-0.0377	1.1642	1.1434	2.0840
SOLUSD	mom|20d>0%	0.2500	1	0.3000	72	11.6493	-0.3533	0.6340	-0.3114	7.3861	-0.3533	1.3627	-0.1536	7.9407	1.1320
GOLD	xma|20/100	0.0800	5	0.3000	20	2.2727	-0.3309	3.2488	-0.3721	7.3837	-0.3721	0.3331	0.5392	1.1434	2.0840
GOLD	xma|20/100	0.0800	5	0.2000	20	2.2727	-0.2446	3.2488	-0.3721	7.3837	-0.3721	0.3331	0.5392	1.1434	2.0840
SOXL	ma|50	0.0800	1	0.2000	230	0.8564	-0.2424	8.6193	-0.2684	7.3818	-0.2684	-0.0528	1.1997	0.0504	5.4354
GOLD	ma|10	0.2500	3	0.0000	116	1.7320	-0.1691	4.2580	-0.3552	7.3748	-0.3552	0.2121	0.6993	1.1434	2.0840
GOLD	ma|10	0.0000	3	0.0000	116	1.7320	-0.1691	4.2580	-0.3552	7.3748	-0.3552	0.2121	0.6993	1.1434	2.0840
SOXL	mom|20d>20%	0.0800	2	0.0000	131	0.3712	-0.7673	19.8649	-0.5125	7.3731	-0.7673	-0.2933	1.9859	0.0504	5.4354
MSTR	mom|20d>5%	0.0800	2	0.2000	160	1.0077	-0.3290	7.3166	-0.2892	7.3730	-0.3290	0.0029	1.0717	1.0116	2.3136
COIN	momS|5d<-5%	0.0000	3	0.2000	91	7.8033	-0.4094	0.9440	-0.3657	7.3665	-0.4094	1.1308	-0.0209	0.5352	1.2370
SMCI	ma|200	0.1500	1	0.3000	53	3.9079	-0.2202	1.8848	-0.3775	7.3657	-0.3775	0.6973	0.2611	7.7027	1.5224
NVDA	brk|20/5	0.0800	2	0.3000	58	2.8490	-0.3112	2.5844	-0.3306	7.3632	-0.3306	0.4429	0.4155	3.3944	4.6624
MSTR	xmaS|5/20	0.0800	2	0.2000	221	0.7411	-0.3136	9.9325	-0.2628	7.3606	-0.3136	-0.1066	1.3169	1.0116	2.3136
NVDA	mom|60d>20%	0.1500	5	0.2000	20	8.6589	-0.3980	0.8498	-0.6759	7.3584	-0.6759	1.1296	-0.0578	3.3944	4.6624
SOLUSD	xma|5/20	0.0000	1	0.3000	48	10.2172	-0.3854	0.7201	-0.3482	7.3576	-0.3854	1.2566	-0.1132	7.9407	1.1320
TECL	mom|20d>5%	0.0800	3	0.3000	115	3.9115	-0.4176	1.8808	-0.5821	7.3568	-0.5821	0.6123	0.2601	0.1537	3.8701
NVDA	mom|5d>0%	0.0000	2	0.2000	124	11.6714	-0.2999	0.6303	-0.3725	7.3565	-0.3725	1.3643	-0.1554	3.3944	4.6624
NVDA	mom|5d>0%	0.2500	2	0.2000	124	11.6714	-0.2999	0.6303	-0.3725	7.3565	-0.3725	1.3643	-0.1554	3.3944	4.6624
MSTR	ma|20	0.0800	1	0.0000	197	1.0577	-0.5838	6.9501	-0.4120	7.3513	-0.5838	0.0213	1.0331	1.0116	2.3136
NVDA	brk|55/5	0.2500	3	0.3000	38	3.8366	-0.3405	1.9159	-0.4284	7.3507	-0.4284	0.6014	0.2687	3.3944	4.6624
NVDA	brk|55/5	0.0000	3	0.3000	38	3.8366	-0.3405	1.9159	-0.4284	7.3507	-0.4284	0.6014	0.2687	3.3944	4.6624
NVDA	brk|55/5	0.1500	3	0.3000	38	3.8366	-0.3405	1.9159	-0.4284	7.3507	-0.4284	0.6014	0.2687	3.3944	4.6624
MSTR	mom|60d>5%	0.0800	3	0.2000	183	0.3137	-0.3674	23.4181	-0.3752	7.3462	-0.3752	-0.3534	2.1713	1.0116	2.3136
NVDA	mom|60d>0%	0.0000	1	0.2000	28	8.4305	-0.0954	0.8713	-0.1941	7.3459	-0.1941	1.1097	-0.0492	3.3944	4.6624
NVDA	mom|60d>0%	0.0000	1	0.0000	28	8.4305	-0.0954	0.8713	-0.1941	7.3459	-0.1941	1.1097	-0.0492	3.3944	4.6624
NVDA	mom|60d>0%	0.0000	1	0.3000	28	8.4305	-0.0954	0.8713	-0.1941	7.3459	-0.1941	1.1097	-0.0492	3.3944	4.6624
AMD	mom|60d>0%	0.2500	1	0.0000	34	2.6553	-0.1454	2.7651	-0.2835	7.3420	-0.2835	0.4077	0.4510	1.7175	4.5569
AMD	mom|60d>0%	0.2500	1	0.3000	34	2.6553	-0.1454	2.7651	-0.2835	7.3420	-0.2835	0.4077	0.4510	1.7175	4.5569
MSTR	xmaS|50/200	0.2500	3	0.3000	34	11.5430	-0.6000	0.6357	-0.7158	7.3375	-0.7158	1.5096	-0.1528	1.0116	2.3136
AMD	brk|10/5	0.2500	3	0.2000	62	0.8353	-0.5068	8.7812	-0.4493	7.3351	-0.5068	-0.0611	1.2147	1.7175	4.5569
AMD	brk|10/5	0.0000	3	0.2000	62	0.8353	-0.5068	8.7812	-0.4493	7.3351	-0.5068	-0.0611	1.2147	1.7175	4.5569
TECL	mom|10d>0%	0.0800	2	0.3000	160	2.1729	-0.3960	3.3747	-0.3863	7.3328	-0.3960	0.3123	0.5607	0.1537	3.8701
GOLD	xma|10/50	0.0000	5	0.0000	16	0.8314	-0.2957	8.8196	-0.1056	7.3326	-0.2957	-0.0626	1.2183	1.1434	2.0840
GOLD	xma|10/50	0.0000	5	0.3000	16	0.8314	-0.2957	8.8196	-0.1056	7.3326	-0.2957	-0.0626	1.2183	1.1434	2.0840
GOLD	xma|10/50	0.0000	5	0.2000	16	0.8314	-0.2294	8.8196	-0.1056	7.3326	-0.2294	-0.0626	1.2183	1.1434	2.0840
AMD	mom|10d>5%	0.1500	1	0.3000	59	2.4682	-0.3269	2.9685	-0.3003	7.3268	-0.3269	0.3722	0.4892	1.7175	4.5569
AMD	brk|10/5	0.1500	3	0.2000	62	0.8439	-0.5068	8.6806	-0.4556	7.3257	-0.5068	-0.0577	1.2054	1.7175	4.5569
META	rsi2|<20 trend100 max7	0.0000	3	0.0000	96	2.5628	-0.2629	2.8568	-0.5362	7.3214	-0.5362	0.3904	0.4684	1.3509	2.1912
META	xma|20/100	0.0800	2	0.2000	37	5.4102	-0.1962	1.3530	-0.2129	7.3199	-0.2129	0.8062	0.1170	1.3509	2.1912
TSLA	brk|100/10	0.1500	5	0.2000	11	1.4574	-0.4250	5.0133	-0.2891	7.3065	-0.4250	0.1410	0.8040	1.0220	1.5021
TSLA	brk|100/10	0.1500	5	0.3000	11	1.4574	-0.4250	5.0133	-0.4642	7.3065	-0.4642	0.1410	0.8040	1.0220	1.5021
TSLA	brk|100/10	0.1500	5	0.0000	11	1.4574	-0.4250	5.0133	-0.4642	7.3065	-0.4642	0.1410	0.8040	1.0220	1.5021
META	xma|50/200	0.1500	5	0.3000	13	13.5650	-0.1180	0.5383	-0.6509	7.3019	-0.6509	1.4921	-0.2028	1.3509	2.1912
UPRO	brk|20/10	0.0800	5	0.2000	40	2.8824	-0.3408	2.5326	-0.3152	7.3001	-0.3408	0.4488	0.4051	1.2815	2.8547
NVDA	mom|60d>0%	0.2500	3	0.0000	32	20.3001	-0.8688	0.3595	-0.6688	7.2980	-0.8688	1.8700	-0.3123	3.3944	4.6624
SMCI	mom|60d>5%	0.2500	3	0.2000	43	18.3312	-0.3338	0.3981	-0.5816	7.2978	-0.5816	2.0925	-0.2861	7.7027	1.5224
NVDA	ma|200	0.2500	2	0.3000	13	4.8586	-0.3926	1.5012	-0.2929	7.2939	-0.3926	0.7394	0.1603	3.3944	4.6624
NVDA	brk|55/5	0.1500	5	0.0000	38	4.2478	-0.6621	1.7169	-0.8077	7.2932	-0.8077	0.6595	0.2188	3.3944	4.6624
NVDA	brk|55/5	0.2500	5	0.0000	38	4.2478	-0.6621	1.7169	-0.8077	7.2932	-0.8077	0.6595	0.2188	3.3944	4.6624
NVDA	brk|55/5	0.0000	5	0.0000	38	4.2478	-0.6621	1.7169	-0.8077	7.2932	-0.8077	0.6595	0.2188	3.3944	4.6624
NVDA	ma|10	0.1500	1	0.3000	106	3.1137	-0.3330	2.3385	-0.2714	7.2814	-0.3330	0.4885	0.3647	3.3944	4.6624
GOLD	xma|20/100	0.2500	5	0.0000	8	6.5162	-0.2978	1.1172	-0.1938	7.2798	-0.2978	0.9278	0.0414	1.1434	2.0840
GOLD	xma|20/100	0.2500	5	0.2000	8	6.5162	-0.2303	1.1172	-0.1938	7.2798	-0.2303	0.9278	0.0414	1.1434	2.0840
GOLD	xma|20/100	0.2500	5	0.3000	8	6.5162	-0.2978	1.1172	-0.1938	7.2798	-0.2978	0.9278	0.0414	1.1434	2.0840
TECL	xma|10/50	0.2500	3	0.2000	21	2.0877	-0.6132	3.4865	-0.4628	7.2788	-0.6132	0.2940	0.5794	0.1537	3.8701
NVDA	brk|100/10	0.0000	5	0.3000	20	6.6386	-0.3513	1.0964	-0.5547	7.2786	-0.5547	0.9404	0.0343	3.3944	4.6624
NVDA	brk|100/10	0.2500	5	0.3000	20	6.6386	-0.3513	1.0964	-0.5547	7.2786	-0.5547	0.9404	0.0343	3.3944	4.6624
META	ma|200	0.0800	5	0.2000	42	8.6511	-0.3043	0.8413	-0.4343	7.2783	-0.4343	1.1289	-0.0613	1.3509	2.1912
AMD	brk|10/5	0.0800	2	0.2000	72	1.2070	-0.3018	6.0295	-0.2916	7.2774	-0.3018	0.0681	0.9300	1.7175	4.5569
AMD	dip|3d<-1.0sd hold5	0.0000	2	0.0000	98	2.0288	-0.5076	3.5860	-0.5382	7.2755	-0.5382	0.2811	0.5958	1.7175	4.5569
UDOW	xmaS|5/20	0.1500	2	0.0000	56	4.6481	-0.3245	1.5649	-0.5819	7.2739	-0.7176	0.7127	0.1781	0.6552	0.8981
NVDA	rsi2|<5 trend200 max3	0.0000	3	0.3000	127	2.2532	-0.3855	3.2243	-0.3455	7.2649	-0.3855	0.3291	0.5349	3.3944	4.6624
TECL	brk|20/10	0.2500	3	0.3000	31	2.3651	-0.7173	3.0711	-0.4048	7.2634	-0.7173	0.3518	0.5078	0.1537	3.8701
AMD	mom|10d>0%	0.1500	1	0.0000	90	1.9556	-0.4127	3.7140	-0.4081	7.2629	-0.4127	0.2647	0.6164	1.7175	4.5569
SOXL	ma|50	0.0800	2	0.0000	230	0.3324	-0.8587	21.8412	-0.7128	7.2595	-0.8587	-0.3200	2.0914	0.0504	5.4354
PLTR	ma|200	0.1500	1	0.2000	39	0.9710	-0.2142	7.4757	-0.2572	7.2588	-0.2572	-0.0103	1.0880	0.6080	11.5379
AMD	mom|60d>20%	0.1500	3	0.3000	21	4.9177	-0.4600	1.4757	-0.5345	7.2573	-0.5345	0.7468	0.1531	1.7175	4.5569
AMD	mom|60d>20%	0.1500	3	0.2000	21	4.9177	-0.4600	1.4757	-0.5345	7.2573	-0.5345	0.7468	0.1531	1.7175	4.5569
MSTR	momS|10d<-5%	0.0800	2	0.3000	176	1.5942	-0.3941	4.1724	-0.3732	7.2559	-0.3941	0.1918	0.6867	1.0116	2.3136
MSTR	ma|50	0.0800	5	0.3000	180	1.5035	-0.7204	4.8257	-0.5324	7.2553	-0.7204	0.1658	0.7790	1.0116	2.3136
GOLD	xma|10/50	0.2500	10	0.2000	16	0.5890	-0.4378	12.3161	-0.2111	7.2539	-0.4378	-0.1692	1.5067	1.1434	2.0840
META	mom|60d>0%	0.2500	5	0.3000	37	11.2798	-0.3399	0.6429	-0.5239	7.2514	-0.5239	1.3362	-0.1493	1.3509	2.1912
META	mom|60d>0%	0.0000	5	0.3000	37	11.2798	-0.3399	0.6429	-0.5239	7.2514	-0.5239	1.3362	-0.1493	1.3509	2.1912
MSTR	brkS|10/5	0.1500	1	0.0000	58	2.3490	-0.2871	3.0778	-0.3535	7.2299	-0.3535	0.3788	0.5090	1.0116	2.3136
UPRO	mom|20d>10%	0.1500	5	0.0000	23	3.7265	-0.7425	1.9382	-0.4888	7.2227	-0.7425	0.5851	0.2740	1.2815	2.8547
AMD	dip|3d<-1.0sd hold2	0.0000	2	0.0000	137	2.6341	-0.3141	2.7416	-0.3676	7.2214	-0.3676	0.4038	0.4464	1.7175	4.5569
META	mom|60d>0%	0.0800	3	0.2000	64	8.9120	-0.2922	0.8103	-0.3663	7.2210	-0.3663	1.1512	-0.0741	1.3509	2.1912
NVDA	mom|20d>0%	0.0800	2	0.0000	120	2.3280	-0.7672	3.0999	-0.4110	7.2164	-0.7672	0.3444	0.5129	3.3944	4.6624
AMD	mom|20d>20%	0.0800	3	0.0000	43	1.0772	-0.4902	6.6963	-0.4730	7.2133	-0.5122	0.0264	1.0056	1.7175	4.5569
SOXL	ma|50	0.0000	1	0.3000	42	1.6007	-0.3216	4.5051	-0.3046	7.2114	-0.3216	0.1791	0.7348	0.0504	5.4354
US100	mom|60d>0%	0.1500	10	0.3000	32	5.2100	-0.4879	1.3837	-0.6570	7.2089	-0.6570	0.7825	0.1262	1.2639	1.8560
AMD	brk|100/10	0.1500	2	0.0000	15	1.9010	-0.2301	3.7890	-0.2154	7.2027	-0.2301	0.2523	0.6283	1.7175	4.5569
AMD	brk|100/10	0.1500	2	0.3000	15	1.9010	-0.2301	3.7890	-0.2154	7.2027	-0.2301	0.2523	0.6283	1.7175	4.5569
AMD	xma|50/200	0.0800	2	0.3000	111	1.3935	-0.3413	5.1678	-0.3769	7.2013	-0.3769	0.1232	0.8241	1.7175	4.5569
SMCI	xma|50/200	0.2500	1	0.0000	17	16.6348	-0.1302	0.4324	-0.6614	7.1926	-0.6614	1.9781	-0.2642	7.7027	1.5224
NVDA	ma|10	0.0000	2	0.2000	106	2.0881	-0.2676	3.4441	-0.2588	7.1917	-0.2676	0.2941	0.5724	3.3944	4.6624
NVDA	ma|10	0.1500	2	0.2000	106	2.0881	-0.2676	3.4441	-0.2588	7.1917	-0.2676	0.2941	0.5724	3.3944	4.6624
NVDA	ma|10	0.2500	2	0.2000	106	2.0881	-0.2676	3.4441	-0.2588	7.1917	-0.2676	0.2941	0.5724	3.3944	4.6624
US100	dip|3d<-1.0sd hold2	0.0000	10	0.2000	135	0.9077	-0.4741	7.9221	-0.3851	7.1912	-0.4741	-0.0333	1.1328	1.2639	1.8560
COIN	momS|20d<-10%	0.0000	2	0.3000	30	11.0956	-0.2289	0.8431	-0.4429	7.1907	-0.4429	1.4256	-0.0605	0.5352	1.2370
AMD	dip|1d<-1.0sd hold2	0.0000	3	0.0000	154	3.5373	-0.5229	2.0313	-0.7167	7.1852	-0.7167	0.5565	0.2961	1.7175	4.5569
MSTR	mom|10d>10%	0.2500	1	0.3000	45	1.2858	-0.3078	5.5865	-0.3710	7.1830	-0.3710	0.0992	0.8769	1.0116	2.3136
NVDA	ma|50	0.0800	2	0.0000	106	6.5578	-0.5838	1.0951	-0.5206	7.1817	-0.5838	0.9321	0.0338	3.3944	4.6624
META	rsi2|<10 trend200 max3	0.0000	3	0.0000	102	1.9099	-0.2037	3.7580	-0.4662	7.1773	-0.4662	0.2543	0.6234	1.3509	2.1912
TECL	xma|10/50	0.2500	2	0.0000	21	1.7330	-0.7404	4.1413	-0.3186	7.1768	-0.7404	0.2123	0.6821	0.1537	3.8701
AMD	ma|100	0.1500	2	0.3000	40	2.4024	-0.3701	2.9845	-0.3715	7.1701	-0.3715	0.3593	0.4921	1.7175	4.5569
MSTR	mom|10d>10%	0.0800	3	0.3000	132	0.5671	-0.4731	4.7800	-0.4249	7.1633	-0.4731	-0.1921	0.7728	1.0116	2.3136
MSTR	momS|10d<-0%	0.1500	1	0.3000	125	2.4083	-0.3461	2.9697	-0.3218	7.1520	-0.3461	0.3918	0.4894	1.0116	2.3136
GOLD	brk|10/5	0.1500	5	0.0000	56	1.9643	-0.2058	3.6398	-0.3527	7.1499	-0.3527	0.2667	0.6045	1.1434	2.0840
TQQQ	mom|10d>5%	0.0800	2	0.2000	92	6.4491	-0.2161	1.1079	-0.2927	7.1453	-0.2927	0.9208	0.0382	1.0272	3.3408
NVDA	mom|20d>20%	0.1500	2	0.0000	14	1.6991	-0.3558	4.2050	-0.2933	7.1446	-0.3558	0.2040	0.6916	3.3944	4.6624
NVDA	mom|20d>20%	0.1500	2	0.3000	14	1.6991	-0.3558	4.2050	-0.2933	7.1446	-0.3558	0.2040	0.6916	3.3944	4.6624
MSTR	rsi2|<10 trend200 max3	0.0000	3	0.2000	99	1.1291	-0.3724	6.3275	-0.6020	7.1441	-0.6020	0.0467	0.9644	1.0116	2.3136
AMD	mom|60d>0%	0.0000	1	0.2000	30	2.4591	-0.1454	2.9048	-0.2410	7.1430	-0.2410	0.3704	0.4774	1.7175	4.5569
MSTR	brkS|10/5	0.1500	1	0.3000	58	2.3490	-0.2871	3.0403	-0.3067	7.1419	-0.3067	0.3788	0.5022	1.0116	2.3136
GOLD	brk|20/5	0.2500	10	0.0000	44	1.2353	-0.3715	5.7810	-0.6448	7.1416	-0.6448	0.0768	0.9006	1.1434	2.0840
GOLD	brk|20/5	0.0000	10	0.0000	44	1.2353	-0.3715	5.7810	-0.6448	7.1416	-0.6448	0.0768	0.9006	1.1434	2.0840
SOXL	mom|60d>20%	0.2500	2	0.3000	33	3.8497	-0.3144	1.8550	-0.4637	7.1412	-0.4637	0.6033	0.2537	0.0504	5.4354
NVDA	mom|5d>10%	0.0800	3	0.0000	48	2.4584	-0.6187	2.9022	-0.4800	7.1347	-0.6187	0.3703	0.4769	3.3944	4.6624
TQQQ	mom|20d>20%	0.1500	3	0.2000	20	1.6647	-0.4553	4.2814	-0.2617	7.1273	-0.4553	0.1954	0.7027	1.0272	3.3408
MSTR	xmaS|5/20	0.1500	3	0.3000	100	3.1866	-0.4672	2.2351	-0.4731	7.1223	-0.4731	0.5464	0.3423	1.0116	2.3136
US100	mom|60d>0%	0.2500	10	0.2000	32	4.0922	-0.4879	1.7397	-0.5126	7.1191	-0.5126	0.6379	0.2246	1.2639	1.8560
US100	mom|60d>0%	0.0000	10	0.2000	32	4.0922	-0.4879	1.7397	-0.5126	7.1191	-0.5126	0.6379	0.2246	1.2639	1.8560
NVDA	brk|20/10	0.0800	3	0.3000	48	1.7306	-0.3764	4.1122	-0.4069	7.1167	-0.4069	0.2118	0.6778	3.3944	4.6624
PLTR	xma|20/100	0.0000	1	0.3000	10	1.1864	-0.2661	5.9953	-0.1416	7.1128	-0.2661	0.0617	0.9260	0.6080	11.5379
PLTR	xma|20/100	0.0000	1	0.0000	10	1.1864	-0.2661	5.9953	-0.1416	7.1128	-0.2661	0.0617	0.9260	0.6080	11.5379
SOXL	mom|10d>20%	0.2500	2	0.2000	39	2.8169	-0.5036	2.5230	-0.5235	7.1072	-0.5235	0.4372	0.4031	0.0504	5.4354
US100	ma|100	0.0800	10	0.2000	31	1.0255	-0.4893	6.9291	-0.4006	7.1060	-0.4893	0.0089	1.0308	1.2639	1.8560
US100	ma|100	0.0800	10	0.3000	31	1.0255	-0.5162	6.9291	-0.4006	7.1060	-0.5162	0.0089	1.0308	1.2639	1.8560
AMD	mom|20d>5%	0.0000	2	0.0000	37	1.8133	-0.6905	3.9186	-0.6779	7.1057	-0.7283	0.2317	0.6484	1.7175	4.5569
NVDA	brk|100/5	0.2500	5	0.2000	29	1.8840	-0.3809	3.7714	-0.4618	7.1055	-0.4618	0.2483	0.6255	3.3944	4.6624
NVDA	brk|100/5	0.0000	5	0.2000	29	1.8840	-0.3809	3.7714	-0.4618	7.1055	-0.4618	0.2483	0.6255	3.3944	4.6624
NVDA	brk|100/5	0.1500	5	0.2000	29	1.8840	-0.3809	3.7714	-0.4618	7.1055	-0.4618	0.2483	0.6255	3.3944	4.6624
AMD	mom|10d>5%	0.1500	1	0.0000	59	2.3934	-0.3473	2.9685	-0.3157	7.1047	-0.3473	0.3575	0.4892	1.7175	4.5569
ETHUSD	mom|20d>10%	0.1500	2	0.2000	43	3.9120	-0.3232	1.8159	-0.3430	7.1036	-0.3430	0.6123	0.2440	1.3260	1.1363
AMD	mom|20d>5%	0.2500	2	0.0000	37	1.8133	-0.6905	3.9143	-0.6779	7.0980	-0.7283	0.2317	0.6478	1.7175	4.5569
UDOW	xmaS|5/20	0.0000	2	0.2000	37	4.2535	-0.2279	1.6683	-0.3945	7.0962	-0.3430	0.6603	0.2060	0.6552	0.8981
AMD	mom|60d>0%	0.0000	1	0.0000	30	2.4591	-0.1454	2.8857	-0.2641	7.0960	-0.2641	0.3704	0.4738	1.7175	4.5569
AMD	mom|60d>0%	0.0000	1	0.3000	30	2.4591	-0.1454	2.8857	-0.2641	7.0960	-0.2641	0.3704	0.4738	1.7175	4.5569
AMD	mom|20d>20%	0.0800	5	0.0000	43	0.7693	-0.7127	9.2216	-0.6925	7.0944	-0.7801	-0.0877	1.2548	1.7175	4.5569
AMD	ma|20	0.0800	2	0.0000	123	1.8676	-0.4863	3.7967	-0.6375	7.0909	-0.6375	0.2445	0.6295	1.7175	4.5569
US100	ma|100	0.0000	10	0.0000	24	0.6225	-0.8861	11.3901	-0.1662	7.0899	-0.8861	-0.1530	1.4360	1.2639	1.8560
US100	ma|100	0.1500	10	0.0000	24	0.6225	-0.8861	11.3901	-0.1662	7.0899	-0.8861	-0.1530	1.4360	1.2639	1.8560
US100	ma|100	0.2500	10	0.0000	24	0.6225	-0.8861	11.3901	-0.1662	7.0899	-0.8861	-0.1530	1.4360	1.2639	1.8560
AMD	ma|20	0.0000	3	0.3000	72	1.2894	-0.4712	5.4962	-0.4948	7.0870	-0.4948	0.0931	0.8657	1.7175	4.5569
TECL	brk|20/10	0.0000	3	0.3000	31	2.3651	-0.7173	2.9939	-0.4048	7.0807	-0.7173	0.3518	0.4938	0.1537	3.8701
TECL	dip|3d<-1.0sd hold5	0.0000	2	0.3000	88	1.4994	-0.4583	4.7212	-0.3538	7.0791	-0.4583	0.1524	0.7648	0.1537	3.8701
AMD	ma|20	0.2500	3	0.3000	72	1.2894	-0.4712	5.4864	-0.4957	7.0744	-0.4957	0.0931	0.8645	1.7175	4.5569
TQQQ	ma|50	0.0800	3	0.3000	120	0.6020	-0.4475	11.7441	-0.3591	7.0704	-0.4475	-0.1628	1.4634	1.0272	3.3408
NVDA	brk|20/5	0.0800	5	0.2000	58	1.1256	-0.4063	6.2771	-0.3685	7.0657	-0.4063	0.0423	0.9587	3.3944	4.6624
NVDA	dip|1d<-1.5sd hold1	0.0000	5	0.3000	77	3.1637	-0.3553	2.2326	-0.4453	7.0635	-0.4453	0.4968	0.3417	3.3944	4.6624
MSTR	xma|5/20	0.0800	1	0.3000	191	0.8908	-0.4582	7.9280	-0.4350	7.0624	-0.4582	-0.0426	1.1334	1.0116	2.3136
MSTR	mom|10d>20%	0.2500	2	0.0000	29	0.5299	-0.8289	13.3131	-0.5476	7.0544	-0.8289	-0.2125	1.5791	1.0116	2.3136
NVDA	ma|20	0.1500	1	0.2000	70	3.6072	-0.2606	1.9552	-0.2210	7.0527	-0.2606	0.5672	0.2781	3.3944	4.6624
NVDA	dip|3d<-1.0sd hold1	0.0000	3	0.2000	189	1.6513	-0.3364	4.2701	-0.2942	7.0511	-0.3364	0.1920	0.7011	3.3944	4.6624
COIN	momS|20d<-10%	0.0000	2	0.0000	30	11.0956	-0.2289	0.6352	-0.6006	7.0478	-0.6886	1.4256	-0.1530	0.5352	1.2370
AMD	ma|200	0.0800	2	0.3000	115	0.7975	-0.3413	8.8284	-0.3514	7.0403	-0.3514	-0.0762	1.2191	1.7175	4.5569
NVDA	mom|10d>0%	0.0000	1	0.3000	86	3.8688	-0.1856	1.8196	-0.3011	7.0399	-0.3011	0.6061	0.2449	3.3944	4.6624
NVDA	mom|10d>0%	0.2500	1	0.3000	86	3.8688	-0.1856	1.8196	-0.3011	7.0399	-0.3011	0.6061	0.2449	3.3944	4.6624
TQQQ	dip|3d<-2.0sd hold2	0.0000	5	0.3000	26	1.8371	-0.4187	3.8319	-0.3925	7.0397	-0.4187	0.2374	0.6350	1.0272	3.3408
GOLD	brk|10/5	0.1500	10	0.2000	56	3.0835	-0.3291	2.2809	-0.5519	7.0331	-0.5519	0.4834	0.3523	1.1434	2.0840
NVDA	brk|20/10	0.0800	5	0.3000	48	1.2490	-0.5673	5.6288	-0.4780	7.0302	-0.5673	0.0810	0.8821	3.3944	4.6624
SOXL	ma|50	0.0800	3	0.2000	230	0.3518	-0.3918	9.2387	-0.3017	7.0275	-0.3918	-0.3064	1.2563	0.0504	5.4354
GOLD	ma|10	0.1500	3	0.0000	116	1.7320	-0.1691	4.0570	-0.3552	7.0267	-0.3552	0.2121	0.6695	1.1434	2.0840
META	rsi2|<10 trend100 max3	0.0000	5	0.0000	99	2.6368	-0.3238	2.6638	-0.7964	7.0239	-0.7964	0.4043	0.4313	1.3509	2.1912
NVDA	ma|50	0.0800	3	0.0000	106	9.6507	-0.7512	0.7277	-0.6921	7.0230	-0.7512	1.2120	-0.1098	3.3944	4.6624
NVDA	rsi2|<10 trend200 max7	0.0000	3	0.2000	107	3.5790	-0.6140	1.9622	-0.4223	7.0226	-0.6140	0.5629	0.2798	3.3944	4.6624
NVDA	dip|3d<-1.5sd hold1	0.0000	5	0.3000	70	0.9537	-0.4079	7.3591	-0.3186	7.0187	-0.4079	-0.0164	1.0761	3.3944	4.6624
META	rsi2|<10 trend200 max7	0.0000	3	0.2000	85	2.5855	-0.2305	2.7143	-0.4027	7.0179	-0.4027	0.3947	0.4412	1.3509	2.1912
MSTR	xma|5/20	0.2500	1	0.2000	45	1.2076	-0.4789	5.8101	-0.3737	7.0164	-0.4789	0.0735	0.9040	1.0116	2.3136
MSTR	xma|5/20	0.2500	1	0.3000	45	1.2076	-0.4789	5.8101	-0.3737	7.0164	-0.4789	0.0735	0.9040	1.0116	2.3136
SOLUSD	brk|20/10	0.2500	1	0.0000	32	10.3692	-0.4504	0.6766	-0.5297	7.0163	-0.5297	1.2683	-0.1332	7.9407	1.1320
NVDA	mom|20d>10%	0.2500	2	0.2000	21	2.9606	-0.3624	2.3675	-0.3922	7.0093	-0.3922	0.4624	0.3708	3.3944	4.6624
NVDA	mom|10d>0%	0.1500	1	0.2000	87	3.7578	-0.1927	1.8652	-0.2079	7.0092	-0.2079	0.5898	0.2563	3.3944	4.6624
GOLD	ma|50	0.1500	5	0.3000	43	0.8960	-0.3235	7.8145	-0.2441	7.0021	-0.3235	-0.0377	1.1222	1.1434	2.0840
MSTR	brk|20/10	0.0000	1	0.0000	25	1.4922	-0.4594	4.6900	-0.4311	6.9986	-0.4594	0.1625	0.7605	1.0116	2.3136
TQQQ	brk|55/10	0.0800	5	0.2000	30	2.8015	-0.3922	2.4973	-0.2735	6.9961	-0.3922	0.4344	0.3979	1.0272	3.3408
SOXL	mom|60d>20%	0.2500	2	0.2000	33	3.8497	-0.3144	1.8163	-0.4540	6.9924	-0.4540	0.6033	0.2441	0.0504	5.4354
SMCI	ma|200	0.0000	2	0.0000	9	16.8989	-0.3908	0.4138	-0.6756	6.9921	-0.6756	1.9964	-0.2760	7.7027	1.5224
SMCI	xma|50/200	0.1500	2	0.0000	53	8.1600	-0.4403	0.8563	-0.9239	6.9876	-0.9239	1.2588	-0.0552	7.7027	1.5224
MSTR	xmaS|5/20	0.2500	2	0.3000	64	1.5221	-0.5079	4.5876	-0.3116	6.9830	-0.5079	0.1712	0.7463	1.0116	2.3136
NVDA	ma|50	0.2500	3	0.3000	45	6.7957	-0.3981	1.0271	-0.6174	6.9796	-0.6174	0.9563	0.0098	3.3944	4.6624
AMD	dip|1d<-1.0sd hold5	0.0000	1	0.0000	119	2.4565	-0.3297	2.8397	-0.2790	6.9757	-0.3297	0.3699	0.4652	1.7175	4.5569
META	rsi2|<10 trend100 max7	0.0000	3	0.0000	82	2.7513	-0.2305	2.5325	-0.5760	6.9677	-0.5760	0.4254	0.4050	1.3509	2.1912
UPRO	mom|20d>10%	0.0000	5	0.0000	22	3.5892	-0.7520	1.9382	-0.4888	6.9566	-0.7520	0.5644	0.2740	1.2815	2.8547
UPRO	mom|20d>10%	0.2500	5	0.0000	22	3.5892	-0.7520	1.9382	-0.4888	6.9566	-0.7520	0.5644	0.2740	1.2815	2.8547
AMD	brk|10/5	0.2500	2	0.3000	62	1.5364	-0.3537	4.5274	-0.3498	6.9559	-0.3537	0.1623	0.7379	1.7175	4.5569
AMD	brk|10/5	0.0000	2	0.3000	62	1.5364	-0.3537	4.5274	-0.3498	6.9559	-0.3537	0.1623	0.7379	1.7175	4.5569
MSTR	mom|10d>10%	0.2500	3	0.0000	45	0.5182	-0.8472	13.4184	-0.8713	6.9539	-0.8713	-0.2191	1.5865	1.0116	2.3136
TSLA	mom|20d>5%	0.1500	2	0.2000	45	3.2901	-0.3006	2.1126	-0.2380	6.9507	-0.3006	0.5175	0.3149	1.0220	1.5021
AMD	brk|10/5	0.1500	2	0.3000	62	1.5458	-0.3537	4.4930	-0.3498	6.9455	-0.3537	0.1648	0.7331	1.7175	4.5569
NVDA	brk|100/10	0.0000	3	0.3000	20	4.7917	-0.2198	1.4493	-0.3465	6.9448	-0.3465	0.7310	0.1455	3.3944	4.6624
NVDA	brk|100/10	0.0000	3	0.2000	20	4.7917	-0.2198	1.4493	-0.3328	6.9448	-0.3328	0.7310	0.1455	3.3944	4.6624
NVDA	brk|100/10	0.0000	3	0.0000	20	4.7917	-0.2198	1.4493	-0.5483	6.9448	-0.5483	0.7310	0.1455	3.3944	4.6624
NVDA	brk|100/10	0.2500	3	0.3000	20	4.7917	-0.2198	1.4493	-0.3465	6.9448	-0.3465	0.7310	0.1455	3.3944	4.6624
NVDA	brk|100/10	0.2500	3	0.2000	20	4.7917	-0.2198	1.4493	-0.3328	6.9448	-0.3328	0.7310	0.1455	3.3944	4.6624
NVDA	brk|100/10	0.2500	3	0.0000	20	4.7917	-0.2198	1.4493	-0.5483	6.9448	-0.5483	0.7310	0.1455	3.3944	4.6624
NVDA	mom|10d>0%	0.2500	1	0.2000	86	3.8688	-0.1856	1.7948	-0.2594	6.9437	-0.2594	0.6061	0.2387	3.3944	4.6624
NVDA	mom|10d>0%	0.0000	1	0.2000	86	3.8688	-0.1856	1.7948	-0.2594	6.9437	-0.2594	0.6061	0.2387	3.3944	4.6624
NVDA	dip|3d<-1.0sd hold1	0.0000	5	0.3000	189	1.0596	-0.5226	6.5503	-0.4903	6.9410	-0.5226	0.0205	0.9895	3.3944	4.6624
NVDA	xma|20/100	0.0800	5	0.3000	102	4.9686	-0.5288	1.3958	-0.4426	6.9352	-0.5288	0.7531	0.1298	3.3944	4.6624
NVDA	ma|50	0.0000	3	0.3000	45	6.7491	-0.3981	1.0271	-0.6174	6.9317	-0.6174	0.9516	0.0098	3.3944	4.6624
NVDA	mom|60d>20%	0.0800	2	0.2000	58	8.7675	-0.3221	0.7905	-0.2489	6.9310	-0.3221	1.1389	-0.0824	3.3944	4.6624
AMD	brk|10/5	0.0800	3	0.0000	72	0.7336	-0.8618	9.4466	-0.6002	6.9301	-0.8618	-0.1028	1.2747	1.7175	4.5569
NVDA	mom|5d>5%	0.0000	2	0.0000	78	4.6658	-0.6889	1.4849	-0.5696	6.9282	-0.6889	0.7150	0.1557	3.3944	4.6624
NVDA	mom|5d>5%	0.2500	2	0.0000	78	4.6658	-0.6889	1.4849	-0.5696	6.9282	-0.6889	0.7150	0.1557	3.3944	4.6624
AMD	dip|1d<-1.0sd hold5	0.0000	1	0.3000	119	2.4356	-0.3297	2.8397	-0.2790	6.9165	-0.3297	0.3658	0.4652	1.7175	4.5569
AMD	mom|20d>5%	0.0000	2	0.3000	37	2.3459	-0.4032	2.9456	-0.3546	6.9100	-0.4032	0.3480	0.4849	1.7175	4.5569
GOLD	brk|100/5	0.0800	10	0.3000	24	0.9778	-0.3391	7.0655	-0.4421	6.9087	-0.4421	-0.0078	1.0454	1.1434	2.0840
PLTR	brk|100/5	0.0800	3	0.2000	32	1.5796	-0.2039	4.3732	-0.2229	6.9080	-0.2229	0.1736	0.7160	0.6080	11.5379
MSTR	momS|10d<-0%	0.0800	1	0.3000	231	1.6380	-0.3176	4.2171	-0.3081	6.9076	-0.3176	0.2040	0.6933	1.0116	2.3136
AMD	mom|20d>5%	0.2500	2	0.3000	37	2.3459	-0.4032	2.9424	-0.3546	6.9025	-0.4032	0.3480	0.4844	1.7175	4.5569
US100	dip|3d<-1.0sd hold2	0.0000	10	0.3000	135	1.2570	-0.4741	5.4841	-0.4468	6.8936	-0.4741	0.0834	0.8642	1.2639	1.8560
MSTR	mom|5d>0%	0.2500	2	0.2000	130	4.3439	-0.2671	1.5865	-0.4019	6.8917	-0.4019	0.7376	0.1840	1.0116	2.3136
UDOW	momS|10d<-5%	0.0800	2	0.2000	72	2.7633	-0.2636	2.4937	-0.2658	6.8907	-0.3050	0.4275	0.3971	0.6552	0.8981
AMD	dip|3d<-1.5sd hold1	0.0000	5	0.0000	75	1.7460	-0.6080	3.9436	-0.5361	6.8856	-0.6080	0.2155	0.6523	1.7175	4.5569
TECL	xma|5/20	0.0800	2	0.2000	137	3.5124	-0.2813	1.9581	-0.3241	6.8777	-0.3241	0.5526	0.2788	0.1537	3.8701
NVDA	brk|10/5	0.1500	1	0.3000	59	3.8514	-0.1492	1.7843	-0.2338	6.8720	-0.2338	0.6035	0.2360	3.3944	4.6624
NVDA	brk|10/5	0.0000	1	0.0000	59	3.8514	-0.1492	1.7843	-0.2338	6.8720	-0.2338	0.6035	0.2360	3.3944	4.6624
NVDA	brk|10/5	0.2500	1	0.0000	59	3.8514	-0.1492	1.7843	-0.2338	6.8720	-0.2338	0.6035	0.2360	3.3944	4.6624
NVDA	brk|10/5	0.2500	1	0.3000	59	3.8514	-0.1492	1.7843	-0.2338	6.8720	-0.2338	0.6035	0.2360	3.3944	4.6624
NVDA	brk|10/5	0.1500	1	0.0000	59	3.8514	-0.1492	1.7843	-0.2338	6.8720	-0.2338	0.6035	0.2360	3.3944	4.6624
NVDA	brk|10/5	0.0000	1	0.3000	59	3.8514	-0.1492	1.7843	-0.2338	6.8720	-0.2338	0.6035	0.2360	3.3944	4.6624
NVDA	mom|60d>0%	0.0800	2	0.2000	106	10.9378	-0.2318	0.6282	-0.2677	6.8716	-0.2677	1.3111	-0.1564	3.3944	4.6624
META	xma|20/100	0.1500	2	0.2000	15	4.7450	-0.1581	1.4480	-0.2987	6.8707	-0.2987	0.7251	0.1451	1.3509	2.1912
MSTR	momS|10d<-0%	0.0800	1	0.2000	231	2.0480	-0.2538	3.9092	-0.2296	6.8672	-0.2538	0.3095	0.6470	1.0116	2.3136
TQQQ	mom|20d>20%	0.1500	5	0.3000	20	1.0391	-0.7589	6.6060	-0.4293	6.8644	-0.7589	0.0135	0.9956	1.0272	3.3408
AMD	mom|20d>10%	0.0800	3	0.0000	70	1.3180	-0.6214	5.2031	-0.7788	6.8575	-0.7788	0.1015	0.8287	1.7175	4.5569
MSTR	ma|20	0.1500	2	0.3000	97	1.5661	-0.4052	4.3786	-0.3953	6.8572	-0.4052	0.1838	0.7168	1.0116	2.3136
TECL	mom|10d>0%	0.1500	2	0.3000	97	3.1046	-0.3363	2.2071	-0.4399	6.8520	-0.4399	0.4869	0.3361	0.1537	3.8701
GOLD	ma|50	0.0000	20	0.0000	42	0.3128	-0.8787	21.8941	-0.7549	6.8480	-0.8787	-0.3344	2.0941	1.1434	2.0840
GOLD	ma|50	0.2500	20	0.0000	42	0.3128	-0.8787	21.8941	-0.7549	6.8480	-0.8787	-0.3344	2.0941	1.1434	2.0840
TECL	mom|60d>0%	0.0800	3	0.2000	143	1.7459	-0.3586	3.9219	-0.3511	6.8473	-0.3586	0.2155	0.6490	0.1537	3.8701
SOXL	ma|50	0.0800	1	0.0000	230	0.7761	-0.5595	8.8113	-0.4310	6.8385	-0.5595	-0.0849	1.2175	0.0504	5.4354
TECL	dip|3d<-1.5sd hold2	0.0000	2	0.0000	62	3.3757	-0.3202	2.0249	-0.2965	6.8353	-0.3202	0.5312	0.2946	0.1537	3.8701
AMD	brk|20/10	0.1500	5	0.0000	33	1.4206	-0.9161	4.8115	-0.8312	6.8350	-0.9161	0.1308	0.7771	1.7175	4.5569
MSTR	mom|60d>10%	0.0800	3	0.3000	165	0.3952	-0.4495	17.2833	-0.4089	6.8307	-0.4495	-0.2947	1.8376	1.0116	2.3136
NVDA	mom|20d>20%	0.1500	2	0.2000	14	1.6241	-0.2478	4.2050	-0.2933	6.8294	-0.2933	0.1851	0.6916	3.3944	4.6624
NVDA	ma|10	0.1500	2	0.3000	106	2.5463	-0.3796	2.6812	-0.3959	6.8272	-0.3959	0.3872	0.4347	3.3944	4.6624
TQQQ	mom|20d>20%	0.0800	3	0.0000	34	1.7366	-0.5264	3.9307	-0.2530	6.8260	-0.5264	0.2132	0.6503	1.0272	3.3408
SOXL	ma|50	0.0800	1	0.3000	230	0.7721	-0.3425	8.8338	-0.3180	6.8203	-0.3425	-0.0866	1.2196	0.0504	5.4354
AMD	mom|10d>0%	0.0800	1	0.3000	135	1.9948	-0.2818	3.4189	-0.3312	6.8200	-0.3312	0.2736	0.5682	1.7175	4.5569
NVDA	dip|2d<-1.5sd hold5	0.0000	3	0.2000	54	1.2120	-0.3569	5.6260	-0.4341	6.8190	-0.4341	0.0697	0.8817	3.3944	4.6624
SOXL	ma|50	0.2500	1	0.3000	52	1.7692	-0.3254	3.8506	-0.3666	6.8125	-0.3666	0.2212	0.6379	0.0504	5.4354
NVDA	brk|20/5	0.0800	5	0.0000	58	2.2619	-0.9035	3.0104	-0.8437	6.8091	-0.9035	0.3309	0.4968	3.3944	4.6624
US500	dip|3d<-1.5sd hold2	0.0000	10	0.0000	69	1.0801	-0.6509	6.2970	-0.4401	6.8013	-0.6509	0.0273	0.9610	1.2251	1.6367
AMD	dip|3d<-1.0sd hold5	0.0000	2	0.3000	98	2.1387	-0.4304	3.1781	-0.3385	6.7971	-0.4304	0.3050	0.5268	1.7175	4.5569
META	ma|200	0.0800	3	0.2000	42	4.9962	-0.2527	1.3600	-0.2943	6.7947	-0.2943	0.7565	0.1191	1.3509	2.1912
NVDA	mom|20d>10%	0.0800	3	0.2000	54	2.1237	-0.3237	3.1961	-0.4110	6.7874	-0.4110	0.3018	0.5300	3.3944	4.6624
NVDA	mom|60d>10%	0.2500	1	0.3000	14	6.3366	-0.3071	1.0708	-0.1264	6.7853	-0.3071	0.9090	0.0254	3.3944	4.6624
NVDA	mom|60d>10%	0.2500	1	0.0000	14	6.3366	-0.3773	1.0708	-0.1264	6.7853	-0.3773	0.9090	0.0254	3.3944	4.6624
AMD	mom|20d>10%	0.0800	2	0.3000	70	1.4105	-0.4027	4.8092	-0.3594	6.7833	-0.4027	0.1280	0.7767	1.7175	4.5569
AMD	mom|20d>0%	0.0000	2	0.0000	63	2.5007	-0.6090	2.7124	-0.7201	6.7829	-0.7201	0.3785	0.4408	1.7175	4.5569
NVDA	brk|100/10	0.1500	5	0.2000	20	6.2840	-0.3513	1.0792	-0.6413	6.7819	-0.6413	0.9034	0.0283	3.3944	4.6624
AMD	mom|20d>0%	0.2500	2	0.0000	63	2.5007	-0.6090	2.7096	-0.7201	6.7759	-0.7201	0.3785	0.4402	1.7175	4.5569
SOXL	rsi2|<5 trend100 max7	0.0000	2	0.0000	70	1.7761	-0.3691	3.8132	-0.6084	6.7727	-0.6084	0.2228	0.6321	0.0504	5.4354
NVDA	ma|50	0.1500	3	0.0000	56	11.3627	-0.6959	0.5956	-0.6137	6.7682	-0.6959	1.3422	-0.1727	3.3944	4.6624
TSLA	mom|20d>5%	0.0800	2	0.3000	86	2.4656	-0.3984	2.7433	-0.3511	6.7639	-0.3984	0.3717	0.4468	1.0220	1.5021
MSTR	mom|10d>5%	0.0800	2	0.3000	171	0.4975	-0.3744	13.5937	-0.3693	6.7635	-0.3744	-0.2309	1.5988	1.0116	2.3136
NVDA	mom|20d>10%	0.2500	3	0.3000	21	3.4007	-0.5437	1.9873	-0.5883	6.7583	-0.5883	0.5351	0.2858	3.3944	4.6624
TECL	mom|60d>10%	0.0800	3	0.2000	116	1.9418	-0.3299	3.4779	-0.3511	6.7535	-0.3511	0.2616	0.5780	0.1537	3.8701
AMD	mom|10d>0%	0.0000	1	0.0000	86	1.9509	-0.4141	3.4615	-0.4209	6.7531	-0.4209	0.2637	0.5753	1.7175	4.5569
US100	dip|3d<-2.0sd hold2	0.0000	10	0.3000	27	1.7611	-0.4121	3.8335	-0.2755	6.7513	-0.4121	0.2192	0.6353	1.2639	1.8560
GOLD	ma|10	0.0800	3	0.0000	117	1.7320	-0.1691	3.8978	-0.4918	6.7510	-0.4918	0.2121	0.6452	1.1434	2.0840
AMD	mom|10d>0%	0.2500	1	0.0000	86	1.9509	-0.4141	3.4599	-0.4209	6.7500	-0.4209	0.2637	0.5750	1.7175	4.5569
NVDA	mom|20d>5%	0.1500	3	0.2000	39	8.8243	-0.4398	0.7647	-0.3773	6.7478	-0.4398	1.1437	-0.0935	3.3944	4.6624
AMD	mom|10d>5%	0.0000	3	0.3000	55	6.9256	-0.3538	0.9735	-0.4468	6.7422	-0.4468	0.9693	-0.0098	1.7175	4.5569
SOLUSD	mom|20d>20%	0.2500	1	0.3000	30	12.7940	-0.3533	0.5268	-0.4259	6.7404	-0.4259	1.4415	-0.2091	7.9407	1.1320
SOLUSD	mom|10d>20%	0.0000	1	0.2000	31	10.4469	-0.3682	0.6451	-0.2642	6.7397	-0.3682	1.2743	-0.1482	7.9407	1.1320
NVDA	ma|50	0.0800	2	0.2000	106	5.2058	-0.2825	1.2943	-0.2728	6.7378	-0.2825	0.7820	0.0990	3.3944	4.6624
GOLD	ma|100	0.2500	5	0.2000	27	2.2793	-0.2111	2.9532	-0.3269	6.7313	-0.3269	0.3344	0.4863	1.1434	2.0840
GOLD	ma|100	0.0000	5	0.2000	27	2.2793	-0.2111	2.9532	-0.3269	6.7313	-0.3269	0.3344	0.4863	1.1434	2.0840
AMD	mom|10d>5%	0.2500	3	0.3000	55	6.9256	-0.3538	0.9716	-0.4468	6.7290	-0.4468	0.9693	-0.0105	1.7175	4.5569
TQQQ	mom|10d>5%	0.0800	2	0.3000	92	4.3261	-0.3833	1.5546	-0.3364	6.7253	-0.3833	0.6702	0.1752	1.0272	3.3408
NVDA	mom|20d>10%	0.0000	2	0.2000	21	2.8395	-0.3885	2.3675	-0.3922	6.7226	-0.3922	0.4412	0.3708	3.3944	4.6624
AMD	brk|55/10	0.1500	2	0.0000	19	2.3421	-0.1538	2.8689	-0.3896	6.7191	-0.3896	0.3472	0.4707	1.7175	4.5569
AMD	brk|55/10	0.1500	2	0.2000	19	2.3421	-0.1538	2.8689	-0.3007	6.7191	-0.3007	0.3472	0.4707	1.7175	4.5569
AMD	brk|55/10	0.1500	2	0.3000	19	2.3421	-0.1538	2.8689	-0.3007	6.7191	-0.3007	0.3472	0.4707	1.7175	4.5569
NVDA	dip|1d<-1.5sd hold1	0.0000	5	0.2000	77	3.0092	-0.2320	2.2326	-0.4453	6.7184	-0.4453	0.4708	0.3417	3.3944	4.6624
GOLD	ma|10	0.1500	10	0.3000	116	1.1215	-0.4437	5.9889	-0.4016	6.7164	-0.4437	0.0410	0.9253	1.1434	2.0840
AMD	mom|20d>5%	0.0800	2	0.3000	98	0.9287	-0.3418	7.2318	-0.3348	6.7161	-0.3418	-0.0256	1.0629	1.7175	4.5569
MSTR	mom|20d>0%	0.1500	1	0.3000	92	2.2368	-0.3399	3.0024	-0.4644	6.7158	-0.4644	0.3537	0.4954	1.0116	2.3136
AMD	dip|2d<-1.5sd hold5	0.0000	2	0.0000	52	1.1512	-0.6061	5.8324	-0.3364	6.7141	-0.6061	0.0505	0.9067	1.7175	4.5569
NVDA	rsi2|<10 trend0 max7	0.0000	3	0.2000	163	2.5541	-0.5934	2.6267	-0.4223	6.7089	-0.5934	0.3887	0.4240	3.3944	4.6624
SOLUSD	mom|20d>5%	0.2500	2	0.3000	48	44.4786	-0.6500	0.1504	-0.4757	6.6904	-0.6500	2.7772	-0.5001	7.9407	1.1320
AMD	mom|60d>20%	0.1500	3	0.0000	21	4.9177	-0.4600	1.3578	-0.5954	6.6772	-0.5954	0.7468	0.1184	1.7175	4.5569
META	mom|60d>5%	0.0800	5	0.0000	35	16.8099	-0.5602	0.3971	-0.8100	6.6755	-0.8100	1.6865	-0.2868	1.3509	2.1912
UPRO	dip|3d<-1.0sd hold5	0.0000	3	0.2000	98	1.0373	-0.5262	6.4342	-0.3945	6.6742	-0.5262	0.0129	0.9765	1.2815	2.8547
MSTR	mom|5d>0%	0.0800	1	0.0000	230	2.7174	-0.3124	2.4529	-0.6539	6.6655	-0.6539	0.4565	0.3887	1.0116	2.3136
MSTR	mom|5d>0%	0.0000	2	0.2000	129	4.3439	-0.2671	1.5343	-0.3848	6.6646	-0.3848	0.7376	0.1696	1.0116	2.3136
NVDA	ma|20	0.1500	1	0.0000	70	3.6275	-0.3303	1.8338	-0.3511	6.6521	-0.3511	0.5702	0.2485	3.3944	4.6624
META	mom|60d>20%	0.0800	3	0.2000	14	4.7675	-0.1826	1.3948	-0.2919	6.6498	-0.2919	0.7280	0.1295	1.3509	2.1912
META	mom|60d>20%	0.0800	3	0.3000	14	4.7675	-0.1826	1.3948	-0.4111	6.6498	-0.4111	0.7280	0.1295	1.3509	2.1912
META	mom|60d>20%	0.0800	3	0.0000	14	4.7675	-0.1826	1.3948	-0.4602	6.6498	-0.4602	0.7280	0.1295	1.3509	2.1912
AMD	dip|1d<-1.5sd hold5	0.0000	3	0.0000	60	1.3306	-0.7535	4.9971	-0.5008	6.6490	-0.7535	0.1052	0.8018	1.7175	4.5569
NVDA	ma|200	0.0000	2	0.3000	10	4.2562	-0.5626	1.5616	-0.2644	6.6466	-0.5626	0.6606	0.1772	3.3944	4.6624
NVDA	ma|10	0.1500	1	0.0000	106	2.8402	-0.3916	2.3385	-0.2714	6.6417	-0.3916	0.4413	0.3647	3.3944	4.6624
NVDA	mom|5d>0%	0.0800	3	0.0000	149	6.3437	-0.8520	1.0469	-0.7270	6.6411	-0.8520	0.9097	0.0169	3.3944	4.6624
SOLUSD	mom|20d>10%	0.2500	1	0.0000	41	11.3468	-0.3533	0.5853	-0.6389	6.6409	-0.6389	1.3410	-0.1780	7.9407	1.1320
AMD	ma|100	0.2500	2	0.2000	25	2.9957	-0.2634	2.2163	-0.2438	6.6394	-0.2634	0.4685	0.3381	1.7175	4.5569
AMD	brk|55/10	0.1500	5	0.2000	19	4.4935	-0.3844	1.4775	-0.5232	6.6391	-0.5232	0.6925	0.1536	1.7175	4.5569
AMD	brk|55/10	0.1500	5	0.3000	19	4.4935	-0.3844	1.4775	-0.5232	6.6391	-0.5232	0.6925	0.1536	1.7175	4.5569
TECL	mom|60d>5%	0.0800	3	0.2000	126	2.9784	-0.3299	2.2287	-0.3511	6.6380	-0.3511	0.4655	0.3409	0.1537	3.8701
MSTR	rsi2|<10 trend200 max3	0.0000	2	0.2000	99	1.0925	-0.2859	6.0757	-0.4013	6.6376	-0.4013	0.0338	0.9355	1.0116	2.3136
AMD	mom|60d>10%	0.2500	1	0.2000	14	2.6055	-0.0320	2.5467	-0.2379	6.6356	-0.2379	0.3984	0.4079	1.7175	4.5569
AMD	mom|60d>10%	0.2500	1	0.0000	14	2.6055	-0.0320	2.5467	-0.2846	6.6356	-0.2846	0.3984	0.4079	1.7175	4.5569
AMD	mom|60d>10%	0.2500	1	0.3000	14	2.6055	-0.0320	2.5467	-0.2846	6.6356	-0.2846	0.3984	0.4079	1.7175	4.5569
META	mom|60d>5%	0.0800	3	0.0000	35	9.1669	-0.3730	0.7236	-0.5618	6.6333	-0.5618	1.1725	-0.1117	1.3509	2.1912
GOLD	xma|10/50	0.1500	5	0.2000	18	0.8314	-0.2294	7.9762	-0.2600	6.6314	-0.2600	-0.0626	1.1382	1.1434	2.0840
ETHUSD	momS|20d<-5%	0.0000	2	0.3000	43	1.8539	-0.3767	3.8273	-0.3523	6.6313	-0.3838	0.2413	0.6343	1.3260	1.1363
MSTR	brk|20/10	0.2500	1	0.0000	26	1.5319	-0.4450	4.3285	-0.4311	6.6307	-0.4450	0.1740	0.7096	1.0116	2.3136
SMCI	brk|55/20	0.1500	2	0.3000	21	2.6457	-0.3433	2.5036	-0.5000	6.6238	-0.5000	0.4588	0.3992	7.7027	1.5224
MSTR	mom|10d>20%	0.2500	2	0.2000	29	0.6558	-0.3409	10.0961	-0.3596	6.6207	-0.3596	-0.1468	1.3308	1.0116	2.3136
NVDA	mom|10d>0%	0.1500	1	0.0000	87	3.7578	-0.1927	1.7603	-0.3442	6.6149	-0.3442	0.5898	0.2299	3.3944	4.6624
MSTR	ma|20	0.2500	2	0.0000	76	0.9662	-0.7541	6.8424	-0.7590	6.6115	-0.7590	-0.0128	1.0215	1.0116	2.3136
MSTR	mom|5d>0%	0.0000	1	0.2000	129	4.1097	-0.2109	1.6085	-0.2454	6.6105	-0.2454	0.7017	0.1900	1.0116	2.3136
UDOW	xmaS|5/20	0.0000	2	0.0000	37	4.4707	-0.3232	1.4780	-0.5886	6.6077	-0.7216	0.6895	0.1537	0.6552	0.8981
AMD	mom|10d>5%	0.0000	1	0.0000	55	2.3876	-0.3488	2.7667	-0.3640	6.6058	-0.3640	0.3563	0.4513	1.7175	4.5569
AMD	mom|10d>5%	0.2500	1	0.0000	55	2.3876	-0.3488	2.7654	-0.3643	6.6027	-0.3643	0.3563	0.4510	1.7175	4.5569
PLTR	xma|20/100	0.0000	3	0.0000	10	0.6739	-0.7098	9.7839	-0.4247	6.5929	-0.7098	-0.1291	1.3041	0.6080	11.5379
SOLUSD	mom|20d>20%	0.2500	1	0.2000	30	12.5014	-0.3533	0.5268	-0.3942	6.5863	-0.3942	1.4218	-0.2091	7.9407	1.1320
NVDA	dip|1d<-1.5sd hold5	0.0000	3	0.0000	58	0.8459	-0.6313	7.7862	-0.4842	6.5862	-0.6313	-0.0569	1.1194	3.3944	4.6624
NVDA	mom|20d>20%	0.0800	3	0.2000	31	1.3922	-0.2332	4.7145	-0.2399	6.5634	-0.2399	0.1228	0.7639	3.3944	4.6624
AMD	ma|50	0.0000	2	0.0000	40	2.2294	-0.5747	2.9439	-0.4293	6.5632	-0.5747	0.3241	0.4846	1.7175	4.5569
MSTR	mom|10d>20%	0.2500	2	0.3000	29	0.4926	-0.5468	13.3131	-0.3726	6.5576	-0.5468	-0.2338	1.5791	1.0116	2.3136
AMD	ma|50	0.2500	2	0.0000	40	2.2294	-0.5747	2.9407	-0.4299	6.5561	-0.5747	0.3241	0.4840	1.7175	4.5569
NVDA	ma|50	0.2500	1	0.2000	45	5.1331	-0.1444	1.2767	-0.2391	6.5536	-0.2391	0.7732	0.0935	3.3944	4.6624
NVDA	mom|10d>0%	0.2500	1	0.0000	86	3.8688	-0.1856	1.6938	-0.3868	6.5531	-0.3868	0.6061	0.2127	3.3944	4.6624
NVDA	mom|10d>0%	0.0000	1	0.0000	86	3.8688	-0.1856	1.6938	-0.3868	6.5531	-0.3868	0.6061	0.2127	3.3944	4.6624
NVDA	ma|50	0.2500	2	0.2000	45	5.2076	-0.2770	1.2579	-0.4438	6.5506	-0.4438	0.7822	0.0876	3.3944	4.6624
MSTR	momS|10d<-10%	0.0000	2	0.2000	35	1.3948	-0.4677	4.6954	-0.3663	6.5493	-0.4677	0.1333	0.7612	1.0116	2.3136
NVDA	ma|50	0.0000	1	0.2000	45	5.1211	-0.1444	1.2767	-0.2391	6.5383	-0.2391	0.7718	0.0935	3.3944	4.6624
UPRO	rsi2|<10 trend0 max7	0.0000	2	0.0000	166	1.3440	-0.6463	4.8627	-0.3930	6.5355	-0.6463	0.1091	0.7840	1.2815	2.8547
GOLD	brk|10/5	0.0800	5	0.2000	56	1.2680	-0.2058	5.1489	-0.2759	6.5290	-0.2759	0.0867	0.8217	1.1434	2.0840
AMD	ma|20	0.1500	3	0.0000	75	1.3876	-0.8276	4.6998	-0.7994	6.5214	-0.8276	0.1215	0.7619	1.7175	4.5569
NVDA	ma|50	0.0000	2	0.2000	45	5.1836	-0.2770	1.2579	-0.4438	6.5204	-0.4438	0.7793	0.0876	3.3944	4.6624
NVDA	brk|55/5	0.2500	3	0.0000	38	3.4023	-0.4292	1.9159	-0.5735	6.5186	-0.5735	0.5354	0.2687	3.3944	4.6624
NVDA	brk|55/5	0.1500	3	0.0000	38	3.4023	-0.4292	1.9159	-0.5735	6.5186	-0.5735	0.5354	0.2687	3.3944	4.6624
NVDA	brk|55/5	0.0000	3	0.0000	38	3.4023	-0.4292	1.9159	-0.5735	6.5186	-0.5735	0.5354	0.2687	3.3944	4.6624
UDOW	momS|10d<-5%	0.0800	1	0.0000	72	2.9088	-0.1702	2.2397	-0.1372	6.5147	-0.2542	0.4534	0.3433	0.6552	0.8981
UDOW	momS|10d<-5%	0.0800	1	0.2000	72	2.9088	-0.1702	2.2397	-0.1372	6.5147	-0.2009	0.4534	0.3433	0.6552	0.8981
UDOW	momS|10d<-5%	0.0800	1	0.3000	72	2.9088	-0.1702	2.2397	-0.1372	6.5147	-0.2542	0.4534	0.3433	0.6552	0.8981
AMD	brk|100/10	0.1500	2	0.2000	15	1.7170	-0.2301	3.7890	-0.2154	6.5058	-0.2301	0.2084	0.6283	1.7175	4.5569
AMD	ma|100	0.2500	1	0.3000	25	2.0081	-0.2056	3.2381	-0.2577	6.5025	-0.2577	0.2765	0.5373	1.7175	4.5569
AMD	ma|100	0.2500	1	0.0000	25	2.0081	-0.2056	3.2381	-0.2577	6.5025	-0.2577	0.2765	0.5373	1.7175	4.5569
AMD	mom|60d>0%	0.0800	2	0.3000	116	1.7834	-0.3801	3.6456	-0.3959	6.5018	-0.3959	0.2246	0.6055	1.7175	4.5569
SOXL	dip|1d<-1.0sd hold5	0.0000	2	0.0000	119	2.3691	-0.9408	2.7438	-0.9158	6.5003	-0.9408	0.3526	0.4469	0.0504	5.4354
NVDA	mom|60d>10%	0.0800	3	0.3000	77	11.7039	-0.4343	0.5549	-0.3802	6.4942	-0.4343	1.3666	-0.1939	3.3944	4.6624
NVDA	mom|60d>5%	0.0800	1	0.2000	86	4.8146	-0.2006	1.3483	-0.2206	6.4916	-0.2206	0.7339	0.1156	3.3944	4.6624
MSTR	brk|10/5	0.2500	2	0.2000	55	3.0486	-0.3547	2.1277	-0.4019	6.4866	-0.4019	0.5209	0.3183	1.0116	2.3136
NVDA	xma|5/20	0.0800	5	0.2000	108	15.2306	-0.5437	0.4258	-0.5112	6.4853	-0.5437	1.5952	-0.2684	3.3944	4.6624
MSTR	ma|100	0.0800	2	0.3000	177	1.3029	-0.4395	4.9772	-0.4051	6.4849	-0.4395	0.1047	0.7992	1.0116	2.3136
TSLA	mom|20d>10%	0.1500	3	0.2000	30	3.9058	-0.4488	1.6601	-0.3504	6.4841	-0.4488	0.6114	0.2038	1.0220	1.5021
US500	dip|3d<-1.0sd hold2	0.0000	10	0.3000	138	1.3063	-0.5152	4.9616	-0.4477	6.4814	-0.5152	0.0981	0.7972	1.2251	1.6367
UDOW	xmaS|5/20	0.0800	2	0.0000	107	4.5304	-0.4139	1.4248	-0.5845	6.4551	-0.7565	0.6974	0.1384	0.6552	0.8981
GOLD	xma|10/50	0.2500	5	0.0000	16	0.8314	-0.2957	7.7598	-0.1056	6.4515	-0.2957	-0.0626	1.1167	1.1434	2.0840
GOLD	xma|10/50	0.2500	5	0.2000	16	0.8314	-0.2294	7.7598	-0.1056	6.4515	-0.2294	-0.0626	1.1167	1.1434	2.0840
GOLD	xma|10/50	0.2500	5	0.3000	16	0.8314	-0.2957	7.7598	-0.1056	6.4515	-0.2957	-0.0626	1.1167	1.1434	2.0840
AMD	mom|60d>5%	0.0800	1	0.0000	100	2.2205	-0.2642	2.9036	-0.3949	6.4475	-0.3949	0.3223	0.4772	1.7175	4.5569
AMD	mom|60d>5%	0.0800	1	0.3000	100	2.2205	-0.2642	2.9036	-0.3068	6.4475	-0.3068	0.3223	0.4772	1.7175	4.5569
MSTR	xmaS|5/20	0.1500	1	0.2000	100	2.3581	-0.3089	2.7337	-0.2124	6.4463	-0.3089	0.3808	0.4449	1.0116	2.3136
NVDA	mom|5d>0%	0.0800	2	0.0000	149	4.8433	-0.6983	1.3301	-0.5328	6.4421	-0.6983	0.7375	0.1100	3.3944	4.6624
MSTR	momS|10d<-0%	0.0800	3	0.0000	231	0.4870	-0.9409	13.2199	-0.7675	6.4379	-0.9788	-0.2371	1.5725	1.0116	2.3136
US100	brk|100/20	0.1500	10	0.2000	10	3.5124	-0.1957	1.8321	-0.5300	6.4350	-0.5300	0.5526	0.2481	1.2639	1.8560
US100	brk|100/20	0.0000	10	0.0000	10	3.5124	-0.1957	1.8321	-0.5300	6.4350	-0.5300	0.5526	0.2481	1.2639	1.8560
US100	brk|100/20	0.1500	10	0.3000	10	3.5124	-0.1957	1.8321	-0.5300	6.4350	-0.5300	0.5526	0.2481	1.2639	1.8560
US100	brk|100/20	0.1500	10	0.0000	10	3.5124	-0.1957	1.8321	-0.5300	6.4350	-0.5300	0.5526	0.2481	1.2639	1.8560
US100	brk|100/20	0.2500	10	0.3000	10	3.5124	-0.1957	1.8321	-0.5300	6.4350	-0.5300	0.5526	0.2481	1.2639	1.8560
US100	brk|100/20	0.0000	10	0.2000	10	3.5124	-0.1957	1.8321	-0.5300	6.4350	-0.5300	0.5526	0.2481	1.2639	1.8560
US100	brk|100/20	0.2500	10	0.2000	10	3.5124	-0.1957	1.8321	-0.5300	6.4350	-0.5300	0.5526	0.2481	1.2639	1.8560
US100	brk|100/20	0.2500	10	0.0000	10	3.5124	-0.1957	1.8321	-0.5300	6.4350	-0.5300	0.5526	0.2481	1.2639	1.8560
US100	brk|100/20	0.0000	10	0.3000	10	3.5124	-0.1957	1.8321	-0.5300	6.4350	-0.5300	0.5526	0.2481	1.2639	1.8560
COIN	momS|20d<-20%	0.0000	2	0.0000	17	10.2673	-0.2624	0.6265	-0.4744	6.4324	-0.4744	1.3573	-0.1573	0.5352	1.2370
COIN	momS|20d<-20%	0.0000	2	0.3000	17	10.2673	-0.2624	0.6265	-0.3307	6.4324	-0.3307	1.3573	-0.1573	0.5352	1.2370
TECL	xma|10/50	0.0000	2	0.0000	15	1.5638	-0.7658	4.1114	-0.3335	6.4294	-0.7658	0.1695	0.6777	0.1537	3.8701
SOXL	xma|10/50	0.0800	2	0.2000	254	0.4325	-0.2777	7.5663	-0.3864	6.4276	-0.3864	-0.2543	1.0973	0.0504	5.4354
TECL	xma|10/50	0.2500	3	0.0000	21	1.2437	-0.8985	5.1652	-0.4628	6.4241	-0.8985	0.0794	0.8238	0.1537	3.8701
AMD	ma|20	0.0000	2	0.0000	72	1.7748	-0.6344	3.6190	-0.6358	6.4228	-0.6358	0.2225	0.6012	1.7175	4.5569
NVDA	mom|20d>0%	0.0000	1	0.2000	63	4.2095	-0.2035	1.5251	-0.2238	6.4201	-0.2238	0.6543	0.1670	3.3944	4.6624
TSLA	brk|100/10	0.0800	3	0.0000	15	2.0854	-0.3632	3.0777	-0.2608	6.4181	-0.3632	0.2935	0.5090	1.0220	1.5021
TSLA	brk|100/10	0.0800	3	0.3000	15	2.0854	-0.3632	3.0777	-0.2608	6.4181	-0.3632	0.2935	0.5090	1.0220	1.5021
GOLD	ma|10	0.2500	3	0.2000	116	1.7320	-0.1691	3.7047	-0.2125	6.4165	-0.2125	0.2121	0.6149	1.1434	2.0840
GOLD	ma|10	0.0000	3	0.2000	116	1.7320	-0.1691	3.7047	-0.2125	6.4165	-0.2125	0.2121	0.6149	1.1434	2.0840
AMD	ma|20	0.2500	2	0.0000	72	1.7748	-0.6344	3.6152	-0.6358	6.4161	-0.6358	0.2225	0.6005	1.7175	4.5569
AMD	mom|10d>0%	0.0800	1	0.2000	135	1.8811	-0.2131	3.4092	-0.2175	6.4132	-0.2175	0.2477	0.5665	1.7175	4.5569
MSTR	xma|50/200	0.2500	1	0.0000	19	1.9728	-0.2382	3.2486	-0.4953	6.4090	-0.4953	0.2912	0.5391	1.0116	2.3136
NVDA	mom|10d>0%	0.1500	1	0.3000	87	3.7578	-0.1927	1.7053	-0.3042	6.4083	-0.3042	0.5898	0.2157	3.3944	4.6624
NVDA	dip|3d<-1.5sd hold1	0.0000	5	0.0000	70	0.7563	-0.6037	8.4730	-0.3186	6.4081	-0.6037	-0.0932	1.1860	3.3944	4.6624
AMD	ma|50	0.0000	3	0.0000	40	2.2501	-0.7367	2.8469	-0.5912	6.4058	-0.7367	0.3284	0.4665	1.7175	4.5569
NVDA	xma|20/100	0.0000	1	0.0000	11	5.7603	-0.1378	1.1118	-0.1792	6.4045	-0.1792	0.8463	0.0396	3.3944	4.6624
NVDA	xma|20/100	0.0000	1	0.3000	11	5.7603	-0.1378	1.1118	-0.1792	6.4045	-0.1792	0.8463	0.0396	3.3944	4.6624
NVDA	xma|20/100	0.0000	1	0.2000	11	5.7603	-0.1378	1.1118	-0.1792	6.4045	-0.1792	0.8463	0.0396	3.3944	4.6624
AMD	ma|50	0.0000	2	0.3000	40	2.2294	-0.3976	2.8726	-0.3274	6.4043	-0.3976	0.3241	0.4714	1.7175	4.5569
SOXL	ma|100	0.1500	2	0.2000	98	0.7416	-0.2955	8.6339	-0.4232	6.4030	-0.4232	-0.0994	1.2011	0.0504	5.4354
NVDA	ma|10	0.1500	1	0.2000	106	2.8461	-0.2313	2.2480	-0.2154	6.3979	-0.2313	0.4424	0.3451	3.3944	4.6624
AMD	ma|50	0.2500	2	0.3000	40	2.2294	-0.3976	2.8695	-0.3281	6.3974	-0.3976	0.3241	0.4708	1.7175	4.5569
AMD	ma|50	0.2500	3	0.0000	40	2.2501	-0.7367	2.8413	-0.5920	6.3932	-0.7367	0.3284	0.4655	1.7175	4.5569
SOLUSD	brk|100/20	0.0000	1	0.2000	8	6.2785	-0.2460	1.0180	-0.3536	6.3914	-0.3536	0.9028	0.0065	7.9407	1.1320
SOLUSD	brk|100/20	0.0000	1	0.0000	8	6.2785	-0.2460	1.0180	-0.3906	6.3914	-0.3906	0.9028	0.0065	7.9407	1.1320
SOLUSD	brk|100/20	0.0000	1	0.3000	8	6.2785	-0.2460	1.0180	-0.3536	6.3914	-0.3536	0.9028	0.0065	7.9407	1.1320
META	rsi2|<20 trend0 max3	0.0000	5	0.0000	237	8.3751	-0.7191	0.7628	-0.9629	6.3888	-0.9629	1.1049	-0.0943	1.3509	2.1912
AMD	ma|50	0.1500	2	0.0000	52	2.6020	-0.5843	2.4551	-0.5125	6.3883	-0.5843	0.3978	0.3892	1.7175	4.5569
MSTR	xma|5/20	0.1500	3	0.3000	80	1.0856	-0.5628	5.8838	-0.5046	6.3874	-0.5628	0.0314	0.9128	1.0116	2.3136
TQQQ	ma|200	0.0000	3	0.0000	12	1.2076	-0.6816	5.2877	-0.1733	6.3854	-0.6816	0.0683	0.8395	1.0272	3.3408
MSTR	momS|10d<-5%	0.0000	2	0.0000	47	1.4526	-0.5326	4.3914	-0.5553	6.3788	-0.5553	0.1508	0.7186	1.0116	2.3136
NVDA	ma|100	0.0800	2	0.2000	103	4.6484	-0.2825	1.3716	-0.2612	6.3760	-0.2825	0.7127	0.1226	3.3944	4.6624
SOXL	xma|10/50	0.1500	2	0.2000	99	0.5232	-0.3758	12.1867	-0.3721	6.3759	-0.3758	-0.2030	1.4970	0.0504	5.4354
AMD	mom|10d>0%	0.0800	1	0.0000	135	1.9948	-0.2818	3.1962	-0.4180	6.3758	-0.4180	0.2736	0.5300	1.7175	4.5569
GOLD	ma|10	0.0800	3	0.2000	117	1.7320	-0.1691	3.6796	-0.2125	6.3730	-0.2125	0.2121	0.6109	1.1434	2.0840
NVDA	mom|20d>0%	0.2500	3	0.0000	64	4.2633	-0.9298	1.4942	-0.6284	6.3703	-0.9298	0.6616	0.1583	3.3944	4.6624
NVDA	xma|50/200	0.1500	2	0.2000	30	3.6467	-0.2761	1.7464	-0.2950	6.3686	-0.2950	0.5732	0.2264	3.3944	4.6624
UDOW	momS|10d<-5%	0.1500	5	0.3000	44	1.6399	-0.5812	3.8798	-0.5544	6.3625	-0.5812	0.1891	0.6425	0.6552	0.8981
SMCI	dip|3d<-1.5sd hold1	0.0000	3	0.2000	61	0.9985	-0.2695	6.3694	-0.3693	6.3597	-0.3693	-0.0006	0.9692	7.7027	1.5224
META	mom|60d>5%	0.1500	2	0.2000	19	5.5769	-0.1211	1.1400	-0.2061	6.3578	-0.2061	0.8255	0.0491	1.3509	2.1912
META	mom|60d>5%	0.1500	2	0.0000	19	5.5769	-0.1211	1.1400	-0.2659	6.3578	-0.2659	0.8255	0.0491	1.3509	2.1912
META	mom|60d>5%	0.1500	2	0.3000	19	5.5769	-0.1211	1.1400	-0.2659	6.3578	-0.2659	0.8255	0.0491	1.3509	2.1912
SOXL	xma|10/50	0.2500	2	0.2000	36	5.0706	-0.3297	1.2535	-0.4271	6.3559	-0.4271	0.7657	0.0862	0.0504	5.4354
AMD	mom|5d>5%	0.0800	3	0.2000	96	0.6240	-0.3311	14.2871	-0.2938	6.3539	-0.3311	-0.1522	1.6466	1.7175	4.5569
NVDA	mom|10d>10%	0.1500	5	0.3000	39	7.7991	-0.3676	0.8142	-0.7473	6.3501	-0.7473	1.0530	-0.0725	3.3944	4.6624
NVDA	mom|60d>20%	0.2500	2	0.0000	11	8.0271	-0.6319	0.7910	-0.3387	6.3492	-0.6319	1.0738	-0.0822	3.3944	4.6624
MSTR	brk|100/10	0.0000	3	0.2000	10	1.3439	-0.4892	4.7232	-0.3338	6.3474	-0.4892	0.1176	0.7651	1.0116	2.3136
MSTR	brk|100/10	0.0000	3	0.3000	10	1.3439	-0.4892	4.7232	-0.4384	6.3474	-0.4892	0.1176	0.7651	1.0116	2.3136
MSTR	brk|100/10	0.0000	3	0.0000	10	1.3439	-0.5496	4.7232	-0.6259	6.3474	-0.6259	0.1176	0.7651	1.0116	2.3136
AMD	mom|60d>0%	0.1500	2	0.2000	49	3.2046	-0.3186	1.9786	-0.3715	6.3407	-0.3715	0.5036	0.2837	1.7175	4.5569
NVDA	ma|20	0.2500	1	0.2000	70	3.6386	-0.2541	1.7414	-0.2717	6.3364	-0.2717	0.5719	0.2251	3.3944	4.6624
NVDA	ma|20	0.0000	1	0.2000	70	3.6386	-0.2541	1.7414	-0.2717	6.3364	-0.2717	0.5719	0.2251	3.3944	4.6624
PLTR	mom|10d>20%	0.0800	5	0.0000	28	0.9554	-0.8064	6.6295	-0.5874	6.3337	-0.8064	-0.0159	0.9982	0.6080	11.5379
TQQQ	dip|3d<-1.5sd hold2	0.0000	2	0.3000	60	3.5526	-0.3015	1.7812	-0.4197	6.3278	-0.4197	0.5588	0.2352	1.0272	3.3408
ETHUSD	momS|20d<-10%	0.0800	2	0.3000	121	1.6333	-0.3996	3.8732	-0.3766	6.3260	-0.3996	0.1874	0.6414	1.3260	1.1363
NVDA	mom|60d>10%	0.0800	2	0.3000	77	11.6976	-0.4160	0.5407	-0.3787	6.3249	-0.4160	1.3661	-0.2015	3.3944	4.6624
META	rsi2|<10 trend200 max3	0.0000	3	0.3000	102	1.9099	-0.2037	3.3096	-0.3198	6.3210	-0.3198	0.2543	0.5496	1.3509	2.1912
NVDA	xma|20/100	0.2500	3	0.0000	17	5.9237	-0.8785	1.0669	-0.4767	6.3203	-0.8785	0.8645	0.0240	3.3944	4.6624
GOLD	mom|60d>0%	0.1500	5	0.0000	26	0.9389	-0.3906	6.7272	-0.4551	6.3161	-0.4551	-0.0218	1.0090	1.1434	2.0840
AMD	mom|20d>10%	0.0000	2	0.3000	24	3.0229	-0.3634	2.0894	-0.4466	6.3160	-0.4466	0.4731	0.3095	1.7175	4.5569
UPRO	mom|20d>10%	0.1500	3	0.0000	23	3.4501	-0.4466	1.8301	-0.2933	6.3141	-0.4466	0.5429	0.2476	1.2815	2.8547
NVDA	xma|50/200	0.1500	3	0.3000	30	3.5687	-0.4141	1.7690	-0.4306	6.3131	-0.4306	0.5613	0.2322	3.3944	4.6624
TQQQ	brk|100/20	0.2500	3	0.2000	8	2.6186	-0.2250	2.4104	-0.1907	6.3118	-0.2250	0.4009	0.3799	1.0272	3.3408
TQQQ	brk|100/20	0.0000	3	0.0000	8	2.6186	-0.2250	2.4104	-0.1907	6.3118	-0.2250	0.4009	0.3799	1.0272	3.3408
TQQQ	brk|100/20	0.0000	3	0.2000	8	2.6186	-0.2250	2.4104	-0.1907	6.3118	-0.2250	0.4009	0.3799	1.0272	3.3408
TQQQ	brk|100/20	0.2500	3	0.3000	8	2.6186	-0.2250	2.4104	-0.1907	6.3118	-0.2250	0.4009	0.3799	1.0272	3.3408
TQQQ	brk|100/20	0.0000	3	0.3000	8	2.6186	-0.2250	2.4104	-0.1907	6.3118	-0.2250	0.4009	0.3799	1.0272	3.3408
TQQQ	brk|100/20	0.2500	3	0.0000	8	2.6186	-0.2250	2.4104	-0.1907	6.3118	-0.2250	0.4009	0.3799	1.0272	3.3408
NVDA	mom|60d>10%	0.0800	1	0.3000	77	4.4744	-0.3508	1.4107	-0.2895	6.3118	-0.3508	0.6900	0.1342	3.3944	4.6624
AMD	mom|10d>5%	0.0000	2	0.2000	55	4.6647	-0.2439	1.3529	-0.3124	6.3109	-0.3124	0.7148	0.1170	1.7175	4.5569
META	rsi2|<20 trend0 max3	0.0000	5	0.2000	237	2.6061	-0.3449	2.4213	-0.3836	6.3101	-0.3836	0.3985	0.3821	1.3509	2.1912
AMD	mom|20d>10%	0.2500	2	0.3000	24	3.0229	-0.3634	2.0871	-0.4466	6.3092	-0.4466	0.4731	0.3090	1.7175	4.5569
AMD	mom|10d>5%	0.2500	2	0.2000	55	4.6647	-0.2439	1.3514	-0.3124	6.3040	-0.3124	0.7148	0.1165	1.7175	4.5569
MSTR	momS|10d<-5%	0.2500	2	0.3000	60	2.3063	-0.4000	2.7314	-0.3331	6.2993	-0.4000	0.3693	0.4445	1.0116	2.3136
GOLD	brk|55/5	0.0000	10	0.0000	27	1.1889	-0.3758	5.2969	-0.5100	6.2976	-0.5100	0.0625	0.8407	1.1434	2.0840
GOLD	brk|55/5	0.2500	10	0.0000	27	1.1889	-0.3758	5.2969	-0.5100	6.2976	-0.5100	0.0625	0.8407	1.1434	2.0840
TQQQ	mom|20d>20%	0.0800	3	0.3000	34	1.5813	-0.3746	3.9307	-0.2530	6.2975	-0.3746	0.1741	0.6503	1.0272	3.3408
META	ma|100	0.0800	3	0.2000	50	7.1227	-0.2527	0.8838	-0.2943	6.2953	-0.2943	0.9888	-0.0442	1.3509	2.1912
NVDA	mom|20d>0%	0.2500	1	0.2000	64	4.1261	-0.2035	1.5251	-0.2238	6.2928	-0.2238	0.6427	0.1670	3.3944	4.6624
NVDA	ma|50	0.2500	1	0.0000	45	5.1331	-0.1444	1.2253	-0.2698	6.2896	-0.2698	0.7732	0.0772	3.3944	4.6624
NVDA	ma|50	0.2500	1	0.3000	45	5.1331	-0.1444	1.2253	-0.2698	6.2896	-0.2698	0.7732	0.0772	3.3944	4.6624
NVDA	ma|20	0.0000	1	0.3000	70	3.6053	-0.3002	1.7439	-0.3127	6.2875	-0.3127	0.5669	0.2257	3.3944	4.6624
NVDA	ma|20	0.2500	1	0.3000	70	3.6053	-0.3002	1.7439	-0.3127	6.2875	-0.3127	0.5669	0.2257	3.3944	4.6624
META	mom|60d>10%	0.0800	3	0.3000	25	8.9159	-0.3287	0.7044	-0.3516	6.2802	-0.3516	1.1515	-0.1204	1.3509	2.1912
NVDA	mom|5d>5%	0.0800	3	0.0000	90	2.5590	-0.8981	2.4540	-0.5149	6.2798	-0.8981	0.3896	0.3889	3.3944	4.6624
AMD	ma|100	0.0000	1	0.3000	22	1.8607	-0.2056	3.3748	-0.2299	6.2795	-0.2299	0.2429	0.5607	1.7175	4.5569
AMD	ma|100	0.0000	1	0.0000	22	1.8607	-0.2056	3.3748	-0.2299	6.2795	-0.2299	0.2429	0.5607	1.7175	4.5569
AMD	ma|200	0.2500	3	0.3000	21	0.7344	-0.4970	8.5503	-0.4871	6.2790	-0.4970	-0.1025	1.1933	1.7175	4.5569
US500	brk|20/10	0.0800	10	0.0000	32	2.8352	-0.4612	2.2141	-0.3549	6.2776	-0.4612	0.4404	0.3376	1.2251	1.6367
US500	brk|20/10	0.0000	10	0.0000	32	2.8352	-0.4612	2.2141	-0.3549	6.2776	-0.4612	0.4404	0.3376	1.2251	1.6367
US500	brk|20/10	0.2500	10	0.0000	32	2.8352	-0.4612	2.2141	-0.3549	6.2776	-0.4612	0.4404	0.3376	1.2251	1.6367
US500	brk|20/10	0.1500	10	0.0000	32	2.8352	-0.4612	2.2141	-0.3549	6.2776	-0.4612	0.4404	0.3376	1.2251	1.6367
NVDA	mom|60d>5%	0.2500	1	0.0000	17	6.0588	-0.4120	1.0357	-0.1353	6.2751	-0.4120	0.8792	0.0129	3.3944	4.6624
NVDA	mom|60d>5%	0.2500	1	0.3000	17	6.0588	-0.3071	1.0357	-0.1353	6.2751	-0.3071	0.8792	0.0129	3.3944	4.6624
NVDA	ma|50	0.0000	1	0.3000	45	5.1211	-0.1444	1.2253	-0.2698	6.2750	-0.2698	0.7718	0.0772	3.3944	4.6624
NVDA	ma|50	0.0000	1	0.0000	45	5.1211	-0.1444	1.2253	-0.2698	6.2750	-0.2698	0.7718	0.0772	3.3944	4.6624
NVDA	mom|5d>5%	0.2500	2	0.2000	78	2.5214	-0.2577	2.4876	-0.3431	6.2723	-0.3431	0.3825	0.3959	3.3944	4.6624
NVDA	mom|5d>5%	0.0000	2	0.2000	78	2.5214	-0.2577	2.4876	-0.3431	6.2723	-0.3431	0.3825	0.3959	3.3944	4.6624
NVDA	mom|5d>5%	0.1500	2	0.2000	78	2.5214	-0.2577	2.4876	-0.3431	6.2723	-0.3431	0.3825	0.3959	3.3944	4.6624
PLTR	brk|100/10	0.0800	3	0.3000	30	1.5796	-0.2634	2.8390	-0.3625	6.2720	-0.3761	0.1736	0.4650	0.6080	11.5379
PLTR	brk|100/20	0.0800	3	0.3000	30	1.5796	-0.2634	2.8390	-0.3625	6.2720	-0.3761	0.1736	0.4650	0.6080	11.5379
SMCI	xma|50/200	0.1500	1	0.0000	53	4.6694	-0.2355	1.3424	-0.6805	6.2682	-0.6805	0.8188	0.1138	7.7027	1.5224
SMCI	mom|60d>5%	0.0000	2	0.2000	30	9.1098	-0.2311	0.6879	-0.4925	6.2670	-0.4925	1.3574	-0.1279	7.7027	1.5224
META	rsi2|<10 trend100 max7	0.0000	3	0.3000	82	2.7513	-0.2305	2.2759	-0.4121	6.2617	-0.4121	0.4254	0.3512	1.3509	2.1912
GOLD	brk|20/5	0.1500	10	0.0000	44	1.2353	-0.3715	5.0579	-0.6448	6.2483	-0.6448	0.0768	0.8098	1.1434	2.0840
GOLD	ma|100	0.2500	5	0.3000	27	2.1152	-0.3127	2.9532	-0.3269	6.2467	-0.3269	0.3000	0.4863	1.1434	2.0840
GOLD	ma|100	0.0000	5	0.3000	27	2.1152	-0.3127	2.9532	-0.3269	6.2467	-0.3269	0.3000	0.4863	1.1434	2.0840
MSTR	momS|10d<-5%	0.1500	2	0.2000	84	1.9486	-0.3410	3.2031	-0.3655	6.2418	-0.3655	0.2852	0.5312	1.0116	2.3136
AMD	mom|60d>5%	0.0800	3	0.3000	100	1.0187	-0.3769	6.1259	-0.4082	6.2407	-0.4082	0.0065	0.9413	1.7175	4.5569
AMD	mom|60d>10%	0.0000	1	0.2000	11	2.3482	-0.0320	2.6576	-0.2093	6.2405	-0.2093	0.3484	0.4301	1.7175	4.5569
AMD	mom|60d>10%	0.0000	1	0.3000	11	2.3482	-0.0320	2.6576	-0.2578	6.2405	-0.2578	0.3484	0.4301	1.7175	4.5569
AMD	mom|60d>10%	0.0000	1	0.0000	11	2.3482	-0.0320	2.6576	-0.2578	6.2405	-0.2578	0.3484	0.4301	1.7175	4.5569
MSTR	momS|10d<-5%	0.1500	1	0.0000	84	2.0361	-0.3570	3.0645	-0.3332	6.2398	-0.3570	0.3067	0.5066	1.0116	2.3136
SOLUSD	mom|20d>10%	0.2500	1	0.2000	41	9.1227	-0.3533	0.6827	-0.3058	6.2279	-0.3533	1.1688	-0.1304	7.9407	1.1320
PLTR	mom|60d>10%	0.1500	2	0.2000	42	0.5325	-0.3031	10.5134	-0.2890	6.2242	-0.3031	-0.1980	1.3656	0.6080	11.5379
SOLUSD	xma|5/20	0.2500	1	0.3000	62	5.9058	-0.3533	1.0536	-0.3284	6.2224	-0.3533	0.8625	0.0193	7.9407	1.1320
NVDA	dip|1d<-1.0sd hold1	0.0000	3	0.0000	183	0.9832	-0.6311	6.3288	-0.3945	6.2223	-0.6311	-0.0059	0.9646	3.3944	4.6624
GOLD	mom|60d>5%	0.0000	5	0.2000	10	0.8542	-0.3390	7.2806	-0.1667	6.2189	-0.3390	-0.0537	1.0679	1.1434	2.0840
GOLD	mom|60d>5%	0.0000	5	0.0000	10	0.8542	-0.3390	7.2806	-0.1667	6.2189	-0.3390	-0.0537	1.0679	1.1434	2.0840
GOLD	mom|60d>5%	0.0000	5	0.3000	10	0.8542	-0.3390	7.2806	-0.1667	6.2189	-0.3390	-0.0537	1.0679	1.1434	2.0840
NVDA	mom|60d>0%	0.1500	2	0.0000	47	9.9351	-0.7622	0.6258	-0.6708	6.2170	-0.7622	1.2346	-0.1577	3.3944	4.6624
SMCI	ma|200	0.0000	3	0.2000	9	24.6279	-0.3555	0.2524	-0.6536	6.2156	-0.6536	2.4680	-0.3958	7.7027	1.5224
SMCI	ma|200	0.0000	3	0.3000	9	24.6279	-0.3555	0.2524	-0.6536	6.2156	-0.6536	2.4680	-0.3958	7.7027	1.5224
NVDA	ma|10	0.2500	1	0.0000	106	2.8402	-0.3916	2.1864	-0.3188	6.2098	-0.3916	0.4413	0.3315	3.3944	4.6624
NVDA	ma|10	0.0000	1	0.0000	106	2.8402	-0.3916	2.1864	-0.3188	6.2098	-0.3916	0.4413	0.3315	3.3944	4.6624
AMD	brk|55/5	0.2500	3	0.2000	27	2.9017	-0.2685	2.1374	-0.4493	6.2020	-0.4493	0.4522	0.3205	1.7175	4.5569
AMD	brk|55/5	0.2500	3	0.3000	27	2.9017	-0.3110	2.1374	-0.4493	6.2020	-0.4493	0.4522	0.3205	1.7175	4.5569
AMD	brk|55/5	0.0000	3	0.3000	27	2.9017	-0.3110	2.1374	-0.4493	6.2020	-0.4493	0.4522	0.3205	1.7175	4.5569
AMD	brk|55/5	0.2500	3	0.0000	27	2.9017	-0.3110	2.1374	-0.5275	6.2020	-0.5275	0.4522	0.3205	1.7175	4.5569
AMD	brk|55/5	0.0000	3	0.0000	27	2.9017	-0.3110	2.1374	-0.5275	6.2020	-0.5275	0.4522	0.3205	1.7175	4.5569
AMD	brk|55/5	0.0000	3	0.2000	27	2.9017	-0.2685	2.1374	-0.4493	6.2020	-0.4493	0.4522	0.3205	1.7175	4.5569
AMD	mom|60d>20%	0.1500	2	0.3000	21	3.5299	-0.3186	1.7561	-0.4077	6.1989	-0.4077	0.5553	0.2289	1.7175	4.5569
UDOW	momS|10d<-5%	0.1500	1	0.2000	44	2.6218	-0.1535	2.3643	-0.1272	6.1987	-0.2404	0.4015	0.3701	0.6552	0.8981
UDOW	momS|10d<-5%	0.1500	1	0.3000	44	2.6218	-0.1535	2.3643	-0.1272	6.1987	-0.2404	0.4015	0.3701	0.6552	0.8981
UDOW	momS|10d<-5%	0.1500	1	0.0000	44	2.6218	-0.1535	2.3643	-0.1272	6.1987	-0.2404	0.4015	0.3701	0.6552	0.8981
SOLUSD	brk|20/10	0.0000	1	0.3000	31	8.1994	-0.4823	0.7559	-0.3845	6.1982	-0.4823	1.0893	-0.0973	7.9407	1.1320
SOLUSD	brk|20/10	0.0000	1	0.0000	31	8.1994	-0.4891	0.7559	-0.4746	6.1982	-0.4891	1.0893	-0.0973	7.9407	1.1320
NVDA	mom|20d>0%	0.0000	3	0.0000	63	4.1461	-0.9318	1.4942	-0.6284	6.1951	-0.9318	0.6455	0.1583	3.3944	4.6624
PLTR	dip|1d<-2.0sd hold5	0.0000	5	0.3000	29	0.8800	-0.5117	7.0364	-0.8165	6.1917	-0.8165	-0.0438	1.0423	0.6080	11.5379
PLTR	dip|1d<-2.0sd hold5	0.0000	5	0.2000	29	0.8800	-0.4713	7.0364	-0.8165	6.1917	-0.8165	-0.0438	1.0423	0.6080	11.5379
NVDA	mom|60d>5%	0.1500	2	0.0000	32	7.9877	-0.7709	0.7747	-0.5925	6.1883	-0.7709	1.0702	-0.0892	3.3944	4.6624
AMD	mom|20d>10%	0.0800	2	0.0000	70	1.4105	-0.4476	4.3873	-0.6180	6.1883	-0.6180	0.1280	0.7180	1.7175	4.5569
TECL	xma|5/20	0.0800	3	0.3000	137	4.2849	-0.4142	1.4439	-0.4861	6.1871	-0.4861	0.6646	0.1439	0.1537	3.8701
PLTR	xma|50/200	0.0800	1	0.0000	113	1.6379	-0.2534	3.7762	-0.4335	6.1851	-0.4335	0.1886	0.6263	0.6080	11.5379
NVDA	mom|20d>10%	0.0000	3	0.3000	21	3.1092	-0.5828	1.9873	-0.5883	6.1790	-0.5883	0.4877	0.2858	3.3944	4.6624
AMD	xma|5/20	0.1500	1	0.0000	53	1.5571	-0.4266	3.9674	-0.3174	6.1774	-0.4266	0.1677	0.6559	1.7175	4.5569
SMCI	mom|60d>0%	0.2500	2	0.2000	57	8.3619	-0.2207	0.7385	-0.5085	6.1756	-0.5085	1.2803	-0.1050	7.7027	1.5224
US100	brk|100/20	0.0800	10	0.0000	10	3.5124	-0.1957	1.7576	-0.5300	6.1733	-0.5300	0.5526	0.2292	1.2639	1.8560
US100	brk|100/20	0.0800	10	0.3000	10	3.5124	-0.1957	1.7576	-0.5300	6.1733	-0.5300	0.5526	0.2292	1.2639	1.8560
US100	brk|100/20	0.0800	10	0.2000	10	3.5124	-0.1957	1.7576	-0.5300	6.1733	-0.5300	0.5526	0.2292	1.2639	1.8560
NVDA	ma|50	0.2500	5	0.0000	45	31.6045	-0.6081	0.1947	-0.9340	6.1528	-0.9340	2.3512	-0.4506	3.3944	4.6624
AMD	mom|60d>10%	0.0800	1	0.3000	89	2.0854	-0.2095	2.9496	-0.2931	6.1511	-0.2931	0.2935	0.4857	1.7175	4.5569
AMD	mom|60d>10%	0.0800	1	0.0000	89	2.0854	-0.2095	2.9496	-0.2931	6.1511	-0.2931	0.2935	0.4857	1.7175	4.5569
NVDA	mom|5d>0%	0.1500	3	0.3000	124	13.6093	-0.4283	0.4518	-0.4042	6.1485	-0.4283	1.4949	-0.2523	3.3944	4.6624
META	rsi2|<10 trend100 max7	0.0000	3	0.2000	82	2.2047	-0.2305	2.7883	-0.4027	6.1472	-0.4027	0.3190	0.4554	1.3509	2.1912
SOXL	ma|50	0.0000	2	0.3000	42	0.8630	-0.4540	7.1184	-0.4903	6.1431	-0.4903	-0.0503	1.0510	0.0504	5.4354
TECL	xma|10/50	0.2500	2	0.2000	21	1.8490	-0.4088	3.3218	-0.3186	6.1418	-0.4088	0.2402	0.5517	0.1537	3.8701
META	rsi2|<5 trend200 max7	0.0000	5	0.3000	80	4.2456	-0.3819	1.4464	-0.6199	6.1409	-0.6199	0.6592	0.1446	1.3509	2.1912
AMD	brk|10/5	0.2500	2	0.2000	62	1.3561	-0.3271	4.5274	-0.3498	6.1394	-0.3498	0.1126	0.7379	1.7175	4.5569
AMD	brk|10/5	0.0000	2	0.2000	62	1.3561	-0.3271	4.5274	-0.3498	6.1394	-0.3498	0.1126	0.7379	1.7175	4.5569
NVDA	dip|3d<-1.5sd hold5	0.0000	2	0.2000	46	1.5145	-0.3277	4.0535	-0.2470	6.1391	-0.3277	0.1565	0.6690	3.3944	4.6624
MSTR	brk|100/5	0.1500	5	0.3000	19	1.3933	-0.6212	4.4049	-0.4819	6.1372	-0.6212	0.1329	0.7206	1.0116	2.3136
AMD	brk|55/5	0.1500	3	0.0000	27	2.9017	-0.3110	2.1129	-0.5275	6.1310	-0.5275	0.4522	0.3149	1.7175	4.5569
AMD	brk|55/5	0.1500	3	0.2000	27	2.9017	-0.2685	2.1129	-0.4556	6.1310	-0.4556	0.4522	0.3149	1.7175	4.5569
AMD	brk|55/5	0.1500	3	0.3000	27	2.9017	-0.3110	2.1129	-0.4556	6.1310	-0.4556	0.4522	0.3149	1.7175	4.5569
AMD	brk|10/5	0.1500	2	0.2000	62	1.3644	-0.3230	4.4930	-0.3498	6.1303	-0.3498	0.1149	0.7331	1.7175	4.5569
GOLD	mom|20d>5%	0.2500	10	0.0000	18	0.9831	-0.5178	6.2336	-0.8579	6.1281	-0.8579	-0.0060	0.9537	1.1434	2.0840
GOLD	mom|20d>5%	0.2500	10	0.2000	18	0.9831	-0.3656	6.2336	-0.6394	6.1281	-0.6394	-0.0060	0.9537	1.1434	2.0840
GOLD	mom|20d>5%	0.0000	10	0.3000	18	0.9831	-0.3656	6.2336	-0.6394	6.1281	-0.6394	-0.0060	0.9537	1.1434	2.0840
GOLD	mom|20d>5%	0.0000	10	0.2000	18	0.9831	-0.3656	6.2336	-0.6394	6.1281	-0.6394	-0.0060	0.9537	1.1434	2.0840
GOLD	mom|20d>5%	0.2500	10	0.3000	18	0.9831	-0.3656	6.2336	-0.6394	6.1281	-0.6394	-0.0060	0.9537	1.1434	2.0840
GOLD	mom|20d>5%	0.0000	10	0.0000	18	0.9831	-0.5178	6.2336	-0.8579	6.1281	-0.8579	-0.0060	0.9537	1.1434	2.0840
AMD	xma|5/20	0.1500	1	0.2000	53	1.6161	-0.2396	3.7885	-0.2340	6.1226	-0.2396	0.1831	0.6282	1.7175	4.5569
US100	mom|60d>0%	0.0000	10	0.0000	32	3.3558	-0.8071	1.8242	-0.6189	6.1217	-0.8071	0.5280	0.2461	1.2639	1.8560
US100	mom|60d>0%	0.2500	10	0.0000	32	3.3558	-0.8071	1.8242	-0.6189	6.1217	-0.8071	0.5280	0.2461	1.2639	1.8560
MSTR	mom|10d>10%	0.0800	2	0.3000	132	0.6571	-0.3886	15.5333	-0.3694	6.1205	-0.3886	-0.1461	1.7289	1.0116	2.3136
NVDA	mom|60d>10%	0.1500	1	0.3000	26	5.5663	-0.3213	1.0996	-0.2746	6.1205	-0.3213	0.8243	0.0353	3.3944	4.6624
NVDA	mom|60d>10%	0.1500	1	0.0000	26	5.5663	-0.3928	1.0996	-0.2746	6.1205	-0.3928	0.8243	0.0353	3.3944	4.6624
AMD	xma|5/20	0.0000	1	0.0000	40	1.5771	-0.4051	3.8775	-0.3134	6.1153	-0.4051	0.1730	0.6421	1.7175	4.5569
GOLD	ma|10	0.1500	3	0.2000	116	1.7320	-0.1691	3.5298	-0.2125	6.1136	-0.2125	0.2121	0.5866	1.1434	2.0840
NVDA	ma|10	0.0800	5	0.0000	129	1.5769	-0.9844	3.8767	-0.8056	6.1133	-0.9844	0.1729	0.6420	3.3944	4.6624
AMD	xma|5/20	0.2500	1	0.0000	41	1.5771	-0.4051	3.8745	-0.3134	6.1106	-0.4051	0.1730	0.6416	1.7175	4.5569
MSTR	momS|10d<-10%	0.1500	1	0.2000	64	1.9635	-0.2525	3.1119	-0.2824	6.1103	-0.2824	0.2889	0.5151	1.0116	2.3136
MSTR	brk|10/5	0.0000	2	0.2000	55	3.0486	-0.3547	2.0037	-0.3049	6.1084	-0.3547	0.5209	0.2896	1.0116	2.3136
AMD	brk|10/5	0.0000	3	0.3000	62	1.1505	-0.4665	5.3084	-0.4970	6.1072	-0.4970	0.0503	0.8421	1.7175	4.5569
AMD	brk|10/5	0.2500	3	0.3000	62	1.1505	-0.4665	5.3084	-0.4970	6.1072	-0.4970	0.0503	0.8421	1.7175	4.5569
AMD	mom|60d>5%	0.0800	2	0.2000	100	1.2337	-0.2629	4.9482	-0.2845	6.1043	-0.2845	0.0763	0.7954	1.7175	4.5569
SMCI	mom|60d>5%	0.2500	3	0.3000	43	18.3312	-0.3338	0.3329	-0.5816	6.1022	-0.5816	2.0925	-0.3314	7.7027	1.5224
SOXL	mom|20d>20%	0.0800	1	0.2000	131	0.8528	-0.2392	7.1542	-0.2768	6.1014	-0.2768	-0.0542	1.0547	0.0504	5.4354
AMD	brk|10/5	0.1500	3	0.3000	62	1.1623	-0.4610	5.2476	-0.4970	6.0994	-0.4970	0.0541	0.8344	1.7175	4.5569
MSTR	ma|50	0.0800	1	0.2000	180	1.3960	-0.2432	4.3690	-0.2572	6.0992	-0.2572	0.1337	0.7154	1.0116	2.3136
US100	dip|3d<-2.0sd hold1	0.0000	10	0.0000	33	1.4066	-0.2495	4.3316	-0.2145	6.0929	-0.2495	0.1269	0.7100	1.2639	1.8560
US100	dip|3d<-2.0sd hold1	0.0000	10	0.3000	33	1.4066	-0.2495	4.3316	-0.2145	6.0929	-0.2495	0.1269	0.7100	1.2639	1.8560
MSTR	mom|10d>10%	0.1500	1	0.3000	58	0.9287	-0.3503	6.5605	-0.3017	6.0928	-0.3503	-0.0274	0.9906	1.0116	2.3136
MSTR	xma|5/20	0.2500	1	0.0000	45	1.2637	-0.6281	4.8213	-0.4803	6.0927	-0.6281	0.0920	0.7784	1.0116	2.3136
NVDA	mom|20d>0%	0.1500	1	0.2000	68	3.5636	-0.2435	1.7095	-0.1696	6.0921	-0.2435	0.5605	0.2168	3.3944	4.6624
NVDA	mom|60d>0%	0.0800	3	0.2000	106	6.6738	-0.3375	0.9121	-0.3779	6.0870	-0.3779	0.9440	-0.0331	3.3944	4.6624
SOLUSD	brk|100/10	0.0000	2	0.0000	13	8.8516	-0.3287	0.6874	-0.6194	6.0843	-0.6194	1.1460	-0.1282	7.9407	1.1320
NVDA	ma|50	0.0000	5	0.0000	45	31.2499	-0.6081	0.1947	-0.9340	6.0838	-0.9340	2.3380	-0.4506	3.3944	4.6624
AMD	mom|60d>5%	0.1500	1	0.3000	35	3.3456	-0.1653	1.8175	-0.3168	6.0805	-0.3168	0.5264	0.2444	1.7175	4.5569
AMD	mom|60d>5%	0.1500	1	0.0000	35	3.3456	-0.1653	1.8175	-0.4306	6.0805	-0.4306	0.5264	0.2444	1.7175	4.5569
TECL	xma|5/20	0.0800	2	0.3000	137	2.4328	-0.4097	2.4989	-0.4191	6.0794	-0.4191	0.3652	0.3982	0.1537	3.8701
META	mom|60d>10%	0.1500	5	0.2000	13	7.9323	-0.2425	0.7662	-0.3548	6.0774	-0.3548	1.0652	-0.0929	1.3509	2.1912
MSTR	maS|20	0.1500	2	0.2000	119	1.5971	-0.2917	3.8034	-0.3655	6.0743	-0.3655	0.1926	0.6305	1.0116	2.3136
SOLUSD	ma|20	0.0000	1	0.0000	83	4.0351	-0.8152	1.5039	-0.3185	6.0683	-0.8152	0.6299	0.1611	7.9407	1.1320
SOXL	mom|10d>20%	0.0000	2	0.2000	37	2.3932	-0.5782	2.5349	-0.5821	6.0663	-0.5821	0.3574	0.4055	0.0504	5.4354
AMD	mom|60d>5%	0.0800	1	0.2000	100	2.2205	-0.2046	2.7312	-0.2523	6.0646	-0.2523	0.3223	0.4444	1.7175	4.5569
TQQQ	maS|200	0.1500	3	0.2000	60	2.3040	-0.4943	2.6305	-0.3135	6.0606	-0.4943	0.3395	0.4247	1.0272	3.3408
MSTR	mom|20d>20%	0.0800	1	0.2000	109	0.8126	-0.3804	7.4577	-0.2240	6.0598	-0.3804	-0.0751	1.0862	1.0116	2.3136
NVDA	dip|3d<-1.0sd hold2	0.0000	3	0.3000	125	2.4357	-0.3879	2.4877	-0.3791	6.0594	-0.3879	0.3658	0.3959	3.3944	4.6624
AMD	brk|10/5	0.0800	2	0.0000	72	1.0158	-0.7149	5.9539	-0.4432	6.0481	-0.7149	0.0055	0.9212	1.7175	4.5569
UPRO	xma|5/20	0.0800	5	0.2000	75	0.8404	-0.4022	7.1963	-0.3674	6.0476	-0.4022	-0.0591	1.0591	1.2815	2.8547
NVDA	ma|50	0.2500	5	0.2000	45	39.3490	-0.3739	0.1537	-0.8611	6.0467	-0.8611	2.6185	-0.4961	3.3944	4.6624
TECL	dip|3d<-1.5sd hold2	0.0000	2	0.3000	62	2.9859	-0.3145	2.0249	-0.2965	6.0461	-0.3145	0.4668	0.2946	0.1537	3.8701
NVDA	rsi2|<10 trend200 max7	0.0000	3	0.3000	107	3.1788	-0.6140	1.9017	-0.6427	6.0451	-0.6427	0.4993	0.2652	3.3944	4.6624
GOLD	mom|60d>0%	0.2500	10	0.3000	25	0.6987	-0.4143	8.6489	-0.3381	6.0428	-0.4143	-0.1180	1.2025	1.1434	2.0840
GOLD	mom|60d>0%	0.2500	10	0.2000	25	0.6987	-0.3425	8.6489	-0.3381	6.0428	-0.3425	-0.1180	1.2025	1.1434	2.0840
SOLUSD	brk|20/10	0.2500	1	0.2000	32	10.3692	-0.2802	0.5827	-0.2380	6.0420	-0.2802	1.2683	-0.1794	7.9407	1.1320
GOLD	ma|10	0.2500	3	0.3000	116	1.7320	-0.1691	3.4846	-0.3239	6.0354	-0.3239	0.2121	0.5791	1.1434	2.0840
GOLD	ma|10	0.0000	3	0.3000	116	1.7320	-0.1691	3.4846	-0.3239	6.0354	-0.3239	0.2121	0.5791	1.1434	2.0840
PLTR	xma|20/100	0.2500	1	0.0000	19	1.1803	-0.2841	5.1112	-0.2579	6.0326	-0.3596	0.0598	0.8168	0.6080	11.5379
SOXL	ma|100	0.0000	2	0.3000	25	1.8729	-0.3233	3.2153	-0.4693	6.0220	-0.4693	0.2458	0.5333	0.0504	5.4354
SOXL	mom|20d>0%	0.0800	1	0.2000	259	0.8908	-0.2357	6.7588	-0.2317	6.0209	-0.2357	-0.0397	1.0124	0.0504	5.4354
SOLUSD	brk|20/10	0.2500	1	0.3000	32	10.3692	-0.4431	0.5806	-0.3200	6.0208	-0.4431	1.2683	-0.1804	7.9407	1.1320
NVDA	dip|3d<-1.5sd hold2	0.0000	5	0.0000	55	0.7364	-0.8387	8.1747	-0.4307	6.0195	-0.8387	-0.1016	1.1575	3.3944	4.6624
UDOW	dip|2d<-2.0sd hold5	0.0000	5	0.3000	30	1.1646	-0.4734	5.1686	-0.2038	6.0195	-0.4734	0.0548	0.8242	0.6552	0.8981
AMD	dip|2d<-1.5sd hold5	0.0000	2	0.2000	52	1.0317	-0.3011	5.8324	-0.2619	6.0173	-0.3011	0.0110	0.9067	1.7175	4.5569
NVDA	mom|20d>0%	0.1500	1	0.3000	68	3.5198	-0.3219	1.7095	-0.1696	6.0172	-0.3219	0.5538	0.2168	3.3944	4.6624
GOLD	mom|60d>0%	0.0000	10	0.3000	24	0.6987	-0.4143	8.6086	-0.3381	6.0147	-0.4143	-0.1180	1.1987	1.1434	2.0840
GOLD	mom|60d>0%	0.0000	10	0.2000	24	0.6987	-0.3425	8.6086	-0.3381	6.0147	-0.3425	-0.1180	1.1987	1.1434	2.0840
NVDA	mom|5d>10%	0.1500	3	0.2000	43	3.5911	-0.3228	1.6731	-0.4876	6.0083	-0.4876	0.5647	0.2073	3.3944	4.6624
META	rsi2|<5 trend200 max7	0.0000	3	0.3000	80	3.2266	-0.2305	1.8614	-0.4946	6.0060	-0.4946	0.5072	0.2553	1.3509	2.1912
TQQQ	ma|20	0.1500	2	0.2000	76	6.6321	-0.4140	0.9055	-0.3493	6.0055	-0.4140	0.9397	-0.0357	1.0272	3.3408
UPRO	mom|20d>10%	0.0000	3	0.0000	22	3.2792	-0.4683	1.8301	-0.2933	6.0014	-0.4683	0.5157	0.2476	1.2815	2.8547
UPRO	mom|20d>10%	0.2500	3	0.0000	22	3.2792	-0.4683	1.8301	-0.2933	6.0014	-0.4683	0.5157	0.2476	1.2815	2.8547
AMD	xma|5/20	0.0000	1	0.2000	40	1.5771	-0.2311	3.8051	-0.2116	6.0011	-0.2311	0.1730	0.6308	1.7175	4.5569
AMD	xma|5/20	0.2500	1	0.2000	41	1.5771	-0.2311	3.8021	-0.2123	5.9964	-0.2311	0.1730	0.6303	1.7175	4.5569
META	mom|60d>10%	0.0800	5	0.0000	25	13.1761	-0.7122	0.4549	-0.7398	5.9939	-0.7651	1.4668	-0.2504	1.3509	2.1912
SOXL	ma|50	0.0000	1	0.0000	42	1.6007	-0.4872	3.7422	-0.4485	5.9903	-0.4872	0.1791	0.6209	0.0504	5.4354
NVDA	ma|100	0.0800	2	0.0000	103	4.5555	-0.7444	1.3147	-0.6053	5.9891	-0.7444	0.7006	0.1053	3.3944	4.6624
NVDA	mom|5d>0%	0.0800	2	0.2000	149	6.6080	-0.2494	0.9063	-0.2841	5.9888	-0.2841	0.9372	-0.0354	3.3944	4.6624
NVDA	ma|10	0.0000	1	0.2000	106	2.8461	-0.2313	2.1018	-0.2664	5.9819	-0.2664	0.4424	0.3124	3.3944	4.6624
NVDA	ma|10	0.2500	1	0.2000	106	2.8461	-0.2313	2.1018	-0.2664	5.9819	-0.2664	0.4424	0.3124	3.3944	4.6624
NVDA	ma|50	0.0000	5	0.2000	45	38.9074	-0.3739	0.1537	-0.8611	5.9788	-0.8611	2.6043	-0.4961	3.3944	4.6624
PLTR	xma|20/100	0.2500	1	0.2000	19	1.1803	-0.2532	1.9694	-0.2579	5.9780	-0.2627	0.0598	0.2815	0.6080	11.5379
MSTR	brk|20/10	0.0000	1	0.2000	25	1.6126	-0.2859	3.7007	-0.3027	5.9676	-0.3027	0.1969	0.6143	1.0116	2.3136
ETHUSD	momS|20d<-10%	0.0000	1	0.3000	21	3.1535	-0.1926	1.8922	-0.2491	5.9671	-0.3066	0.4951	0.2629	1.3260	1.1363
ETHUSD	momS|20d<-10%	0.0000	1	0.2000	21	3.1535	-0.1926	1.8922	-0.2491	5.9671	-0.3066	0.4951	0.2629	1.3260	1.1363
ETHUSD	momS|20d<-10%	0.0000	1	0.0000	21	3.1535	-0.1926	1.8922	-0.2491	5.9671	-0.3066	0.4951	0.2629	1.3260	1.1363
AMD	mom|60d>20%	0.1500	2	0.2000	21	3.5299	-0.3186	1.6899	-0.3715	5.9652	-0.3715	0.5553	0.2117	1.7175	4.5569
TSLA	brkS|20/5	0.2500	3	0.0000	34	6.1783	-0.3708	0.9648	-0.6827	5.9611	-0.6827	0.8921	-0.0130	1.0220	1.5021
MSTR	mom|5d>5%	0.1500	2	0.0000	98	5.1165	-0.3328	1.1650	-0.9118	5.9605	-0.9118	0.8479	0.0575	1.0116	2.3136
NVDA	brk|10/5	0.2500	1	0.2000	59	3.8514	-0.1492	1.5462	-0.2338	5.9551	-0.2338	0.6035	0.1729	3.3944	4.6624
NVDA	brk|10/5	0.1500	1	0.2000	59	3.8514	-0.1492	1.5462	-0.2338	5.9551	-0.2338	0.6035	0.1729	3.3944	4.6624
NVDA	brk|10/5	0.0000	1	0.2000	59	3.8514	-0.1492	1.5462	-0.2338	5.9551	-0.2338	0.6035	0.1729	3.3944	4.6624
TECL	mom|60d>0%	0.0000	2	0.3000	30	2.6875	-0.4843	2.2148	-0.4143	5.9524	-0.4843	0.4137	0.3378	0.1537	3.8701
TSLA	brk|100/20	0.1500	5	0.3000	9	2.4890	-0.5491	2.3902	-0.6449	5.9493	-0.6449	0.3762	0.3756	1.0220	1.5021
TSLA	brk|100/20	0.1500	5	0.2000	9	2.4890	-0.5491	2.3902	-0.6449	5.9493	-0.6449	0.3762	0.3756	1.0220	1.5021
NVDA	dip|3d<-1.0sd hold1	0.0000	2	0.0000	189	2.5072	-0.3744	2.3725	-0.3316	5.9485	-0.3744	0.3797	0.3719	3.3944	4.6624
MSTR	brkS|10/5	0.1500	2	0.3000	58	1.0751	-0.3883	5.5269	-0.3698	5.9417	-0.3883	0.0276	0.8695	1.0116	2.3136
MSTR	mom|10d>20%	0.0000	3	0.3000	27	0.3406	-0.4936	17.4406	-0.5160	5.9399	-0.5160	-0.3331	1.8470	1.0116	2.3136
MSTR	mom|10d>20%	0.1500	1	0.2000	38	1.0477	-0.2523	5.6694	-0.2498	5.9398	-0.2523	0.0177	0.8870	1.0116	2.3136
AMD	brk|20/10	0.0800	1	0.0000	47	1.6564	-0.2950	3.5843	-0.1721	5.9371	-0.2950	0.1933	0.5955	1.7175	4.5569
AMD	brk|20/10	0.0800	1	0.2000	47	1.6564	-0.2373	3.5843	-0.1721	5.9371	-0.2373	0.1933	0.5955	1.7175	4.5569
AMD	brk|20/10	0.0800	1	0.3000	47	1.6564	-0.2950	3.5843	-0.1721	5.9371	-0.2950	0.1933	0.5955	1.7175	4.5569
AMD	ma|50	0.1500	3	0.0000	52	2.6438	-0.7445	2.2401	-0.6706	5.9224	-0.7445	0.4056	0.3434	1.7175	4.5569
TSLA	brk|100/5	0.0800	3	0.3000	16	1.8295	-0.2970	3.2366	-0.2566	5.9214	-0.2970	0.2356	0.5370	1.0220	1.5021
TSLA	brk|100/5	0.0800	3	0.0000	16	1.8295	-0.2970	3.2366	-0.2566	5.9214	-0.2970	0.2356	0.5370	1.0220	1.5021
AMD	dip|1d<-1.0sd hold5	0.0000	1	0.2000	119	2.0546	-0.2516	2.8816	-0.2009	5.9207	-0.2516	0.2868	0.4731	1.7175	4.5569
MSTR	brk|10/5	0.2500	2	0.0000	55	2.7065	-0.5061	2.1874	-0.6557	5.9203	-0.6557	0.4543	0.3317	1.0116	2.3136
ETHUSD	momS|20d<-20%	0.0000	2	0.2000	13	2.1758	-0.3951	1.4066	-0.2199	5.9140	-0.3951	0.3129	0.1330	1.3260	1.1363
ETHUSD	momS|20d<-20%	0.0000	2	0.0000	13	2.1758	-0.4539	2.7181	-0.2199	5.9140	-0.4539	0.3129	0.4419	1.3260	1.1363
ETHUSD	mom|20d>5%	0.1500	2	0.2000	66	4.0927	-0.3541	1.4432	-0.2732	5.9067	-0.3541	0.6380	0.1437	1.3260	1.1363
NVDA	mom|10d>5%	0.2500	1	0.2000	51	3.0582	-0.2008	1.9306	-0.1884	5.9042	-0.2008	0.4791	0.2722	3.3944	4.6624
NVDA	mom|10d>5%	0.2500	1	0.0000	51	3.0582	-0.2008	1.9306	-0.1884	5.9042	-0.2008	0.4791	0.2722	3.3944	4.6624
NVDA	mom|10d>5%	0.2500	1	0.3000	51	3.0582	-0.2008	1.9306	-0.1884	5.9042	-0.2008	0.4791	0.2722	3.3944	4.6624
NVDA	mom|10d>5%	0.0000	1	0.0000	51	3.0582	-0.2008	1.9306	-0.1884	5.9042	-0.2008	0.4791	0.2722	3.3944	4.6624
NVDA	mom|10d>5%	0.0000	1	0.3000	51	3.0582	-0.2008	1.9306	-0.1884	5.9042	-0.2008	0.4791	0.2722	3.3944	4.6624
NVDA	mom|10d>5%	0.0000	1	0.2000	51	3.0582	-0.2008	1.9306	-0.1884	5.9042	-0.2008	0.4791	0.2722	3.3944	4.6624
META	xma|50/200	0.0800	3	0.3000	39	6.2558	-0.2867	0.9430	-0.4461	5.8990	-0.4461	0.9004	-0.0213	1.3509	2.1912
NVDA	brk|20/10	0.0800	2	0.0000	48	1.9090	-0.5322	3.0901	-0.4469	5.8989	-0.5322	0.2541	0.5112	3.3944	4.6624
US500	brk|20/10	0.0800	20	0.2000	32	2.2626	-0.3302	2.6070	-0.3474	5.8988	-0.3474	0.3310	0.4200	1.2251	1.6367
US500	brk|20/10	0.2500	20	0.2000	32	2.2626	-0.3302	2.6070	-0.3474	5.8988	-0.3474	0.3310	0.4200	1.2251	1.6367
US500	brk|20/10	0.0000	20	0.2000	32	2.2626	-0.3302	2.6070	-0.3474	5.8988	-0.3474	0.3310	0.4200	1.2251	1.6367
US500	brk|20/10	0.1500	20	0.2000	32	2.2626	-0.3302	2.6070	-0.3474	5.8988	-0.3474	0.3310	0.4200	1.2251	1.6367
SOLUSD	mom|20d>10%	0.2500	1	0.3000	41	9.1227	-0.3533	0.6461	-0.3916	5.8941	-0.3916	1.1688	-0.1477	7.9407	1.1320
SOXL	ma|50	0.2500	1	0.0000	52	1.7002	-0.4515	3.4640	-0.4028	5.8895	-0.4515	0.2043	0.5757	0.0504	5.4354
AMD	xma|20/100	0.2500	1	0.0000	14	2.0003	-0.2235	2.9441	-0.1999	5.8890	-0.2235	0.2748	0.4847	1.7175	4.5569
AMD	xma|20/100	0.2500	1	0.3000	14	2.0003	-0.2235	2.9441	-0.1999	5.8890	-0.2235	0.2748	0.4847	1.7175	4.5569
AMD	xma|20/100	0.2500	1	0.2000	14	2.0003	-0.2235	2.9441	-0.1999	5.8890	-0.2235	0.2748	0.4847	1.7175	4.5569
NVDA	ma|20	0.2500	1	0.0000	70	3.6053	-0.3344	1.6333	-0.3933	5.8886	-0.3933	0.5669	0.1967	3.3944	4.6624
NVDA	ma|20	0.0000	1	0.0000	70	3.6053	-0.3344	1.6333	-0.3933	5.8886	-0.3933	0.5669	0.1967	3.3944	4.6624
AMD	dip|1d<-1.0sd hold2	0.0000	2	0.0000	154	2.7794	-0.3794	2.1159	-0.5371	5.8809	-0.5371	0.4304	0.3156	1.7175	4.5569
SOLUSD	mom|10d>10%	0.0000	1	0.0000	52	9.7415	-0.6796	0.6037	-0.7031	5.8806	-0.7031	1.2193	-0.1687	7.9407	1.1320
TQQQ	brk|55/20	0.0000	2	0.0000	11	1.7901	-0.5221	3.2842	0.0000	5.8790	-0.5221	0.2262	0.5453	1.0272	3.3408
TQQQ	brk|55/20	0.0000	2	0.3000	11	1.7901	-0.3760	3.2842	0.0000	5.8790	-0.3760	0.2262	0.5453	1.0272	3.3408
TQQQ	brk|55/20	0.2500	2	0.3000	11	1.7901	-0.3760	3.2842	0.0000	5.8790	-0.3760	0.2262	0.5453	1.0272	3.3408
TQQQ	brk|55/20	0.2500	2	0.0000	11	1.7901	-0.5221	3.2842	0.0000	5.8790	-0.5221	0.2262	0.5453	1.0272	3.3408
TQQQ	brk|55/20	0.2500	2	0.2000	11	1.7901	-0.3760	3.2842	0.0000	5.8790	-0.3760	0.2262	0.5453	1.0272	3.3408
TQQQ	brk|55/20	0.0000	2	0.2000	11	1.7901	-0.3760	3.2842	0.0000	5.8790	-0.3760	0.2262	0.5453	1.0272	3.3408
SOXL	rsi2|<20 trend100 max3	0.0000	2	0.2000	107	2.5623	-0.3266	2.2939	-0.6213	5.8778	-0.6213	0.3903	0.3551	0.0504	5.4354
GOLD	mom|5d>0%	0.0800	5	0.2000	124	1.6876	-0.2307	3.4817	-0.3530	5.8755	-0.3530	0.2011	0.5786	1.1434	2.0840
NVDA	rsi2|<10 trend0 max3	0.0000	3	0.3000	208	3.0725	-0.4916	2.0893	-0.3455	5.8752	-0.4916	0.4815	0.3095	3.3944	4.6624
SOLUSD	brk|100/10	0.0000	2	0.3000	13	8.8516	-0.3287	0.6637	-0.4433	5.8745	-0.4433	1.1460	-0.1393	7.9407	1.1320
MSTR	mom|5d>10%	0.0000	2	0.3000	63	1.3420	-0.3504	4.3759	-0.3722	5.8724	-0.3722	0.1170	0.7164	1.0116	2.3136
AMD	xma|20/100	0.0000	1	0.0000	8	1.8110	-0.1687	3.2363	-0.1315	5.8610	-0.1687	0.2312	0.5370	1.7175	4.5569
AMD	xma|20/100	0.0000	1	0.2000	8	1.8110	-0.1687	3.2363	-0.1315	5.8610	-0.1687	0.2312	0.5370	1.7175	4.5569
AMD	xma|20/100	0.0000	1	0.3000	8	1.8110	-0.1687	3.2363	-0.1315	5.8610	-0.1687	0.2312	0.5370	1.7175	4.5569
NVDA	mom|60d>0%	0.2500	1	0.0000	32	7.2000	-0.4021	0.8137	-0.2475	5.8584	-0.4021	0.9963	-0.0727	3.3944	4.6624
MSTR	brk|55/10	0.2500	2	0.0000	15	1.2908	-0.4745	4.5372	-0.5856	5.8565	-0.5856	0.1008	0.7393	1.0116	2.3136
MSTR	brk|55/10	0.2500	2	0.3000	15	1.2908	-0.3691	4.5372	-0.4019	5.8565	-0.4019	0.1008	0.7393	1.0116	2.3136
MSTR	brk|55/10	0.2500	2	0.2000	15	1.2908	-0.2081	4.5372	-0.4019	5.8565	-0.4019	0.1008	0.7393	1.0116	2.3136
AMD	brk|55/5	0.2500	5	0.2000	27	4.0158	-0.4474	1.4574	-0.4935	5.8525	-0.4935	0.6272	0.1478	1.7175	4.5569
AMD	brk|55/5	0.0000	5	0.2000	27	4.0158	-0.4474	1.4574	-0.4935	5.8525	-0.4935	0.6272	0.1478	1.7175	4.5569
UDOW	momS|10d<-5%	0.2500	1	0.3000	36	2.5107	-0.1535	2.3292	-0.1349	5.8479	-0.2471	0.3804	0.3627	0.6552	0.8981
UDOW	momS|10d<-5%	0.2500	1	0.2000	36	2.5107	-0.1535	2.3292	-0.1349	5.8479	-0.2471	0.3804	0.3627	0.6552	0.8981
UDOW	momS|10d<-5%	0.2500	1	0.0000	36	2.5107	-0.1535	2.3292	-0.1349	5.8479	-0.2471	0.3804	0.3627	0.6552	0.8981
META	xma|50/200	0.1500	3	0.2000	13	6.7033	-0.0708	0.8721	-0.3906	5.8462	-0.3906	0.9470	-0.0488	1.3509	2.1912
META	xma|50/200	0.1500	3	0.3000	13	6.7033	-0.0708	0.8721	-0.3906	5.8462	-0.3906	0.9470	-0.0488	1.3509	2.1912
UPRO	brk|20/10	0.0000	5	0.3000	32	1.8343	-0.4019	3.1856	-0.4172	5.8433	-0.4172	0.2367	0.5281	1.2815	2.8547
UPRO	brk|20/10	0.2500	5	0.3000	32	1.8343	-0.4019	3.1856	-0.4172	5.8433	-0.4172	0.2367	0.5281	1.2815	2.8547
TECL	brk|20/10	0.2500	2	0.3000	31	1.9569	-0.4843	2.9854	-0.4208	5.8421	-0.4843	0.2650	0.4923	0.1537	3.8701
MSTR	brk|20/10	0.2500	2	0.2000	26	1.2034	-0.5308	4.8413	-0.4019	5.8260	-0.5308	0.0721	0.7811	1.0116	2.3136
MSTR	brk|20/10	0.2500	2	0.3000	26	1.2034	-0.5308	4.8413	-0.4019	5.8260	-0.5308	0.0721	0.7811	1.0116	2.3136
NVDA	ma|100	0.0000	1	0.0000	29	5.2600	-0.2954	1.1076	-0.1580	5.8257	-0.2954	0.7885	0.0381	3.3944	4.6624
NVDA	ma|100	0.0000	1	0.3000	29	5.2600	-0.2954	1.1076	-0.1580	5.8257	-0.2954	0.7885	0.0381	3.3944	4.6624
NVDA	ma|10	0.0000	2	0.3000	106	2.5463	-0.3796	2.2876	-0.4846	5.8249	-0.4846	0.3872	0.3537	3.3944	4.6624
NVDA	ma|10	0.2500	2	0.3000	106	2.5463	-0.3796	2.2876	-0.4846	5.8249	-0.4846	0.3872	0.3537	3.3944	4.6624
MSTR	mom|10d>20%	0.0800	2	0.3000	81	0.4149	-0.3728	14.0279	-0.3312	5.8203	-0.3832	-0.2817	1.6289	1.0116	2.3136
META	mom|60d>10%	0.1500	2	0.2000	13	5.6667	-0.0970	1.0268	-0.2050	5.8185	-0.2050	0.8357	0.0097	1.3509	2.1912
META	mom|60d>10%	0.1500	2	0.0000	13	5.6667	-0.0970	1.0268	-0.2050	5.8185	-0.2050	0.8357	0.0097	1.3509	2.1912
META	mom|60d>10%	0.1500	2	0.3000	13	5.6667	-0.0970	1.0268	-0.2050	5.8185	-0.2050	0.8357	0.0097	1.3509	2.1912
MSTR	momS|10d<-10%	0.0000	2	0.3000	35	1.2373	-0.4677	4.6954	-0.3663	5.8096	-0.4677	0.0834	0.7612	1.0116	2.3136
PLTR	xma|20/100	0.2500	3	0.0000	19	0.6392	-0.7171	9.0864	-0.6631	5.8084	-0.7952	-0.1450	1.2426	0.6080	11.5379
MSTR	mom|20d>0%	0.1500	2	0.2000	92	1.1604	-0.3301	5.0052	-0.3953	5.8083	-0.3953	0.0576	0.8029	1.0116	2.3136
NVDA	mom|20d>10%	0.0800	3	0.3000	54	1.5191	-0.3331	3.8211	-0.4110	5.8044	-0.4110	0.1577	0.6333	3.3944	4.6624
AMD	brk|55/5	0.0000	5	0.0000	27	4.0158	-0.5010	1.4447	-0.7467	5.8014	-0.7467	0.6272	0.1441	1.7175	4.5569
AMD	brk|55/5	0.2500	5	0.0000	27	4.0158	-0.5010	1.4447	-0.7467	5.8014	-0.7467	0.6272	0.1441	1.7175	4.5569
AMD	brk|55/5	0.2500	5	0.3000	27	4.0158	-0.4474	1.4447	-0.6822	5.8014	-0.6822	0.6272	0.1441	1.7175	4.5569
AMD	brk|55/5	0.0000	5	0.3000	27	4.0158	-0.4474	1.4447	-0.6822	5.8014	-0.6822	0.6272	0.1441	1.7175	4.5569
NVDA	brk|20/10	0.0800	5	0.0000	48	1.6741	-0.8927	3.4646	-0.8147	5.8001	-0.8927	0.1977	0.5758	3.3944	4.6624
NVDA	mom|5d>5%	0.1500	5	0.0000	78	4.8976	-0.9696	1.1837	-0.8949	5.7975	-0.9696	0.7443	0.0637	3.3944	4.6624
COIN	momS|10d<-10%	0.0000	2	0.2000	43	5.1554	-0.4348	1.1242	-0.5918	5.7954	-0.5918	0.8292	0.0438	0.5352	1.2370
NVDA	mom|20d>10%	0.1500	1	0.3000	22	2.2613	-0.2016	2.5605	-0.1402	5.7901	-0.2016	0.3307	0.4107	3.3944	4.6624
NVDA	mom|20d>10%	0.1500	1	0.0000	22	2.2613	-0.2016	2.5605	-0.1402	5.7901	-0.2016	0.3307	0.4107	3.3944	4.6624
NVDA	mom|60d>10%	0.0800	2	0.2000	77	7.4151	-0.3032	0.7800	-0.2634	5.7835	-0.3032	1.0170	-0.0869	3.3944	4.6624
TECL	mom|10d>10%	0.1500	2	0.2000	50	1.9848	-0.3201	2.9118	-0.3139	5.7795	-0.3295	0.2713	0.4787	0.1537	3.8701
US100	brk|55/20	0.1500	10	0.3000	13	3.2591	-0.3391	1.7725	-0.5086	5.7766	-0.5086	0.5125	0.2330	1.2639	1.8560
US100	brk|55/20	0.0000	10	0.0000	13	3.2591	-0.5096	1.7725	-0.5086	5.7766	-0.5096	0.5125	0.2330	1.2639	1.8560
US100	brk|55/20	0.0000	10	0.3000	13	3.2591	-0.3391	1.7725	-0.5086	5.7766	-0.5086	0.5125	0.2330	1.2639	1.8560
US100	brk|55/20	0.2500	10	0.0000	13	3.2591	-0.5096	1.7725	-0.5086	5.7766	-0.5096	0.5125	0.2330	1.2639	1.8560
US100	brk|55/20	0.1500	10	0.0000	13	3.2591	-0.5096	1.7725	-0.5086	5.7766	-0.5096	0.5125	0.2330	1.2639	1.8560
US100	brk|55/20	0.2500	10	0.3000	13	3.2591	-0.3391	1.7725	-0.5086	5.7766	-0.5086	0.5125	0.2330	1.2639	1.8560
NVDA	ma|100	0.1500	2	0.0000	45	6.6221	-0.7093	0.8721	-0.5791	5.7749	-0.7093	0.9387	-0.0489	3.3944	4.6624
SOXL	mom|60d>20%	0.0800	3	0.3000	204	0.2942	-0.3989	19.6166	-0.4221	5.7707	-0.4221	-0.3485	1.9722	0.0504	5.4354
SMCI	mom|20d>5%	0.1500	2	0.3000	71	4.1061	-0.3639	1.4050	-0.5770	5.7688	-0.5770	0.7302	0.1325	7.7027	1.5224
UPRO	mom|20d>5%	0.1500	3	0.2000	30	3.4567	-0.4520	1.6680	-0.3030	5.7657	-0.4520	0.5440	0.2059	1.2815	2.8547
NVDA	ma|50	0.1500	1	0.2000	56	5.1483	-0.2100	1.1199	-0.2097	5.7654	-0.2100	0.7751	0.0423	3.3944	4.6624
MSTR	mom|10d>20%	0.0000	1	0.0000	27	0.8624	-0.5525	6.6843	-0.1876	5.7647	-0.5525	-0.0542	1.0043	1.0116	2.3136
SOLUSD	mom|20d>0%	0.2500	2	0.3000	72	36.2985	-0.6500	0.1588	-0.4757	5.7627	-0.6500	2.5177	-0.4901	7.9407	1.1320
MSTR	mom|5d>5%	0.1500	3	0.3000	98	1.6074	-0.4096	3.5850	-0.5046	5.7625	-0.5046	0.1955	0.5956	1.0116	2.3136
NVDA	mom|60d>10%	0.0800	1	0.0000	77	4.0844	-0.4496	1.4107	-0.2895	5.7617	-0.4496	0.6369	0.1342	3.3944	4.6624
GOLD	ma|10	0.1500	3	0.3000	116	1.7320	-0.1691	3.3202	-0.3239	5.7505	-0.3239	0.2121	0.5514	1.1434	2.0840
NVDA	xma|50/200	0.0800	3	0.2000	101	4.4839	-0.3635	1.2825	-0.3779	5.7504	-0.3779	0.6912	0.0953	3.3944	4.6624
GOLD	ma|200	0.0000	10	0.0000	17	6.5388	-0.5796	0.8784	-0.1216	5.7436	-0.5796	0.9301	-0.0464	1.1434	2.0840
AMD	brk|55/5	0.1500	5	0.2000	27	4.0158	-0.4474	1.4292	-0.4935	5.7392	-0.4935	0.6272	0.1396	1.7175	4.5569
MSTR	brk|55/10	0.0000	5	0.2000	14	0.9119	-0.5203	6.2901	-0.8403	5.7357	-0.8403	-0.0341	0.9602	1.0116	2.3136
MSTR	brk|55/10	0.0000	5	0.0000	14	0.9119	-0.8434	6.2901	-0.8403	5.7357	-0.8434	-0.0341	0.9602	1.0116	2.3136
MSTR	brk|55/10	0.0000	5	0.3000	14	0.9119	-0.5203	6.2901	-0.8403	5.7357	-0.8403	-0.0341	0.9602	1.0116	2.3136
AMD	mom|20d>0%	0.0800	2	0.0000	134	1.3800	-0.6191	4.1546	-0.7165	5.7334	-0.7165	0.1194	0.6841	1.7175	4.5569
MSTR	brk|55/5	0.1500	3	0.3000	26	2.2913	-0.3301	2.5018	-0.5632	5.7325	-0.5632	0.3660	0.3988	1.0116	2.3136
MSTR	brk|55/5	0.1500	3	0.2000	26	2.2913	-0.2904	2.5018	-0.4104	5.7325	-0.4104	0.3660	0.3988	1.0116	2.3136
NVDA	ma|10	0.1500	5	0.2000	106	3.3366	-0.4677	1.7167	-0.5121	5.7279	-0.5121	0.5250	0.2187	3.3944	4.6624
GOLD	xma|5/20	0.2500	5	0.0000	43	0.8294	-0.4575	6.8969	-0.4408	5.7202	-0.4575	-0.0634	1.0274	1.1434	2.0840
GOLD	xma|5/20	0.0000	5	0.0000	43	0.8294	-0.4575	6.8969	-0.4408	5.7202	-0.4575	-0.0634	1.0274	1.1434	2.0840
TQQQ	ma|50	0.0800	2	0.2000	120	1.0697	-0.2771	5.3446	-0.2495	5.7173	-0.2771	0.0239	0.8467	1.0272	3.3408
TECL	brk|20/10	0.0000	2	0.3000	31	1.9569	-0.4843	2.9191	-0.4208	5.7123	-0.4843	0.2650	0.4800	0.1537	3.8701
SOLUSD	brk|20/10	0.2500	2	0.0000	32	16.5988	-0.7967	0.3441	-0.8180	5.7111	-0.8180	1.6746	-0.3233	7.9407	1.1320
AMD	mom|60d>5%	0.1500	1	0.2000	35	3.3456	-0.1653	1.7063	-0.2626	5.7087	-0.2626	0.5264	0.2160	1.7175	4.5569
GOLD	mom|5d>0%	0.0000	5	0.2000	123	1.6876	-0.2307	3.3801	-0.3506	5.7041	-0.3506	0.2011	0.5616	1.1434	2.0840
GOLD	mom|5d>0%	0.2500	5	0.2000	123	1.6876	-0.2307	3.3801	-0.3506	5.7041	-0.3506	0.2011	0.5616	1.1434	2.0840
US100	brk|55/20	0.0800	10	0.3000	13	3.3531	-0.3201	1.7004	-0.5086	5.7014	-0.5086	0.5276	0.2144	1.2639	1.8560
US100	brk|55/20	0.0800	10	0.0000	13	3.3531	-0.4955	1.7004	-0.5086	5.7014	-0.5086	0.5276	0.2144	1.2639	1.8560
SOXL	mom|20d>5%	0.0000	1	0.2000	50	0.8078	-0.4168	7.0570	-0.2838	5.7006	-0.4168	-0.0720	1.0445	0.0504	5.4354
SOXL	mom|20d>20%	0.1500	1	0.2000	59	0.7679	-0.2799	7.4222	-0.3505	5.6995	-0.3505	-0.0883	1.0826	0.0504	5.4354
AMD	ma|20	0.0800	3	0.0000	123	1.6876	-0.6600	3.3747	-0.8054	5.6951	-0.8054	0.2011	0.5607	1.7175	4.5569
AMD	brk|55/5	0.1500	5	0.0000	27	4.0158	-0.5010	1.4167	-0.7467	5.6891	-0.7467	0.6272	0.1360	1.7175	4.5569
SMCI	xma|50/200	0.1500	1	0.2000	53	2.6752	-0.2355	2.1263	-0.2595	5.6885	-0.2595	0.4651	0.3180	7.7027	1.5224
PLTR	brk|100/20	0.0800	5	0.0000	30	1.7260	-0.4221	3.2955	-0.6614	5.6880	-0.6943	0.2106	0.5472	0.6080	11.5379
PLTR	brk|100/10	0.0800	5	0.0000	30	1.7260	-0.4221	3.2955	-0.6614	5.6880	-0.6943	0.2106	0.5472	0.6080	11.5379
META	rsi2|<20 trend0 max3	0.0000	2	0.2000	237	3.3752	-0.2494	1.6843	-0.3316	5.6850	-0.3316	0.5311	0.2102	1.3509	2.1912
SOXL	dip|1d<-1.0sd hold2	0.0000	2	0.3000	171	2.7723	-0.4481	2.0505	-0.4674	5.6848	-0.4674	0.4292	0.3006	0.0504	5.4354
NVDA	rsi2|<20 trend0 max7	0.0000	2	0.2000	172	3.9834	-0.3992	1.4254	-0.4625	5.6779	-0.4625	0.6226	0.1385	3.3944	4.6624
GOLD	brk|100/20	0.0800	10	0.2000	12	0.7631	-0.4689	7.4354	-0.7255	5.6739	-0.7255	-0.0903	1.0839	1.1434	2.0840
GOLD	brk|100/20	0.0800	10	0.3000	12	0.7631	-0.4689	7.4354	-0.7255	5.6739	-0.7255	-0.0903	1.0839	1.1434	2.0840
GOLD	brk|100/20	0.0800	10	0.0000	12	0.7631	-0.4689	7.4354	-0.7255	5.6739	-0.7255	-0.0903	1.0839	1.1434	2.0840
SOXL	xma|50/200	0.0800	2	0.0000	261	0.4654	-0.8131	12.1899	-0.8474	5.6735	-0.8474	-0.2350	1.4972	0.0504	5.4354
NVDA	brk|20/5	0.0800	2	0.0000	58	2.1937	-0.5389	2.5844	-0.4795	5.6694	-0.5389	0.3167	0.4155	3.3944	4.6624
NVDA	mom|20d>0%	0.1500	5	0.3000	68	4.9408	-0.7023	1.1473	-0.6196	5.6687	-0.7023	0.7497	0.0516	3.3944	4.6624
US100	ma|100	0.2500	5	0.2000	24	1.3332	-0.3366	4.2507	-0.0846	5.6672	-0.3366	0.1060	0.6983	1.2639	1.8560
US100	ma|100	0.1500	5	0.2000	24	1.3332	-0.3366	4.2507	-0.0846	5.6672	-0.3366	0.1060	0.6983	1.2639	1.8560
US100	ma|100	0.0000	5	0.2000	24	1.3332	-0.3366	4.2507	-0.0846	5.6672	-0.3366	0.1060	0.6983	1.2639	1.8560
US100	rsi2|<5 trend0 max7	0.0000	5	0.0000	150	1.8014	-0.6617	3.1438	-0.4305	5.6632	-0.6617	0.2289	0.5208	1.2639	1.8560
UDOW	dip|3d<-2.5sd hold5	0.0000	5	0.3000	10	1.8341	-0.3412	3.0867	0.0000	5.6613	-0.3412	0.2366	0.5106	0.6552	0.8981
UDOW	dip|3d<-2.5sd hold5	0.0000	5	0.2000	10	1.8341	-0.3412	3.0867	0.0000	5.6613	-0.3412	0.2366	0.5106	0.6552	0.8981
UDOW	dip|3d<-2.5sd hold5	0.0000	5	0.0000	10	1.8341	-0.3412	3.0867	0.0000	5.6613	-0.3412	0.2366	0.5106	0.6552	0.8981
AMD	mom|60d>20%	0.1500	2	0.0000	21	3.5299	-0.3186	1.6027	-0.4264	5.6576	-0.4264	0.5553	0.1884	1.7175	4.5569
SOXL	mom|20d>5%	0.0800	1	0.0000	221	0.6159	-0.6943	9.1815	-0.4044	5.6550	-0.6943	-0.1561	1.2512	0.0504	5.4354
US500	brk|20/10	0.0800	10	0.3000	32	2.8352	-0.3276	1.9944	-0.3319	5.6547	-0.3319	0.4404	0.2874	1.2251	1.6367
US500	brk|20/10	0.0000	10	0.3000	32	2.8352	-0.3276	1.9944	-0.3319	5.6547	-0.3319	0.4404	0.2874	1.2251	1.6367
US500	brk|20/10	0.1500	10	0.3000	32	2.8352	-0.3276	1.9944	-0.3319	5.6547	-0.3319	0.4404	0.2874	1.2251	1.6367
US500	brk|20/10	0.2500	10	0.3000	32	2.8352	-0.3276	1.9944	-0.3319	5.6547	-0.3319	0.4404	0.2874	1.2251	1.6367
MSTR	ma|20	0.2500	1	0.3000	76	0.9584	-0.4467	5.9003	-0.3309	5.6547	-0.4467	-0.0159	0.9148	1.0116	2.3136
TECL	mom|10d>10%	0.1500	3	0.2000	50	2.6013	-0.3908	2.6827	-0.4541	5.6538	-0.4541	0.3976	0.4350	0.1537	3.8701
NVDA	mom|60d>5%	0.0800	1	0.3000	86	4.0024	-0.3354	1.4124	-0.3167	5.6531	-0.3354	0.6253	0.1347	3.3944	4.6624
GOLD	brk|20/5	0.0800	5	0.3000	44	1.2687	-0.1964	4.4555	-0.3626	5.6528	-0.3626	0.0869	0.7278	1.1434	2.0840
GOLD	brk|20/5	0.0800	5	0.0000	44	1.2687	-0.1964	4.4555	-0.3626	5.6528	-0.3626	0.0869	0.7278	1.1434	2.0840
NVDA	brk|100/10	0.1500	5	0.0000	20	8.1076	-0.3513	0.6963	-0.8825	5.6457	-0.8825	1.0811	-0.1241	3.3944	4.6624
NVDA	ma|200	0.0000	1	0.2000	10	4.3263	-0.2813	1.3039	-0.1365	5.6412	-0.2813	0.6702	0.1020	3.3944	4.6624
META	rsi2|<5 trend100 max7	0.0000	5	0.0000	78	4.1243	-0.3819	1.3676	-0.8237	5.6406	-0.8237	0.6424	0.1214	1.3509	2.1912
PLTR	brk|55/20	0.0800	3	0.2000	36	1.5341	-0.3660	3.6738	-0.2413	5.6359	-0.3660	0.1617	0.6100	0.6080	11.5379
PLTR	brk|55/10	0.0800	3	0.2000	36	1.5341	-0.3660	3.6738	-0.2413	5.6359	-0.3660	0.1617	0.6100	0.6080	11.5379
NVDA	mom|5d>5%	0.1500	3	0.2000	78	2.0514	-0.3730	2.7455	-0.3072	5.6323	-0.3730	0.2861	0.4472	3.3944	4.6624
NVDA	mom|20d>0%	0.0800	3	0.2000	120	3.8981	-0.3785	1.4448	-0.2806	5.6321	-0.3785	0.6103	0.1442	3.3944	4.6624
MSTR	mom|5d>0%	0.0000	3	0.2000	129	3.8637	-0.3868	1.4576	-0.5509	5.6318	-0.5509	0.6627	0.1479	1.0116	2.3136
MSTR	mom|10d>20%	0.0800	2	0.0000	81	0.4181	-0.7561	13.4493	-0.3587	5.6232	-0.7561	-0.2797	1.5887	1.0116	2.3136
GOLD	brk|55/5	0.0000	10	0.3000	27	1.1889	-0.3391	4.7291	-0.4421	5.6225	-0.4421	0.0625	0.7659	1.1434	2.0840
GOLD	brk|55/5	0.2500	10	0.3000	27	1.1889	-0.3391	4.7291	-0.4421	5.6225	-0.4421	0.0625	0.7659	1.1434	2.0840
TECL	mom|60d>0%	0.0000	2	0.2000	30	2.5371	-0.2995	2.2148	-0.4143	5.6192	-0.4143	0.3855	0.3378	0.1537	3.8701
AMD	mom|60d>20%	0.0800	3	0.0000	76	2.1356	-0.4923	2.6303	-0.7099	5.6172	-0.7099	0.3043	0.4247	1.7175	4.5569
SMCI	mom|60d>0%	0.0000	1	0.2000	43	4.2922	-0.2097	1.3062	-0.3166	5.6066	-0.3166	0.7603	0.1027	7.7027	1.5224
TQQQ	dip|3d<-1.0sd hold5	0.0000	2	0.2000	92	0.7384	-0.4049	7.5873	-0.3276	5.6028	-0.4049	-0.1007	1.0994	1.0272	3.3408
META	brk|55/10	0.0800	5	0.2000	23	7.7902	-0.3171	0.7188	-0.3686	5.5992	-0.3686	1.0522	-0.1138	1.3509	2.1912
GOLD	xma|5/20	0.1500	5	0.0000	44	0.8294	-0.4575	6.7505	-0.4408	5.5987	-0.4575	-0.0634	1.0115	1.1434	2.0840
TSLA	mom|10d>20%	0.0800	3	0.3000	23	2.4926	-0.3415	2.2448	-0.2408	5.5953	-0.3415	0.3769	0.3444	1.0220	1.5021
TSLA	mom|10d>20%	0.0800	3	0.0000	23	2.4926	-0.3415	2.2448	-0.2408	5.5953	-0.3415	0.3769	0.3444	1.0220	1.5021
NVDA	rsi2|<20 trend200 max7	0.0000	3	0.2000	114	4.3212	-0.6416	1.2945	-0.4223	5.5938	-0.6416	0.6695	0.0991	3.3944	4.6624
SOLUSD	brk|100/5	0.0000	1	0.2000	14	4.3819	-0.0620	1.2756	-0.2025	5.5894	-0.2025	0.6777	0.0932	7.9407	1.1320
SOLUSD	brk|100/5	0.0000	1	0.3000	14	4.3819	-0.0620	1.2756	-0.2025	5.5894	-0.2025	0.6777	0.0932	7.9407	1.1320
SOLUSD	brk|100/5	0.0000	1	0.0000	14	4.3819	-0.0620	1.2756	-0.2025	5.5894	-0.2025	0.6777	0.0932	7.9407	1.1320
NVDA	brk|100/10	0.1500	3	0.3000	20	4.5909	-0.2198	1.2172	-0.3848	5.5880	-0.3848	0.7053	0.0746	3.3944	4.6624
NVDA	brk|100/10	0.1500	3	0.0000	20	4.5909	-0.2198	1.2172	-0.6341	5.5880	-0.6341	0.7053	0.0746	3.3944	4.6624
NVDA	brk|100/10	0.1500	3	0.2000	20	4.5909	-0.2198	1.2172	-0.3848	5.5880	-0.3848	0.7053	0.0746	3.3944	4.6624
MSTR	momS|5d<-5%	0.0000	1	0.2000	77	4.2259	-0.2443	1.3215	-0.2815	5.5846	-0.2815	0.7197	0.1074	1.0116	2.3136
MSTR	mom|60d>20%	0.0800	3	0.2000	145	1.0340	-0.3658	5.3979	-0.3289	5.5815	-0.3658	0.0127	0.8535	1.0116	2.3136
META	rsi2|<5 trend200 max7	0.0000	3	0.0000	80	3.2266	-0.2305	1.7292	-0.5384	5.5794	-0.5384	0.5072	0.2219	1.3509	2.1912
SOLUSD	brk|55/5	0.2500	2	0.0000	24	6.3558	-0.6076	0.8772	-0.5942	5.5752	-0.6076	0.9110	-0.0468	7.9407	1.1320
MSTR	brk|10/5	0.0000	2	0.0000	55	2.7065	-0.5061	2.0599	-0.6557	5.5751	-0.6557	0.4543	0.3028	1.0116	2.3136
MSTR	maS|100	0.2500	2	0.2000	54	3.0660	-0.4000	1.8182	-0.3802	5.5746	-0.4000	0.5241	0.2446	1.0116	2.3136
COIN	momS|20d<-10%	0.2500	2	0.3000	41	8.3424	-0.4000	0.9519	-0.5599	5.5743	-0.5599	1.1838	-0.0179	0.5352	1.2370
MSTR	ma|100	0.0000	2	0.0000	23	0.8223	-0.6824	6.7725	-0.6845	5.5693	-0.6845	-0.0709	1.0139	1.0116	2.3136
MSTR	brk|55/10	0.2500	3	0.2000	15	1.2501	-0.3122	4.4546	-0.6029	5.5689	-0.6029	0.0876	0.7276	1.0116	2.3136
MSTR	brk|55/10	0.2500	3	0.3000	15	1.2501	-0.5160	4.4546	-0.6029	5.5689	-0.6029	0.0876	0.7276	1.0116	2.3136
MSTR	brk|55/10	0.2500	3	0.0000	15	1.2501	-0.6346	4.4546	-0.7858	5.5689	-0.7858	0.0876	0.7276	1.0116	2.3136
NVDA	ma|100	0.0800	3	0.3000	103	4.6236	-0.4513	1.2043	-0.3779	5.5680	-0.4513	0.7095	0.0704	3.3944	4.6624
AMD	mom|10d>5%	0.0800	5	0.0000	97	4.1353	-0.8749	1.3463	-0.9177	5.5673	-0.9177	0.6440	0.1150	1.7175	4.5569
META	mom|60d>0%	0.0000	3	0.2000	37	7.3165	-0.2078	0.7607	-0.3604	5.5659	-0.3604	1.0076	-0.0952	1.3509	2.1912
META	mom|60d>0%	0.2500	3	0.2000	37	7.3165	-0.2078	0.7607	-0.3604	5.5659	-0.3604	1.0076	-0.0952	1.3509	2.1912
NVDA	mom|60d>5%	0.0800	2	0.3000	86	10.9168	-0.3722	0.5093	-0.3787	5.5596	-0.3787	1.3096	-0.2188	3.3944	4.6624
NVDA	ma|50	0.0800	2	0.3000	106	6.0636	-0.3747	0.9168	-0.3454	5.5591	-0.3747	0.8798	-0.0313	3.3944	4.6624
MSTR	mom|5d>0%	0.0000	3	0.3000	129	5.2196	-0.3962	1.0648	-0.5509	5.5576	-0.5509	0.8618	0.0232	1.0116	2.3136
NVDA	mom|60d>10%	0.1500	3	0.2000	26	5.3737	-0.3707	1.0335	-0.4481	5.5538	-0.4481	0.8019	0.0121	3.3944	4.6624
NVDA	mom|60d>5%	0.0800	1	0.0000	86	4.0024	-0.4538	1.3856	-0.3565	5.5456	-0.4538	0.6253	0.1268	3.3944	4.6624
SOXL	mom|20d>20%	0.0800	1	0.0000	131	0.7751	-0.4212	7.1542	-0.2768	5.5450	-0.4212	-0.0854	1.0547	0.0504	5.4354
META	ma|200	0.1500	3	0.2000	18	4.8893	-0.1252	1.1339	-0.3906	5.5439	-0.3906	0.7433	0.0471	1.3509	2.1912
META	ma|200	0.1500	3	0.3000	18	4.8893	-0.1252	1.1339	-0.3906	5.5439	-0.3906	0.7433	0.0471	1.3509	2.1912
MSTR	brk|100/5	0.1500	3	0.2000	19	1.5160	-0.3761	3.6564	-0.2892	5.5433	-0.3761	0.1694	0.6072	1.0116	2.3136
MSTR	brk|100/5	0.1500	3	0.3000	19	1.5160	-0.3761	3.6564	-0.4359	5.5433	-0.4359	0.1694	0.6072	1.0116	2.3136
NVDA	ma|10	0.2500	1	0.3000	106	3.1137	-0.3330	1.7801	-0.3188	5.5429	-0.3330	0.4885	0.2350	3.3944	4.6624
NVDA	ma|10	0.0000	1	0.3000	106	3.1137	-0.3330	1.7801	-0.3188	5.5429	-0.3330	0.4885	0.2350	3.3944	4.6624
GOLD	brk|100/5	0.0000	10	0.0000	24	0.9778	-0.4578	5.6684	-0.4421	5.5426	-0.4578	-0.0078	0.8869	1.1434	2.0840
GOLD	brk|100/5	0.2500	10	0.0000	24	0.9778	-0.4578	5.6684	-0.4421	5.5426	-0.4578	-0.0078	0.8869	1.1434	2.0840
AMD	mom|60d>0%	0.0800	1	0.0000	116	2.0502	-0.3378	2.7027	-0.3898	5.5410	-0.3898	0.2858	0.4389	1.7175	4.5569
NVDA	brk|20/5	0.0800	2	0.2000	58	1.9688	-0.2608	2.8144	-0.2869	5.5409	-0.2869	0.2677	0.4604	3.3944	4.6624
ETHUSD	mom|20d>5%	0.0000	2	0.3000	46	3.2612	-0.4651	1.6985	-0.3726	5.5392	-0.4651	0.5128	0.2140	1.3260	1.1363
ETHUSD	momS|20d<-20%	0.2500	2	0.0000	16	2.3603	-0.5152	2.3459	-0.2199	5.5371	-0.5152	0.3509	0.3662	1.3260	1.1363
ETHUSD	momS|20d<-20%	0.2500	2	0.2000	16	2.3603	-0.3901	1.1090	-0.2199	5.5371	-0.3901	0.3509	0.0386	1.3260	1.1363
NVDA	brk|20/10	0.0800	2	0.2000	48	1.6816	-0.2608	3.2919	-0.2850	5.5356	-0.2850	0.1996	0.5466	3.3944	4.6624
AMD	mom|20d>20%	0.0800	2	0.2000	43	1.1379	-0.2540	4.8617	-0.2759	5.5319	-0.2759	0.0463	0.7838	1.7175	4.5569
TSLA	brk|100/10	0.0000	3	0.0000	10	1.5427	-0.2550	3.5844	-0.2956	5.5295	-0.2956	0.1639	0.5955	1.0220	1.5021
TSLA	brk|100/10	0.2500	3	0.3000	10	1.5427	-0.2550	3.5844	-0.2956	5.5295	-0.2956	0.1639	0.5955	1.0220	1.5021
TSLA	brk|100/10	0.2500	3	0.0000	10	1.5427	-0.2550	3.5844	-0.2956	5.5295	-0.2956	0.1639	0.5955	1.0220	1.5021
TSLA	brk|100/10	0.2500	3	0.2000	10	1.5427	-0.2550	3.5844	-0.2956	5.5295	-0.2956	0.1639	0.5955	1.0220	1.5021
TSLA	brk|100/10	0.0000	3	0.2000	10	1.5427	-0.2550	3.5844	-0.2956	5.5295	-0.2956	0.1639	0.5955	1.0220	1.5021
TSLA	brk|100/10	0.0000	3	0.3000	10	1.5427	-0.2550	3.5844	-0.2956	5.5295	-0.2956	0.1639	0.5955	1.0220	1.5021
MSTR	mom|20d>10%	0.0800	1	0.2000	144	1.2221	-0.2260	4.5238	-0.2175	5.5285	-0.2260	0.0784	0.7374	1.0116	2.3136
ETHUSD	momS|20d<-5%	0.0000	2	0.0000	43	1.8539	-0.7085	2.9791	-0.5507	5.5230	-0.8674	0.2413	0.4911	1.3260	1.1363
NVDA	xma|10/50	0.0000	2	0.0000	21	4.9875	-0.6134	1.1055	-0.5123	5.5139	-0.6134	0.7555	0.0374	3.3944	4.6624
AMD	ma|50	0.0800	2	0.0000	112	1.4715	-0.6595	3.7458	-0.5409	5.5117	-0.6595	0.1448	0.6215	1.7175	4.5569
TSLA	mom|20d>0%	0.0800	2	0.3000	131	1.8110	-0.3887	3.0429	-0.3701	5.5107	-0.3887	0.2312	0.5027	1.0220	1.5021
GOLD	brk|55/5	0.1500	10	0.0000	27	1.1889	-0.3758	4.6343	-0.5279	5.5098	-0.5279	0.0625	0.7528	1.1434	2.0840
TECL	mom|60d>0%	0.0000	3	0.3000	30	2.8199	-0.4271	1.9539	-0.6214	5.5097	-0.6214	0.4377	0.2778	0.1537	3.8701
AMD	mom|20d>0%	0.0000	1	0.2000	63	2.0511	-0.2056	2.6861	-0.2749	5.5094	-0.2749	0.2860	0.4357	1.7175	4.5569
AMD	mom|20d>0%	0.2500	1	0.2000	63	2.0511	-0.2056	2.6849	-0.2749	5.5069	-0.2749	0.2860	0.4354	1.7175	4.5569
AMD	brk|10/5	0.1500	5	0.3000	62	0.2758	-0.7656	19.9579	-0.4935	5.5053	-0.7656	-0.3630	1.9910	1.7175	4.5569
META	mom|60d>5%	0.0800	2	0.2000	35	5.8107	-0.2357	0.9473	-0.2137	5.5046	-0.2357	0.8519	-0.0196	1.3509	2.1912
NVDA	rsi2|<5 trend200 max3	0.0000	3	0.2000	127	2.3493	-0.3167	2.3425	-0.3455	5.5032	-0.3455	0.3486	0.3655	3.3944	4.6624
MSTR	ma|50	0.1500	2	0.3000	75	1.2352	-0.3397	4.4499	-0.3973	5.4967	-0.3973	0.0827	0.7270	1.0116	2.3136
NVDA	rsi2|<10 trend100 max7	0.0000	2	0.2000	110	4.1556	-0.2623	1.3219	-0.4625	5.4933	-0.4625	0.6468	0.1075	3.3944	4.6624
META	rsi2|<20 trend200 max3	0.0000	2	0.2000	114	1.7748	-0.1076	3.0944	-0.2217	5.4920	-0.2217	0.2225	0.5120	1.3509	2.1912
TQQQ	brk|20/10	0.0800	5	0.2000	49	4.2261	-0.4822	1.2989	-0.3828	5.4894	-0.4822	0.6565	0.1005	1.0272	3.3408
GOLD	ma|100	0.1500	5	0.2000	29	2.2793	-0.2111	2.4067	-0.3269	5.4857	-0.3269	0.3344	0.3791	1.1434	2.0840
META	ma|200	0.1500	5	0.3000	18	8.2191	-0.2042	0.6673	-0.6509	5.4849	-0.6509	1.0910	-0.1376	1.3509	2.1912
META	rsi2|<20 trend0 max7	0.0000	3	0.0000	183	3.4736	-0.4949	1.5760	-0.7570	5.4744	-0.7570	0.5466	0.1811	1.3509	2.1912
US100	dip|3d<-2.0sd hold2	0.0000	10	0.0000	27	1.4280	-0.5233	3.8335	-0.2755	5.4743	-0.5233	0.1329	0.6353	1.2639	1.8560
NVDA	dip|1d<-1.0sd hold1	0.0000	3	0.3000	183	0.7911	-0.3863	6.9173	-0.3382	5.4726	-0.3863	-0.0788	1.0296	3.3944	4.6624
NVDA	mom|20d>5%	0.1500	2	0.0000	39	4.3412	-0.7072	1.2602	-0.4007	5.4709	-0.7072	0.6722	0.0883	3.3944	4.6624
NVDA	brk|100/5	0.0000	3	0.2000	29	2.0667	-0.2361	2.6464	-0.2771	5.4694	-0.2771	0.2895	0.4279	3.3944	4.6624
NVDA	brk|100/5	0.1500	3	0.2000	29	2.0667	-0.2361	2.6464	-0.2771	5.4694	-0.2771	0.2895	0.4279	3.3944	4.6624
NVDA	brk|100/5	0.2500	3	0.2000	29	2.0667	-0.2361	2.6464	-0.2771	5.4694	-0.2771	0.2895	0.4279	3.3944	4.6624
NVDA	mom|20d>10%	0.0800	3	0.0000	54	1.8626	-0.5331	2.9361	-0.6107	5.4689	-0.6107	0.2434	0.4832	3.3944	4.6624
META	rsi2|<20 trend0 max3	0.0000	2	0.0000	237	3.7276	-0.3263	1.4668	-0.6254	5.4675	-0.6254	0.5853	0.1505	1.3509	2.1912
META	mom|60d>5%	0.1500	5	0.2000	19	6.1735	-0.3027	0.8851	-0.4328	5.4644	-0.4328	0.8916	-0.0437	1.3509	2.1912
AMD	mom|10d>5%	0.0800	3	0.2000	97	3.0827	-0.3441	1.7725	-0.3039	5.4641	-0.3441	0.4833	0.2330	1.7175	4.5569
META	ma|200	0.1500	5	0.2000	18	8.1817	-0.2042	0.6673	-0.6509	5.4599	-0.6509	1.0877	-0.1376	1.3509	2.1912
NVDA	ma|200	0.0000	1	0.3000	10	4.1872	-0.3474	1.3039	-0.1365	5.4598	-0.3474	0.6512	0.1020	3.3944	4.6624
TSLA	mom|20d>10%	0.1500	3	0.3000	30	3.9058	-0.4488	1.3962	-0.3504	5.4534	-0.4488	0.6114	0.1299	1.0220	1.5021
SMCI	mom|60d>20%	0.2500	3	0.3000	28	2.2246	-0.7392	2.4509	-0.6363	5.4523	-0.7392	0.3639	0.3883	7.7027	1.5224
US100	mom|60d>0%	0.2500	5	0.3000	32	3.2781	-0.3912	1.6614	-0.3387	5.4463	-0.3912	0.5155	0.2042	1.2639	1.8560
US100	mom|60d>0%	0.0000	5	0.3000	32	3.2781	-0.3912	1.6614	-0.3387	5.4463	-0.3912	0.5155	0.2042	1.2639	1.8560
SOXL	mom|20d>0%	0.2500	1	0.2000	74	0.9647	-0.2785	5.6446	-0.2615	5.4454	-0.2785	-0.0125	0.8840	0.0504	5.4354
MSTR	momS|10d<-5%	0.0800	5	0.2000	176	0.9199	-0.8611	5.9152	-0.5533	5.4415	-0.8611	-0.0309	0.9166	1.0116	2.3136
NVDA	mom|10d>5%	0.1500	1	0.0000	51	2.9704	-0.2077	1.8304	-0.2201	5.4370	-0.2201	0.4641	0.2476	3.3944	4.6624
NVDA	mom|10d>5%	0.1500	1	0.2000	51	2.9704	-0.2077	1.8304	-0.2008	5.4370	-0.2077	0.4641	0.2476	3.3944	4.6624
NVDA	mom|10d>5%	0.1500	1	0.3000	51	2.9704	-0.2077	1.8304	-0.2201	5.4370	-0.2201	0.4641	0.2476	3.3944	4.6624
UDOW	momS|10d<-5%	0.0000	1	0.0000	35	2.5107	-0.1535	2.1654	-0.1349	5.4366	-0.2471	0.3804	0.3268	0.6552	0.8981
UDOW	momS|10d<-5%	0.0000	1	0.2000	35	2.5107	-0.1535	2.1654	-0.1349	5.4366	-0.2471	0.3804	0.3268	0.6552	0.8981
UDOW	momS|10d<-5%	0.0000	1	0.3000	35	2.5107	-0.1535	2.1654	-0.1349	5.4366	-0.2471	0.3804	0.3268	0.6552	0.8981
TQQQ	ma|20	0.1500	3	0.3000	76	9.4016	-0.5905	0.5780	-0.4963	5.4342	-0.5905	1.1918	-0.1818	1.0272	3.3408
META	rsi2|<20 trend100 max7	0.0000	2	0.2000	96	1.9635	-0.1779	2.7674	-0.2387	5.4338	-0.2387	0.2665	0.4514	1.3509	2.1912
MSTR	mom|5d>5%	0.1500	2	0.3000	98	1.9739	-0.3328	2.7517	-0.4020	5.4317	-0.4020	0.2915	0.4484	1.0116	2.3136
TQQQ	dip|3d<-2.0sd hold1	0.0000	3	0.0000	30	1.2679	-0.2285	4.2836	-0.2109	5.4311	-0.2285	0.0867	0.7031	1.0272	3.3408
TQQQ	dip|3d<-2.0sd hold1	0.0000	3	0.3000	30	1.2679	-0.2285	4.2836	-0.2109	5.4311	-0.2285	0.0867	0.7031	1.0272	3.3408
SOLUSD	mom|10d>20%	0.0000	1	0.3000	31	8.4177	-0.3941	0.6451	-0.4186	5.4306	-0.4186	1.1086	-0.1482	7.9407	1.1320
PLTR	brk|100/5	0.0800	3	0.3000	32	1.5796	-0.2634	2.8607	-0.3625	5.4280	-0.3761	0.1736	0.4691	0.6080	11.5379
MSTR	mom|10d>20%	0.2500	1	0.0000	29	0.8926	-0.5369	6.0798	-0.3069	5.4266	-0.5369	-0.0418	0.9359	1.0116	2.3136
AMD	mom|60d>20%	0.0800	2	0.0000	76	1.9509	-0.3319	2.7807	-0.5292	5.4247	-0.5292	0.2637	0.4540	1.7175	4.5569
PLTR	xma|50/200	0.0800	3	0.2000	113	0.6459	-0.2875	20.3678	-0.3736	5.4246	-0.3736	-0.1419	2.0134	0.6080	11.5379
MSTR	brk|20/10	0.0000	1	0.3000	25	1.2392	-0.3413	4.3765	-0.3027	5.4234	-0.3413	0.0840	0.7165	1.0116	2.3136
ETHUSD	momS|20d<-10%	0.1500	1	0.2000	52	3.4717	-0.2420	1.5614	-0.2413	5.4208	-0.2597	0.5463	0.1771	1.3260	1.1363
NVDA	xma|10/50	0.2500	2	0.0000	23	4.9012	-0.6214	1.1055	-0.5123	5.4185	-0.6214	0.7448	0.0374	3.3944	4.6624
META	xma|50/200	0.1500	3	0.0000	13	6.7033	-0.0708	0.8080	-0.6354	5.4164	-0.6354	0.9470	-0.0751	1.3509	2.1912
NVDA	mom|5d>0%	0.1500	1	0.2000	124	4.4290	-0.2157	1.2227	-0.2579	5.4152	-0.2579	0.6840	0.0764	3.3944	4.6624
NVDA	ma|20	0.0800	1	0.0000	107	2.9787	-0.2630	1.8176	-0.3281	5.4141	-0.3281	0.4656	0.2444	3.3944	4.6624
MSTR	brkS|10/5	0.0000	2	0.0000	50	1.9272	-0.6743	2.8091	-0.7425	5.4139	-0.7425	0.2799	0.4594	1.0116	2.3136
AMD	ma|20	0.1500	1	0.3000	75	1.6161	-0.3404	3.3486	-0.3297	5.4116	-0.3404	0.1830	0.5563	1.7175	4.5569
UPRO	rsi2|<5 trend0 max7	0.0000	2	0.2000	160	1.4588	-0.3966	3.7084	-0.2426	5.4100	-0.3966	0.1414	0.6155	1.2815	2.8547
NVDA	xma|20/100	0.0800	2	0.0000	102	3.2925	-0.7681	1.6428	-0.6426	5.4088	-0.7681	0.5179	0.1992	3.3944	4.6624
GOLD	mom|60d>5%	0.2500	5	0.2000	10	0.8542	-0.3390	6.3279	-0.1667	5.4052	-0.3390	-0.0537	0.9645	1.1434	2.0840
GOLD	mom|60d>5%	0.2500	5	0.3000	10	0.8542	-0.3390	6.3279	-0.1667	5.4052	-0.3390	-0.0537	0.9645	1.1434	2.0840
GOLD	mom|60d>5%	0.2500	5	0.0000	10	0.8542	-0.3390	6.3279	-0.1667	5.4052	-0.3390	-0.0537	0.9645	1.1434	2.0840
MSTR	brkS|10/5	0.2500	1	0.0000	52	2.1518	-0.3344	2.5098	-0.4062	5.4005	-0.4062	0.3341	0.4004	1.0116	2.3136
ETHUSD	momS|20d<-10%	0.0800	2	0.0000	121	1.7260	-0.6130	3.1279	-0.7234	5.3988	-0.7677	0.2106	0.5179	1.3260	1.1363
SOXL	ma|50	0.1500	1	0.3000	102	0.7142	-0.3271	7.5578	-0.3373	5.3977	-0.3373	-0.1112	1.0964	0.0504	5.4354
NVDA	mom|10d>10%	0.0800	3	0.2000	53	2.4840	-0.2466	4.0119	-0.2977	5.3972	-0.2977	0.3752	0.6627	3.3944	4.6624
PLTR	dip|1d<-1.5sd hold5	0.0000	2	0.3000	60	1.4861	-0.3951	3.6313	-0.4082	5.3965	-0.4082	0.1488	0.6031	0.6080	11.5379
AMD	ma|100	0.0800	1	0.3000	109	1.6278	-0.3132	3.3140	-0.3020	5.3947	-0.3132	0.1861	0.5504	1.7175	4.5569
AMD	ma|100	0.0800	1	0.0000	109	1.6278	-0.3668	3.3140	-0.3166	5.3947	-0.3668	0.1861	0.5504	1.7175	4.5569
TQQQ	dip|3d<-1.5sd hold2	0.0000	2	0.0000	60	3.2860	-0.3539	1.6412	-0.4653	5.3932	-0.4653	0.5168	0.1988	1.0272	3.3408
NVDA	dip|3d<-1.0sd hold1	0.0000	2	0.2000	189	2.2745	-0.2498	2.3699	-0.2395	5.3903	-0.2498	0.3334	0.3713	3.3944	4.6624
AMD	mom|20d>5%	0.0800	2	0.0000	98	0.9606	-0.7498	5.6062	-0.7340	5.3852	-0.8441	-0.0140	0.8793	1.7175	4.5569
TSLA	brkS|10/5	0.0000	3	0.0000	52	2.7611	-0.7768	1.9498	-0.5528	5.3836	-0.7768	0.4271	0.2768	1.0220	1.5021
PLTR	ma|200	0.1500	1	0.3000	39	0.9890	-0.3091	5.4427	-0.3082	5.3829	-0.3091	-0.0039	0.8591	0.6080	11.5379
NVDA	xma|50/200	0.2500	2	0.3000	10	4.0283	-0.3926	1.3359	-0.2497	5.3816	-0.3926	0.6290	0.1118	3.3944	4.6624
TQQQ	ma|50	0.2500	3	0.2000	53	1.0711	-0.3903	5.0162	-0.2755	5.3730	-0.3903	0.0244	0.8044	1.0272	3.3408
AMD	mom|20d>5%	0.1500	1	0.2000	45	1.6349	-0.2597	3.2854	-0.2957	5.3711	-0.2957	0.1878	0.5455	1.7175	4.5569
AMD	dip|1d<-1.5sd hold5	0.0000	3	0.2000	60	2.0333	-0.4470	2.6380	-0.3128	5.3639	-0.4470	0.2821	0.4262	1.7175	4.5569
MSTR	momS|10d<-10%	0.1500	2	0.0000	64	1.0764	-0.7452	4.9812	-0.7085	5.3618	-0.8485	0.0281	0.7998	1.0116	2.3136
TQQQ	ma|50	0.0000	3	0.2000	53	1.0686	-0.3903	5.0162	-0.2755	5.3604	-0.3903	0.0235	0.8044	1.0272	3.3408
UPRO	dip|3d<-1.5sd hold2	0.0000	5	0.3000	62	0.4723	-0.4622	11.3478	-0.4259	5.3593	-0.4622	-0.2310	1.4326	1.2815	2.8547
ETHUSD	momS|20d<-10%	0.2500	1	0.2000	25	3.5782	-0.2035	1.4972	-0.2491	5.3572	-0.3066	0.5627	0.1592	1.3260	1.1363
TSLA	brkS|20/5	0.0000	3	0.0000	34	6.0622	-0.3708	0.8828	-0.7097	5.3515	-0.7097	0.8796	-0.0446	1.0220	1.5021
MSTR	mom|5d>10%	0.1500	1	0.2000	70	1.5848	-0.1758	3.3766	-0.2221	5.3514	-0.2221	0.1891	0.5610	1.0116	2.3136
MSTR	ma|100	0.0000	1	0.2000	23	1.1321	-0.2149	4.7189	-0.2183	5.3422	-0.2183	0.0478	0.7645	1.0116	2.3136
NVDA	dip|2d<-1.5sd hold5	0.0000	3	0.0000	54	0.6268	-0.7482	8.5211	-0.4341	5.3413	-0.7482	-0.1509	1.1905	3.3944	4.6624
NVDA	mom|60d>20%	0.1500	1	0.2000	20	4.0721	-0.2371	1.3115	-0.1903	5.3405	-0.2371	0.6351	0.1043	3.3944	4.6624
NVDA	mom|60d>20%	0.1500	1	0.0000	20	4.0721	-0.3695	1.3115	-0.1903	5.3405	-0.3695	0.6351	0.1043	3.3944	4.6624
MSTR	xmaS|5/20	0.2500	1	0.2000	64	2.0104	-0.2803	2.6562	-0.2812	5.3402	-0.2812	0.3004	0.4298	1.0116	2.3136
SOXL	mom|10d>5%	0.0800	1	0.2000	225	0.8393	-0.2509	6.3602	-0.2443	5.3379	-0.2509	-0.0595	0.9681	0.0504	5.4354
SOLUSD	brk|20/10	0.0000	1	0.2000	31	8.1994	-0.3572	0.6510	-0.2598	5.3375	-0.3572	1.0893	-0.1454	7.9407	1.1320
AMD	brk|55/5	0.0800	2	0.2000	30	2.5225	-0.1658	2.1146	-0.2916	5.3342	-0.2916	0.3827	0.3153	1.7175	4.5569
TSLA	mom|20d>5%	0.2500	3	0.2000	36	2.3100	-0.6711	2.3090	-0.3329	5.3338	-0.6711	0.3407	0.3583	1.0220	1.5021
TSLA	mom|20d>5%	0.0000	3	0.2000	36	2.3100	-0.6711	2.3090	-0.3329	5.3338	-0.6711	0.3407	0.3583	1.0220	1.5021
MSTR	brkS|10/5	0.0800	2	0.3000	98	1.9550	-0.3981	2.1711	-0.3929	5.3336	-0.3981	0.2868	0.3281	1.0116	2.3136
TSLA	mom|20d>5%	0.0000	2	0.0000	36	2.6497	-0.4474	2.0129	-0.4047	5.3334	-0.5663	0.4067	0.2918	1.0220	1.5021
PLTR	xma|20/100	0.1500	2	0.0000	43	0.7699	-0.5515	6.9257	-0.5735	5.3318	-0.7802	-0.0875	1.0305	0.6080	11.5379
MSTR	mom|5d>10%	0.1500	2	0.0000	70	1.8246	-0.3366	2.9211	-0.7692	5.3297	-0.7692	0.2538	0.4804	1.0116	2.3136
TECL	mom|60d>0%	0.0800	2	0.3000	143	0.8313	-0.3446	6.4098	-0.3336	5.3284	-0.3446	-0.0627	0.9737	0.1537	3.8701
AMD	mom|10d>5%	0.0800	1	0.2000	97	2.0425	-0.2215	2.6076	-0.2148	5.3260	-0.2215	0.2842	0.4202	1.7175	4.5569
NVDA	xma|20/100	0.0800	1	0.2000	102	3.2778	-0.2021	1.6242	-0.2262	5.3236	-0.2262	0.5155	0.1942	3.3944	4.6624
AMD	mom|20d>0%	0.1500	1	0.3000	72	1.9996	-0.3432	2.6610	-0.3425	5.3211	-0.3432	0.2747	0.4307	1.7175	4.5569
AMD	mom|20d>20%	0.0800	2	0.3000	43	1.1919	-0.3124	4.4629	-0.3353	5.3192	-0.3353	0.0634	0.7288	1.7175	4.5569
AMD	ma|10	0.0800	5	0.2000	153	0.5799	-0.3843	9.1691	-0.4011	5.3170	-0.4011	-0.1737	1.2501	1.7175	4.5569
AMD	mom|20d>5%	0.0000	1	0.2000	37	1.6993	-0.2597	3.1283	-0.3126	5.3161	-0.3126	0.2040	0.5180	1.7175	4.5569
ETHUSD	mom|20d>5%	0.0000	2	0.0000	46	3.2612	-0.5991	1.6300	-0.5503	5.3156	-0.7075	0.5128	0.1958	1.3260	1.1363
UPRO	rsi2|<5 trend0 max3	0.0000	3	0.2000	196	1.0091	-0.6079	5.2671	-0.2537	5.3149	-0.6079	0.0032	0.8369	1.2815	2.8547
DE40	xma|5/20	0.0800	10	0.3000	44	0.7886	-0.4467	6.7394	-0.3901	5.3148	-0.4467	-0.0798	1.0103	1.2016	1.5273
PLTR	mom|60d>20%	0.0800	3	0.2000	86	0.7998	-0.3043	6.6444	-0.3172	5.3144	-0.3172	-0.0752	0.9999	0.6080	11.5379
META	rsi2|<10 trend0 max7	0.0000	3	0.2000	162	1.9679	-0.4138	2.7005	-0.4027	5.3142	-0.4138	0.2675	0.4385	1.3509	2.1912
AMD	mom|20d>5%	0.2500	1	0.2000	37	1.6993	-0.2597	3.1269	-0.3126	5.3137	-0.3126	0.2040	0.5178	1.7175	4.5569
NVDA	mom|60d>20%	0.0800	1	0.0000	58	3.6569	-0.3875	1.4529	-0.2318	5.3132	-0.3875	0.5747	0.1465	3.3944	4.6624
MSTR	mom|10d>10%	0.0800	2	0.0000	132	0.4392	-0.8454	12.0945	-0.5319	5.3120	-0.8454	-0.2662	1.4900	1.0116	2.3136
TECL	dip|3d<-1.5sd hold5	0.0000	3	0.3000	52	0.5717	-0.8514	9.2910	-0.4158	5.3114	-0.8514	-0.1778	1.2610	0.1537	3.8701
TSLA	mom|20d>5%	0.2500	2	0.2000	36	2.6737	-0.4474	1.9855	-0.2353	5.3088	-0.4474	0.4112	0.2853	1.0220	1.5021
TSLA	mom|20d>5%	0.0000	2	0.2000	36	2.6737	-0.4474	1.9855	-0.2353	5.3088	-0.4474	0.4112	0.2853	1.0220	1.5021
UPRO	brk|20/10	0.0000	3	0.3000	32	2.4230	-0.3102	2.1897	-0.3726	5.3055	-0.3726	0.3633	0.3322	1.2815	2.8547
UPRO	brk|20/10	0.2500	3	0.3000	32	2.4230	-0.3102	2.1897	-0.3726	5.3055	-0.3726	0.3633	0.3322	1.2815	2.8547
UPRO	brk|20/10	0.2500	3	0.0000	32	2.4230	-0.3102	2.1897	-0.3726	5.3055	-0.3726	0.3633	0.3322	1.2815	2.8547
UPRO	brk|20/10	0.0000	3	0.0000	32	2.4230	-0.3102	2.1897	-0.3726	5.3055	-0.3726	0.3633	0.3322	1.2815	2.8547
MSTR	ma|50	0.1500	1	0.2000	75	1.4899	-0.2713	3.5604	-0.2380	5.3047	-0.2713	0.1618	0.5916	1.0116	2.3136
NVDA	mom|20d>5%	0.2500	2	0.3000	35	7.4551	-0.3729	0.7114	-0.4447	5.3032	-0.4447	1.0208	-0.1172	3.3944	4.6624
NVDA	mom|20d>5%	0.0000	2	0.3000	35	7.4551	-0.3729	0.7114	-0.4447	5.3032	-0.4447	1.0208	-0.1172	3.3944	4.6624
ETHUSD	momS|20d<-10%	0.2500	1	0.3000	25	3.1477	-0.2993	1.6840	-0.2491	5.3006	-0.3066	0.4941	0.2101	1.3260	1.1363
ETHUSD	momS|20d<-10%	0.2500	1	0.0000	25	3.1477	-0.2993	1.6840	-0.2491	5.3006	-0.3066	0.4941	0.2101	1.3260	1.1363
AMD	mom|60d>0%	0.1500	3	0.3000	49	3.6440	-0.4600	1.4544	-0.5345	5.2999	-0.5345	0.5728	0.1469	1.7175	4.5569
MSTR	xma|20/100	0.0800	5	0.3000	183	0.2138	-0.5689	24.7827	-0.5170	5.2988	-0.5689	-0.4403	2.2377	1.0116	2.3136
GOLD	mom|5d>0%	0.1500	5	0.2000	123	1.6876	-0.2307	3.1397	-0.3506	5.2985	-0.3506	0.2011	0.5200	1.1434	2.0840
NVDA	mom|20d>0%	0.1500	1	0.0000	68	3.0980	-0.4939	1.7095	-0.1696	5.2962	-0.4939	0.4858	0.2168	3.3944	4.6624
NVDA	xma|20/100	0.1500	2	0.0000	34	4.0063	-0.7827	1.3214	-0.5010	5.2938	-0.7827	0.6258	0.1074	3.3944	4.6624
GOLD	mom|5d>0%	0.2500	3	0.3000	123	1.5775	-0.1853	3.3554	-0.2482	5.2932	-0.2482	0.1731	0.5574	1.1434	2.0840
GOLD	mom|5d>0%	0.0000	3	0.0000	123	1.5775	-0.1853	3.3554	-0.2482	5.2932	-0.2482	0.1731	0.5574	1.1434	2.0840
GOLD	mom|5d>0%	0.0000	3	0.3000	123	1.5775	-0.1853	3.3554	-0.2482	5.2932	-0.2482	0.1731	0.5574	1.1434	2.0840
GOLD	mom|5d>0%	0.2500	3	0.0000	123	1.5775	-0.1853	3.3554	-0.2482	5.2932	-0.2482	0.1731	0.5574	1.1434	2.0840
SOLUSD	mom|20d>20%	0.2500	2	0.3000	30	54.4770	-0.3624	0.0972	-0.4918	5.2928	-0.4918	3.0552	-0.5740	7.9407	1.1320
GOLD	brk|100/20	0.2500	5	0.3000	11	0.9079	-0.2344	5.8248	-0.2390	5.2882	-0.2390	-0.0333	0.9058	1.1434	2.0840
GOLD	brk|100/20	0.2500	5	0.0000	11	0.9079	-0.2344	5.8248	-0.2390	5.2882	-0.2390	-0.0333	0.9058	1.1434	2.0840
GOLD	brk|100/20	0.2500	5	0.2000	11	0.9079	-0.2344	5.8248	-0.2390	5.2882	-0.2390	-0.0333	0.9058	1.1434	2.0840
GOLD	brk|100/20	0.0000	5	0.0000	11	0.9079	-0.2344	5.8248	-0.2390	5.2882	-0.2390	-0.0333	0.9058	1.1434	2.0840
GOLD	brk|100/20	0.0000	5	0.2000	11	0.9079	-0.2344	5.8248	-0.2390	5.2882	-0.2390	-0.0333	0.9058	1.1434	2.0840
GOLD	brk|100/20	0.0000	5	0.3000	11	0.9079	-0.2344	5.8248	-0.2390	5.2882	-0.2390	-0.0333	0.9058	1.1434	2.0840
NVDA	ma|10	0.0800	3	0.2000	129	4.3863	-0.3179	1.2055	-0.3614	5.2878	-0.3614	0.6783	0.0708	3.3944	4.6624
NVDA	mom|10d>10%	0.0800	5	0.3000	53	2.7833	-0.4027	4.5759	-0.4651	5.2832	-0.4651	0.4311	0.7447	3.3944	4.6624
MSTR	brk|100/10	0.0000	2	0.3000	10	1.3384	-0.3411	3.9451	-0.3313	5.2800	-0.3411	0.1159	0.6525	1.0116	2.3136
MSTR	brk|100/10	0.0000	2	0.2000	10	1.3384	-0.3411	3.9451	-0.3058	5.2800	-0.3411	0.1159	0.6525	1.0116	2.3136
MSTR	brk|100/10	0.0000	2	0.0000	10	1.3384	-0.3930	3.9451	-0.4602	5.2800	-0.4602	0.1159	0.6525	1.0116	2.3136
AMD	mom|20d>0%	0.0800	2	0.3000	134	1.3449	-0.3824	3.9251	-0.3726	5.2789	-0.3824	0.1094	0.6494	1.7175	4.5569
US100	dip|3d<-1.5sd hold2	0.0000	5	0.2000	65	3.1289	-0.2533	1.6870	-0.2306	5.2783	-0.2533	0.4910	0.2109	1.2639	1.8560
MSTR	brk|55/5	0.1500	5	0.3000	26	3.0857	-0.4572	1.7104	-0.6840	5.2777	-0.6840	0.5278	0.2170	1.0116	2.3136
ETHUSD	xmaS|10/50	0.1500	2	0.2000	73	2.2468	-0.3321	2.3486	-0.3867	5.2767	-0.4008	0.3277	0.3668	1.3260	1.1363
AMD	mom|10d>10%	0.1500	1	0.0000	36	1.8423	-0.2951	2.8633	-0.2321	5.2751	-0.2951	0.2386	0.4696	1.7175	4.5569
AMD	mom|10d>10%	0.1500	1	0.3000	36	1.8423	-0.2951	2.8633	-0.2321	5.2751	-0.2951	0.2386	0.4696	1.7175	4.5569
MSTR	brk|10/5	0.0000	3	0.3000	55	2.9854	-0.5320	1.7644	-0.4574	5.2673	-0.5320	0.5090	0.2310	1.0116	2.3136
ETHUSD	mom|20d>5%	0.0800	2	0.2000	133	2.1707	-0.3374	2.4251	-0.2689	5.2642	-0.3374	0.3118	0.3829	1.3260	1.1363
COIN	momS|20d<-10%	0.0000	3	0.0000	30	17.5372	-0.3433	0.3001	-0.7697	5.2628	-0.8455	1.8709	-0.3563	0.5352	1.2370
SOLUSD	mom|20d>20%	0.2500	2	0.0000	30	32.4449	-0.7612	0.1622	-0.9084	5.2616	-0.9084	2.3821	-0.4861	7.9407	1.1320
SOXL	dip|2d<-1.0sd hold5	0.0000	1	0.0000	107	1.5921	-0.6790	3.3045	-0.6365	5.2612	-0.7278	0.1769	0.5488	0.0504	5.4354
GOLD	ma|100	0.0800	5	0.2000	38	2.0155	-0.2559	2.6054	-0.3721	5.2511	-0.3721	0.2782	0.4197	1.1434	2.0840
GOLD	ma|50	0.0800	5	0.2000	52	0.9595	-0.2238	5.4715	-0.3530	5.2501	-0.3530	-0.0144	0.8627	1.1434	2.0840
TECL	mom|60d>0%	0.2500	2	0.3000	37	3.6955	-0.3206	1.4205	-0.4490	5.2494	-0.4490	0.5805	0.1371	0.1537	3.8701
TECL	ma|50	0.0800	2	0.2000	134	0.7344	-0.2854	7.1469	-0.2614	5.2489	-0.2854	-0.1024	1.0540	0.1537	3.8701
MSTR	xma|50/200	0.2500	2	0.0000	19	2.5515	-0.4764	2.0564	-0.7881	5.2471	-0.7881	0.4224	0.3019	1.0116	2.3136
GOLD	brk|10/5	0.0000	5	0.2000	56	1.2680	-0.2058	4.1372	-0.2759	5.2461	-0.2759	0.0867	0.6815	1.1434	2.0840
GOLD	brk|10/5	0.2500	5	0.2000	56	1.2680	-0.2058	4.1372	-0.2759	5.2461	-0.2759	0.0867	0.6815	1.1434	2.0840
TSLA	brk|100/5	0.0000	5	0.0000	13	1.4127	-0.5652	3.7130	-0.4680	5.2453	-0.5652	0.1286	0.6162	1.0220	1.5021
TSLA	brk|100/5	0.2500	5	0.0000	13	1.4127	-0.5652	3.7130	-0.4680	5.2453	-0.5652	0.1286	0.6162	1.0220	1.5021
MSTR	xma|5/20	0.0000	2	0.0000	39	0.5000	-0.9407	10.4894	-0.6297	5.2446	-0.9407	-0.2295	1.3636	1.0116	2.3136
AMD	brk|20/10	0.1500	3	0.3000	33	2.7753	-0.4107	1.8892	-0.4738	5.2431	-0.4738	0.4297	0.2621	1.7175	4.5569
TSLA	dip|3d<-1.5sd hold2	0.0000	3	0.3000	61	1.0792	-0.3675	4.8571	-0.2133	5.2419	-0.3675	0.0271	0.7832	1.0220	1.5021
NVDA	mom|20d>10%	0.0800	2	0.2000	54	1.4671	-0.2325	3.5692	-0.2849	5.2363	-0.2849	0.1436	0.5930	3.3944	4.6624
PLTR	mom|10d>20%	0.0800	3	0.0000	28	1.2157	-0.5874	4.3054	-0.3823	5.2340	-0.5874	0.0708	0.7062	0.6080	11.5379
META	mom|60d>10%	0.0800	3	0.0000	25	7.6188	-0.5065	0.6869	-0.5254	5.2332	-0.5254	1.0362	-0.1284	1.3509	2.1912
NVDA	ma|20	0.0800	1	0.2000	107	2.7330	-0.2257	1.9141	-0.2034	5.2311	-0.2257	0.4220	0.2682	3.3944	4.6624
GOLD	mom|20d>5%	0.1500	5	0.2000	19	1.0699	-0.2716	4.8848	-0.3197	5.2262	-0.3197	0.0239	0.7869	1.1434	2.0840
GOLD	mom|20d>5%	0.1500	5	0.3000	19	1.0699	-0.2716	4.8848	-0.3197	5.2262	-0.3197	0.0239	0.7869	1.1434	2.0840
GOLD	mom|20d>5%	0.1500	5	0.0000	19	1.0699	-0.2716	4.8848	-0.5258	5.2262	-0.5258	0.0239	0.7869	1.1434	2.0840
ETHUSD	momS|20d<-5%	0.2500	2	0.2000	50	1.2652	-0.3719	3.4369	-0.2862	5.2209	-0.3719	0.0859	0.5712	1.3260	1.1363
GOLD	xma|20/100	0.1500	5	0.0000	9	7.9607	-0.2978	0.6558	-0.3442	5.2204	-0.3442	1.0678	-0.1431	1.1434	2.0840
GOLD	xma|20/100	0.1500	5	0.3000	9	7.9607	-0.2978	0.6558	-0.3442	5.2204	-0.3442	1.0678	-0.1431	1.1434	2.0840
PLTR	xma|20/100	0.1500	1	0.2000	43	1.1881	-0.2251	1.5040	-0.2894	5.2196	-0.2572	0.0622	0.1611	0.6080	11.5379
AMD	mom|10d>0%	0.1500	5	0.0000	90	0.8695	-0.9671	5.9986	-0.9648	5.2160	-0.9750	-0.0478	0.9264	1.7175	4.5569
MSTR	brkS|10/5	0.2500	1	0.2000	52	2.2116	-0.2439	2.3576	-0.2526	5.2141	-0.2526	0.3479	0.3687	1.0116	2.3136
NVDA	mom|5d>10%	0.0800	2	0.2000	48	2.2937	-0.2620	2.2722	-0.2576	5.2118	-0.2620	0.3374	0.3504	3.3944	4.6624
MSTR	xma|10/50	0.0800	3	0.2000	177	0.7086	-0.4731	7.3456	-0.4172	5.2054	-0.4731	-0.1215	1.0747	1.0116	2.3136
TQQQ	mom|60d>0%	0.0800	3	0.2000	122	1.3574	-0.3789	3.8312	-0.3229	5.2005	-0.3789	0.1129	0.6349	1.0272	3.3408
MSTR	momS|20d<-5%	0.1500	2	0.2000	93	2.0767	-0.3223	2.2676	-0.3655	5.2005	-0.3655	0.3164	0.3494	1.0116	2.3136
MSTR	ma|20	0.0800	2	0.2000	197	0.5408	-0.2935	9.6127	-0.2750	5.1984	-0.2935	-0.2065	1.2893	1.0116	2.3136
PLTR	xma|50/200	0.1500	2	0.2000	33	2.5241	-0.2534	3.8231	-0.3053	5.1938	-0.3053	0.3830	0.6336	0.6080	11.5379
NVDA	ma|10	0.0800	1	0.3000	129	2.1402	-0.3245	2.4238	-0.2328	5.1873	-0.3245	0.3053	0.3827	3.3944	4.6624
NVDA	ma|100	0.2500	1	0.2000	31	5.2568	-0.2100	0.9866	-0.2225	5.1866	-0.2225	0.7881	-0.0049	3.3944	4.6624
META	rsi2|<10 trend200 max7	0.0000	2	0.3000	85	2.2487	-0.1541	2.3057	-0.3535	5.1847	-0.3535	0.3281	0.3576	1.3509	2.1912
META	rsi2|<10 trend200 max7	0.0000	2	0.2000	85	2.2487	-0.1541	2.3057	-0.3535	5.1847	-0.3535	0.3281	0.3576	1.3509	2.1912
NVDA	mom|5d>0%	0.1500	1	0.0000	124	4.0373	-0.3479	1.2839	-0.3109	5.1835	-0.3479	0.6302	0.0958	3.3944	4.6624
AMD	mom|10d>5%	0.0800	1	0.0000	97	2.0544	-0.2660	2.5224	-0.3314	5.1821	-0.3314	0.2868	0.4030	1.7175	4.5569
MSTR	xmaS|5/20	0.0800	1	0.2000	221	1.4840	-0.2468	3.4905	-0.2233	5.1800	-0.2468	0.1601	0.5801	1.0116	2.3136
UPRO	dip|3d<-1.0sd hold5	0.0000	3	0.3000	98	0.7866	-0.5262	6.5838	-0.3945	5.1790	-0.5262	-0.0806	0.9932	1.2815	2.8547
COIN	momS|20d<-10%	0.2500	2	0.0000	41	7.2215	-0.6629	0.7171	-0.6361	5.1788	-0.6629	1.0708	-0.1146	0.5352	1.2370
NVDA	mom|60d>20%	0.2500	3	0.0000	11	8.0182	-0.8351	0.6459	-0.4839	5.1786	-0.8351	1.0730	-0.1479	3.3944	4.6624
AMD	mom|20d>5%	0.0000	3	0.0000	37	1.5669	-0.8506	3.3050	-0.8393	5.1785	-0.9083	0.1703	0.5488	1.7175	4.5569
TECL	xma|10/50	0.2500	3	0.3000	21	1.3729	-0.6132	3.7700	-0.4628	5.1759	-0.6132	0.1174	0.6253	0.1537	3.8701
US100	dip|3d<-1.5sd hold5	0.0000	5	0.2000	56	1.7034	-0.4129	3.0361	-0.2265	5.1716	-0.4129	0.2050	0.5015	1.2639	1.8560
AMD	mom|20d>0%	0.1500	1	0.0000	72	1.9432	-0.3617	2.6610	-0.4617	5.1710	-0.4617	0.2619	0.4307	1.7175	4.5569
AMD	mom|20d>5%	0.2500	3	0.0000	37	1.5669	-0.8506	3.2985	-0.8393	5.1684	-0.9083	0.1703	0.5477	1.7175	4.5569
GOLD	xma|5/20	0.0000	10	0.0000	43	0.3749	-0.7485	13.7679	-0.7273	5.1621	-0.7710	-0.2907	1.6110	1.1434	2.0840
GOLD	xma|5/20	0.2500	10	0.0000	43	0.3749	-0.7485	13.7679	-0.7273	5.1621	-0.7710	-0.2907	1.6110	1.1434	2.0840
MSTR	momS|20d<-5%	0.0800	2	0.2000	199	1.3290	-0.2884	3.8841	-0.2916	5.1620	-0.2916	0.1129	0.6431	1.0116	2.3136
SMCI	mom|60d>0%	0.2500	1	0.2000	57	3.9782	-0.2097	1.2961	-0.3413	5.1563	-0.3413	0.7091	0.0996	7.7027	1.5224
MSTR	mom|60d>20%	0.0800	2	0.2000	145	0.5692	-0.3184	9.0561	-0.2873	5.1548	-0.3184	-0.1910	1.2399	1.0116	2.3136
META	rsi2|<5 trend200 max3	0.0000	3	0.3000	97	1.9099	-0.2037	2.6940	-0.3034	5.1453	-0.3034	0.2543	0.4372	1.3509	2.1912
AMD	mom|60d>0%	0.1500	1	0.0000	49	2.9539	-0.2579	1.7415	-0.3761	5.1442	-0.3761	0.4613	0.2251	1.7175	4.5569
COIN	momS|5d<-5%	0.2500	2	0.2000	97	2.4433	-0.4000	2.1048	-0.3151	5.1428	-0.4000	0.3895	0.3131	0.5352	1.2370
TSLA	brkS|20/5	0.2500	3	0.2000	34	6.1783	-0.3708	0.8322	-0.5107	5.1415	-0.5107	0.8921	-0.0650	1.0220	1.5021
NVDA	mom|5d>5%	0.0800	2	0.0000	90	2.3817	-0.7657	2.1587	-0.3764	5.1412	-0.7657	0.3551	0.3253	3.3944	4.6624
MSTR	mom|20d>20%	0.0800	1	0.0000	109	0.7162	-0.6140	7.1778	-0.2727	5.1409	-0.6140	-0.1180	1.0572	1.0116	2.3136
MSTR	brk|20/10	0.2500	1	0.3000	26	1.2722	-0.3392	4.0391	-0.3027	5.1383	-0.3392	0.0948	0.6668	1.0116	2.3136
GOLD	ma|200	0.0800	5	0.3000	32	1.6717	-0.3158	3.0727	-0.3721	5.1366	-0.3721	0.1971	0.5081	1.1434	2.0840
META	rsi2|<20 trend100 max3	0.0000	2	0.2000	115	1.9356	-0.1076	2.6534	-0.2224	5.1360	-0.2224	0.2602	0.4292	1.3509	2.1912
MSTR	ma|200	0.1500	1	0.0000	62	1.7660	-0.2587	2.9074	-0.5355	5.1345	-0.5355	0.2385	0.4779	1.0116	2.3136
NVDA	mom|20d>20%	0.2500	3	0.0000	14	0.8526	-0.7531	6.0204	-0.5252	5.1331	-0.7531	-0.0543	0.9290	3.3944	4.6624
TSLA	ma|10	0.0800	2	0.3000	142	3.2610	-0.3717	1.5185	-0.3541	5.1296	-0.3717	0.5128	0.1652	1.0220	1.5021
NVDA	rsi2|<5 trend200 max7	0.0000	2	0.2000	101	2.8263	-0.2623	1.8149	-0.4625	5.1295	-0.4625	0.4388	0.2438	3.3944	4.6624
SMCI	mom|60d>20%	0.2500	3	0.2000	28	2.2246	-0.7392	2.3052	-0.6363	5.1283	-0.7392	0.3639	0.3575	7.7027	1.5224
US100	ma|100	0.0800	10	0.0000	31	0.5918	-0.8812	8.6661	-0.4006	5.1282	-0.8812	-0.1678	1.2041	1.2639	1.8560
TECL	ma|50	0.0000	2	0.3000	45	2.4913	-0.3238	2.0579	-0.4444	5.1269	-0.4444	0.3767	0.3023	0.1537	3.8701
MSTR	mom|5d>5%	0.1500	1	0.2000	98	2.7870	-0.1770	1.8391	-0.2509	5.1254	-0.2509	0.4704	0.2498	1.0116	2.3136
NVDA	mom|20d>10%	0.0800	2	0.3000	54	1.7120	-0.3218	2.9917	-0.3594	5.1219	-0.3594	0.2072	0.4934	3.3944	4.6624
NVDA	mom|20d>5%	0.1500	2	0.2000	39	5.2393	-0.3866	0.9770	-0.3492	5.1190	-0.3866	0.7860	-0.0085	3.3944	4.6624
SOLUSD	brkS|55/5	0.0000	2	0.2000	21	5.3107	-0.3613	0.9636	-0.3327	5.1174	-0.3613	0.7945	-0.0135	7.9407	1.1320
