signal	lev	sl	train_final	train_trades	train_win%	train_mdd%	test_final	test_trades	test_win%	test_mdd%	train_cagr%	test_cagr%
always_long	1	2	79.96	453	27.15	-85.73	1357.50	232	35.34	-58.19	-63.85	195.21
always_long	1	3	191.70	453	37.75	-73.26	837.58	232	40.52	-56.94	-41.27	74.92
always_long	1	4	167.38	453	42.60	-82.61	917.29	232	45.69	-57.37	-45.53	93.03
always_long	1	5	151.27	453	45.47	-84.38	1074.53	232	50.00	-62.46	-48.50	129.14
always_long	1	6	154.81	453	47.90	-84.62	1387.42	232	51.72	-66.84	-47.84	202.27
always_long	1	8	154.64	453	49.23	-86.06	912.03	232	54.31	-68.79	-47.87	91.83
always_long	1	10	401.79	453	50.33	-85.06	992.12	232	56.03	-67.38	-11.43	110.16
always_long	1	15	350.74	453	50.55	-89.60	816.41	232	59.05	-75.62	-17.87	70.13
always_long	1	-	230.44	453	50.77	-92.19	1113.08	232	59.05	-70.99	-34.95	138.06
always_long	2	2	6.62	453	27.15	-98.88	1869.42	232	35.34	-83.63	-90.93	317.59
always_long	2	3	27.56	453	37.75	-96.31	642.82	232	40.52	-82.85	-79.99	31.30
always_long	2	4	17.99	453	42.60	-98.49	685.16	232	45.69	-83.72	-84.21	40.70
always_long	2	5	12.81	453	45.47	-99.13	873.09	232	50.00	-87.45	-86.92	82.97
always_long	2	6	12.04	453	47.90	-99.01	1261.53	232	51.72	-91.72	-87.36	172.66
always_long	2	8	10.17	453	49.23	-99.30	436.99	232	54.31	-93.48	-88.49	-13.58
always_long	2	10	53.94	453	50.33	-99.40	453.85	232	56.03	-93.17	-70.95	-9.96
always_long	2	15	33.88	453	50.55	-99.70	210.48	232	59.05	-97.21	-77.56	-60.85
always_long	2	-	9.03	453	50.77	-99.91	360.64	232	59.05	-96.80	-89.23	-29.82
always_long	3	2	0.29	453	27.15	-99.95	1365.77	232	35.34	-94.12	-98.40	197.16
always_long	3	3	1.51	453	37.75	-99.77	234.94	232	40.52	-93.81	-96.01	-55.90
always_long	3	4	0.62	453	42.60	-99.96	215.89	232	45.69	-95.68	-97.56	-59.76
always_long	3	5	0.30	453	45.47	-99.98	275.56	232	50.00	-96.56	-98.38	-47.57
always_long	3	6	0.23	453	47.90	-99.98	387.34	232	51.72	-98.52	-98.61	-24.17
always_long	3	8	0.13	453	49.23	-99.99	54.31	232	54.31	-99.15	-98.98	-90.98
always_long	3	10	1.11	453	50.33	-99.99	44.48	232	56.03	-99.15	-96.64	-92.74
always_long	3	15	0.35	453	50.55	-100.00	6.00	232	59.05	-99.91	-98.22	-99.17
always_long	3	-	0.01	453	50.77	-100.00	5.85	232	59.05	-99.96	-99.79	-99.19
always_long	4	2	0.01	453	27.15	-100.00	528.67	232	35.34	-98.09	-99.80	6.23
always_long	4	3	0.03	453	37.75	-99.99	40.35	232	40.52	-98.92	-99.56	-93.46
always_long	4	4	0.01	453	42.60	-100.00	28.09	232	45.69	-99.23	-99.81	-95.59
always_long	4	5	0.00	453	45.47	-100.00	32.68	232	50.00	-99.44	-99.91	-94.80
always_long	4	6	0.00	453	47.90	-100.00	38.48	232	51.72	-99.83	-99.94	-93.79
always_long	4	8	0.00	453	49.23	-100.00	1.56	232	54.31	-99.96	-99.97	-99.81
always_long	4	10	0.00	453	50.33	-100.00	0.75	232	56.03	-99.98	-99.88	-99.91
always_long	4	15	0.00	453	50.55	-100.00	0.01	232	59.05	-100.00	-99.97	-100.00
always_long	4	-	0.00	314	49.36	-100.00	0.00	155	60.00	-100.00	-100.00	-100.00
always_long	5	2	0.00	453	27.15	-100.00	101.03	232	35.34	-99.44	-99.98	-82.33
always_long	5	3	0.00	453	37.75	-100.00	2.97	232	40.52	-99.93	-99.98	-99.61
always_long	5	4	0.00	453	42.60	-100.00	1.36	232	45.69	-99.96	-99.99	-99.83
always_long	5	5	0.00	453	45.47	-100.00	1.29	232	50.00	-99.97	-100.00	-99.84
always_long	5	6	0.00	453	47.90	-100.00	1.07	232	51.72	-99.99	-100.00	-99.87
always_long	5	8	0.00	453	49.23	-100.00	0.01	232	54.31	-100.00	-100.00	-100.00
always_long	5	10	0.00	453	50.33	-100.00	0.00	232	56.03	-100.00	-100.00	-100.00
always_long	5	15	0.00	453	50.55	-100.00	0.00	232	59.05	-100.00	-100.00	-100.00
always_long	5	-	0.00	135	51.11	-100.00	0.00	155	60.00	-100.00	-100.00	-100.00
rsi_oversold p=2 th=10	1	2	363.64	112	26.79	-48.87	1034.09	69	46.38	-23.19	-16.20	119.81
rsi_oversold p=2 th=10	1	3	464.59	112	39.29	-50.89	969.42	69	49.28	-24.46	-4.00	104.95
rsi_oversold p=2 th=10	1	4	546.69	112	48.21	-46.75	835.95	69	50.72	-24.58	5.08	74.55
rsi_oversold p=2 th=10	1	5	404.25	112	50.00	-52.84	1019.22	69	56.52	-29.86	-11.13	116.39
rsi_oversold p=2 th=10	1	6	325.48	112	50.00	-55.17	1043.07	69	57.97	-30.97	-21.20	121.88
rsi_oversold p=2 th=10	1	8	268.29	112	50.89	-65.19	1173.23	69	60.87	-29.45	-29.22	152.04
rsi_oversold p=2 th=10	1	10	424.32	112	53.57	-62.50	1255.30	69	63.77	-35.69	-8.71	171.20
rsi_oversold p=2 th=10	1	15	404.91	112	53.57	-64.22	1417.29	69	68.12	-42.93	-11.05	209.33
rsi_oversold p=2 th=10	1	-	430.93	112	54.46	-64.27	1238.03	69	68.12	-49.69	-7.92	167.16
rsi_oversold p=2 th=10	2	2	226.35	112	26.79	-76.31	1781.23	69	46.38	-42.59	-35.59	296.28
rsi_oversold p=2 th=10	2	3	320.62	112	39.29	-77.64	1504.98	69	49.28	-44.66	-21.86	230.12
rsi_oversold p=2 th=10	2	4	433.01	112	48.21	-73.81	1098.95	69	50.72	-43.90	-7.67	134.79
rsi_oversold p=2 th=10	2	5	227.97	112	50.00	-79.84	1596.64	69	56.52	-55.28	-35.34	251.97
rsi_oversold p=2 th=10	2	6	142.49	112	50.00	-84.94	1603.71	69	57.97	-54.85	-50.18	253.66
rsi_oversold p=2 th=10	2	8	91.51	112	50.89	-91.56	1866.22	69	60.87	-51.82	-61.04	316.81
rsi_oversold p=2 th=10	2	10	222.06	112	53.57	-90.33	2033.37	69	63.77	-64.48	-36.27	357.42
rsi_oversold p=2 th=10	2	15	196.74	112	53.57	-91.44	2361.71	69	68.12	-72.09	-40.41	437.99
rsi_oversold p=2 th=10	2	-	196.64	112	54.46	-92.44	1522.50	69	68.12	-82.40	-40.43	234.29
rsi_oversold p=2 th=10	3	2	121.99	112	26.79	-90.01	2604.07	69	46.38	-58.34	-54.30	498.08
rsi_oversold p=2 th=10	3	3	163.42	112	39.29	-90.86	1910.90	69	49.28	-60.79	-46.25	327.64
rsi_oversold p=2 th=10	3	4	246.37	112	48.21	-88.58	1157.82	69	50.72	-60.54	-32.49	148.45
rsi_oversold p=2 th=10	3	5	88.34	112	50.00	-93.33	1957.09	69	56.52	-73.94	-61.79	338.85
rsi_oversold p=2 th=10	3	6	40.99	112	50.00	-96.42	1846.78	69	57.97	-72.30	-75.05	312.11
rsi_oversold p=2 th=10	3	8	19.04	112	50.89	-98.64	2042.93	69	60.87	-68.49	-83.70	359.75
rsi_oversold p=2 th=10	3	10	68.32	112	53.57	-98.38	2120.26	69	63.77	-83.43	-66.87	378.65
rsi_oversold p=2 th=10	3	15	53.51	112	53.57	-98.73	2150.21	69	68.12	-90.50	-71.08	385.98
rsi_oversold p=2 th=10	3	-	25.99	112	54.46	-99.49	433.58	69	68.12	-98.16	-80.63	-14.31
rsi_oversold p=2 th=10	4	2	57.39	112	26.79	-96.15	3268.48	69	46.38	-71.68	-69.93	665.12
rsi_oversold p=2 th=10	4	3	57.96	112	39.29	-97.18	2008.27	69	49.28	-73.23	-69.76	351.31
rsi_oversold p=2 th=10	4	4	94.53	112	48.21	-96.02	986.81	69	50.72	-75.05	-60.33	108.94
rsi_oversold p=2 th=10	4	5	21.90	112	50.00	-98.61	1890.95	69	56.52	-86.11	-82.38	322.80
rsi_oversold p=2 th=10	4	6	7.14	112	50.00	-99.44	1596.62	69	57.97	-85.96	-90.55	251.97
rsi_oversold p=2 th=10	4	8	2.17	112	50.89	-99.87	1524.58	69	60.87	-83.85	-95.12	234.79
rsi_oversold p=2 th=10	4	10	10.91	112	53.57	-99.85	1367.78	69	63.77	-93.69	-88.04	197.63
rsi_oversold p=2 th=10	4	15	6.85	112	53.57	-99.90	874.14	69	68.12	-97.99	-90.76	83.21
rsi_oversold p=2 th=10	4	-	0.00	73	46.58	-100.00	0.00	44	65.91	-100.00	-100.00	-100.00
rsi_oversold p=2 th=10	5	2	23.70	112	26.79	-98.64	3542.52	69	46.38	-82.16	-81.60	734.88
rsi_oversold p=2 th=10	5	3	10.66	112	39.29	-99.58	1755.29	69	49.28	-82.49	-88.19	290.03
rsi_oversold p=2 th=10	5	4	18.14	112	48.21	-99.38	681.52	69	50.72	-85.31	-84.13	39.89
rsi_oversold p=2 th=10	5	5	2.55	112	50.00	-99.86	1438.14	69	56.52	-93.25	-94.66	214.26
rsi_oversold p=2 th=10	5	6	0.54	112	50.00	-99.96	1025.86	69	57.97	-93.78	-97.73	117.91
rsi_oversold p=2 th=10	5	8	0.09	112	50.89	-99.99	749.74	69	60.87	-93.94	-99.15	55.13
rsi_oversold p=2 th=10	5	10	0.61	112	53.57	-99.99	499.61	69	63.77	-98.28	-97.59	-0.09
rsi_oversold p=2 th=10	5	15	0.24	112	53.57	-100.00	92.08	69	68.12	-99.82	-98.56	-84.02
rsi_oversold p=2 th=10	5	-	0.00	73	46.58	-100.00	0.00	44	65.91	-100.00	-100.00	-100.00
rsi_oversold p=2 th=15	1	2	364.47	118	27.12	-47.59	956.68	76	44.74	-27.28	-16.10	102.03
rsi_oversold p=2 th=15	1	3	453.26	118	38.98	-51.81	877.99	76	47.37	-29.22	-5.30	84.08
rsi_oversold p=2 th=15	1	4	517.16	118	47.46	-47.74	801.46	76	50.00	-34.42	1.89	66.76
rsi_oversold p=2 th=15	1	5	370.68	118	49.15	-53.86	947.20	76	55.26	-43.30	-15.31	99.86
rsi_oversold p=2 th=15	1	6	307.90	118	49.15	-56.57	939.31	76	56.58	-41.76	-23.60	98.06
rsi_oversold p=2 th=15	1	8	243.20	118	50.00	-65.64	991.04	76	59.21	-42.13	-32.97	109.91
rsi_oversold p=2 th=15	1	10	405.23	118	52.54	-63.79	1062.70	76	61.84	-50.04	-11.01	126.41
rsi_oversold p=2 th=15	1	15	425.44	118	52.54	-61.98	1209.38	76	67.11	-58.60	-8.57	160.46
rsi_oversold p=2 th=15	1	-	452.78	118	53.39	-62.04	1023.60	76	67.11	-65.28	-5.36	117.39
rsi_oversold p=2 th=15	2	2	225.93	118	27.12	-75.26	1482.33	76	44.74	-49.04	-35.66	224.74
rsi_oversold p=2 th=15	2	3	302.73	118	38.98	-78.47	1198.81	76	47.37	-51.52	-24.31	158.00
rsi_oversold p=2 th=15	2	4	383.44	118	47.46	-74.78	976.80	76	50.00	-61.05	-13.70	106.64
rsi_oversold p=2 th=15	2	5	189.06	118	49.15	-81.33	1329.14	76	55.26	-71.32	-41.72	188.53
rsi_oversold p=2 th=15	2	6	125.82	118	49.15	-85.73	1248.49	76	56.58	-70.44	-53.51	169.61
rsi_oversold p=2 th=15	2	8	73.67	118	50.00	-91.88	1264.70	76	59.21	-70.95	-65.46	173.40
rsi_oversold p=2 th=15	2	10	198.98	118	52.54	-91.14	1379.01	76	61.84	-79.14	-40.04	200.28
rsi_oversold p=2 th=15	2	15	216.12	118	52.54	-90.38	1585.44	76	67.11	-87.43	-37.22	249.29
rsi_oversold p=2 th=15	2	-	216.01	118	53.39	-91.50	943.17	76	67.11	-92.68	-37.24	98.94
rsi_oversold p=2 th=15	3	2	120.51	118	27.12	-89.42	1892.74	76	44.74	-66.66	-54.61	323.24
rsi_oversold p=2 th=15	3	3	148.16	118	38.98	-91.37	1298.14	76	47.37	-67.97	-49.09	181.25
rsi_oversold p=2 th=15	3	4	202.05	118	47.46	-89.22	921.27	76	50.00	-78.96	-39.53	93.94
rsi_oversold p=2 th=15	3	5	65.31	118	49.15	-94.75	1403.86	76	55.26	-87.04	-67.69	206.15
rsi_oversold p=2 th=15	3	6	33.31	118	49.15	-96.91	1189.82	76	56.58	-87.17	-77.77	155.90
rsi_oversold p=2 th=15	3	8	13.30	118	50.00	-98.74	1048.79	76	59.21	-87.46	-86.65	123.20
rsi_oversold p=2 th=15	3	10	56.27	118	52.54	-98.62	1081.22	76	61.84	-92.89	-70.26	130.69
rsi_oversold p=2 th=15	3	15	61.17	118	52.54	-98.50	1016.80	76	67.11	-97.48	-68.84	115.83
rsi_oversold p=2 th=15	3	-	29.71	118	53.39	-99.39	173.74	76	67.11	-99.59	-79.14	-68.20
rsi_oversold p=2 th=15	4	2	55.79	118	27.12	-95.89	2007.42	76	44.74	-81.10	-70.40	351.10
rsi_oversold p=2 th=15	4	3	50.06	118	38.98	-97.21	1124.01	76	47.37	-83.68	-72.13	140.60
rsi_oversold p=2 th=15	4	4	71.02	118	47.46	-96.33	676.18	76	50.00	-89.69	-66.15	38.70
rsi_oversold p=2 th=15	4	5	14.22	118	49.15	-99.07	1119.41	76	55.26	-94.79	-86.14	139.53
rsi_oversold p=2 th=15	4	6	5.25	118	49.15	-99.58	810.46	76	56.58	-95.25	-92.02	68.79
rsi_oversold p=2 th=15	4	8	1.28	118	50.00	-99.88	554.48	76	59.21	-95.62	-96.36	11.86
rsi_oversold p=2 th=15	4	10	8.05	118	52.54	-99.88	485.53	76	61.84	-98.11	-89.90	-3.13
rsi_oversold p=2 th=15	4	15	8.11	118	52.54	-99.88	245.29	76	67.11	-99.73	-89.85	-53.79
rsi_oversold p=2 th=15	4	-	0.00	78	46.15	-100.00	0.00	49	67.35	-100.00	-100.00	-100.00
rsi_oversold p=2 th=15	5	2	22.54	118	27.12	-98.57	1766.62	76	44.74	-90.82	-82.10	292.76
rsi_oversold p=2 th=15	5	3	8.70	118	38.98	-99.59	776.52	76	47.37	-92.93	-89.45	61.14
rsi_oversold p=2 th=15	5	4	12.35	118	47.46	-99.47	384.12	76	50.00	-95.45	-87.19	-24.85
rsi_oversold p=2 th=15	5	5	1.43	118	49.15	-99.92	667.61	76	55.26	-98.16	-96.13	36.80
rsi_oversold p=2 th=15	5	6	0.36	118	49.15	-99.97	386.99	76	56.58	-98.52	-98.21	-24.25
rsi_oversold p=2 th=15	5	8	0.05	118	50.00	-100.00	177.88	76	59.21	-98.96	-99.43	-67.38
rsi_oversold p=2 th=15	5	10	0.39	118	52.54	-100.00	111.70	76	61.84	-99.66	-98.12	-80.30
rsi_oversold p=2 th=15	5	15	0.30	118	52.54	-100.00	11.06	76	67.11	-99.99	-98.39	-98.39
rsi_oversold p=2 th=15	5	-	0.00	78	46.15	-100.00	0.00	49	67.35	-100.00	-100.00	-100.00
rsi_oversold p=2 th=20	1	2	343.77	125	27.20	-48.68	901.94	80	43.75	-28.13	-18.78	89.53
rsi_oversold p=2 th=20	1	3	431.90	125	39.20	-51.81	802.86	80	46.25	-29.22	-7.81	67.07
rsi_oversold p=2 th=20	1	4	477.82	125	47.20	-47.74	710.62	80	48.75	-39.81	-2.49	46.37
rsi_oversold p=2 th=20	1	5	335.65	125	48.80	-53.72	814.07	80	53.75	-49.02	-19.85	69.60
rsi_oversold p=2 th=20	1	6	275.89	125	48.80	-59.46	1035.77	80	56.25	-45.35	-28.11	120.19
rsi_oversold p=2 th=20	1	8	219.20	125	49.60	-69.14	1047.17	80	58.75	-36.04	-36.73	122.82
rsi_oversold p=2 th=20	1	10	357.37	125	52.00	-68.18	1075.00	80	61.25	-41.45	-17.01	129.25
rsi_oversold p=2 th=20	1	15	354.53	125	52.00	-68.43	1295.07	80	67.50	-50.40	-17.37	180.52
rsi_oversold p=2 th=20	1	-	372.01	125	52.80	-68.92	1083.19	80	67.50	-58.89	-15.14	131.14
rsi_oversold p=2 th=20	2	2	200.43	125	27.20	-76.32	1315.41	80	43.75	-51.29	-39.80	185.30
rsi_oversold p=2 th=20	2	3	273.67	125	39.20	-78.47	999.06	80	46.25	-53.97	-28.43	111.75
rsi_oversold p=2 th=20	2	4	325.09	125	47.20	-74.78	763.46	80	48.75	-67.31	-21.26	58.21
rsi_oversold p=2 th=20	2	5	153.41	125	48.80	-83.96	972.93	80	53.75	-76.96	-48.10	105.75
rsi_oversold p=2 th=20	2	6	99.84	125	48.80	-88.58	1447.59	80	56.25	-72.31	-59.11	216.50
rsi_oversold p=2 th=20	2	8	59.15	125	49.60	-93.53	1336.88	80	58.75	-62.53	-69.42	190.35
rsi_oversold p=2 th=20	2	10	152.21	125	52.00	-93.27	1323.03	80	61.25	-69.03	-48.32	187.10
rsi_oversold p=2 th=20	2	15	144.79	125	52.00	-93.60	1693.52	80	67.50	-83.49	-49.74	275.17
rsi_oversold p=2 th=20	2	-	139.78	125	52.80	-94.54	978.55	80	67.50	-90.67	-50.71	107.04
rsi_oversold p=2 th=20	3	2	100.27	125	27.20	-90.12	1578.29	80	43.75	-70.08	-59.01	247.59
rsi_oversold p=2 th=20	3	3	126.50	125	39.20	-91.37	982.41	80	46.25	-73.66	-53.37	107.93
rsi_oversold p=2 th=20	3	4	156.05	125	47.20	-89.22	630.71	80	48.75	-83.92	-47.60	28.62
rsi_oversold p=2 th=20	3	5	46.94	125	48.80	-96.18	866.42	80	53.75	-90.76	-73.10	81.46
rsi_oversold p=2 th=20	3	6	23.09	125	48.80	-97.83	1397.91	80	56.25	-87.06	-81.86	204.75
rsi_oversold p=2 th=20	3	8	9.38	125	49.60	-99.12	1059.10	80	58.75	-82.15	-89.00	125.57
rsi_oversold p=2 th=20	3	10	36.58	125	52.00	-99.11	926.87	80	61.25	-89.39	-76.58	95.22
rsi_oversold p=2 th=20	3	15	31.29	125	52.00	-99.24	1005.22	80	67.50	-96.68	-78.53	113.16
rsi_oversold p=2 th=20	3	-	14.20	125	52.80	-99.71	162.33	80	67.50	-99.49	-86.15	-70.46
rsi_oversold p=2 th=20	4	2	43.41	125	27.20	-96.40	1570.19	80	43.75	-84.30	-74.25	245.66
rsi_oversold p=2 th=20	4	3	40.18	125	39.20	-97.68	769.50	80	46.25	-87.60	-75.33	59.56
rsi_oversold p=2 th=20	4	4	49.57	125	47.20	-97.22	402.65	80	48.75	-92.86	-72.28	-20.92
rsi_oversold p=2 th=20	4	5	8.93	125	48.80	-99.41	575.89	80	53.75	-96.73	-89.29	16.55
rsi_oversold p=2 th=20	4	6	3.13	125	48.80	-99.74	934.97	80	56.25	-94.49	-94.01	97.07
rsi_oversold p=2 th=20	4	8	0.78	125	49.60	-99.93	512.18	80	58.75	-94.19	-97.23	2.64
rsi_oversold p=2 th=20	4	10	4.33	125	52.00	-99.94	349.26	80	61.25	-97.51	-92.83	-32.22
rsi_oversold p=2 th=20	4	15	2.91	125	52.00	-99.96	203.28	80	67.50	-99.72	-94.25	-62.30
rsi_oversold p=2 th=20	4	-	0.00	82	45.12	-100.00	0.00	51	68.63	-100.00	-100.00	-100.00
rsi_oversold p=2 th=20	5	2	16.35	125	27.20	-98.83	1293.83	80	43.75	-92.74	-85.02	180.23
rsi_oversold p=2 th=20	5	3	6.53	125	39.20	-99.68	478.92	80	46.25	-95.02	-91.00	-4.56
rsi_oversold p=2 th=20	5	4	7.72	125	47.20	-99.63	197.44	80	48.75	-97.16	-90.12	-63.47
rsi_oversold p=2 th=20	5	5	0.77	125	48.80	-99.96	282.62	80	53.75	-98.99	-97.25	-46.12
rsi_oversold p=2 th=20	5	6	0.18	125	48.80	-99.99	425.91	80	56.25	-97.89	-98.77	-15.96
rsi_oversold p=2 th=20	5	8	0.02	125	49.60	-100.00	143.71	80	58.75	-98.64	-99.61	-74.11
rsi_oversold p=2 th=20	5	10	0.17	125	52.00	-100.00	62.59	80	61.25	-99.63	-98.82	-89.48
rsi_oversold p=2 th=20	5	15	0.06	125	52.00	-100.00	6.47	80	67.50	-100.00	-99.31	-99.10
rsi_oversold p=2 th=20	5	-	0.00	82	45.12	-100.00	0.00	51	68.63	-100.00	-100.00	-100.00
rsi_oversold p=2 th=25	1	2	321.78	132	27.27	-50.72	889.70	85	42.35	-29.75	-21.70	86.75
rsi_oversold p=2 th=25	1	3	416.24	132	39.39	-51.81	760.37	85	44.71	-29.22	-9.68	57.51
rsi_oversold p=2 th=25	1	4	447.36	132	46.97	-47.74	647.31	85	47.06	-39.81	-5.99	32.29
rsi_oversold p=2 th=25	1	5	320.14	132	48.48	-55.96	718.79	85	51.76	-49.02	-21.92	48.20
rsi_oversold p=2 th=25	1	6	257.68	132	48.48	-61.91	949.15	85	54.12	-45.35	-30.79	100.31
rsi_oversold p=2 th=25	1	8	201.70	132	49.24	-69.73	939.35	85	56.47	-36.04	-39.58	98.07
rsi_oversold p=2 th=25	1	10	321.76	132	51.52	-69.46	943.53	85	58.82	-41.45	-21.71	99.02
rsi_oversold p=2 th=25	1	15	312.39	132	51.52	-70.35	1124.70	85	64.71	-50.40	-22.98	140.76
rsi_oversold p=2 th=25	1	-	327.79	132	52.27	-70.81	940.70	85	64.71	-58.89	-20.89	98.38
rsi_oversold p=2 th=25	2	2	174.97	132	27.27	-78.73	1270.41	85	42.35	-53.49	-44.17	174.74
rsi_oversold p=2 th=25	2	3	252.91	132	39.39	-78.47	887.35	85	44.71	-55.07	-31.50	86.21
rsi_oversold p=2 th=25	2	4	282.87	132	46.97	-74.88	625.33	85	47.06	-67.31	-27.11	27.43
rsi_oversold p=2 th=25	2	5	138.50	132	48.48	-85.34	746.33	85	51.76	-76.96	-50.96	54.36
rsi_oversold p=2 th=25	2	6	86.20	132	48.48	-90.03	1199.48	85	54.12	-72.31	-62.31	158.15
rsi_oversold p=2 th=25	2	8	49.43	132	49.24	-93.83	1057.69	85	56.47	-62.53	-72.32	125.25
rsi_oversold p=2 th=25	2	10	121.19	132	51.52	-93.89	997.21	85	58.82	-69.03	-54.47	111.32
rsi_oversold p=2 th=25	2	15	109.74	132	51.52	-94.46	1246.15	85	64.71	-83.49	-56.91	169.06
rsi_oversold p=2 th=25	2	-	105.94	132	52.27	-95.28	720.05	85	64.71	-90.67	-57.74	48.48
rsi_oversold p=2 th=25	3	2	81.33	132	27.27	-91.91	1482.17	85	42.35	-72.11	-63.51	224.71
rsi_oversold p=2 th=25	3	3	111.52	132	39.39	-91.37	810.63	85	44.71	-76.23	-56.52	68.83
rsi_oversold p=2 th=25	3	4	125.21	132	46.97	-89.74	458.55	85	47.06	-83.92	-53.63	-8.95
rsi_oversold p=2 th=25	3	5	39.78	132	48.48	-96.70	567.85	85	51.76	-90.76	-75.46	14.79
rsi_oversold p=2 th=25	3	6	18.22	132	48.48	-98.26	1033.27	85	54.12	-87.06	-84.10	119.62
rsi_oversold p=2 th=25	3	8	7.01	132	49.24	-99.19	725.76	85	56.47	-82.15	-90.64	49.76
rsi_oversold p=2 th=25	3	10	25.20	132	51.52	-99.25	585.21	85	58.82	-89.39	-80.96	18.60
rsi_oversold p=2 th=25	3	15	19.77	132	51.52	-99.41	608.78	85	64.71	-96.68	-83.36	23.78
rsi_oversold p=2 th=25	3	-	8.97	132	52.27	-99.78	98.31	85	64.71	-99.49	-89.26	-82.84
rsi_oversold p=2 th=25	4	2	32.59	132	27.27	-97.27	1424.67	85	42.35	-85.72	-78.04	211.08
rsi_oversold p=2 th=25	4	3	33.60	132	39.39	-97.51	584.47	85	44.71	-89.21	-77.66	18.43
rsi_oversold p=2 th=25	4	4	36.37	132	46.97	-97.35	256.46	85	47.06	-92.86	-76.66	-51.50
rsi_oversold p=2 th=25	4	5	7.04	132	48.48	-99.52	316.86	85	51.76	-96.73	-90.62	-39.01
rsi_oversold p=2 th=25	4	6	2.23	132	48.48	-99.81	607.88	85	54.12	-94.49	-95.04	23.58
rsi_oversold p=2 th=25	4	8	0.51	132	49.24	-99.94	297.98	85	56.47	-94.19	-97.81	-42.93
rsi_oversold p=2 th=25	4	10	2.51	132	51.52	-99.95	179.31	85	58.82	-97.51	-94.70	-67.09
rsi_oversold p=2 th=25	4	15	1.47	132	51.52	-99.97	97.72	85	64.71	-99.72	-96.06	-82.96
rsi_oversold p=2 th=25	4	-	0.00	86	46.51	-100.00	0.00	56	64.29	-100.00	-100.00	-100.00
rsi_oversold p=2 th=25	5	2	11.31	132	27.27	-99.18	1127.39	85	42.35	-93.56	-87.79	141.38
rsi_oversold p=2 th=25	5	3	5.15	132	39.39	-99.67	331.82	85	44.71	-95.83	-92.11	-35.88
rsi_oversold p=2 th=25	5	4	5.13	132	46.97	-99.68	108.68	85	47.06	-97.37	-92.13	-80.87
rsi_oversold p=2 th=25	5	5	0.56	132	48.48	-99.97	128.10	85	51.76	-99.00	-97.70	-77.14
rsi_oversold p=2 th=25	5	6	0.11	132	48.48	-99.99	239.97	85	54.12	-97.89	-99.05	-54.87
rsi_oversold p=2 th=25	5	8	0.01	132	49.24	-100.00	69.37	85	56.47	-98.81	-99.71	-88.24
rsi_oversold p=2 th=25	5	10	0.08	132	51.52	-100.00	25.16	85	58.82	-99.63	-99.23	-96.08
rsi_oversold p=2 th=25	5	15	0.02	132	51.52	-100.00	2.35	85	64.71	-100.00	-99.60	-99.70
rsi_oversold p=2 th=25	5	-	0.00	86	46.51	-100.00	0.00	56	64.29	-100.00	-100.00	-100.00
rsi_oversold p=2 th=30	1	2	311.39	144	27.78	-52.31	822.45	88	40.91	-33.59	-23.12	71.50
rsi_oversold p=2 th=30	1	3	418.82	144	39.58	-48.30	688.74	88	43.18	-34.07	-9.37	41.50
rsi_oversold p=2 th=30	1	4	464.77	144	47.22	-45.17	656.02	88	47.73	-42.33	-3.97	34.23
rsi_oversold p=2 th=30	1	5	323.83	144	48.61	-52.75	720.93	88	52.27	-51.67	-21.43	48.68
rsi_oversold p=2 th=30	1	6	254.51	144	48.61	-59.81	942.04	88	54.55	-48.73	-31.26	98.68
rsi_oversold p=2 th=30	1	8	210.00	144	49.31	-67.36	912.64	88	56.82	-41.26	-38.22	91.97
rsi_oversold p=2 th=30	1	10	330.60	144	51.39	-67.83	896.94	88	59.09	-47.38	-20.52	88.39
rsi_oversold p=2 th=30	1	15	320.98	144	51.39	-68.77	1010.28	88	64.77	-57.88	-21.81	114.33
rsi_oversold p=2 th=30	1	-	336.80	144	52.08	-69.26	929.92	88	64.77	-61.58	-19.69	95.91
rsi_oversold p=2 th=30	2	2	161.96	144	27.78	-80.31	1083.20	88	40.91	-58.82	-46.51	131.14
rsi_oversold p=2 th=30	2	3	251.66	144	39.58	-75.31	725.57	88	43.18	-63.26	-31.69	49.71
rsi_oversold p=2 th=30	2	4	298.44	144	47.22	-71.86	639.53	88	47.73	-70.05	-24.91	30.57
rsi_oversold p=2 th=30	2	5	138.08	144	48.61	-83.36	746.78	88	52.27	-79.35	-51.05	54.46
rsi_oversold p=2 th=30	2	6	81.67	144	48.61	-89.29	1173.69	88	54.55	-75.73	-63.42	152.14
rsi_oversold p=2 th=30	2	8	52.23	144	49.31	-93.00	988.19	88	56.82	-68.64	-71.46	109.25
rsi_oversold p=2 th=30	2	10	124.37	144	51.39	-93.40	887.60	88	59.09	-75.30	-53.81	86.27
rsi_oversold p=2 th=30	2	15	112.62	144	51.39	-94.03	971.45	88	64.77	-88.47	-56.28	105.42
rsi_oversold p=2 th=30	2	-	108.71	144	52.08	-94.90	698.53	88	64.77	-91.89	-57.13	43.68
rsi_oversold p=2 th=30	3	2	71.22	144	27.78	-92.91	1162.92	88	40.91	-78.12	-66.10	149.64
rsi_oversold p=2 th=30	3	3	107.93	144	39.58	-89.45	596.20	88	43.18	-82.52	-57.30	21.01
rsi_oversold p=2 th=30	3	4	131.19	144	47.22	-87.67	471.24	88	47.73	-85.95	-52.42	-6.22
rsi_oversold p=2 th=30	3	5	38.08	144	48.61	-96.17	563.73	88	52.27	-92.19	-76.05	13.88
rsi_oversold p=2 th=30	3	6	16.07	144	48.61	-98.17	989.70	88	54.55	-89.46	-85.17	109.60
rsi_oversold p=2 th=30	3	8	7.33	144	49.31	-99.07	644.48	88	56.82	-86.51	-90.41	31.67
rsi_oversold p=2 th=30	3	10	25.07	144	51.39	-99.19	478.80	88	59.09	-92.62	-81.01	-4.59
rsi_oversold p=2 th=30	3	15	19.67	144	51.39	-99.37	391.81	88	64.77	-98.18	-83.41	-23.22
rsi_oversold p=2 th=30	3	-	8.93	144	52.08	-99.76	92.86	88	64.77	-99.59	-89.30	-83.87
rsi_oversold p=2 th=30	4	2	26.71	144	27.78	-97.76	1026.06	88	40.91	-89.72	-80.33	117.96
rsi_oversold p=2 th=30	4	3	31.12	144	39.58	-97.24	385.16	88	43.18	-92.89	-78.59	-24.64
rsi_oversold p=2 th=30	4	4	37.01	144	47.22	-96.85	263.70	88	47.73	-94.06	-76.43	-50.01
rsi_oversold p=2 th=30	4	5	6.30	144	48.61	-99.45	310.30	88	52.27	-97.41	-91.18	-40.37
rsi_oversold p=2 th=30	4	6	1.77	144	48.61	-99.82	565.56	88	54.55	-95.85	-95.63	14.29
rsi_oversold p=2 th=30	4	8	0.51	144	49.31	-99.94	248.07	88	56.82	-96.09	-97.80	-53.22
rsi_oversold p=2 th=30	4	10	2.34	144	51.39	-99.95	131.73	88	59.09	-98.52	-94.90	-76.44
rsi_oversold p=2 th=30	4	15	1.37	144	51.39	-99.97	47.89	88	64.77	-99.89	-96.21	-92.13
rsi_oversold p=2 th=30	4	-	0.00	95	47.37	-100.00	0.00	58	65.52	-100.00	-100.00	-100.00
rsi_oversold p=2 th=30	5	2	8.59	144	27.78	-99.38	743.33	88	40.91	-95.76	-89.52	53.69
rsi_oversold p=2 th=30	5	3	4.50	144	39.58	-99.64	195.10	88	43.18	-97.55	-92.69	-63.94
rsi_oversold p=2 th=30	5	4	4.96	144	47.22	-99.64	111.32	88	47.73	-97.75	-92.27	-80.37
rsi_oversold p=2 th=30	5	5	0.46	144	48.61	-99.96	123.00	88	52.27	-99.25	-97.95	-78.13
rsi_oversold p=2 th=30	5	6	0.08	144	48.61	-99.99	215.01	88	54.55	-98.54	-99.22	-59.94
rsi_oversold p=2 th=30	5	8	0.01	144	49.31	-100.00	53.26	88	56.82	-99.18	-99.72	-91.17
rsi_oversold p=2 th=30	5	10	0.07	144	51.39	-100.00	16.09	88	59.09	-99.82	-99.30	-97.59
rsi_oversold p=2 th=30	5	15	0.02	144	51.39	-100.00	0.75	88	64.77	-100.00	-99.64	-99.91
rsi_oversold p=2 th=30	5	-	0.00	95	47.37	-100.00	0.00	58	65.52	-100.00	-100.00	-100.00
rsi_oversold p=2 th=35	1	2	291.06	159	28.30	-55.42	893.26	92	41.30	-35.09	-25.94	87.56
rsi_oversold p=2 th=35	1	3	422.58	159	40.88	-49.57	732.96	92	43.48	-38.25	-8.92	51.37
rsi_oversold p=2 th=35	1	4	496.04	159	48.43	-47.47	761.67	92	48.91	-41.08	-0.44	57.80
rsi_oversold p=2 th=35	1	5	331.55	159	49.69	-55.25	828.38	92	53.26	-51.13	-20.39	72.84
rsi_oversold p=2 th=35	1	6	249.86	159	49.69	-61.13	1071.14	92	55.43	-45.30	-31.96	128.36
rsi_oversold p=2 th=35	1	8	199.14	159	50.31	-68.25	1117.22	92	58.70	-37.33	-40.01	139.02
rsi_oversold p=2 th=35	1	10	327.02	159	52.20	-69.39	1097.99	92	60.87	-43.86	-21.00	134.57
rsi_oversold p=2 th=35	1	15	300.01	159	52.20	-71.91	1236.74	92	66.30	-54.62	-24.69	166.86
rsi_oversold p=2 th=35	1	-	283.61	159	52.83	-75.09	1138.36	92	66.30	-58.61	-27.00	143.93
rsi_oversold p=2 th=35	2	2	139.67	159	28.30	-83.02	1266.49	92	41.30	-62.42	-50.73	173.82
rsi_oversold p=2 th=35	2	3	252.43	159	40.88	-77.23	813.54	92	43.48	-67.85	-31.57	69.48
rsi_oversold p=2 th=35	2	4	333.97	159	48.43	-74.22	850.36	92	48.91	-68.92	-20.07	77.81
rsi_oversold p=2 th=35	2	5	141.58	159	49.69	-83.18	971.47	92	53.26	-79.03	-50.36	105.42
rsi_oversold p=2 th=35	2	6	76.58	159	49.69	-90.27	1493.07	92	55.43	-72.48	-64.71	227.29
rsi_oversold p=2 th=35	2	8	45.39	159	50.31	-93.66	1463.43	92	58.70	-64.45	-73.60	220.26
rsi_oversold p=2 th=35	2	10	117.91	159	52.20	-94.20	1314.46	92	60.87	-71.46	-55.15	185.08
rsi_oversold p=2 th=35	2	15	93.51	159	52.20	-95.40	1438.64	92	66.30	-86.68	-60.57	214.38
rsi_oversold p=2 th=35	2	-	68.52	159	52.83	-97.02	1034.46	92	66.30	-90.63	-66.82	119.89
rsi_oversold p=2 th=35	3	2	55.94	159	28.30	-94.43	1452.08	92	41.30	-80.96	-70.35	217.57
rsi_oversold p=2 th=35	3	3	106.05	159	40.88	-91.07	697.80	92	43.48	-85.74	-57.72	43.51
rsi_oversold p=2 th=35	3	4	151.23	159	48.43	-89.29	708.63	92	48.91	-85.27	-48.51	45.93
rsi_oversold p=2 th=35	3	5	38.22	159	49.69	-96.27	818.87	92	53.26	-92.10	-76.00	70.69
rsi_oversold p=2 th=35	3	6	13.98	159	49.69	-98.48	1386.99	92	55.43	-87.34	-86.27	202.17
rsi_oversold p=2 th=35	3	8	5.62	159	50.31	-99.32	1142.55	92	58.70	-83.34	-91.72	144.90
rsi_oversold p=2 th=35	3	10	21.98	159	52.20	-99.37	848.83	92	60.87	-90.88	-82.35	77.47
rsi_oversold p=2 th=35	3	15	13.57	159	52.20	-99.61	694.61	92	66.30	-97.76	-86.50	42.80
rsi_oversold p=2 th=35	3	-	3.32	159	52.83	-99.92	164.63	92	66.30	-99.49	-93.82	-70.00
rsi_oversold p=2 th=35	4	2	18.87	159	28.30	-98.42	1358.29	92	41.30	-91.47	-83.78	195.40
rsi_oversold p=2 th=35	4	3	29.52	159	40.88	-97.22	466.49	92	43.48	-94.61	-79.21	-7.24
rsi_oversold p=2 th=35	4	4	43.17	159	48.43	-96.70	443.29	92	48.91	-93.74	-74.33	-12.23
rsi_oversold p=2 th=35	4	5	6.04	159	49.69	-99.50	496.75	92	53.26	-97.40	-91.38	-0.70
rsi_oversold p=2 th=35	4	6	1.39	159	49.69	-99.87	860.06	92	55.43	-94.95	-96.19	80.01
rsi_oversold p=2 th=35	4	8	0.33	159	50.31	-99.97	521.59	92	58.70	-94.85	-98.27	4.69
rsi_oversold p=2 th=35	4	10	1.82	159	52.20	-99.97	276.97	92	60.87	-98.05	-95.57	-47.28
rsi_oversold p=2 th=35	4	15	0.71	159	52.20	-99.99	100.68	92	66.30	-99.85	-97.37	-82.39
rsi_oversold p=2 th=35	4	-	0.00	106	49.06	-100.00	0.00	61	67.21	-100.00	-100.00	-100.00
rsi_oversold p=2 th=35	5	2	5.39	159	28.30	-99.61	1036.28	92	41.30	-96.65	-91.91	120.31
rsi_oversold p=2 th=35	5	3	4.06	159	40.88	-99.64	242.52	92	43.48	-98.27	-93.09	-54.35
rsi_oversold p=2 th=35	5	4	5.75	159	48.43	-99.61	206.93	92	48.91	-97.64	-91.62	-61.56
rsi_oversold p=2 th=35	5	5	0.41	159	49.69	-99.97	214.28	92	53.26	-99.26	-98.07	-60.08
rsi_oversold p=2 th=35	5	6	0.05	159	49.69	-100.00	349.46	92	55.43	-98.57	-99.37	-32.17
rsi_oversold p=2 th=35	5	8	0.01	159	50.31	-100.00	131.70	92	58.70	-98.86	-99.81	-76.45
rsi_oversold p=2 th=35	5	10	0.04	159	52.20	-100.00	39.79	92	60.87	-99.75	-99.44	-93.56
rsi_oversold p=2 th=35	5	15	0.01	159	52.20	-100.00	1.85	92	66.30	-100.00	-99.80	-99.77
rsi_oversold p=2 th=35	5	-	0.00	106	49.06	-100.00	0.00	61	67.21	-100.00	-100.00	-100.00
rsi_oversold p=3 th=10	1	2	443.22	59	25.42	-31.47	595.49	39	46.15	-24.60	-6.47	20.86
rsi_oversold p=3 th=10	1	3	380.19	59	33.90	-47.60	535.89	39	48.72	-29.59	-14.11	7.80
rsi_oversold p=3 th=10	1	4	431.46	59	44.07	-41.14	547.94	39	53.85	-33.80	-7.86	10.43
rsi_oversold p=3 th=10	1	5	377.39	59	45.76	-44.28	683.22	39	61.54	-37.80	-14.46	40.27
rsi_oversold p=3 th=10	1	6	354.05	59	45.76	-42.17	639.18	39	61.54	-43.03	-17.44	30.50
rsi_oversold p=3 th=10	1	8	340.85	59	47.46	-46.66	542.37	39	61.54	-48.46	-19.16	9.22
rsi_oversold p=3 th=10	1	10	425.54	59	49.15	-47.69	510.78	39	64.10	-49.56	-8.56	2.34
rsi_oversold p=3 th=10	1	15	413.28	59	49.15	-49.19	520.08	39	66.67	-49.49	-10.03	4.36
rsi_oversold p=3 th=10	1	-	531.66	59	50.85	-38.21	426.74	39	66.67	-58.88	3.47	-15.78
rsi_oversold p=3 th=10	2	2	358.65	59	25.42	-55.26	663.74	39	46.15	-44.19	-16.84	35.94
rsi_oversold p=3 th=10	2	3	239.75	59	33.90	-74.54	531.23	39	48.72	-51.68	-33.50	6.79
rsi_oversold p=3 th=10	2	4	304.29	59	44.07	-67.96	548.40	39	53.85	-57.50	-24.09	10.53
rsi_oversold p=3 th=10	2	5	228.63	59	45.76	-71.54	841.05	39	61.54	-62.72	-35.23	75.71
rsi_oversold p=3 th=10	2	6	198.21	59	45.76	-72.02	726.31	39	61.54	-69.11	-40.17	49.88
rsi_oversold p=3 th=10	2	8	179.44	59	47.46	-76.86	508.67	39	61.54	-75.15	-43.38	1.88
rsi_oversold p=3 th=10	2	10	275.51	59	49.15	-77.79	439.67	39	64.10	-76.58	-28.17	-13.01
rsi_oversold p=3 th=10	2	15	256.22	59	49.15	-79.35	423.08	39	66.67	-78.03	-31.00	-16.56
rsi_oversold p=3 th=10	2	-	441.59	59	50.85	-68.02	237.98	39	66.67	-87.88	-6.66	-55.28
rsi_oversold p=3 th=10	3	2	267.47	59	25.42	-72.29	692.62	39	46.15	-59.60	-29.34	42.36
rsi_oversold p=3 th=10	3	3	123.56	59	33.90	-88.89	486.50	39	48.72	-67.91	-53.97	-2.92
rsi_oversold p=3 th=10	3	4	172.59	59	44.07	-84.38	500.28	39	53.85	-73.68	-44.59	0.06
rsi_oversold p=3 th=10	3	5	109.04	59	45.76	-87.33	931.26	39	61.54	-78.61	-57.06	96.22
rsi_oversold p=3 th=10	3	6	85.73	59	45.76	-89.30	729.99	39	61.54	-84.21	-62.43	50.70
rsi_oversold p=3 th=10	3	8	70.73	59	47.46	-92.10	407.28	39	61.54	-88.94	-66.23	-19.93
rsi_oversold p=3 th=10	3	10	131.53	59	49.15	-92.64	311.34	39	64.10	-90.20	-52.35	-40.16
rsi_oversold p=3 th=10	3	15	114.27	59	49.15	-93.60	249.75	39	66.67	-92.28	-55.93	-52.87
rsi_oversold p=3 th=10	3	-	282.73	59	50.85	-86.42	40.35	39	66.67	-98.80	-27.13	-93.46
rsi_oversold p=3 th=10	4	2	185.13	59	25.42	-83.61	675.24	39	46.15	-71.54	-42.39	38.49
rsi_oversold p=3 th=10	4	3	48.76	59	33.90	-95.96	410.00	39	48.72	-79.70	-72.53	-19.35
rsi_oversold p=3 th=10	4	4	73.62	59	44.07	-93.68	413.91	39	53.85	-84.39	-65.47	-18.52
rsi_oversold p=3 th=10	4	5	38.13	59	45.76	-96.08	922.69	39	61.54	-88.35	-76.04	94.26
rsi_oversold p=3 th=10	4	6	26.55	59	45.76	-96.97	642.65	39	61.54	-92.48	-80.40	31.26
rsi_oversold p=3 th=10	4	8	19.13	59	47.46	-98.06	272.71	39	61.54	-95.55	-83.66	-48.16
rsi_oversold p=3 th=10	4	10	42.25	59	49.15	-98.27	174.42	39	64.10	-96.42	-74.63	-68.06
rsi_oversold p=3 th=10	4	15	32.66	59	49.15	-98.66	91.63	39	66.67	-98.07	-78.01	-84.10
rsi_oversold p=3 th=10	4	-	133.24	59	50.85	-95.50	0.00	25	68.00	-100.00	-52.01	-100.00
rsi_oversold p=3 th=10	5	2	119.54	59	25.42	-90.72	611.61	39	46.15	-80.80	-54.81	24.41
rsi_oversold p=3 th=10	5	3	10.95	59	33.90	-99.12	315.50	39	48.72	-87.81	-88.01	-39.29
rsi_oversold p=3 th=10	5	4	17.51	59	44.07	-98.50	307.72	39	53.85	-91.23	-84.44	-40.91
rsi_oversold p=3 th=10	5	5	7.21	59	45.76	-99.33	809.91	39	61.54	-94.05	-90.49	68.67
rsi_oversold p=3 th=10	5	6	4.31	59	45.76	-99.54	487.51	39	61.54	-96.73	-92.85	-2.70
rsi_oversold p=3 th=10	5	8	2.56	59	47.46	-99.75	147.84	39	61.54	-98.42	-94.65	-73.30
rsi_oversold p=3 th=10	5	10	6.50	59	49.15	-99.79	72.48	39	64.10	-98.92	-91.02	-87.67
rsi_oversold p=3 th=10	5	15	3.99	59	49.15	-99.87	14.15	39	66.67	-99.75	-93.16	-97.90
rsi_oversold p=3 th=10	5	-	40.75	59	50.85	-98.98	0.00	25	68.00	-100.00	-75.14	-100.00
rsi_oversold p=3 th=15	1	2	406.45	71	23.94	-34.45	860.97	53	47.17	-24.66	-10.86	80.22
rsi_oversold p=3 th=15	1	3	396.32	71	35.21	-48.99	740.62	53	49.06	-31.06	-12.10	53.08
rsi_oversold p=3 th=15	1	4	450.40	71	43.66	-43.75	713.51	53	52.83	-37.89	-5.63	47.02
rsi_oversold p=3 th=15	1	5	381.86	71	45.07	-49.97	844.65	53	58.49	-44.59	-13.90	76.52
rsi_oversold p=3 th=15	1	6	362.29	71	45.07	-48.38	920.60	53	60.38	-40.88	-16.37	93.79
rsi_oversold p=3 th=15	1	8	334.22	71	46.48	-45.45	1010.86	53	62.26	-42.42	-20.04	114.46
rsi_oversold p=3 th=15	1	10	538.63	71	49.30	-39.93	891.73	53	64.15	-51.52	4.22	87.21
rsi_oversold p=3 th=15	1	15	523.10	71	49.30	-42.53	795.02	53	66.04	-57.49	2.54	65.31
rsi_oversold p=3 th=15	1	-	672.95	71	50.70	-30.64	689.35	53	66.04	-63.43	17.93	41.63
rsi_oversold p=3 th=15	2	2	298.24	71	23.94	-60.19	1304.35	53	47.17	-44.78	-24.93	182.70
rsi_oversold p=3 th=15	2	3	256.85	71	35.21	-76.28	951.34	53	49.06	-54.35	-30.91	100.81
rsi_oversold p=3 th=15	2	4	326.48	71	43.66	-71.49	867.76	53	52.83	-63.92	-21.07	81.76
rsi_oversold p=3 th=15	2	5	229.73	71	45.07	-77.79	1193.08	53	58.49	-71.63	-35.06	156.66
rsi_oversold p=3 th=15	2	6	203.66	71	45.07	-76.46	1370.27	53	60.38	-68.74	-39.26	198.22
rsi_oversold p=3 th=15	2	8	168.09	71	46.48	-76.64	1540.85	53	62.26	-70.00	-45.40	238.66
rsi_oversold p=3 th=15	2	10	433.17	71	49.30	-70.92	1151.58	53	64.15	-79.54	-7.66	147.00
rsi_oversold p=3 th=15	2	15	402.85	71	49.30	-72.96	812.96	53	66.04	-85.92	-11.30	69.35
rsi_oversold p=3 th=15	2	-	694.29	71	50.70	-58.82	513.51	53	66.04	-91.28	19.99	2.93
rsi_oversold p=3 th=15	3	2	199.53	71	23.94	-77.46	1755.07	53	47.17	-60.78	-39.95	289.98
rsi_oversold p=3 th=15	3	3	134.20	71	35.21	-90.24	1067.96	53	49.06	-71.76	-51.81	127.62
rsi_oversold p=3 th=15	3	4	187.45	71	43.66	-87.37	905.11	53	52.83	-80.45	-41.99	90.25
rsi_oversold p=3 th=15	3	5	106.76	71	45.07	-91.54	1417.35	53	58.49	-86.63	-57.56	209.34
rsi_oversold p=3 th=15	3	6	86.75	71	45.07	-90.84	1658.07	53	60.38	-85.27	-62.18	266.67
rsi_oversold p=3 th=15	3	8	61.52	71	46.48	-92.42	1785.42	53	62.26	-86.03	-68.75	297.29
rsi_oversold p=3 th=15	3	10	252.65	71	49.30	-89.07	1067.49	53	64.15	-92.69	-31.54	127.51
rsi_oversold p=3 th=15	3	15	219.49	71	49.30	-90.50	490.17	53	66.04	-96.70	-36.68	-2.13
rsi_oversold p=3 th=15	3	-	543.07	71	50.70	-80.38	94.28	53	66.04	-99.39	4.69	-83.60
rsi_oversold p=3 th=15	4	2	122.61	71	23.94	-88.04	2106.35	53	47.17	-73.65	-54.17	375.24
rsi_oversold p=3 th=15	4	3	52.98	71	35.21	-96.71	1049.98	53	49.06	-83.60	-71.24	123.47
rsi_oversold p=3 th=15	4	4	79.72	71	43.66	-95.48	809.94	53	52.83	-90.17	-63.91	68.67
rsi_oversold p=3 th=15	4	5	35.67	71	45.07	-97.45	1414.81	53	58.49	-94.25	-76.91	208.74
rsi_oversold p=3 th=15	4	6	25.93	71	45.07	-97.47	1624.89	53	60.38	-93.88	-80.65	258.72
rsi_oversold p=3 th=15	4	8	14.96	71	46.48	-98.29	1556.79	53	62.26	-94.30	-85.74	242.46
rsi_oversold p=3 th=15	4	10	97.68	71	49.30	-97.10	684.22	53	64.15	-97.88	-59.60	40.49
rsi_oversold p=3 th=15	4	15	75.52	71	49.30	-97.76	141.22	53	66.04	-99.55	-64.98	-74.60
rsi_oversold p=3 th=15	4	-	308.05	71	50.70	-92.76	0.00	32	65.62	-100.00	-23.57	-100.00
rsi_oversold p=3 th=15	5	2	69.57	71	23.94	-94.04	2252.06	53	47.17	-83.47	-66.54	410.98
rsi_oversold p=3 th=15	5	3	11.75	71	35.21	-99.33	900.71	53	49.06	-91.14	-87.53	89.25
rsi_oversold p=3 th=15	5	4	18.62	71	43.66	-99.03	618.09	53	52.83	-95.46	-83.90	25.83
rsi_oversold p=3 th=15	5	5	6.32	71	45.07	-99.55	1177.04	53	58.49	-97.77	-91.17	152.92
rsi_oversold p=3 th=15	5	6	3.98	71	45.07	-99.65	1271.71	53	60.38	-97.80	-93.16	175.04
rsi_oversold p=3 th=15	5	8	1.73	71	46.48	-99.81	991.79	53	62.26	-98.02	-95.69	110.08
rsi_oversold p=3 th=15	5	10	17.85	71	49.30	-99.61	280.90	53	64.15	-99.54	-84.27	-46.47
rsi_oversold p=3 th=15	5	15	10.95	71	49.30	-99.76	11.22	53	66.04	-99.98	-88.01	-98.37
rsi_oversold p=3 th=15	5	-	111.89	71	50.70	-98.18	0.00	32	65.62	-100.00	-56.44	-100.00
rsi_oversold p=3 th=20	1	2	382.72	81	24.69	-38.24	760.74	63	42.86	-26.32	-13.79	57.60
rsi_oversold p=3 th=20	1	3	415.15	81	38.27	-43.33	592.89	63	44.44	-34.86	-9.81	20.28
rsi_oversold p=3 th=20	1	4	457.47	81	45.68	-37.51	531.53	63	47.62	-43.01	-4.82	6.85
rsi_oversold p=3 th=20	1	5	375.96	81	46.91	-44.42	635.36	63	53.97	-50.21	-14.64	29.65
rsi_oversold p=3 th=20	1	6	345.63	81	46.91	-43.50	851.95	63	57.14	-42.23	-18.53	78.17
rsi_oversold p=3 th=20	1	8	299.09	81	48.15	-48.03	839.10	63	58.73	-36.04	-24.82	75.26
rsi_oversold p=3 th=20	1	10	458.31	81	50.62	-43.98	740.50	63	60.32	-41.45	-4.72	53.06
rsi_oversold p=3 th=20	1	15	489.16	81	50.62	-40.21	943.93	63	66.67	-48.03	-1.21	99.12
rsi_oversold p=3 th=20	1	-	629.28	81	51.85	-32.77	818.48	63	66.67	-54.57	13.62	70.60
rsi_oversold p=3 th=20	2	2	262.20	81	24.69	-64.92	1011.66	63	42.86	-48.30	-30.11	114.65
rsi_oversold p=3 th=20	2	3	278.29	81	38.27	-70.98	601.94	63	44.44	-60.51	-27.77	22.28
rsi_oversold p=3 th=20	2	4	331.75	81	45.68	-65.11	472.71	63	47.62	-69.75	-20.36	-5.90
rsi_oversold p=3 th=20	2	5	218.63	81	46.91	-72.82	658.79	63	53.97	-77.23	-36.82	34.84
rsi_oversold p=3 th=20	2	6	181.26	81	46.91	-74.23	1096.03	63	57.14	-68.92	-43.06	134.11
rsi_oversold p=3 th=20	2	8	130.22	81	48.15	-79.48	973.96	63	58.73	-60.87	-52.61	105.99
rsi_oversold p=3 th=20	2	10	300.03	81	50.62	-75.54	723.27	63	60.32	-69.63	-24.69	49.20
rsi_oversold p=3 th=20	2	15	341.20	81	50.62	-72.18	1084.29	63	66.67	-79.10	-19.11	131.40
rsi_oversold p=3 th=20	2	-	588.06	81	51.85	-58.44	684.89	63	66.67	-87.05	9.42	40.64
rsi_oversold p=3 th=20	3	2	162.47	81	24.69	-81.55	1187.10	63	42.86	-65.94	-46.42	155.27
rsi_oversold p=3 th=20	3	3	148.59	81	38.27	-86.95	526.98	63	44.44	-77.91	-49.01	5.86
rsi_oversold p=3 th=20	3	4	187.75	81	45.68	-83.12	353.45	63	47.62	-85.08	-41.94	-31.34
rsi_oversold p=3 th=20	3	5	96.40	81	46.91	-88.96	559.38	63	53.97	-90.48	-59.90	12.93
rsi_oversold p=3 th=20	3	6	70.36	81	46.91	-91.03	1079.45	63	57.14	-84.50	-66.33	130.28
rsi_oversold p=3 th=20	3	8	39.76	81	48.15	-94.36	790.95	63	58.73	-77.33	-75.47	64.39
rsi_oversold p=3 th=20	3	10	135.16	81	50.62	-92.03	461.54	63	60.32	-87.37	-51.62	-8.31
rsi_oversold p=3 th=20	3	15	162.31	81	50.62	-90.43	701.71	63	66.67	-94.31	-46.45	44.39
rsi_oversold p=3 th=20	3	-	401.58	81	51.85	-80.23	134.97	63	66.67	-98.94	-11.46	-75.81
rsi_oversold p=3 th=20	4	2	91.74	81	24.69	-90.97	1234.31	63	42.86	-79.09	-60.99	166.29
rsi_oversold p=3 th=20	4	3	59.26	81	38.27	-95.22	398.38	63	44.44	-88.62	-69.39	-21.83
rsi_oversold p=3 th=20	4	4	77.56	81	45.68	-93.44	221.90	63	47.62	-93.21	-64.46	-58.54
rsi_oversold p=3 th=20	4	5	29.98	81	46.91	-96.94	387.53	63	53.97	-96.40	-79.03	-24.13
rsi_oversold p=3 th=20	4	6	18.69	81	46.91	-97.78	812.94	63	57.14	-92.91	-83.87	69.35
rsi_oversold p=3 th=20	4	8	7.73	81	48.15	-99.01	442.98	63	58.73	-89.17	-90.12	-12.30
rsi_oversold p=3 th=20	4	10	37.82	81	50.62	-98.26	183.33	63	60.32	-95.82	-76.14	-66.29
rsi_oversold p=3 th=20	4	15	46.64	81	50.62	-97.85	208.27	63	66.67	-99.11	-73.20	-61.29
rsi_oversold p=3 th=20	4	-	190.26	81	51.85	-93.05	0.00	40	65.00	-100.00	-41.51	-100.00
rsi_oversold p=3 th=20	5	2	47.47	81	24.69	-95.88	1135.78	63	42.86	-88.05	-72.93	143.33
rsi_oversold p=3 th=20	5	3	13.12	81	38.27	-98.95	258.84	63	44.44	-94.65	-86.74	-51.01
rsi_oversold p=3 th=20	5	4	17.33	81	45.68	-98.49	116.05	63	47.62	-97.17	-84.53	-79.46
rsi_oversold p=3 th=20	5	5	4.84	81	46.91	-99.55	216.54	63	53.97	-98.78	-92.38	-59.63
rsi_oversold p=3 th=20	5	6	2.48	81	46.91	-99.72	461.14	63	57.14	-97.07	-94.74	-8.40
rsi_oversold p=3 th=20	5	8	0.68	81	48.15	-99.92	164.29	63	58.73	-96.75	-97.44	-70.07
rsi_oversold p=3 th=20	5	10	4.60	81	50.62	-99.82	41.02	63	60.32	-99.30	-92.60	-93.35
rsi_oversold p=3 th=20	5	15	5.34	81	50.62	-99.79	16.37	63	66.67	-99.95	-91.95	-97.54
rsi_oversold p=3 th=20	5	-	54.55	81	51.85	-98.40	0.00	40	65.00	-100.00	-70.76	-100.00
rsi_oversold p=3 th=25	1	2	397.58	100	27.00	-45.93	691.49	69	40.58	-32.38	-11.95	42.11
rsi_oversold p=3 th=25	1	3	414.26	100	39.00	-51.87	517.43	69	42.03	-42.99	-9.92	3.78
rsi_oversold p=3 th=25	1	4	416.94	100	45.00	-49.59	498.76	69	46.38	-45.43	-9.59	-0.27
rsi_oversold p=3 th=25	1	5	336.52	100	47.00	-56.68	577.89	69	52.17	-52.82	-19.73	16.99
rsi_oversold p=3 th=25	1	6	290.79	100	47.00	-60.18	781.04	69	55.07	-42.23	-25.98	62.16
rsi_oversold p=3 th=25	1	8	227.99	100	48.00	-67.14	762.33	69	56.52	-36.04	-35.33	57.95
rsi_oversold p=3 th=25	1	10	368.18	100	51.00	-63.70	706.55	69	57.97	-41.45	-15.62	45.47
rsi_oversold p=3 th=25	1	15	354.79	100	51.00	-65.02	900.66	69	63.77	-48.48	-17.34	89.24
rsi_oversold p=3 th=25	1	-	411.20	100	52.00	-61.96	780.95	69	63.77	-55.68	-10.29	62.14
rsi_oversold p=3 th=25	2	2	274.97	100	27.00	-73.51	832.50	69	40.58	-57.24	-28.25	73.77
rsi_oversold p=3 th=25	2	3	268.12	100	39.00	-79.27	455.54	69	42.03	-70.11	-29.24	-9.60
rsi_oversold p=3 th=25	2	4	264.71	100	45.00	-77.61	412.46	69	46.38	-72.31	-29.74	-18.83
rsi_oversold p=3 th=25	2	5	167.37	100	47.00	-84.48	538.35	69	52.17	-79.61	-45.53	8.34
rsi_oversold p=3 th=25	2	6	121.57	100	47.00	-87.94	909.66	69	55.07	-68.92	-54.39	91.29
rsi_oversold p=3 th=25	2	8	70.40	100	48.00	-92.20	792.23	69	56.52	-60.87	-66.32	64.68
rsi_oversold p=3 th=25	2	10	179.00	100	51.00	-90.37	653.20	69	57.97	-71.12	-43.46	33.60
rsi_oversold p=3 th=25	2	15	160.70	100	51.00	-91.35	979.25	69	63.77	-80.13	-46.74	107.20
rsi_oversold p=3 th=25	2	-	210.22	100	52.00	-90.01	618.54	69	63.77	-87.68	-38.18	25.93
rsi_oversold p=3 th=25	3	2	167.46	100	27.00	-88.17	880.67	69	40.58	-74.73	-45.51	84.69
rsi_oversold p=3 th=25	3	3	133.95	100	39.00	-92.24	343.50	69	42.03	-85.60	-51.86	-33.43
rsi_oversold p=3 th=25	3	4	126.06	100	45.00	-91.74	284.11	69	46.38	-86.98	-53.46	-45.81
rsi_oversold p=3 th=25	3	5	60.27	100	47.00	-95.90	405.33	69	52.17	-91.98	-69.10	-20.35
rsi_oversold p=3 th=25	3	6	35.57	100	47.00	-97.31	800.11	69	55.07	-84.50	-76.94	66.45
rsi_oversold p=3 th=25	3	8	14.08	100	48.00	-98.72	566.70	69	56.52	-79.91	-86.22	14.54
rsi_oversold p=3 th=25	3	10	54.70	100	51.00	-98.24	391.30	69	57.97	-88.53	-70.72	-23.33
rsi_oversold p=3 th=25	3	15	43.11	100	51.00	-98.61	594.91	69	63.77	-94.72	-74.35	20.73
rsi_oversold p=3 th=25	3	-	57.48	100	52.00	-98.45	114.43	69	63.77	-99.02	-69.90	-79.78
rsi_oversold p=3 th=25	4	2	90.61	100	27.00	-95.16	821.94	69	40.58	-86.07	-61.25	71.38
rsi_oversold p=3 th=25	4	3	48.49	100	39.00	-97.66	222.08	69	42.03	-93.66	-72.62	-58.51
rsi_oversold p=3 th=25	4	4	42.12	100	45.00	-97.92	162.72	69	46.38	-94.36	-74.67	-70.38
rsi_oversold p=3 th=25	4	5	14.60	100	47.00	-99.24	245.49	69	52.17	-97.15	-85.93	-53.75
rsi_oversold p=3 th=25	4	6	6.71	100	47.00	-99.59	530.11	69	55.07	-92.91	-90.86	6.54
rsi_oversold p=3 th=25	4	8	1.64	100	48.00	-99.87	274.39	69	56.52	-92.09	-95.83	-47.81
rsi_oversold p=3 th=25	4	10	9.30	100	51.00	-99.80	144.66	69	57.97	-96.62	-89.05	-73.92
rsi_oversold p=3 th=25	4	15	5.73	100	51.00	-99.88	164.35	69	63.77	-99.20	-91.63	-70.06
rsi_oversold p=3 th=25	4	-	3.54	100	52.00	-99.94	0.00	46	60.87	-100.00	-93.59	-100.00
rsi_oversold p=3 th=25	5	2	43.86	100	27.00	-98.18	675.83	69	40.58	-92.89	-74.10	38.62
rsi_oversold p=3 th=25	5	3	9.46	100	39.00	-99.61	122.47	69	42.03	-97.47	-88.95	-78.23
rsi_oversold p=3 th=25	5	4	7.31	100	45.00	-99.72	76.84	69	46.38	-97.77	-90.42	-86.86
rsi_oversold p=3 th=25	5	5	1.75	100	47.00	-99.93	118.06	69	52.17	-99.10	-95.67	-79.08
rsi_oversold p=3 th=25	5	6	0.59	100	47.00	-99.97	260.13	69	55.07	-97.41	-97.63	-50.75
rsi_oversold p=3 th=25	5	8	0.08	100	48.00	-99.99	86.06	69	56.52	-98.30	-99.23	-85.15
rsi_oversold p=3 th=25	5	10	0.60	100	51.00	-99.99	29.86	69	57.97	-99.49	-97.62	-95.28
rsi_oversold p=3 th=25	5	15	0.22	100	51.00	-100.00	11.92	69	63.77	-99.96	-98.63	-98.26
rsi_oversold p=3 th=25	5	-	0.00	67	43.28	-100.00	0.00	46	60.87	-100.00	-100.00	-100.00
rsi_oversold p=3 th=30	1	2	316.91	122	25.41	-52.81	691.98	75	40.00	-30.95	-22.36	42.22
rsi_oversold p=3 th=30	1	3	362.62	122	37.70	-51.44	507.36	75	41.33	-42.41	-16.33	1.60
rsi_oversold p=3 th=30	1	4	372.77	122	44.26	-47.63	479.10	75	45.33	-45.40	-15.04	-4.52
rsi_oversold p=3 th=30	1	5	280.33	122	45.90	-59.80	543.17	75	50.67	-52.79	-27.47	9.39
rsi_oversold p=3 th=30	1	6	220.39	122	45.90	-67.04	711.36	75	53.33	-45.80	-36.54	46.54
rsi_oversold p=3 th=30	1	8	238.76	122	48.36	-65.26	646.18	75	54.67	-36.04	-33.65	32.05
rsi_oversold p=3 th=30	1	10	442.43	122	50.82	-59.34	679.41	75	57.33	-41.45	-6.56	39.42
rsi_oversold p=3 th=30	1	15	426.34	122	50.82	-60.82	765.13	75	62.67	-50.29	-8.47	58.58
rsi_oversold p=3 th=30	1	-	494.12	122	51.64	-57.40	656.41	75	62.67	-57.05	-0.65	34.31
rsi_oversold p=3 th=30	2	2	171.48	122	25.41	-80.16	812.06	75	40.00	-56.35	-44.79	69.15
rsi_oversold p=3 th=30	2	3	199.32	122	37.70	-79.17	426.13	75	41.33	-70.12	-39.98	-15.91
rsi_oversold p=3 th=30	2	4	204.05	122	44.26	-78.77	369.69	75	45.33	-72.29	-39.19	-27.91
rsi_oversold p=3 th=30	2	5	111.08	122	45.90	-87.92	460.92	75	50.67	-79.59	-56.61	-8.44
rsi_oversold p=3 th=30	2	6	65.99	122	45.90	-92.15	728.35	75	53.33	-72.75	-67.51	50.34
rsi_oversold p=3 th=30	2	8	73.74	122	48.36	-91.38	542.78	75	54.67	-64.30	-65.44	9.30
rsi_oversold p=3 th=30	2	10	250.62	122	50.82	-88.19	566.32	75	57.33	-71.14	-31.84	14.45
rsi_oversold p=3 th=30	2	15	225.00	122	50.82	-89.40	635.79	75	62.67	-81.82	-35.80	29.75
rsi_oversold p=3 th=30	2	-	294.34	122	51.64	-87.75	391.23	75	62.67	-89.06	-25.48	-23.35
rsi_oversold p=3 th=30	3	2	80.23	122	25.41	-92.52	816.63	75	40.00	-74.68	-63.78	70.18
rsi_oversold p=3 th=30	3	3	82.10	122	37.70	-93.03	298.58	75	41.33	-86.03	-63.32	-42.81
rsi_oversold p=3 th=30	3	4	80.79	122	44.26	-93.47	230.99	75	45.33	-86.96	-63.64	-56.70
rsi_oversold p=3 th=30	3	5	30.44	122	45.90	-97.36	306.52	75	50.67	-91.96	-78.85	-41.16
rsi_oversold p=3 th=30	3	6	13.02	122	45.90	-98.70	543.43	75	53.33	-87.37	-86.80	9.45
rsi_oversold p=3 th=30	3	8	14.05	122	48.36	-98.63	298.12	75	54.67	-84.07	-86.23	-42.90
rsi_oversold p=3 th=30	3	10	86.61	122	50.82	-97.69	285.12	75	57.33	-89.94	-62.21	-45.60
rsi_oversold p=3 th=30	3	15	68.26	122	50.82	-98.18	257.29	75	62.67	-95.77	-66.89	-51.33
rsi_oversold p=3 th=30	3	-	91.01	122	51.64	-97.97	47.04	75	62.67	-99.26	-61.16	-92.28
rsi_oversold p=3 th=30	4	2	32.76	122	25.41	-97.45	706.64	75	40.00	-86.55	-77.97	45.49
rsi_oversold p=3 th=30	4	3	23.79	122	37.70	-98.34	174.70	75	41.33	-94.14	-81.55	-68.01
rsi_oversold p=3 th=30	4	4	21.62	122	44.26	-98.58	116.64	75	45.33	-94.35	-82.51	-79.35
rsi_oversold p=3 th=30	4	5	5.35	122	45.90	-99.61	158.87	75	50.67	-97.34	-91.95	-71.14
rsi_oversold p=3 th=30	4	6	1.55	122	45.90	-99.86	294.17	75	53.33	-94.68	-95.95	-43.72
rsi_oversold p=3 th=30	4	8	1.48	122	48.36	-99.88	104.59	75	54.67	-95.85	-96.06	-81.65
rsi_oversold p=3 th=30	4	10	16.18	122	50.82	-99.73	81.59	75	57.33	-97.49	-85.11	-85.98
rsi_oversold p=3 th=30	4	15	9.97	122	50.82	-99.83	38.61	75	62.67	-99.58	-88.62	-93.77
rsi_oversold p=3 th=30	4	-	6.16	122	51.64	-99.92	0.00	50	62.00	-100.00	-91.29	-100.00
rsi_oversold p=3 th=30	5	2	11.76	122	25.41	-99.22	524.85	75	40.00	-93.51	-87.53	5.40
rsi_oversold p=3 th=30	5	3	3.61	122	37.70	-99.79	84.82	75	41.33	-97.82	-93.53	-85.38
rsi_oversold p=3 th=30	5	4	2.89	122	44.26	-99.84	47.13	75	45.33	-97.80	-94.27	-92.27
rsi_oversold p=3 th=30	5	5	0.44	122	45.90	-99.97	63.22	75	50.67	-99.26	-97.99	-89.37
rsi_oversold p=3 th=30	5	6	0.08	122	45.90	-99.99	113.20	75	53.33	-98.21	-99.22	-80.01
rsi_oversold p=3 th=30	5	8	0.06	122	48.36	-100.00	22.19	75	54.67	-99.38	-99.34	-96.58
rsi_oversold p=3 th=30	5	10	1.11	122	50.82	-99.99	11.75	75	57.33	-99.67	-96.64	-98.28
rsi_oversold p=3 th=30	5	15	0.41	122	50.82	-100.00	1.05	75	62.67	-99.99	-98.07	-99.87
rsi_oversold p=3 th=30	5	-	0.00	82	45.12	-100.00	0.00	50	62.00	-100.00	-100.00	-100.00
rsi_oversold p=3 th=35	1	2	364.18	135	26.67	-51.36	1074.12	84	42.86	-24.83	-16.13	129.05
rsi_oversold p=3 th=35	1	3	427.16	135	39.26	-51.32	917.99	84	45.24	-28.98	-8.37	93.19
rsi_oversold p=3 th=35	1	4	434.54	135	45.19	-49.46	895.66	84	50.00	-34.59	-7.49	88.10
rsi_oversold p=3 th=35	1	5	316.75	135	46.67	-59.56	1004.95	84	54.76	-40.43	-22.38	113.10
rsi_oversold p=3 th=35	1	6	251.00	135	46.67	-66.98	1302.37	84	57.14	-45.80	-31.79	182.24
rsi_oversold p=3 th=35	1	8	255.06	135	48.89	-69.26	1158.08	84	58.33	-36.04	-31.18	148.51
rsi_oversold p=3 th=35	1	10	450.22	135	51.11	-66.70	1276.11	84	60.71	-41.45	-5.66	176.08
rsi_oversold p=3 th=35	1	15	398.87	135	51.11	-70.49	1437.12	84	65.48	-50.29	-11.79	214.02
rsi_oversold p=3 th=35	1	-	458.40	135	51.85	-68.19	1232.92	84	65.48	-53.27	-4.71	165.96
rsi_oversold p=3 th=35	2	2	217.38	135	26.67	-78.73	1850.63	84	42.86	-46.04	-37.02	313.04
rsi_oversold p=3 th=35	2	3	264.61	135	39.26	-78.70	1292.63	84	45.24	-52.18	-29.76	179.95
rsi_oversold p=3 th=35	2	4	264.41	135	45.19	-79.92	1197.37	84	50.00	-59.44	-29.79	157.66
rsi_oversold p=3 th=35	2	5	134.80	135	46.67	-87.53	1460.61	84	54.76	-66.69	-51.69	219.59
rsi_oversold p=3 th=35	2	6	81.31	135	46.67	-91.96	2257.07	84	57.14	-72.75	-63.51	412.21
rsi_oversold p=3 th=35	2	8	79.08	135	48.89	-93.35	1606.01	84	58.33	-64.30	-64.07	254.21
rsi_oversold p=3 th=35	2	10	241.27	135	51.11	-92.37	1852.31	84	60.71	-69.45	-33.27	313.45
rsi_oversold p=3 th=35	2	15	178.16	135	51.11	-94.37	2079.53	84	65.48	-79.34	-43.61	368.69
rsi_oversold p=3 th=35	2	-	228.30	135	51.85	-93.62	1279.63	84	65.48	-82.30	-35.28	176.90
rsi_oversold p=3 th=35	3	2	108.68	135	26.67	-91.58	2615.46	84	42.86	-62.97	-57.14	500.92
rsi_oversold p=3 th=35	3	3	118.56	135	39.26	-92.41	1430.44	84	45.24	-69.50	-55.02	212.44
rsi_oversold p=3 th=35	3	4	111.87	135	45.19	-93.85	1221.24	84	50.00	-76.21	-56.44	163.23
rsi_oversold p=3 th=35	3	5	37.99	135	46.67	-97.14	1565.49	84	54.76	-84.23	-76.08	244.53
rsi_oversold p=3 th=35	3	6	16.60	135	46.67	-98.60	2677.88	84	57.14	-87.37	-84.90	516.48
rsi_oversold p=3 th=35	3	8	14.28	135	48.89	-99.04	1361.97	84	58.33	-82.78	-86.11	196.26
rsi_oversold p=3 th=35	3	10	73.35	135	51.11	-98.88	1530.78	84	60.71	-87.05	-65.54	236.26
rsi_oversold p=3 th=35	3	15	40.71	135	51.11	-99.38	1381.35	84	65.48	-93.35	-75.15	200.84
rsi_oversold p=3 th=35	3	-	52.16	135	51.85	-99.33	252.54	84	65.48	-98.47	-71.48	-52.30
rsi_oversold p=3 th=35	4	2	46.20	135	26.67	-96.97	3069.52	84	42.86	-75.70	-73.34	614.77
rsi_oversold p=3 th=35	4	3	36.27	135	39.26	-98.10	1259.28	84	45.24	-81.66	-76.69	172.13
rsi_oversold p=3 th=35	4	4	30.90	135	45.19	-98.65	959.10	84	50.00	-86.86	-78.67	102.59
rsi_oversold p=3 th=35	4	5	6.60	135	46.67	-99.55	1244.17	84	54.76	-93.46	-90.95	168.60
rsi_oversold p=3 th=35	4	6	1.96	135	46.67	-99.84	2188.69	84	57.14	-94.68	-95.38	395.41
rsi_oversold p=3 th=35	4	8	1.34	135	48.89	-99.92	696.32	84	58.33	-92.89	-96.26	43.19
rsi_oversold p=3 th=35	4	10	11.13	135	51.11	-99.91	685.48	84	60.71	-95.56	-87.90	40.77
rsi_oversold p=3 th=35	4	15	3.83	135	51.11	-99.97	324.41	84	65.48	-98.96	-93.31	-37.43
rsi_oversold p=3 th=35	4	-	2.19	135	51.85	-99.99	0.00	55	63.64	-100.00	-95.09	-100.00
rsi_oversold p=3 th=35	5	2	16.87	135	26.67	-99.01	3001.51	84	42.86	-84.78	-84.76	597.62
rsi_oversold p=3 th=35	5	3	5.65	135	39.26	-99.74	883.42	84	45.24	-89.69	-91.69	85.32
rsi_oversold p=3 th=35	5	4	4.13	135	45.19	-99.84	578.85	84	50.00	-93.80	-93.02	17.20
rsi_oversold p=3 th=35	5	5	0.52	135	46.67	-99.97	727.90	84	54.76	-97.65	-97.80	50.24
rsi_oversold p=3 th=35	5	6	0.10	135	46.67	-99.99	1216.19	84	57.14	-98.03	-99.13	162.05
rsi_oversold p=3 th=35	5	8	0.05	135	48.89	-100.00	204.28	84	58.33	-97.55	-99.43	-62.10
rsi_oversold p=3 th=35	5	10	0.56	135	51.11	-100.00	148.45	84	60.71	-98.84	-97.69	-73.18
rsi_oversold p=3 th=35	5	15	0.08	135	51.11	-100.00	13.30	84	65.48	-99.97	-99.23	-98.04
rsi_oversold p=3 th=35	5	-	0.00	90	45.56	-100.00	0.00	55	63.64	-100.00	-100.00	-100.00
rsi_oversold p=5 th=10	1	2	556.32	27	33.33	-20.85	646.97	25	52.00	-13.63	6.10	32.22
rsi_oversold p=5 th=10	1	3	410.90	27	37.04	-37.86	591.09	25	52.00	-17.79	-10.32	19.89
rsi_oversold p=5 th=10	1	4	427.37	27	44.44	-37.77	629.74	25	60.00	-22.71	-8.34	28.41
rsi_oversold p=5 th=10	1	5	384.42	27	44.44	-42.73	633.40	25	64.00	-27.38	-13.58	29.22
rsi_oversold p=5 th=10	1	6	342.51	27	44.44	-47.86	568.11	25	64.00	-33.48	-18.94	14.85
rsi_oversold p=5 th=10	1	8	349.53	27	48.15	-45.64	704.45	25	68.00	-24.70	-18.02	45.00
rsi_oversold p=5 th=10	1	10	435.37	27	51.85	-36.42	709.05	25	72.00	-29.22	-7.40	46.02
rsi_oversold p=5 th=10	1	15	432.55	27	51.85	-36.83	698.78	25	72.00	-35.17	-7.73	43.73
rsi_oversold p=5 th=10	1	-	560.16	27	55.56	-23.25	562.89	25	72.00	-47.78	6.51	13.70
rsi_oversold p=5 th=10	2	2	589.40	27	33.33	-37.79	805.48	25	52.00	-25.69	9.56	67.67
rsi_oversold p=5 th=10	2	3	304.10	27	37.04	-63.60	668.81	25	52.00	-32.86	-24.12	37.06
rsi_oversold p=5 th=10	2	4	326.40	27	44.44	-63.74	752.10	25	60.00	-40.95	-21.08	55.66
rsi_oversold p=5 th=10	2	5	261.17	27	44.44	-69.56	757.28	25	64.00	-48.20	-30.27	56.82
rsi_oversold p=5 th=10	2	6	204.27	27	44.44	-75.56	600.10	25	64.00	-57.08	-39.16	21.87
rsi_oversold p=5 th=10	2	8	210.32	27	48.15	-73.64	878.40	25	68.00	-44.70	-38.16	84.18
rsi_oversold p=5 th=10	2	10	326.34	27	51.85	-63.72	880.35	25	72.00	-51.82	-21.09	84.62
rsi_oversold p=5 th=10	2	15	321.52	27	51.85	-64.26	837.03	25	72.00	-60.89	-21.74	74.80
rsi_oversold p=5 th=10	2	-	563.21	27	55.56	-44.48	450.31	25	72.00	-78.96	6.83	-10.72
rsi_oversold p=5 th=10	3	2	598.11	27	33.33	-51.45	967.38	25	52.00	-36.30	10.46	104.48
rsi_oversold p=5 th=10	3	3	197.58	27	37.04	-80.53	725.81	25	52.00	-45.69	-40.27	49.77
rsi_oversold p=5 th=10	3	4	216.96	27	44.44	-80.84	853.13	25	60.00	-55.45	-37.09	78.44
rsi_oversold p=5 th=10	3	5	152.42	27	44.44	-85.76	855.01	25	64.00	-63.79	-48.29	78.87
rsi_oversold p=5 th=10	3	6	102.80	27	44.44	-90.04	587.66	25	64.00	-73.27	-58.44	19.13
rsi_oversold p=5 th=10	3	8	105.15	27	48.15	-89.02	974.71	25	68.00	-60.61	-57.92	106.16
rsi_oversold p=5 th=10	3	10	203.57	27	51.85	-82.45	956.89	25	72.00	-68.80	-39.27	102.08
rsi_oversold p=5 th=10	3	15	198.33	27	51.85	-82.90	843.15	25	72.00	-78.76	-40.15	76.18
rsi_oversold p=5 th=10	3	-	506.33	27	55.56	-62.47	125.21	25	72.00	-96.85	0.70	-77.70
rsi_oversold p=5 th=10	4	2	583.93	27	33.33	-62.40	1122.96	25	52.00	-45.63	9.00	140.35
rsi_oversold p=5 th=10	4	3	104.87	27	37.04	-91.18	756.54	25	52.00	-56.89	-57.98	56.65
rsi_oversold p=5 th=10	4	4	116.67	27	44.44	-91.50	919.91	25	60.00	-66.85	-55.42	93.63
rsi_oversold p=5 th=10	4	5	70.87	27	44.44	-94.58	911.22	25	64.00	-75.26	-66.19	91.65
rsi_oversold p=5 th=10	4	6	40.33	27	44.44	-96.75	530.78	25	64.00	-84.03	-75.28	6.69
rsi_oversold p=5 th=10	4	8	40.11	27	48.15	-96.39	959.29	25	68.00	-72.96	-75.35	102.63
rsi_oversold p=5 th=10	4	10	97.06	27	51.85	-93.37	899.15	25	72.00	-81.07	-59.74	88.90
rsi_oversold p=5 th=10	4	15	93.09	27	51.85	-93.64	675.13	25	72.00	-90.26	-60.67	38.47
rsi_oversold p=5 th=10	4	-	402.59	27	55.56	-76.64	0.00	18	72.22	-100.00	-11.33	-100.00
rsi_oversold p=5 th=10	5	2	550.29	27	33.33	-71.10	1261.89	25	52.00	-53.79	5.46	172.74
rsi_oversold p=5 th=10	5	3	33.64	27	37.04	-97.51	758.11	25	52.00	-66.25	-77.64	57.00
rsi_oversold p=5 th=10	5	4	37.50	27	44.44	-97.67	942.97	25	60.00	-75.71	-76.25	98.90
rsi_oversold p=5 th=10	5	5	19.35	27	44.44	-98.76	915.22	25	64.00	-83.53	-83.56	92.56
rsi_oversold p=5 th=10	5	6	9.04	27	44.44	-99.38	438.67	25	64.00	-90.93	-89.22	-13.22
rsi_oversold p=5 th=10	5	8	8.47	27	48.15	-99.32	827.69	25	68.00	-82.30	-89.60	72.68
rsi_oversold p=5 th=10	5	10	25.63	27	51.85	-98.58	710.19	25	72.00	-89.50	-80.78	46.28
rsi_oversold p=5 th=10	5	15	24.01	27	51.85	-98.67	368.75	25	72.00	-96.78	-81.46	-28.11
rsi_oversold p=5 th=10	5	-	277.07	27	55.56	-86.93	0.00	18	72.22	-100.00	-27.94	-100.00
rsi_oversold p=5 th=15	1	2	509.79	43	30.23	-20.96	713.30	35	54.29	-16.22	1.08	46.97
rsi_oversold p=5 th=15	1	3	552.25	43	44.19	-32.95	608.42	35	54.29	-25.57	5.67	23.70
rsi_oversold p=5 th=15	1	4	599.13	43	51.16	-28.36	690.05	35	62.86	-25.66	10.56	41.79
rsi_oversold p=5 th=15	1	5	516.99	43	51.16	-34.37	780.76	35	68.57	-30.15	1.87	62.10
rsi_oversold p=5 th=15	1	6	449.78	43	51.16	-40.45	692.97	35	68.57	-36.02	-5.71	42.44
rsi_oversold p=5 th=15	1	8	530.82	43	55.81	-37.62	829.19	35	71.43	-28.60	3.38	73.02
rsi_oversold p=5 th=15	1	10	661.18	43	58.14	-27.97	799.00	35	74.29	-34.34	16.78	66.20
rsi_oversold p=5 th=15	1	15	656.90	43	58.14	-27.61	839.99	35	77.14	-43.17	16.36	75.46
rsi_oversold p=5 th=15	1	-	850.71	43	60.47	-19.13	676.10	35	77.14	-54.26	34.31	38.68
rsi_oversold p=5 th=15	2	2	486.21	43	30.23	-38.13	967.06	35	54.29	-30.73	-1.54	104.41
rsi_oversold p=5 th=15	2	3	519.74	43	44.19	-57.94	695.67	35	54.29	-45.82	2.17	43.04
rsi_oversold p=5 th=15	2	4	606.56	43	51.16	-52.23	884.10	35	62.86	-45.72	11.32	85.47
rsi_oversold p=5 th=15	2	5	444.71	43	51.16	-61.04	1119.91	35	68.57	-52.39	-6.30	139.65
rsi_oversold p=5 th=15	2	6	330.59	43	51.16	-68.33	867.87	35	68.57	-60.55	-20.52	81.79
rsi_oversold p=5 th=15	2	8	456.95	43	55.81	-64.51	1175.74	35	71.43	-50.73	-4.87	152.62
rsi_oversold p=5 th=15	2	10	709.02	43	58.14	-52.06	1069.46	35	74.29	-59.11	21.39	127.97
rsi_oversold p=5 th=15	2	15	698.54	43	58.14	-51.52	1149.41	35	77.14	-70.93	20.40	146.49
rsi_oversold p=5 th=15	2	-	1223.64	43	60.47	-36.26	617.18	35	77.14	-84.39	64.34	25.63
rsi_oversold p=5 th=15	3	2	436.90	43	30.23	-52.04	1250.33	35	54.29	-43.46	-7.21	170.04
rsi_oversold p=5 th=15	3	3	410.22	43	44.19	-76.06	748.93	35	54.29	-61.46	-10.40	54.95
rsi_oversold p=5 th=15	3	4	510.12	43	51.16	-71.27	1053.30	35	62.86	-61.14	1.12	124.24
rsi_oversold p=5 th=15	3	5	312.10	43	51.16	-79.75	1477.99	35	68.57	-68.42	-23.02	223.71
rsi_oversold p=5 th=15	3	6	193.98	43	51.16	-85.48	980.11	35	68.57	-76.69	-40.88	107.40
rsi_oversold p=5 th=15	3	8	310.72	43	55.81	-82.23	1431.82	35	71.43	-67.36	-23.21	212.77
rsi_oversold p=5 th=15	3	10	601.55	43	58.14	-71.52	1193.26	35	74.29	-76.18	10.81	156.70
rsi_oversold p=5 th=15	3	15	586.06	43	58.14	-70.97	1240.12	35	77.14	-87.25	9.22	167.65
rsi_oversold p=5 th=15	3	-	1496.16	43	60.47	-51.39	183.48	35	77.14	-98.11	83.75	-66.26
rsi_oversold p=5 th=15	4	2	371.89	43	30.23	-63.19	1545.77	35	54.29	-54.45	-15.15	239.83
rsi_oversold p=5 th=15	4	3	254.27	43	44.19	-88.55	759.84	35	54.29	-73.25	-31.30	57.39
rsi_oversold p=5 th=15	4	4	333.30	43	51.16	-85.55	1167.33	35	62.86	-72.79	-20.16	150.66
rsi_oversold p=5 th=15	4	5	166.60	43	51.16	-91.48	1794.34	35	68.57	-79.70	-45.67	299.44
rsi_oversold p=5 th=15	4	6	84.29	43	51.16	-94.71	992.98	35	68.57	-86.90	-62.78	110.35
rsi_oversold p=5 th=15	4	8	154.09	43	55.81	-92.80	1488.81	35	71.43	-79.43	-47.97	226.28
rsi_oversold p=5 th=15	4	10	372.94	43	58.14	-86.08	1086.71	35	74.29	-87.29	-15.02	131.96
rsi_oversold p=5 th=15	4	15	357.68	43	58.14	-86.13	968.42	35	77.14	-95.64	-16.97	104.72
rsi_oversold p=5 th=15	4	-	1546.82	43	60.47	-64.51	0.00	25	80.00	-100.00	87.18	-100.00
rsi_oversold p=5 th=15	5	2	301.06	43	30.23	-72.02	1831.14	35	54.29	-63.77	-24.54	308.33
rsi_oversold p=5 th=15	5	3	91.97	43	44.19	-96.60	726.44	35	54.29	-81.93	-60.93	49.91
rsi_oversold p=5 th=15	5	4	125.51	43	51.16	-95.65	1202.25	35	62.86	-81.42	-53.57	158.80
rsi_oversold p=5 th=15	5	5	49.98	43	51.16	-97.87	1999.89	35	68.57	-87.40	-72.15	349.27
rsi_oversold p=5 th=15	5	6	19.92	43	51.16	-98.88	894.50	35	68.57	-93.07	-83.29	87.84
rsi_oversold p=5 th=15	5	8	40.60	43	55.81	-98.27	1300.63	35	71.43	-87.82	-75.19	181.83
rsi_oversold p=5 th=15	5	10	122.81	43	58.14	-96.34	774.08	35	74.29	-93.99	-54.13	60.59
rsi_oversold p=5 th=15	5	15	115.04	43	58.14	-96.58	435.43	35	77.14	-99.08	-55.76	-13.92
rsi_oversold p=5 th=15	5	-	1327.53	43	60.47	-75.63	0.00	25	80.00	-100.00	71.95	-100.00
rsi_oversold p=5 th=20	1	2	432.52	64	25.00	-33.27	666.23	41	48.78	-21.70	-7.73	36.49
rsi_oversold p=5 th=20	1	3	404.61	64	34.38	-45.86	562.21	41	51.22	-29.77	-11.09	13.55
rsi_oversold p=5 th=20	1	4	450.79	64	42.19	-38.83	646.82	41	60.98	-31.80	-5.59	32.19
rsi_oversold p=5 th=20	1	5	364.02	64	42.19	-45.31	716.80	41	65.85	-37.24	-16.15	47.75
rsi_oversold p=5 th=20	1	6	330.68	64	43.75	-48.02	622.98	41	65.85	-43.71	-20.51	26.91
rsi_oversold p=5 th=20	1	8	349.40	64	46.88	-51.04	714.30	41	68.29	-34.43	-18.04	47.20
rsi_oversold p=5 th=20	1	10	458.94	64	50.00	-42.31	658.94	41	70.73	-40.99	-4.65	34.87
rsi_oversold p=5 th=20	1	15	491.39	64	50.00	-38.23	740.00	41	75.61	-51.74	-0.96	52.94
rsi_oversold p=5 th=20	1	-	636.37	64	51.56	-35.11	588.59	41	75.61	-61.62	14.32	19.34
rsi_oversold p=5 th=20	2	2	341.87	64	25.00	-57.94	839.90	41	48.78	-39.59	-19.03	75.44
rsi_oversold p=5 th=20	2	3	270.22	64	34.38	-72.84	590.25	41	51.22	-51.86	-28.94	19.70
rsi_oversold p=5 th=20	2	4	329.27	64	42.19	-65.50	770.89	41	60.98	-54.49	-20.70	59.88
rsi_oversold p=5 th=20	2	5	209.71	64	42.19	-75.10	934.73	41	65.85	-61.79	-38.27	97.01
rsi_oversold p=5 th=20	2	6	169.56	64	43.75	-78.33	692.69	41	65.85	-69.72	-45.13	42.38
rsi_oversold p=5 th=20	2	8	184.26	64	46.88	-80.94	855.50	41	68.29	-58.77	-42.54	78.98
rsi_oversold p=5 th=20	2	10	316.45	64	50.00	-73.20	706.24	41	70.73	-67.39	-22.43	45.40
rsi_oversold p=5 th=20	2	15	367.61	64	50.00	-68.87	860.46	41	75.61	-79.70	-15.70	80.10
rsi_oversold p=5 th=20	2	-	643.94	64	51.56	-61.09	448.76	41	75.61	-89.41	15.08	-11.06
rsi_oversold p=5 th=20	3	2	249.11	64	25.00	-74.84	1005.29	41	48.78	-54.06	-32.07	113.18
rsi_oversold p=5 th=20	3	3	146.73	64	34.38	-87.76	579.68	41	51.22	-67.84	-49.37	17.38
rsi_oversold p=5 th=20	3	4	191.61	64	42.19	-84.12	847.53	41	60.98	-70.35	-41.28	77.17
rsi_oversold p=5 th=20	3	5	93.62	64	42.19	-90.78	1109.75	41	65.85	-77.52	-60.54	137.29
rsi_oversold p=5 th=20	3	6	65.70	64	43.75	-92.95	685.02	41	65.85	-84.55	-67.59	40.67
rsi_oversold p=5 th=20	3	8	70.87	64	46.88	-94.31	860.02	41	68.29	-75.66	-66.19	80.00
rsi_oversold p=5 th=20	3	10	158.11	64	50.00	-90.36	608.35	41	70.73	-83.42	-47.22	23.69
rsi_oversold p=5 th=20	3	15	202.79	64	50.00	-87.64	749.10	41	75.61	-93.02	-39.40	54.98
rsi_oversold p=5 th=20	3	-	517.69	64	51.56	-78.66	104.75	41	75.61	-99.02	1.95	-81.62
rsi_oversold p=5 th=20	4	2	168.44	64	25.00	-85.66	1145.48	41	48.78	-65.58	-45.33	145.58
rsi_oversold p=5 th=20	4	3	60.68	64	34.38	-95.41	532.93	41	51.22	-79.10	-68.98	7.16
rsi_oversold p=5 th=20	4	4	83.01	64	42.19	-94.43	859.46	41	60.98	-81.20	-63.09	79.88
rsi_oversold p=5 th=20	4	5	30.12	64	42.19	-97.48	1198.25	41	65.85	-87.27	-78.98	157.87
rsi_oversold p=5 th=20	4	6	17.77	64	43.75	-98.35	598.43	41	65.85	-92.59	-84.31	21.50
rsi_oversold p=5 th=20	4	8	18.14	64	46.88	-98.81	718.24	41	68.29	-87.58	-84.13	48.08
rsi_oversold p=5 th=20	4	10	51.94	64	50.00	-97.56	408.11	41	70.73	-92.44	-71.55	-19.76
rsi_oversold p=5 th=20	4	15	75.31	64	50.00	-96.47	434.43	41	75.61	-98.27	-65.03	-14.13
rsi_oversold p=5 th=20	4	-	325.71	64	51.56	-89.48	0.00	28	78.57	-100.00	-21.17	-100.00
rsi_oversold p=5 th=20	5	2	106.21	64	25.00	-92.20	1245.12	41	48.78	-74.59	-57.68	168.82
rsi_oversold p=5 th=20	5	3	14.20	64	34.38	-99.05	458.48	41	51.22	-86.80	-86.15	-8.97
rsi_oversold p=5 th=20	5	4	19.84	64	42.19	-98.88	802.69	41	60.98	-88.43	-83.33	67.04
rsi_oversold p=5 th=20	5	5	5.14	64	42.19	-99.63	1172.99	41	65.85	-93.11	-92.12	151.98
rsi_oversold p=5 th=20	5	6	2.45	64	43.75	-99.80	456.77	41	65.85	-96.70	-94.78	-9.34
rsi_oversold p=5 th=20	5	8	2.21	64	46.88	-99.88	487.29	41	68.29	-94.40	-95.07	-2.75
rsi_oversold p=5 th=20	5	10	7.93	64	50.00	-99.69	201.01	41	70.73	-97.04	-89.98	-62.75
rsi_oversold p=5 th=20	5	15	13.43	64	50.00	-99.48	123.57	41	75.61	-99.77	-86.57	-78.02
rsi_oversold p=5 th=20	5	-	155.03	64	51.56	-95.49	0.00	28	78.57	-100.00	-47.80	-100.00
rsi_oversold p=5 th=25	1	2	558.12	87	32.18	-25.34	1069.76	50	50.00	-14.41	6.29	128.04
rsi_oversold p=5 th=25	1	3	558.61	87	41.38	-34.79	866.72	50	52.00	-16.81	6.35	81.53
rsi_oversold p=5 th=25	1	4	594.29	87	47.13	-32.93	956.99	50	60.00	-19.32	10.06	102.10
rsi_oversold p=5 th=25	1	5	496.59	87	49.43	-36.32	1017.36	50	64.00	-23.41	-0.38	115.96
rsi_oversold p=5 th=25	1	6	466.99	87	50.57	-38.31	939.41	50	64.00	-27.32	-3.72	98.08
rsi_oversold p=5 th=25	1	8	457.65	87	52.87	-40.88	1067.40	50	66.00	-22.52	-4.79	127.49
rsi_oversold p=5 th=25	1	10	594.09	87	55.17	-36.60	963.44	50	68.00	-25.76	10.04	103.58
rsi_oversold p=5 th=25	1	15	695.63	87	55.17	-32.46	1022.36	50	72.00	-35.25	20.12	117.11
rsi_oversold p=5 th=25	1	-	900.87	87	56.32	-32.46	819.61	50	72.00	-48.50	38.65	70.86
rsi_oversold p=5 th=25	2	2	550.80	87	32.18	-45.08	2016.96	50	50.00	-27.09	5.52	353.42
rsi_oversold p=5 th=25	2	3	493.35	87	41.38	-59.83	1303.55	50	52.00	-31.74	-0.74	182.52
rsi_oversold p=5 th=25	2	4	545.35	87	47.13	-57.51	1562.88	50	60.00	-35.54	4.94	243.91
rsi_oversold p=5 th=25	2	5	370.88	87	49.43	-61.90	1736.42	50	64.00	-42.21	-15.28	285.49
rsi_oversold p=5 th=25	2	6	321.38	87	50.57	-64.40	1456.46	50	64.00	-48.80	-21.76	218.60
rsi_oversold p=5 th=25	2	8	296.69	87	52.87	-72.17	1762.90	50	66.00	-41.38	-25.15	291.86
rsi_oversold p=5 th=25	2	10	495.32	87	55.17	-63.51	1386.46	50	68.00	-46.69	-0.52	202.04
rsi_oversold p=5 th=25	2	15	695.79	87	55.17	-58.08	1479.48	50	72.00	-65.05	20.13	224.07
rsi_oversold p=5 th=25	2	-	1218.83	87	56.32	-58.08	786.45	50	72.00	-81.77	63.99	63.38
rsi_oversold p=5 th=25	3	2	486.02	87	32.18	-60.21	3415.19	50	50.00	-38.71	-1.56	702.41
rsi_oversold p=5 th=25	3	3	340.26	87	41.38	-77.34	1730.31	50	52.00	-44.75	-19.24	284.02
rsi_oversold p=5 th=25	3	4	380.70	87	47.13	-75.36	2213.24	50	60.00	-49.03	-14.04	401.44
rsi_oversold p=5 th=25	3	5	204.28	87	49.43	-80.60	2523.65	50	64.00	-57.86	-39.16	478.09
rsi_oversold p=5 th=25	3	6	158.99	87	50.57	-83.73	1883.74	50	64.00	-67.02	-47.06	321.06
rsi_oversold p=5 th=25	3	8	131.33	87	52.87	-90.84	2286.05	50	66.00	-56.90	-52.39	419.34
rsi_oversold p=5 th=25	3	10	278.15	87	55.17	-85.27	1489.91	50	68.00	-67.39	-27.79	226.54
rsi_oversold p=5 th=25	3	15	483.67	87	55.17	-76.35	1443.16	50	72.00	-85.09	-1.83	215.45
rsi_oversold p=5 th=25	3	-	1234.75	87	56.32	-76.35	209.22	50	72.00	-97.92	65.17	-61.10
rsi_oversold p=5 th=25	4	2	386.72	87	32.18	-72.37	5263.04	50	50.00	-49.00	-13.29	1182.22
rsi_oversold p=5 th=25	4	3	172.05	87	41.38	-89.95	2049.79	50	52.00	-55.91	-44.69	361.43
rsi_oversold p=5 th=25	4	4	189.20	87	47.13	-88.34	2744.55	50	60.00	-61.01	-41.69	533.13
rsi_oversold p=5 th=25	4	5	77.19	87	49.43	-93.66	3148.12	50	64.00	-71.24	-64.55	634.63
rsi_oversold p=5 th=25	4	6	52.23	87	50.57	-95.25	2037.23	50	64.00	-80.90	-71.46	358.37
rsi_oversold p=5 th=25	4	8	36.04	87	52.87	-98.03	2322.53	50	66.00	-69.41	-76.77	428.33
rsi_oversold p=5 th=25	4	10	94.58	87	55.17	-96.30	1164.58	50	68.00	-83.51	-60.32	150.02
rsi_oversold p=5 th=25	4	15	212.21	87	55.17	-91.70	826.88	50	72.00	-95.54	-37.86	72.50
rsi_oversold p=5 th=25	4	-	917.73	87	56.32	-88.08	0.00	34	70.59	-100.00	40.09	-100.00
rsi_oversold p=5 th=25	5	2	279.25	87	32.18	-83.39	7453.74	50	50.00	-58.00	-27.63	1769.68
rsi_oversold p=5 th=25	5	3	47.46	87	41.38	-97.36	2182.33	50	52.00	-67.80	-72.94	393.85
rsi_oversold p=5 th=25	5	4	49.62	87	47.13	-97.45	2995.98	50	60.00	-71.65	-72.26	596.23
rsi_oversold p=5 th=25	5	5	14.72	87	49.43	-98.96	3379.35	50	64.00	-82.34	-85.87	693.29
rsi_oversold p=5 th=25	5	6	8.31	87	50.57	-99.33	1832.66	50	64.00	-90.28	-89.72	308.70
rsi_oversold p=5 th=25	5	8	4.35	87	52.87	-99.80	1815.44	50	66.00	-84.68	-92.82	304.54
rsi_oversold p=5 th=25	5	10	13.54	87	55.17	-99.58	623.70	50	68.00	-93.24	-86.51	27.07
rsi_oversold p=5 th=25	5	15	41.50	87	55.17	-98.71	191.04	50	72.00	-99.31	-74.88	-64.75
rsi_oversold p=5 th=25	5	-	478.86	87	56.32	-94.79	0.00	34	70.59	-100.00	-2.37	-100.00
rsi_oversold p=5 th=30	1	2	614.19	107	30.84	-30.71	1193.11	61	49.18	-14.63	12.10	156.67
rsi_oversold p=5 th=30	1	3	749.24	107	43.93	-35.70	902.96	61	50.82	-16.42	25.17	89.77
rsi_oversold p=5 th=30	1	4	734.16	107	48.60	-34.18	956.83	61	57.38	-20.34	23.77	102.07
rsi_oversold p=5 th=30	1	5	573.90	107	50.47	-37.51	1021.06	61	60.66	-25.93	7.95	116.81
rsi_oversold p=5 th=30	1	6	585.42	107	52.34	-39.46	1110.00	61	62.30	-31.18	9.15	137.35
rsi_oversold p=5 th=30	1	8	566.98	107	54.21	-41.44	1158.10	61	63.93	-28.84	7.23	148.52
rsi_oversold p=5 th=30	1	10	890.39	107	57.01	-30.47	1313.98	61	67.21	-25.76	37.76	184.97
rsi_oversold p=5 th=30	1	15	985.14	107	57.01	-32.48	1367.37	61	70.49	-31.71	45.71	197.54
rsi_oversold p=5 th=30	1	-	1265.08	107	57.94	-33.05	1096.20	61	70.49	-41.06	67.41	134.15
rsi_oversold p=5 th=30	2	2	631.44	107	30.84	-56.56	2438.01	61	49.18	-28.22	13.83	456.86
rsi_oversold p=5 th=30	2	3	835.60	107	43.93	-60.88	1368.75	61	50.82	-31.38	32.98	197.86
rsi_oversold p=5 th=30	2	4	778.41	107	48.60	-59.09	1506.51	61	57.38	-38.85	27.85	230.49
rsi_oversold p=5 th=30	2	5	460.06	107	50.47	-63.33	1683.65	61	60.66	-47.53	-4.52	272.80
rsi_oversold p=5 th=30	2	6	466.88	107	52.34	-65.73	1920.57	61	62.30	-55.12	-3.73	329.99
rsi_oversold p=5 th=30	2	8	418.83	107	54.21	-68.17	1932.18	61	63.93	-50.94	-9.36	332.80
rsi_oversold p=5 th=30	2	10	1010.13	107	57.01	-55.14	2444.27	61	67.21	-46.69	47.75	458.41
rsi_oversold p=5 th=30	2	15	1242.79	107	57.01	-57.34	2494.50	61	70.49	-58.42	65.77	470.86
rsi_oversold p=5 th=30	2	-	2132.53	107	57.94	-58.21	1326.01	61	70.49	-77.31	123.70	187.80
rsi_oversold p=5 th=30	3	2	555.23	107	30.84	-75.17	4360.97	61	49.18	-40.59	5.99	945.83
rsi_oversold p=5 th=30	3	3	692.38	107	43.93	-78.61	1776.15	61	50.82	-44.69	19.80	295.06
rsi_oversold p=5 th=30	3	4	592.91	107	48.60	-76.74	1987.56	61	57.38	-54.68	9.92	346.27
rsi_oversold p=5 th=30	3	5	254.74	107	50.47	-81.86	2279.52	61	60.66	-64.42	-31.23	417.73
rsi_oversold p=5 th=30	3	6	249.41	107	52.34	-82.45	2631.87	61	62.30	-72.31	-32.03	505.01
rsi_oversold p=5 th=30	3	8	195.48	107	54.21	-86.80	2359.54	61	63.93	-67.45	-40.63	437.46
rsi_oversold p=5 th=30	3	10	706.89	107	57.01	-81.91	3231.71	61	67.21	-63.29	21.19	655.79
rsi_oversold p=5 th=30	3	15	966.92	107	57.01	-76.24	2895.70	61	70.49	-80.81	44.21	571.00
rsi_oversold p=5 th=30	3	-	2371.97	107	57.94	-77.16	419.81	61	70.49	-97.32	137.31	-17.26
rsi_oversold p=5 th=30	4	2	424.00	107	30.84	-87.00	6933.74	61	49.18	-51.61	-8.75	1628.74
rsi_oversold p=5 th=30	4	3	402.84	107	43.93	-90.64	1997.90	61	50.82	-56.26	-11.30	348.78
rsi_oversold p=5 th=30	4	4	305.36	107	48.60	-88.79	2220.95	61	57.38	-67.55	-23.95	403.33
rsi_oversold p=5 th=30	4	5	91.02	107	50.47	-94.52	2555.34	61	60.66	-78.81	-61.16	485.96
rsi_oversold p=5 th=30	4	6	82.74	107	52.34	-93.83	2870.13	61	62.30	-83.89	-63.16	564.59
rsi_oversold p=5 th=30	4	8	52.36	107	54.21	-96.98	2097.83	61	63.93	-79.39	-71.42	373.16
rsi_oversold p=5 th=30	4	10	274.77	107	57.01	-95.61	2959.48	61	67.21	-76.05	-28.27	587.04
rsi_oversold p=5 th=30	4	15	411.23	107	57.01	-93.43	1855.53	61	70.49	-94.38	-10.28	314.23
rsi_oversold p=5 th=30	4	-	1650.49	107	57.94	-90.71	0.00	40	70.00	-100.00	94.04	-100.00
rsi_oversold p=5 th=30	5	2	284.35	107	30.84	-93.73	9905.64	61	49.18	-61.25	-26.90	2444.66
rsi_oversold p=5 th=30	5	3	123.03	107	43.93	-97.52	1962.68	61	50.82	-68.65	-54.08	340.21
rsi_oversold p=5 th=30	5	4	79.09	107	48.60	-97.41	2112.78	61	57.38	-77.59	-64.07	376.82
rsi_oversold p=5 th=30	5	5	15.46	107	50.47	-99.15	2375.87	61	60.66	-88.62	-85.48	441.49
rsi_oversold p=5 th=30	5	6	12.43	107	52.34	-99.08	2478.35	61	62.30	-91.22	-87.14	466.85
rsi_oversold p=5 th=30	5	8	5.69	107	54.21	-99.69	1322.96	61	63.93	-87.70	-91.67	187.08
rsi_oversold p=5 th=30	5	10	41.04	107	57.01	-99.55	1761.41	61	67.21	-88.91	-75.04	291.50
rsi_oversold p=5 th=30	5	15	62.67	107	57.01	-99.31	444.43	61	70.49	-99.21	-68.42	-11.99
rsi_oversold p=5 th=30	5	-	618.24	107	57.94	-97.41	0.00	40	70.00	-100.00	12.50	-100.00
rsi_oversold p=5 th=35	1	2	498.21	125	29.60	-36.30	1209.54	72	47.22	-13.66	-0.20	160.50
rsi_oversold p=5 th=35	1	3	600.20	125	41.60	-35.70	910.12	72	50.00	-17.18	10.67	91.40
rsi_oversold p=5 th=35	1	4	626.22	125	47.20	-34.18	944.49	72	55.56	-23.72	13.31	99.24
rsi_oversold p=5 th=35	1	5	464.75	125	48.80	-37.51	1087.89	72	59.72	-29.80	-3.98	132.23
rsi_oversold p=5 th=35	1	6	449.83	125	50.40	-39.46	1517.35	72	62.50	-35.46	-5.70	233.07
rsi_oversold p=5 th=35	1	8	427.59	125	52.00	-41.44	1519.98	72	63.89	-30.94	-8.32	233.69
rsi_oversold p=5 th=35	1	10	696.95	125	54.40	-39.41	1750.72	72	66.67	-28.19	20.24	288.93
rsi_oversold p=5 th=35	1	15	754.67	125	54.40	-40.31	2231.09	72	70.83	-31.02	25.67	405.82
rsi_oversold p=5 th=35	1	-	969.12	125	55.20	-40.81	1788.63	72	70.83	-37.28	44.39	298.07
rsi_oversold p=5 th=35	2	2	410.97	125	29.60	-63.57	2449.85	72	47.22	-26.11	-10.31	459.79
rsi_oversold p=5 th=35	2	3	528.67	125	41.60	-60.88	1355.98	72	50.00	-33.59	3.14	194.85
rsi_oversold p=5 th=35	2	4	558.15	125	47.20	-59.09	1428.03	72	55.56	-44.04	6.30	211.87
rsi_oversold p=5 th=35	2	5	295.73	125	48.80	-63.33	1849.61	72	59.72	-55.28	-25.29	312.79
rsi_oversold p=5 th=35	2	6	268.38	125	50.40	-65.73	3341.97	72	62.50	-60.70	-29.21	683.78
rsi_oversold p=5 th=35	2	8	230.49	125	52.00	-70.11	3078.24	72	63.89	-54.15	-34.94	616.97
rsi_oversold p=5 th=35	2	10	599.79	125	54.40	-68.71	4015.49	72	66.67	-50.71	10.63	856.34
rsi_oversold p=5 th=35	2	15	702.44	125	54.40	-70.04	6174.37	72	70.83	-57.58	20.77	1424.51
rsi_oversold p=5 th=35	2	-	1205.33	125	55.20	-70.65	3282.13	72	70.83	-69.43	62.97	668.58
rsi_oversold p=5 th=35	3	2	286.77	125	29.60	-81.15	4247.83	72	47.22	-37.35	-26.55	916.46
rsi_oversold p=5 th=35	3	3	340.93	125	41.60	-78.17	1686.44	72	50.00	-48.31	-19.15	273.48
rsi_oversold p=5 th=35	3	4	351.95	125	47.20	-76.74	1759.48	72	55.56	-60.44	-17.71	291.04
rsi_oversold p=5 th=35	3	5	127.20	125	48.80	-83.76	2498.17	72	59.72	-74.39	-53.23	471.77
rsi_oversold p=5 th=35	3	6	104.11	125	50.40	-83.94	5490.48	72	62.50	-77.47	-58.15	1242.38
rsi_oversold p=5 th=35	3	8	75.56	125	52.00	-90.55	4259.84	72	63.89	-70.94	-64.97	919.57
rsi_oversold p=5 th=35	3	10	306.77	125	54.40	-88.29	6112.13	72	66.67	-69.16	-23.75	1407.86
rsi_oversold p=5 th=35	3	15	384.94	125	54.40	-87.81	10248.82	72	70.83	-77.73	-13.51	2540.35
rsi_oversold p=5 th=35	3	-	944.29	125	55.20	-88.28	1485.84	72	70.83	-94.30	42.33	225.58
rsi_oversold p=5 th=35	4	2	171.84	125	29.60	-91.13	6399.98	72	47.22	-47.36	-44.73	1484.98
rsi_oversold p=5 th=35	4	3	152.04	125	41.60	-90.55	1771.81	72	50.00	-60.91	-48.36	294.01
rsi_oversold p=5 th=35	4	4	147.65	125	47.20	-88.79	1783.77	72	55.56	-74.95	-49.19	296.89
rsi_oversold p=5 th=35	4	5	34.48	125	48.80	-95.62	2699.88	72	59.72	-86.72	-77.34	521.97
rsi_oversold p=5 th=35	4	6	24.25	125	50.40	-96.37	6799.24	72	62.50	-87.90	-81.36	1592.42
rsi_oversold p=5 th=35	4	8	13.59	125	52.00	-98.16	4018.79	72	63.89	-82.59	-86.48	857.19
rsi_oversold p=5 th=35	4	10	83.28	125	54.40	-97.70	6028.10	72	66.67	-82.51	-63.03	1385.41
rsi_oversold p=5 th=35	4	15	108.56	125	54.40	-97.01	8924.58	72	70.83	-90.88	-57.17	2172.68
rsi_oversold p=5 th=35	4	-	435.69	125	55.20	-96.50	0.00	47	68.09	-100.00	-7.36	-100.00
rsi_oversold p=5 th=35	5	2	89.39	125	29.60	-96.19	8460.69	72	47.22	-56.19	-61.54	2044.93
rsi_oversold p=5 th=35	5	3	35.03	125	41.60	-98.07	1582.17	72	50.00	-71.28	-77.14	248.52
rsi_oversold p=5 th=35	5	4	30.62	125	47.20	-97.68	1492.91	72	55.56	-85.55	-78.78	227.26
rsi_oversold p=5 th=35	5	5	4.33	125	48.80	-99.46	2333.93	72	59.72	-93.77	-92.84	431.14
rsi_oversold p=5 th=35	5	6	2.46	125	50.40	-99.64	6328.09	72	62.50	-93.95	-94.76	1465.69
rsi_oversold p=5 th=35	5	8	0.94	125	52.00	-99.86	2513.31	72	63.89	-91.21	-96.93	475.52
rsi_oversold p=5 th=35	5	10	8.20	125	54.40	-99.82	3599.26	72	66.67	-91.27	-89.79	749.38
rsi_oversold p=5 th=35	5	15	10.08	125	54.40	-99.78	2773.80	72	70.83	-97.69	-88.55	540.45
rsi_oversold p=5 th=35	5	-	99.47	125	55.20	-99.34	0.00	47	68.09	-100.00	-59.19	-100.00
rsi_oversold p=7 th=10	1	2	546.43	18	33.33	-16.38	591.42	13	53.85	-4.57	5.05	19.96
rsi_oversold p=7 th=10	1	3	660.12	18	44.44	-12.22	542.12	13	53.85	-9.82	16.67	9.16
rsi_oversold p=7 th=10	1	4	769.42	18	61.11	-11.21	562.69	13	61.54	-10.74	27.03	13.66
rsi_oversold p=7 th=10	1	5	744.30	18	61.11	-13.94	602.36	13	69.23	-11.66	24.71	22.37
rsi_oversold p=7 th=10	1	6	713.69	18	61.11	-16.61	589.85	13	69.23	-12.58	21.84	19.62
rsi_oversold p=7 th=10	1	8	681.99	18	61.11	-18.59	557.18	13	69.23	-15.64	18.80	12.45
rsi_oversold p=7 th=10	1	10	792.85	18	66.67	-10.13	596.63	13	76.92	-10.13	29.16	21.11
rsi_oversold p=7 th=10	1	15	796.80	18	66.67	-9.69	563.77	13	76.92	-15.08	29.52	13.89
rsi_oversold p=7 th=10	1	-	796.80	18	66.67	-9.69	563.32	13	76.92	-15.15	29.52	13.80
rsi_oversold p=7 th=10	2	2	577.97	18	33.33	-30.36	684.51	13	53.85	-9.03	8.38	40.55
rsi_oversold p=7 th=10	2	3	812.47	18	44.44	-23.28	571.06	13	53.85	-19.19	30.93	15.49
rsi_oversold p=7 th=10	2	4	1102.58	18	61.11	-21.63	613.64	13	61.54	-20.90	55.11	24.85
rsi_oversold p=7 th=10	2	5	1028.01	18	61.11	-26.60	704.44	13	69.23	-22.61	49.20	44.99
rsi_oversold p=7 th=10	2	6	940.14	18	61.11	-31.36	673.66	13	69.23	-24.32	41.98	38.14
rsi_oversold p=7 th=10	2	8	851.19	18	61.11	-34.91	595.32	13	69.23	-29.96	34.36	20.82
rsi_oversold p=7 th=10	2	10	1142.04	18	66.67	-20.27	684.79	13	76.92	-20.27	58.17	40.62
rsi_oversold p=7 th=10	2	15	1154.87	18	66.67	-19.37	599.76	13	76.92	-30.17	59.15	21.80
rsi_oversold p=7 th=10	2	-	1154.87	18	66.67	-19.37	598.61	13	76.92	-30.30	59.15	21.54
rsi_oversold p=7 th=10	3	2	593.83	18	33.33	-42.26	776.37	13	53.85	-13.39	10.02	61.11
rsi_oversold p=7 th=10	3	3	943.02	18	44.44	-33.26	584.69	13	53.85	-28.14	42.22	18.48
rsi_oversold p=7 th=10	3	4	1488.31	18	61.11	-31.26	648.64	13	61.54	-30.50	83.21	32.59
rsi_oversold p=7 th=10	3	5	1331.83	18	61.11	-38.03	799.93	13	69.23	-32.86	72.26	66.41
rsi_oversold p=7 th=10	3	6	1154.12	18	61.11	-44.35	744.66	13	69.23	-35.22	59.09	53.99
rsi_oversold p=7 th=10	3	8	979.13	18	61.11	-49.07	608.05	13	69.23	-42.94	45.22	23.62
rsi_oversold p=7 th=10	3	10	1505.89	18	66.67	-30.40	753.62	13	76.92	-30.40	84.41	56.00
rsi_oversold p=7 th=10	3	15	1534.94	18	66.67	-29.06	592.82	13	76.92	-45.25	86.38	20.27
rsi_oversold p=7 th=10	3	-	1534.94	18	66.67	-29.06	590.64	13	76.92	-45.46	86.38	19.79
rsi_oversold p=7 th=10	4	2	594.32	18	33.33	-52.33	863.89	13	53.85	-17.75	10.07	80.88
rsi_oversold p=7 th=10	4	3	1040.12	18	44.44	-42.23	581.73	13	53.85	-36.64	50.17	17.83
rsi_oversold p=7 th=10	4	4	1906.74	18	61.11	-40.13	664.31	13	61.54	-39.52	110.23	36.06
rsi_oversold p=7 th=10	4	5	1629.45	18	61.11	-48.28	881.72	13	69.23	-42.39	92.66	84.93
rsi_oversold p=7 th=10	4	6	1327.41	18	61.11	-55.65	795.82	13	69.23	-45.27	71.94	65.49
rsi_oversold p=7 th=10	4	8	1039.82	18	61.11	-61.18	590.77	13	69.23	-54.60	50.15	19.82
rsi_oversold p=7 th=10	4	10	1819.48	18	66.67	-40.54	790.77	13	76.92	-40.54	104.83	64.35
rsi_oversold p=7 th=10	4	15	1874.26	18	66.67	-38.75	527.45	13	76.92	-60.34	108.23	5.96
rsi_oversold p=7 th=10	4	-	1874.26	18	66.67	-38.75	523.88	13	76.92	-60.61	108.23	5.19
rsi_oversold p=7 th=10	5	2	580.63	18	33.33	-60.84	943.88	13	53.85	-22.19	8.65	99.10
rsi_oversold p=7 th=10	5	3	1095.90	18	44.44	-50.27	561.97	13	53.85	-44.70	54.59	13.50
rsi_oversold p=7 th=10	5	4	2330.27	18	61.11	-48.26	658.44	13	61.54	-47.96	134.99	34.76
rsi_oversold p=7 th=10	5	5	1890.40	18	61.11	-57.39	942.28	13	69.23	-51.22	109.22	98.74
rsi_oversold p=7 th=10	5	6	1433.54	18	61.11	-65.37	820.55	13	69.23	-54.48	79.44	71.07
rsi_oversold p=7 th=10	5	8	1016.18	18	61.11	-71.35	541.77	13	69.23	-64.92	48.24	9.09
rsi_oversold p=7 th=10	5	10	2002.48	18	66.67	-50.67	783.57	13	76.92	-50.67	116.02	62.73
rsi_oversold p=7 th=10	5	15	2093.33	18	66.67	-48.44	390.40	13	76.92	-75.42	121.41	-23.52
rsi_oversold p=7 th=10	5	-	2093.33	18	66.67	-48.44	385.07	13	76.92	-75.76	121.41	-24.65
rsi_oversold p=7 th=15	1	2	504.73	27	33.33	-19.02	595.95	21	52.38	-9.06	0.52	20.96
rsi_oversold p=7 th=15	1	3	576.14	27	40.74	-15.52	531.66	21	52.38	-15.50	8.19	6.88
rsi_oversold p=7 th=15	1	4	631.37	27	51.85	-17.15	581.45	21	61.90	-18.07	13.83	17.77
rsi_oversold p=7 th=15	1	5	573.85	27	51.85	-22.15	603.35	21	66.67	-20.58	7.95	22.58
rsi_oversold p=7 th=15	1	6	527.51	27	51.85	-25.37	572.50	21	66.67	-23.05	3.02	15.81
rsi_oversold p=7 th=15	1	8	458.94	27	51.85	-29.29	687.39	21	71.43	-15.64	-4.65	41.19
rsi_oversold p=7 th=15	1	10	540.77	27	55.56	-18.43	704.66	21	76.19	-19.24	4.45	45.04
rsi_oversold p=7 th=15	1	15	560.32	27	55.56	-19.13	677.00	21	76.19	-27.89	6.53	38.88
rsi_oversold p=7 th=15	1	-	560.32	27	55.56	-19.13	664.66	21	76.19	-29.21	6.53	36.14
rsi_oversold p=7 th=15	2	2	490.81	27	33.33	-34.84	688.70	21	52.38	-17.50	-1.02	41.49
rsi_oversold p=7 th=15	2	3	614.00	27	40.74	-29.27	543.38	21	52.38	-29.22	12.08	9.44
rsi_oversold p=7 th=15	2	4	732.91	27	51.85	-32.24	645.91	21	61.90	-33.62	23.65	31.99
rsi_oversold p=7 th=15	2	5	599.38	27	51.85	-40.57	694.44	21	66.67	-37.83	10.59	42.77
rsi_oversold p=7 th=15	2	6	500.92	27	51.85	-45.69	621.05	21	66.67	-41.86	0.10	26.49
rsi_oversold p=7 th=15	2	8	370.13	27	51.85	-51.72	850.07	21	71.43	-29.96	-15.38	77.75
rsi_oversold p=7 th=15	2	10	509.74	27	55.56	-34.66	887.49	21	76.19	-36.43	1.08	86.24
rsi_oversold p=7 th=15	2	15	550.79	27	55.56	-36.26	797.43	21	76.19	-51.24	5.52	65.85
rsi_oversold p=7 th=15	2	-	550.79	27	55.56	-36.26	762.13	21	76.19	-53.40	5.52	57.91
rsi_oversold p=7 th=15	3	2	461.41	27	33.33	-47.92	773.31	21	52.38	-25.33	-4.36	60.42
rsi_oversold p=7 th=15	3	3	611.94	27	40.74	-41.35	534.28	21	52.38	-41.67	11.87	7.45
rsi_oversold p=7 th=15	3	4	790.35	27	51.85	-45.36	685.89	21	61.90	-46.89	28.94	40.86
rsi_oversold p=7 th=15	3	5	574.78	27	51.85	-55.59	762.55	21	66.67	-52.12	8.04	58.00
rsi_oversold p=7 th=15	3	6	430.91	27	51.85	-61.58	637.56	21	66.67	-57.00	-7.92	30.14
rsi_oversold p=7 th=15	3	8	262.18	27	51.85	-68.36	952.13	21	71.43	-42.94	-30.12	100.99
rsi_oversold p=7 th=15	3	10	418.25	27	55.56	-49.14	1001.78	21	76.19	-51.56	-9.43	112.37
rsi_oversold p=7 th=15	3	15	475.22	27	55.56	-51.39	802.41	21	76.19	-70.03	-2.78	66.97
rsi_oversold p=7 th=15	3	-	475.22	27	55.56	-51.39	734.57	21	76.19	-72.56	-2.78	51.73
rsi_oversold p=7 th=15	4	2	420.47	27	33.33	-58.66	845.01	21	52.38	-32.59	-9.17	76.60
rsi_oversold p=7 th=15	4	3	574.48	27	40.74	-51.85	505.43	21	52.38	-52.87	8.01	1.18
rsi_oversold p=7 th=15	4	4	796.80	27	51.85	-56.60	696.10	21	61.90	-58.11	29.52	43.14
rsi_oversold p=7 th=15	4	5	508.22	27	51.85	-67.60	798.21	21	66.67	-63.81	0.91	66.03
rsi_oversold p=7 th=15	4	6	336.24	27	51.85	-73.69	617.76	21	66.67	-68.97	-19.77	25.76
rsi_oversold p=7 th=15	4	8	161.75	27	51.85	-80.26	964.67	21	71.43	-54.60	-46.55	103.86
rsi_oversold p=7 th=15	4	10	295.24	27	55.56	-64.16	1005.54	21	76.19	-64.64	-25.36	113.24
rsi_oversold p=7 th=15	4	15	356.62	27	55.56	-64.51	652.94	21	76.19	-84.27	-17.10	33.54
rsi_oversold p=7 th=15	4	-	356.62	27	55.56	-64.51	551.65	21	76.19	-86.71	-17.10	11.24
rsi_oversold p=7 th=15	5	2	372.16	27	33.33	-67.48	899.63	21	52.38	-39.31	-15.12	89.01
rsi_oversold p=7 th=15	5	3	510.42	27	40.74	-60.89	459.71	21	52.38	-62.64	1.15	-8.70
rsi_oversold p=7 th=15	5	4	753.79	27	51.85	-66.09	674.41	21	61.90	-67.50	25.59	38.31
rsi_oversold p=7 th=15	5	5	414.80	27	51.85	-77.00	794.89	21	66.67	-73.23	-9.85	65.28
rsi_oversold p=7 th=15	5	6	237.29	27	51.85	-82.65	562.51	21	66.67	-78.25	-33.88	13.62
rsi_oversold p=7 th=15	5	8	85.44	27	51.85	-88.98	876.68	21	71.43	-64.92	-62.50	83.79
rsi_oversold p=7 th=15	5	10	174.84	27	55.56	-77.51	879.48	21	76.19	-75.67	-44.19	84.42
rsi_oversold p=7 th=15	5	15	227.81	27	55.56	-75.63	369.49	21	76.19	-93.96	-35.36	-27.95
rsi_oversold p=7 th=15	5	-	227.81	27	55.56	-75.63	254.63	21	76.19	-95.84	-35.36	-51.87
rsi_oversold p=7 th=20	1	2	527.31	40	32.50	-17.21	655.66	27	51.85	-13.77	3.00	34.15
rsi_oversold p=7 th=20	1	3	572.25	40	37.50	-19.08	570.95	27	51.85	-21.79	7.78	15.47
rsi_oversold p=7 th=20	1	4	625.89	40	47.50	-20.64	605.46	27	59.26	-26.47	13.28	23.05
rsi_oversold p=7 th=20	1	5	552.50	40	47.50	-25.44	639.40	27	62.96	-28.61	5.70	30.54
rsi_oversold p=7 th=20	1	6	513.15	40	47.50	-28.52	594.10	27	62.96	-32.26	1.45	20.55
rsi_oversold p=7 th=20	1	8	457.13	40	47.50	-29.56	726.22	27	66.67	-24.40	-4.85	49.86
rsi_oversold p=7 th=20	1	10	557.63	40	50.00	-26.82	728.42	27	70.37	-29.18	6.24	50.35
rsi_oversold p=7 th=20	1	15	545.97	40	50.00	-28.71	661.27	27	70.37	-40.25	5.00	35.39
rsi_oversold p=7 th=20	1	-	541.38	40	50.00	-29.31	641.56	27	70.37	-42.03	4.51	31.02
rsi_oversold p=7 th=20	2	2	524.87	40	32.50	-31.86	820.31	27	51.85	-25.98	2.73	71.01
rsi_oversold p=7 th=20	2	3	591.41	40	37.50	-35.10	615.78	27	51.85	-39.59	9.77	25.32
rsi_oversold p=7 th=20	2	4	700.03	40	47.50	-37.82	686.49	27	59.26	-46.86	20.54	40.99
rsi_oversold p=7 th=20	2	5	537.95	40	47.50	-45.46	764.27	27	62.96	-50.06	4.14	58.39
rsi_oversold p=7 th=20	2	6	457.85	40	47.50	-50.16	653.64	27	62.96	-55.33	-4.77	33.70
rsi_oversold p=7 th=20	2	8	354.54	40	47.50	-51.86	927.45	27	66.67	-44.22	-17.37	95.35
rsi_oversold p=7 th=20	2	10	524.47	40	50.00	-50.33	922.45	27	70.37	-51.77	2.69	94.21
rsi_oversold p=7 th=20	2	15	496.34	40	50.00	-53.51	725.93	27	70.37	-67.60	-0.41	49.80
rsi_oversold p=7 th=20	2	-	486.20	40	50.00	-54.46	673.88	27	70.37	-69.92	-1.54	38.19
rsi_oversold p=7 th=20	3	2	495.76	40	32.50	-44.27	983.67	27	51.85	-36.77	-0.47	108.22
rsi_oversold p=7 th=20	3	3	558.96	40	37.50	-48.43	629.28	27	51.85	-53.97	6.38	28.31
rsi_oversold p=7 th=20	3	4	707.64	40	47.50	-51.95	730.80	27	59.26	-62.33	21.26	50.89
rsi_oversold p=7 th=20	3	5	465.71	40	47.50	-60.95	855.67	27	62.96	-65.86	-3.87	79.02
rsi_oversold p=7 th=20	3	6	357.27	40	47.50	-66.22	665.98	27	62.96	-71.45	-17.02	36.44
rsi_oversold p=7 th=20	3	8	232.88	40	47.50	-68.86	1049.55	27	66.67	-60.03	-34.57	123.37
rsi_oversold p=7 th=20	3	10	414.80	40	50.00	-69.05	1017.44	27	70.37	-68.74	-9.85	115.97
rsi_oversold p=7 th=20	3	15	370.74	40	50.00	-72.86	641.06	27	70.37	-84.78	-15.30	30.91
rsi_oversold p=7 th=20	3	-	356.25	40	50.00	-73.92	554.63	27	70.37	-86.83	-17.15	11.90
rsi_oversold p=7 th=20	4	2	446.18	40	32.50	-54.70	1134.40	27	51.85	-46.26	-6.13	143.01
rsi_oversold p=7 th=20	4	3	487.11	40	37.50	-59.43	610.41	27	51.85	-65.46	-1.44	24.14
rsi_oversold p=7 th=20	4	4	650.94	40	47.50	-63.43	731.25	27	59.26	-73.87	15.77	50.99
rsi_oversold p=7 th=20	4	5	359.86	40	47.50	-72.70	897.54	27	62.96	-77.27	-16.69	88.53
rsi_oversold p=7 th=20	4	6	243.78	40	47.50	-77.83	626.96	27	62.96	-82.40	-32.88	27.79
rsi_oversold p=7 th=20	4	8	128.09	40	47.50	-83.18	1050.80	27	66.67	-72.37	-53.04	123.66
rsi_oversold p=7 th=20	4	10	271.65	40	50.00	-82.60	966.58	27	70.37	-81.01	-28.73	104.30
rsi_oversold p=7 th=20	4	15	218.86	40	50.00	-86.39	418.64	27	70.37	-94.37	-36.78	-17.51
rsi_oversold p=7 th=20	4	-	203.12	40	50.00	-87.37	317.94	27	70.37	-95.72	-39.35	-38.78
rsi_oversold p=7 th=20	5	2	383.81	40	32.50	-63.42	1261.32	27	51.85	-54.56	-13.65	172.61
rsi_oversold p=7 th=20	5	3	393.54	40	37.50	-68.41	562.29	27	51.85	-74.53	-12.44	13.57
rsi_oversold p=7 th=20	5	4	546.88	40	47.50	-72.61	687.46	27	59.26	-82.31	5.10	41.21
rsi_oversold p=7 th=20	5	5	248.16	40	47.50	-81.42	880.66	27	62.96	-85.31	-32.22	84.69
rsi_oversold p=7 th=20	5	6	144.64	40	47.50	-85.99	542.69	27	62.96	-89.61	-49.77	9.29
rsi_oversold p=7 th=20	5	8	57.71	40	47.50	-92.84	921.49	27	66.67	-81.74	-69.84	93.99
rsi_oversold p=7 th=20	5	10	142.66	40	50.00	-91.42	769.91	27	70.37	-89.45	-50.15	59.66
rsi_oversold p=7 th=20	5	15	92.61	40	50.00	-94.67	161.16	27	70.37	-98.70	-60.78	-70.69
rsi_oversold p=7 th=20	5	-	79.18	40	50.00	-95.44	88.41	27	70.37	-99.28	-64.05	-84.71
rsi_oversold p=7 th=25	1	2	432.78	71	28.17	-24.30	881.64	40	52.50	-15.55	-7.70	84.91
rsi_oversold p=7 th=25	1	3	543.02	71	40.85	-24.12	722.26	40	52.50	-23.41	4.69	48.97
rsi_oversold p=7 th=25	1	4	567.72	71	47.89	-25.97	742.41	40	57.50	-28.21	7.31	53.48
rsi_oversold p=7 th=25	1	5	484.39	71	49.30	-29.37	854.89	40	62.50	-32.34	-1.75	78.84
rsi_oversold p=7 th=25	1	6	482.58	71	50.70	-33.88	811.32	40	62.50	-36.47	-1.95	68.98
rsi_oversold p=7 th=25	1	8	510.21	71	53.52	-37.69	962.04	40	65.00	-24.40	1.13	103.26
rsi_oversold p=7 th=25	1	10	884.04	71	57.75	-27.61	923.78	40	67.50	-29.18	37.21	94.51
rsi_oversold p=7 th=25	1	15	865.55	71	57.75	-27.37	972.52	40	70.00	-40.25	35.61	105.66
rsi_oversold p=7 th=25	1	-	858.28	71	57.75	-27.98	943.53	40	70.00	-42.03	34.98	99.02
rsi_oversold p=7 th=25	2	2	340.19	71	28.17	-46.72	1422.84	40	52.50	-28.98	-19.25	210.64
rsi_oversold p=7 th=25	2	3	508.44	71	40.85	-44.63	941.96	40	52.50	-42.03	0.93	98.66
rsi_oversold p=7 th=25	2	4	546.01	71	47.89	-45.93	983.52	40	57.50	-49.46	5.01	108.18
rsi_oversold p=7 th=25	2	5	389.12	71	49.30	-51.55	1290.07	40	62.50	-55.28	-12.99	179.35
rsi_oversold p=7 th=25	2	6	378.06	71	50.70	-58.58	1149.80	40	62.50	-60.89	-14.37	146.59
rsi_oversold p=7 th=25	2	8	410.49	71	53.52	-63.69	1526.54	40	65.00	-44.22	-10.37	235.25
rsi_oversold p=7 th=25	2	10	1231.81	71	57.75	-48.81	1377.88	40	67.50	-51.77	64.95	200.02
rsi_oversold p=7 th=25	2	15	1165.74	71	57.75	-50.36	1485.16	40	70.00	-67.60	59.98	225.42
rsi_oversold p=7 th=25	2	-	1141.93	71	57.75	-51.37	1378.68	40	70.00	-69.92	58.16	200.21
rsi_oversold p=7 th=25	3	2	244.83	71	28.17	-65.31	2128.04	40	52.50	-40.54	-32.72	380.55
rsi_oversold p=7 th=25	3	3	416.65	71	40.85	-61.43	1121.21	40	52.50	-56.71	-9.63	139.95
rsi_oversold p=7 th=25	3	4	450.51	71	47.89	-61.08	1174.05	40	57.50	-65.19	-5.62	152.23
rsi_oversold p=7 th=25	3	5	261.54	71	49.30	-67.79	1734.90	40	62.50	-71.21	-30.21	285.12
rsi_oversold p=7 th=25	3	6	241.52	71	50.70	-75.54	1433.50	40	62.50	-76.78	-33.23	213.16
rsi_oversold p=7 th=25	3	8	259.36	71	53.52	-80.39	2024.02	40	65.00	-60.53	-30.53	355.14
rsi_oversold p=7 th=25	3	10	1356.15	71	57.75	-64.81	1665.14	40	67.50	-68.74	74.00	268.37
rsi_oversold p=7 th=25	3	15	1212.09	71	57.75	-69.04	1738.39	40	70.00	-84.78	63.48	285.96
rsi_oversold p=7 th=25	3	-	1164.72	71	57.75	-70.25	1504.02	40	70.00	-86.83	59.90	229.90
rsi_oversold p=7 th=25	4	2	162.30	71	28.17	-78.94	2975.50	40	52.50	-50.45	-46.45	591.07
rsi_oversold p=7 th=25	4	3	301.71	71	40.85	-74.28	1226.27	40	52.50	-68.15	-24.45	164.41
rsi_oversold p=7 th=25	4	4	321.12	71	47.89	-72.44	1269.86	40	57.50	-76.60	-21.79	174.61
rsi_oversold p=7 th=25	4	5	147.40	71	49.30	-80.23	2089.14	40	62.50	-82.02	-49.24	371.04
rsi_oversold p=7 th=25	4	6	125.37	71	50.70	-86.46	1574.75	40	62.50	-86.78	-53.60	246.74
rsi_oversold p=7 th=25	4	8	126.59	71	53.52	-90.29	2242.12	40	65.00	-75.25	-53.35	408.53
rsi_oversold p=7 th=25	4	10	1165.36	71	57.75	-79.68	1604.95	40	67.50	-81.01	59.95	253.96
rsi_oversold p=7 th=25	4	15	938.90	71	57.75	-84.11	1439.48	40	70.00	-94.37	41.87	214.58
rsi_oversold p=7 th=25	4	-	871.37	71	57.75	-85.25	1093.24	40	70.00	-95.72	36.11	133.47
rsi_oversold p=7 th=25	5	2	99.53	71	28.17	-88.04	3914.16	40	52.50	-58.91	-59.18	830.21
rsi_oversold p=7 th=25	5	3	194.26	71	40.85	-83.59	1237.11	40	52.50	-76.97	-40.83	166.94
rsi_oversold p=7 th=25	5	4	198.30	71	47.89	-80.83	1247.42	40	57.50	-84.69	-40.15	169.36
rsi_oversold p=7 th=25	5	5	69.44	71	49.30	-91.46	2254.85	40	62.50	-89.15	-66.57	411.66
rsi_oversold p=7 th=25	5	6	52.29	71	50.70	-93.57	1519.27	40	62.50	-92.84	-71.44	233.52
rsi_oversold p=7 th=25	5	8	46.27	71	53.52	-95.68	2050.19	40	65.00	-85.81	-73.32	361.52
rsi_oversold p=7 th=25	5	10	758.06	71	57.75	-89.85	1186.36	40	67.50	-89.45	25.99	155.10
rsi_oversold p=7 th=25	5	15	492.11	71	57.75	-93.70	673.21	40	70.00	-98.70	-0.88	38.04
rsi_oversold p=7 th=25	5	-	420.71	71	57.75	-94.61	369.33	40	70.00	-99.28	-9.14	-27.99
rsi_oversold p=7 th=30	1	2	458.67	89	30.34	-30.54	702.31	57	45.61	-24.41	-4.68	44.52
rsi_oversold p=7 th=30	1	3	474.98	89	41.57	-39.16	561.55	57	47.37	-34.69	-2.81	13.41
rsi_oversold p=7 th=30	1	4	470.19	89	47.19	-35.26	587.69	57	52.63	-31.01	-3.35	19.14
rsi_oversold p=7 th=30	1	5	399.40	89	49.44	-41.56	635.85	57	56.14	-37.34	-11.72	29.76
rsi_oversold p=7 th=30	1	6	410.17	89	51.69	-43.99	574.08	57	56.14	-43.44	-10.41	16.15
rsi_oversold p=7 th=30	1	8	422.81	89	53.93	-45.62	616.70	57	57.89	-33.25	-8.89	25.53
rsi_oversold p=7 th=30	1	10	708.28	89	57.30	-37.39	630.61	57	61.40	-42.82	21.33	28.60
rsi_oversold p=7 th=30	1	15	692.70	89	57.30	-39.07	712.11	57	64.91	-50.58	19.84	46.71
rsi_oversold p=7 th=30	1	-	889.55	89	58.43	-39.58	566.41	57	64.91	-60.69	37.68	14.47
rsi_oversold p=7 th=30	2	2	374.29	89	30.34	-55.72	875.83	57	45.61	-44.95	-14.85	83.59
rsi_oversold p=7 th=30	2	3	362.41	89	41.57	-66.24	550.03	57	47.37	-61.01	-16.36	10.89
rsi_oversold p=7 th=30	2	4	347.32	89	47.19	-63.00	590.97	57	52.63	-54.03	-18.31	19.86
rsi_oversold p=7 th=30	2	5	244.49	89	49.44	-72.79	679.91	57	56.14	-63.86	-32.77	39.53
rsi_oversold p=7 th=30	2	6	252.34	89	51.69	-71.19	543.64	57	56.14	-71.00	-31.59	9.49
rsi_oversold p=7 th=30	2	8	259.16	89	53.93	-73.06	582.57	57	57.89	-62.20	-30.57	18.02
rsi_oversold p=7 th=30	2	10	721.53	89	57.30	-64.97	592.75	57	61.40	-71.66	22.58	20.25
rsi_oversold p=7 th=30	2	15	681.14	89	57.30	-67.30	731.33	57	64.91	-79.64	18.72	51.00
rsi_oversold p=7 th=30	2	-	1168.79	89	58.43	-67.97	381.42	57	64.91	-89.38	60.21	-25.43
rsi_oversold p=7 th=30	3	2	274.37	89	30.34	-74.03	979.68	57	45.61	-62.95	-28.33	107.30
rsi_oversold p=7 th=30	3	3	218.94	89	41.57	-83.55	473.74	57	47.37	-78.66	-36.77	-5.68
rsi_oversold p=7 th=30	3	4	198.12	89	47.19	-83.93	511.97	57	52.63	-72.75	-40.18	2.60
rsi_oversold p=7 th=30	3	5	112.24	89	49.44	-90.24	614.80	57	56.14	-81.23	-56.36	25.11
rsi_oversold p=7 th=30	3	6	113.41	89	51.69	-89.41	425.02	57	56.14	-86.59	-56.11	-16.15
rsi_oversold p=7 th=30	3	8	111.01	89	53.93	-90.14	422.41	57	57.89	-81.98	-56.63	-16.70
rsi_oversold p=7 th=30	3	10	511.59	89	57.30	-82.78	410.47	57	61.40	-88.33	1.28	-19.25
rsi_oversold p=7 th=30	3	15	455.30	89	57.30	-84.96	516.09	57	64.91	-93.44	-5.07	3.49
rsi_oversold p=7 th=30	3	-	1116.90	89	58.43	-85.55	72.17	57	64.91	-99.08	56.23	-87.73
rsi_oversold p=7 th=30	4	2	181.99	89	30.34	-85.91	988.43	57	45.61	-76.57	-42.94	109.31
rsi_oversold p=7 th=30	4	3	98.14	89	41.57	-93.46	359.97	57	47.37	-89.30	-59.50	-29.96
rsi_oversold p=7 th=30	4	4	81.51	89	47.19	-94.84	382.68	57	52.63	-85.65	-63.46	-25.16
rsi_oversold p=7 th=30	4	5	35.89	89	49.44	-97.49	469.86	57	56.14	-91.43	-76.83	-6.52
rsi_oversold p=7 th=30	4	6	34.36	89	51.69	-97.34	272.42	57	56.14	-94.51	-77.38	-48.22
rsi_oversold p=7 th=30	4	8	30.21	89	53.93	-97.77	231.52	57	57.89	-93.12	-78.94	-56.59
rsi_oversold p=7 th=30	4	10	229.48	89	57.30	-93.17	201.55	57	61.40	-96.38	-35.10	-62.65
rsi_oversold p=7 th=30	4	15	183.66	89	57.30	-94.53	220.93	57	64.91	-98.55	-42.65	-58.74
rsi_oversold p=7 th=30	4	-	737.11	89	58.43	-94.77	0.00	41	65.85	-100.00	24.04	-100.00
rsi_oversold p=7 th=30	5	2	109.81	89	30.34	-92.90	901.27	57	45.61	-86.26	-56.89	89.38
rsi_oversold p=7 th=30	5	3	24.26	89	41.57	-98.61	241.07	57	47.37	-95.11	-81.36	-54.65
rsi_oversold p=7 th=30	5	4	17.90	89	47.19	-99.09	246.05	57	52.63	-93.23	-84.25	-53.63
rsi_oversold p=7 th=30	5	5	5.87	89	49.44	-99.66	301.64	57	56.14	-96.54	-91.52	-42.17
rsi_oversold p=7 th=30	5	6	5.11	89	51.69	-99.66	141.03	57	56.14	-98.03	-92.14	-74.63
rsi_oversold p=7 th=30	5	8	3.72	89	53.93	-99.76	92.76	57	57.89	-97.92	-93.42	-83.89
rsi_oversold p=7 th=30	5	10	46.03	89	57.30	-99.00	65.15	57	61.40	-99.18	-73.39	-89.02
rsi_oversold p=7 th=30	5	15	29.58	89	57.30	-99.36	41.45	57	64.91	-99.84	-79.18	-93.27
rsi_oversold p=7 th=30	5	-	291.84	89	58.43	-98.68	0.00	41	65.85	-100.00	-25.83	-100.00
rsi_oversold p=7 th=35	1	2	423.99	114	28.95	-37.37	825.87	67	44.78	-23.50	-8.75	72.27
rsi_oversold p=7 th=35	1	3	551.41	114	41.23	-42.28	662.69	67	47.76	-28.24	5.58	35.70
rsi_oversold p=7 th=35	1	4	567.63	114	46.49	-37.43	694.83	67	53.73	-33.90	7.30	42.85
rsi_oversold p=7 th=35	1	5	487.12	114	49.12	-43.54	750.85	67	56.72	-39.17	-1.44	55.38
rsi_oversold p=7 th=35	1	6	469.71	114	50.88	-44.33	663.82	67	56.72	-44.07	-3.41	35.96
rsi_oversold p=7 th=35	1	8	437.70	114	52.63	-46.88	683.33	67	58.21	-31.68	-7.12	40.29
rsi_oversold p=7 th=35	1	10	714.14	114	55.26	-42.62	718.03	67	61.19	-36.36	21.88	48.03
rsi_oversold p=7 th=35	1	15	718.17	114	55.26	-42.23	766.17	67	64.18	-51.37	22.26	58.81
rsi_oversold p=7 th=35	1	-	922.25	114	56.14	-42.72	583.81	67	64.18	-62.94	40.47	18.29
rsi_oversold p=7 th=35	2	2	310.53	114	28.95	-64.79	1173.69	67	44.78	-43.05	-23.23	152.15
rsi_oversold p=7 th=35	2	3	457.33	114	41.23	-69.92	740.76	67	47.76	-49.23	-4.83	53.12
rsi_oversold p=7 th=35	2	4	473.09	114	46.49	-63.18	797.02	67	53.73	-57.21	-3.02	65.76
rsi_oversold p=7 th=35	2	5	338.06	114	49.12	-71.86	913.87	67	56.72	-64.07	-19.53	92.25
rsi_oversold p=7 th=35	2	6	305.14	114	50.88	-71.30	698.79	67	56.72	-69.95	-23.98	43.73
rsi_oversold p=7 th=35	2	8	251.74	114	52.63	-73.89	682.70	67	58.21	-57.52	-31.68	40.15
rsi_oversold p=7 th=35	2	10	659.82	114	55.26	-71.16	734.74	67	61.19	-65.82	16.64	51.77
rsi_oversold p=7 th=35	2	15	662.21	114	55.26	-70.98	793.96	67	64.18	-81.27	16.88	65.07
rsi_oversold p=7 th=35	2	-	1136.30	114	56.14	-71.58	371.79	67	64.18	-91.23	57.73	-27.47
rsi_oversold p=7 th=35	3	2	198.81	114	28.95	-82.11	1457.25	67	44.78	-59.15	-40.07	218.79
rsi_oversold p=7 th=35	3	3	283.83	114	41.23	-86.26	707.59	67	47.76	-66.65	-26.97	45.70
rsi_oversold p=7 th=35	3	4	287.10	114	46.49	-81.04	763.39	67	53.73	-72.93	-26.51	58.19
rsi_oversold p=7 th=35	3	5	164.87	114	49.12	-88.02	910.58	67	56.72	-79.47	-45.98	91.50
rsi_oversold p=7 th=35	3	6	134.37	114	50.88	-88.08	585.99	67	56.72	-84.59	-51.78	18.77
rsi_oversold p=7 th=35	3	8	91.86	114	52.63	-91.81	500.57	67	58.21	-80.33	-60.96	0.12
rsi_oversold p=7 th=35	3	10	381.02	114	55.26	-87.56	530.32	67	61.19	-85.34	-14.00	6.59
rsi_oversold p=7 th=35	3	15	375.44	114	55.26	-87.68	524.51	67	64.18	-94.70	-14.70	5.32
rsi_oversold p=7 th=35	3	-	920.99	114	56.14	-88.16	59.01	67	64.18	-99.40	40.36	-90.13
rsi_oversold p=7 th=35	4	2	112.27	114	28.95	-91.73	1595.22	67	44.78	-72.28	-56.36	251.63
rsi_oversold p=7 th=35	4	3	124.27	114	41.23	-94.90	581.39	67	47.76	-81.38	-53.83	17.76
rsi_oversold p=7 th=35	4	4	119.15	114	46.49	-93.97	613.29	67	53.73	-83.31	-54.89	24.78
rsi_oversold p=7 th=35	4	5	52.71	114	49.12	-96.65	744.34	67	56.72	-88.70	-71.32	53.92
rsi_oversold p=7 th=35	4	6	37.10	114	50.88	-97.25	389.51	67	56.72	-92.50	-76.40	-23.71
rsi_oversold p=7 th=35	4	8	19.24	114	52.63	-98.48	265.06	67	58.21	-92.85	-83.60	-49.73
rsi_oversold p=7 th=35	4	10	123.75	114	55.26	-96.25	259.41	67	61.19	-95.51	-53.93	-50.89
rsi_oversold p=7 th=35	4	15	115.34	114	55.26	-96.51	189.67	67	64.18	-99.06	-55.70	-65.03
rsi_oversold p=7 th=35	4	-	462.91	114	56.14	-96.11	0.00	47	63.83	-100.00	-4.19	-100.00
rsi_oversold p=7 th=35	5	2	56.30	114	28.95	-96.52	1546.64	67	44.78	-82.32	-70.25	240.04
rsi_oversold p=7 th=35	5	3	28.64	114	41.23	-98.86	411.52	67	47.76	-90.66	-79.55	-19.03
rsi_oversold p=7 th=35	5	4	25.11	114	46.49	-98.99	412.76	67	53.73	-90.01	-80.99	-18.76
rsi_oversold p=7 th=35	5	5	8.14	114	49.12	-99.57	496.86	67	56.72	-94.86	-89.83	-0.68
rsi_oversold p=7 th=35	5	6	4.68	114	50.88	-99.70	202.29	67	56.72	-97.43	-92.52	-62.50
rsi_oversold p=7 th=35	5	8	1.63	114	52.63	-99.89	97.67	67	58.21	-98.02	-95.84	-82.96
rsi_oversold p=7 th=35	5	10	15.66	114	55.26	-99.63	79.39	67	61.19	-99.07	-85.38	-86.39
rsi_oversold p=7 th=35	5	15	12.50	114	55.26	-99.71	25.17	67	64.18	-99.93	-87.10	-96.08
rsi_oversold p=7 th=35	5	-	123.31	114	56.14	-99.12	0.00	47	63.83	-100.00	-54.03	-100.00
rsi_oversold p=14 th=10	1	2	488.93	1	0.00	-2.21	520.97	1	100.00	0.00	-1.24	4.55
rsi_oversold p=14 th=10	1	3	483.98	1	0.00	-3.20	520.97	1	100.00	0.00	-1.79	4.55
rsi_oversold p=14 th=10	1	4	521.25	1	100.00	0.00	520.97	1	100.00	0.00	2.34	4.55
rsi_oversold p=14 th=10	1	5	521.25	1	100.00	0.00	520.97	1	100.00	0.00	2.34	4.55
rsi_oversold p=14 th=10	1	6	521.25	1	100.00	0.00	520.97	1	100.00	0.00	2.34	4.55
rsi_oversold p=14 th=10	1	8	521.25	1	100.00	0.00	520.97	1	100.00	0.00	2.34	4.55
rsi_oversold p=14 th=10	1	10	521.25	1	100.00	0.00	520.97	1	100.00	0.00	2.34	4.55
rsi_oversold p=14 th=10	1	15	521.25	1	100.00	0.00	520.97	1	100.00	0.00	2.34	4.55
rsi_oversold p=14 th=10	1	-	521.25	1	100.00	0.00	520.97	1	100.00	0.00	2.34	4.55
rsi_oversold p=14 th=10	2	2	477.85	1	0.00	-4.43	541.94	1	100.00	0.00	-2.48	9.12
rsi_oversold p=14 th=10	2	3	467.95	1	0.00	-6.41	541.94	1	100.00	0.00	-3.61	9.12
rsi_oversold p=14 th=10	2	4	542.51	1	100.00	0.00	541.94	1	100.00	0.00	4.63	9.12
rsi_oversold p=14 th=10	2	5	542.51	1	100.00	0.00	541.94	1	100.00	0.00	4.63	9.12
rsi_oversold p=14 th=10	2	6	542.51	1	100.00	0.00	541.94	1	100.00	0.00	4.63	9.12
rsi_oversold p=14 th=10	2	8	542.51	1	100.00	0.00	541.94	1	100.00	0.00	4.63	9.12
rsi_oversold p=14 th=10	2	10	542.51	1	100.00	0.00	541.94	1	100.00	0.00	4.63	9.12
rsi_oversold p=14 th=10	2	15	542.51	1	100.00	0.00	541.94	1	100.00	0.00	4.63	9.12
rsi_oversold p=14 th=10	2	-	542.51	1	100.00	0.00	541.94	1	100.00	0.00	4.63	9.12
rsi_oversold p=14 th=10	3	2	466.78	1	0.00	-6.64	562.90	1	100.00	0.00	-3.74	13.70
rsi_oversold p=14 th=10	3	3	451.93	1	0.00	-9.61	562.90	1	100.00	0.00	-5.46	13.70
rsi_oversold p=14 th=10	3	4	563.76	1	100.00	0.00	562.90	1	100.00	0.00	6.89	13.70
rsi_oversold p=14 th=10	3	5	563.76	1	100.00	0.00	562.90	1	100.00	0.00	6.89	13.70
rsi_oversold p=14 th=10	3	6	563.76	1	100.00	0.00	562.90	1	100.00	0.00	6.89	13.70
rsi_oversold p=14 th=10	3	8	563.76	1	100.00	0.00	562.90	1	100.00	0.00	6.89	13.70
rsi_oversold p=14 th=10	3	10	563.76	1	100.00	0.00	562.90	1	100.00	0.00	6.89	13.70
rsi_oversold p=14 th=10	3	15	563.76	1	100.00	0.00	562.90	1	100.00	0.00	6.89	13.70
rsi_oversold p=14 th=10	3	-	563.76	1	100.00	0.00	562.90	1	100.00	0.00	6.89	13.70
rsi_oversold p=14 th=10	4	2	455.70	1	0.00	-8.86	583.87	1	100.00	0.00	-5.02	18.30
rsi_oversold p=14 th=10	4	3	435.90	1	0.00	-12.82	583.87	1	100.00	0.00	-7.33	18.30
rsi_oversold p=14 th=10	4	4	585.01	1	100.00	0.00	583.87	1	100.00	0.00	9.11	18.30
rsi_oversold p=14 th=10	4	5	585.01	1	100.00	0.00	583.87	1	100.00	0.00	9.11	18.30
rsi_oversold p=14 th=10	4	6	585.01	1	100.00	0.00	583.87	1	100.00	0.00	9.11	18.30
rsi_oversold p=14 th=10	4	8	585.01	1	100.00	0.00	583.87	1	100.00	0.00	9.11	18.30
rsi_oversold p=14 th=10	4	10	585.01	1	100.00	0.00	583.87	1	100.00	0.00	9.11	18.30
rsi_oversold p=14 th=10	4	15	585.01	1	100.00	0.00	583.87	1	100.00	0.00	9.11	18.30
rsi_oversold p=14 th=10	4	-	585.01	1	100.00	0.00	583.87	1	100.00	0.00	9.11	18.30
rsi_oversold p=14 th=10	5	2	444.63	1	0.00	-11.07	604.84	1	100.00	0.00	-6.31	22.91
rsi_oversold p=14 th=10	5	3	419.88	1	0.00	-16.02	604.84	1	100.00	0.00	-9.24	22.91
rsi_oversold p=14 th=10	5	4	606.26	1	100.00	0.00	604.84	1	100.00	0.00	11.29	22.91
rsi_oversold p=14 th=10	5	5	606.26	1	100.00	0.00	604.84	1	100.00	0.00	11.29	22.91
rsi_oversold p=14 th=10	5	6	606.26	1	100.00	0.00	604.84	1	100.00	0.00	11.29	22.91
rsi_oversold p=14 th=10	5	8	606.26	1	100.00	0.00	604.84	1	100.00	0.00	11.29	22.91
rsi_oversold p=14 th=10	5	10	606.26	1	100.00	0.00	604.84	1	100.00	0.00	11.29	22.91
rsi_oversold p=14 th=10	5	15	606.26	1	100.00	0.00	604.84	1	100.00	0.00	11.29	22.91
rsi_oversold p=14 th=10	5	-	606.26	1	100.00	0.00	604.84	1	100.00	0.00	11.29	22.91
rsi_oversold p=14 th=15	1	2	486.78	6	16.67	-10.63	514.27	3	66.67	-2.21	-1.48	3.10
rsi_oversold p=14 th=15	1	3	462.63	6	16.67	-15.07	509.06	3	66.67	-3.20	-4.22	1.97
rsi_oversold p=14 th=15	1	4	498.97	6	33.33	-12.06	503.85	3	66.67	-4.19	-0.11	0.84
rsi_oversold p=14 th=15	1	5	483.66	6	33.33	-14.76	498.65	3	66.67	-5.18	-1.83	-0.29
rsi_oversold p=14 th=15	1	6	468.67	6	33.33	-17.40	493.44	3	66.67	-6.17	-3.53	-1.42
rsi_oversold p=14 th=15	1	8	481.98	6	33.33	-15.06	654.53	3	100.00	0.00	-2.02	33.90
rsi_oversold p=14 th=15	1	10	577.82	6	50.00	-7.52	654.53	3	100.00	0.00	8.36	33.90
rsi_oversold p=14 th=15	1	15	577.82	6	50.00	-7.52	654.53	3	100.00	0.00	8.36	33.90
rsi_oversold p=14 th=15	1	-	577.82	6	50.00	-7.52	654.53	3	100.00	0.00	8.36	33.90
rsi_oversold p=14 th=15	2	2	469.51	6	16.67	-20.34	527.77	3	66.67	-4.43	-3.43	6.03
rsi_oversold p=14 th=15	2	3	422.84	6	16.67	-28.26	516.83	3	66.67	-6.41	-8.88	3.65
rsi_oversold p=14 th=15	2	4	490.93	6	33.33	-23.12	505.90	3	66.67	-8.39	-1.01	1.28
rsi_oversold p=14 th=15	2	5	459.78	6	33.33	-27.99	494.97	3	66.67	-10.37	-4.55	-1.09
rsi_oversold p=14 th=15	2	6	429.98	6	33.33	-32.66	484.03	3	66.67	-12.35	-8.03	-3.46
rsi_oversold p=14 th=15	2	8	455.59	6	33.33	-28.65	822.34	3	100.00	0.00	-5.03	71.47
rsi_oversold p=14 th=15	2	10	654.44	6	50.00	-14.75	822.34	3	100.00	0.00	16.12	71.47
rsi_oversold p=14 th=15	2	15	654.44	6	50.00	-14.75	822.34	3	100.00	0.00	16.12	71.47
rsi_oversold p=14 th=15	2	-	654.44	6	50.00	-14.75	822.34	3	100.00	0.00	16.12	71.47
rsi_oversold p=14 th=15	3	2	449.02	6	16.67	-29.19	540.48	3	66.67	-6.64	-5.79	8.80
rsi_oversold p=14 th=15	3	3	381.98	6	16.67	-39.76	523.28	3	66.67	-9.61	-13.88	5.06
rsi_oversold p=14 th=15	3	4	476.49	6	33.33	-33.20	506.09	3	66.67	-12.58	-2.64	1.32
rsi_oversold p=14 th=15	3	5	429.55	6	33.33	-39.78	488.89	3	66.67	-15.55	-8.08	-2.41
rsi_oversold p=14 th=15	3	6	385.80	6	33.33	-45.91	471.70	3	66.67	-18.52	-13.40	-6.12
rsi_oversold p=14 th=15	3	8	421.95	6	33.33	-40.85	1003.70	3	100.00	0.00	-8.99	112.82
rsi_oversold p=14 th=15	3	10	728.02	6	50.00	-21.69	1003.70	3	100.00	0.00	23.19	112.82
rsi_oversold p=14 th=15	3	15	728.02	6	50.00	-21.69	1003.70	3	100.00	0.00	23.19	112.82
rsi_oversold p=14 th=15	3	-	728.02	6	50.00	-21.69	1003.70	3	100.00	0.00	23.19	112.82
rsi_oversold p=14 th=15	4	2	426.08	6	16.67	-37.23	552.36	3	66.67	-8.86	-8.50	11.40
rsi_oversold p=14 th=15	4	3	341.19	6	16.67	-49.74	528.36	3	66.67	-12.82	-19.12	6.16
rsi_oversold p=14 th=15	4	4	456.35	6	33.33	-42.36	504.36	3	66.67	-16.78	-4.94	0.95
rsi_oversold p=14 th=15	4	5	394.26	6	33.33	-50.21	480.36	3	66.67	-20.74	-12.36	-4.25
rsi_oversold p=14 th=15	4	6	338.07	6	33.33	-57.30	456.36	3	66.67	-24.70	-19.53	-9.42
rsi_oversold p=14 th=15	4	8	382.29	6	33.33	-51.72	1198.92	3	100.00	0.00	-13.84	158.02
rsi_oversold p=14 th=15	4	10	796.76	6	50.00	-28.35	1198.92	3	100.00	0.00	29.52	158.02
rsi_oversold p=14 th=15	4	15	796.76	6	50.00	-28.35	1198.92	3	100.00	0.00	29.52	158.02
rsi_oversold p=14 th=15	4	-	796.76	6	50.00	-28.35	1198.92	3	100.00	0.00	29.52	158.02
rsi_oversold p=14 th=15	5	2	401.36	6	16.67	-44.53	563.40	3	66.67	-11.07	-11.48	13.81
rsi_oversold p=14 th=15	5	3	301.37	6	16.67	-58.35	532.04	3	66.67	-16.02	-24.50	6.96
rsi_oversold p=14 th=15	5	4	431.30	6	33.33	-50.65	500.68	3	66.67	-20.97	-7.88	0.15
rsi_oversold p=14 th=15	5	5	355.22	6	33.33	-59.35	469.32	3	66.67	-25.92	-17.29	-6.63
rsi_oversold p=14 th=15	5	6	288.66	6	33.33	-66.97	437.96	3	66.67	-30.87	-26.28	-13.38
rsi_oversold p=14 th=15	5	8	337.90	6	33.33	-61.33	1408.29	3	100.00	0.00	-19.55	207.20
rsi_oversold p=14 th=15	5	10	858.89	6	50.00	-34.72	1408.29	3	100.00	0.00	35.03	207.20
rsi_oversold p=14 th=15	5	15	858.89	6	50.00	-34.72	1408.29	3	100.00	0.00	35.03	207.20
rsi_oversold p=14 th=15	5	-	858.89	6	50.00	-34.72	1408.29	3	100.00	0.00	35.03	207.20
rsi_oversold p=14 th=20	1	2	483.79	13	23.08	-18.67	597.33	7	57.14	-2.51	-1.81	21.26
rsi_oversold p=14 th=20	1	3	438.90	13	23.08	-25.46	579.37	7	57.14	-4.47	-6.98	17.31
rsi_oversold p=14 th=20	1	4	469.54	13	38.46	-19.43	607.57	7	71.43	-6.42	-3.43	23.52
rsi_oversold p=14 th=20	1	5	436.61	13	38.46	-24.30	624.80	7	71.43	-5.18	-7.25	27.32
rsi_oversold p=14 th=20	1	6	414.19	13	38.46	-27.43	618.28	7	71.43	-6.17	-9.92	25.88
rsi_oversold p=14 th=20	1	8	412.26	13	38.46	-27.15	820.13	7	85.71	-0.45	-10.16	70.97
rsi_oversold p=14 th=20	1	10	505.60	13	46.15	-12.27	820.13	7	85.71	-0.45	0.62	70.97
rsi_oversold p=14 th=20	1	15	505.60	13	46.15	-12.27	820.13	7	85.71	-0.45	0.62	70.97
rsi_oversold p=14 th=20	1	-	505.60	13	46.15	-12.27	820.13	7	85.71	-0.45	0.62	70.97
rsi_oversold p=14 th=20	2	2	458.95	13	23.08	-34.17	692.67	7	57.14	-5.09	-4.64	42.37
rsi_oversold p=14 th=20	2	3	375.61	13	23.08	-44.99	650.50	7	57.14	-8.98	-14.68	33.00
rsi_oversold p=14 th=20	2	4	428.13	13	38.46	-35.94	714.12	7	71.43	-12.79	-8.25	47.16
rsi_oversold p=14 th=20	2	5	367.41	13	38.46	-43.81	755.82	7	71.43	-10.37	-15.72	56.49
rsi_oversold p=14 th=20	2	6	328.34	13	38.46	-48.65	739.12	7	71.43	-12.35	-20.82	52.75
rsi_oversold p=14 th=20	2	8	324.17	13	38.46	-48.37	1255.72	7	85.71	-0.90	-21.38	171.30
rsi_oversold p=14 th=20	2	10	489.15	13	46.15	-23.98	1255.72	7	85.71	-0.90	-1.21	171.30
rsi_oversold p=14 th=20	2	15	489.15	13	46.15	-23.98	1255.72	7	85.71	-0.90	-1.21	171.30
rsi_oversold p=14 th=20	2	-	489.15	13	46.15	-23.98	1255.72	7	85.71	-0.90	-1.21	171.30
rsi_oversold p=14 th=20	3	2	427.64	13	23.08	-46.99	785.05	7	57.14	-7.73	-8.31	63.06
rsi_oversold p=14 th=20	3	3	313.79	13	23.08	-59.83	712.49	7	57.14	-13.50	-22.79	46.79
rsi_oversold p=14 th=20	3	4	379.40	13	38.46	-49.78	817.31	7	71.43	-19.10	-14.21	70.34
rsi_oversold p=14 th=20	3	5	297.86	13	38.46	-59.18	891.03	7	71.43	-15.55	-24.99	87.05
rsi_oversold p=14 th=20	3	6	248.63	13	38.46	-64.69	859.69	7	71.43	-18.52	-32.15	79.93
rsi_oversold p=14 th=20	3	8	242.32	13	38.46	-64.55	1829.30	7	85.71	-1.35	-33.11	307.88
rsi_oversold p=14 th=20	3	10	453.13	13	46.15	-35.04	1829.30	7	85.71	-1.35	-5.32	307.88
rsi_oversold p=14 th=20	3	15	453.13	13	46.15	-35.04	1829.30	7	85.71	-1.35	-5.32	307.88
rsi_oversold p=14 th=20	3	-	453.13	13	46.15	-35.04	1829.30	7	85.71	-1.35	-5.32	307.88
rsi_oversold p=14 th=20	4	2	391.92	13	23.08	-57.54	873.54	7	57.14	-10.43	-12.64	83.07
rsi_oversold p=14 th=20	4	3	256.12	13	23.08	-71.00	764.55	7	57.14	-18.04	-31.02	58.45
rsi_oversold p=14 th=20	4	4	326.86	13	38.46	-61.22	914.71	7	71.43	-25.32	-21.02	92.44
rsi_oversold p=14 th=20	4	5	232.36	13	38.46	-71.06	1028.02	7	71.43	-20.74	-34.65	118.41
rsi_oversold p=14 th=20	4	6	179.28	13	38.46	-76.49	976.65	7	71.43	-24.70	-43.41	106.61
rsi_oversold p=14 th=20	4	8	171.28	13	38.46	-76.55	2565.79	7	85.71	-1.80	-44.82	488.56
rsi_oversold p=14 th=20	4	10	401.72	13	46.15	-45.35	2565.79	7	85.71	-1.80	-11.44	488.56
rsi_oversold p=14 th=20	4	15	401.72	13	46.15	-45.35	2565.79	7	85.71	-1.80	-11.44	488.56
rsi_oversold p=14 th=20	4	-	401.72	13	46.15	-45.35	2565.79	7	85.71	-1.80	-11.44	488.56
rsi_oversold p=14 th=20	5	2	353.65	13	23.08	-66.19	957.24	7	57.14	-13.18	-17.49	102.16
rsi_oversold p=14 th=20	5	3	204.31	13	23.08	-79.31	806.12	7	57.14	-22.57	-39.15	67.81
rsi_oversold p=14 th=20	5	4	273.71	13	38.46	-70.55	1003.83	7	71.43	-31.43	-28.43	112.85
rsi_oversold p=14 th=20	5	5	174.03	13	38.46	-80.02	1163.93	7	71.43	-25.92	-44.33	149.87
rsi_oversold p=14 th=20	5	6	122.51	13	38.46	-84.93	1086.16	7	71.43	-30.87	-54.19	131.83
rsi_oversold p=14 th=20	5	8	113.58	13	38.46	-85.18	3492.62	7	85.71	-2.25	-56.08	722.14
rsi_oversold p=14 th=20	5	10	340.13	13	46.15	-55.62	3492.62	7	85.71	-2.25	-19.25	722.14
rsi_oversold p=14 th=20	5	15	340.13	13	46.15	-55.62	3492.62	7	85.71	-2.25	-19.25	722.14
rsi_oversold p=14 th=20	5	-	340.13	13	46.15	-55.62	3492.62	7	85.71	-2.25	-19.25	722.14
rsi_oversold p=14 th=25	1	2	509.89	27	29.63	-12.77	536.97	16	50.00	-12.87	1.09	8.04
rsi_oversold p=14 th=25	1	3	480.54	27	37.04	-17.55	528.14	16	56.25	-13.75	-2.18	6.11
rsi_oversold p=14 th=25	1	4	551.69	27	48.15	-13.38	553.67	16	62.50	-14.89	5.61	11.69
rsi_oversold p=14 th=25	1	5	514.02	27	48.15	-16.91	582.31	16	62.50	-12.48	1.55	17.96
rsi_oversold p=14 th=25	1	6	477.49	27	48.15	-18.65	570.21	16	62.50	-13.39	-2.52	15.30
rsi_oversold p=14 th=25	1	8	455.42	27	48.15	-18.70	740.39	16	68.75	-11.29	-5.05	53.03
rsi_oversold p=14 th=25	1	10	585.69	27	51.85	-12.70	724.42	16	68.75	-11.29	9.18	49.46
rsi_oversold p=14 th=25	1	15	585.69	27	51.85	-12.70	707.78	16	68.75	-15.51	9.18	45.74
rsi_oversold p=14 th=25	1	-	585.69	27	51.85	-12.70	691.05	16	68.75	-17.51	9.18	42.01
rsi_oversold p=14 th=25	2	2	500.46	27	29.63	-25.53	547.40	16	50.00	-25.25	0.05	10.31
rsi_oversold p=14 th=25	2	3	440.61	27	37.04	-34.13	527.72	16	56.25	-26.80	-6.78	6.02
rsi_oversold p=14 th=25	2	4	578.15	27	48.15	-25.60	578.53	16	62.50	-28.98	8.40	17.13
rsi_oversold p=14 th=25	2	5	497.80	27	48.15	-31.83	640.93	16	62.50	-24.83	-0.24	30.88
rsi_oversold p=14 th=25	2	6	425.42	27	48.15	-34.85	612.91	16	62.50	-26.49	-8.58	24.69
rsi_oversold p=14 th=25	2	8	382.93	27	48.15	-37.75	994.20	16	68.75	-22.49	-13.76	110.63
rsi_oversold p=14 th=25	2	10	638.71	27	51.85	-25.32	947.11	16	68.75	-22.49	14.56	99.84
rsi_oversold p=14 th=25	2	15	638.71	27	51.85	-25.32	893.65	16	68.75	-30.88	14.56	87.65
rsi_oversold p=14 th=25	2	-	638.71	27	51.85	-25.32	842.22	16	68.75	-34.86	14.56	75.97
rsi_oversold p=14 th=25	3	2	474.25	27	29.63	-37.72	531.23	16	50.00	-37.15	-2.89	6.79
rsi_oversold p=14 th=25	3	3	386.38	27	37.04	-48.98	500.07	16	56.25	-39.15	-13.33	0.02
rsi_oversold p=14 th=25	3	4	576.61	27	48.15	-36.68	571.77	16	62.50	-42.17	8.24	15.65
rsi_oversold p=14 th=25	3	5	454.42	27	48.15	-44.85	668.32	16	62.50	-36.95	-5.17	36.95
rsi_oversold p=14 th=25	3	6	353.10	27	48.15	-48.75	622.10	16	62.50	-39.17	-17.56	26.72
rsi_oversold p=14 th=25	3	8	295.79	27	48.15	-55.37	1227.07	16	68.75	-33.59	-25.28	164.60
rsi_oversold p=14 th=25	3	10	648.49	27	51.85	-37.55	1130.40	16	68.75	-33.59	15.53	142.08
rsi_oversold p=14 th=25	3	15	648.49	27	51.85	-37.55	1008.77	16	68.75	-46.12	15.53	113.98
rsi_oversold p=14 th=25	3	-	648.49	27	51.85	-37.55	897.56	16	68.75	-52.06	15.53	88.54
rsi_oversold p=14 th=25	4	2	434.94	27	29.63	-48.92	489.76	16	50.00	-48.57	-7.45	-2.22
rsi_oversold p=14 th=25	4	3	324.56	27	37.04	-61.69	448.36	16	56.25	-50.80	-21.33	-11.14
rsi_oversold p=14 th=25	4	4	547.87	27	48.15	-46.63	533.08	16	62.50	-54.38	5.21	7.19
rsi_oversold p=14 th=25	4	5	390.72	27	48.15	-56.09	658.44	16	62.50	-48.73	-12.79	34.76
rsi_oversold p=14 th=25	4	6	272.09	27	48.15	-62.82	594.22	16	62.50	-51.29	-28.66	20.58
rsi_oversold p=14 th=25	4	8	208.15	27	48.15	-70.30	1396.51	16	68.75	-44.58	-38.52	204.42
rsi_oversold p=14 th=25	4	10	611.52	27	51.85	-49.14	1231.93	16	68.75	-44.58	11.82	165.73
rsi_oversold p=14 th=25	4	15	611.52	27	51.85	-49.14	996.75	16	68.75	-61.22	11.82	111.22
rsi_oversold p=14 th=25	4	-	611.52	27	51.85	-49.14	794.11	16	68.75	-69.11	11.82	65.10
rsi_oversold p=14 th=25	5	2	386.77	27	29.63	-58.91	425.52	16	50.00	-59.51	-13.28	-16.04
rsi_oversold p=14 th=25	5	3	261.41	27	37.04	-72.12	377.16	16	56.25	-61.76	-30.23	-26.33
rsi_oversold p=14 th=25	5	4	496.01	27	48.15	-55.51	464.79	16	62.50	-65.56	-0.44	-7.61
rsi_oversold p=14 th=25	5	5	315.77	27	48.15	-65.65	607.56	16	62.50	-60.07	-22.52	23.51
rsi_oversold p=14 th=25	5	6	193.57	27	48.15	-74.92	528.96	16	62.50	-62.74	-40.95	6.29
rsi_oversold p=14 th=25	5	8	131.73	27	48.15	-81.89	1456.55	16	68.75	-55.49	-52.31	218.63
rsi_oversold p=14 th=25	5	10	532.60	27	51.85	-59.87	1212.17	16	68.75	-55.49	3.57	161.12
rsi_oversold p=14 th=25	5	15	532.60	27	51.85	-59.87	801.28	16	68.75	-76.19	3.57	66.72
rsi_oversold p=14 th=25	5	-	532.60	27	51.85	-59.87	471.18	16	68.75	-86.00	3.57	-6.23
rsi_oversold p=14 th=30	1	2	545.19	54	33.33	-22.64	451.00	28	39.29	-19.42	4.92	-10.58
rsi_oversold p=14 th=30	1	3	487.40	54	40.74	-29.38	413.77	28	42.86	-21.38	-1.41	-18.55
rsi_oversold p=14 th=30	1	4	513.31	54	48.15	-22.62	440.69	28	50.00	-21.92	1.47	-12.79
rsi_oversold p=14 th=30	1	5	414.66	54	48.15	-32.88	430.97	28	50.00	-22.09	-9.87	-14.87
rsi_oversold p=14 th=30	1	6	418.13	54	50.00	-26.42	392.12	28	50.00	-27.61	-9.45	-23.16
rsi_oversold p=14 th=30	1	8	419.45	54	51.85	-26.71	449.97	28	53.57	-24.88	-9.29	-10.80
rsi_oversold p=14 th=30	1	10	735.37	54	57.41	-15.41	574.05	28	60.71	-17.38	23.88	16.15
rsi_oversold p=14 th=30	1	15	721.50	54	57.41	-15.51	770.21	28	67.86	-15.51	22.58	59.72
rsi_oversold p=14 th=30	1	-	721.50	54	57.41	-15.51	752.00	28	67.86	-17.51	22.58	55.63
rsi_oversold p=14 th=30	2	2	548.31	54	33.33	-40.81	380.63	28	39.29	-35.81	5.25	-25.60
rsi_oversold p=14 th=30	2	3	431.52	54	40.74	-52.15	317.99	28	42.86	-41.24	-7.85	-38.77
rsi_oversold p=14 th=30	2	4	472.06	54	48.15	-41.76	357.10	28	50.00	-40.45	-3.14	-30.57
rsi_oversold p=14 th=30	2	5	301.04	54	48.15	-57.79	339.50	28	50.00	-43.72	-24.54	-34.27
rsi_oversold p=14 th=30	2	6	302.58	54	50.00	-50.27	277.66	28	50.00	-51.87	-24.33	-47.14
rsi_oversold p=14 th=30	2	8	300.10	54	51.85	-50.05	344.32	28	53.57	-45.82	-24.68	-33.26
rsi_oversold p=14 th=30	2	10	926.37	54	57.41	-30.14	556.43	28	60.71	-33.13	40.82	12.29
rsi_oversold p=14 th=30	2	15	887.05	54	57.41	-32.76	1027.35	28	67.86	-30.88	37.47	118.25
rsi_oversold p=14 th=30	2	-	887.05	54	57.41	-32.76	968.22	28	67.86	-34.86	37.47	104.68
rsi_oversold p=14 th=30	3	2	512.04	54	33.33	-55.22	301.05	28	39.29	-49.52	1.33	-42.30
rsi_oversold p=14 th=30	3	3	348.86	54	40.74	-68.88	227.16	28	42.86	-59.06	-18.11	-57.48
rsi_oversold p=14 th=30	3	4	390.34	54	48.15	-58.75	266.14	28	50.00	-57.48	-12.84	-49.51
rsi_oversold p=14 th=30	3	5	191.30	54	48.15	-75.22	244.21	28	50.00	-62.33	-41.33	-54.01
rsi_oversold p=14 th=30	3	6	188.80	54	50.00	-71.07	176.92	28	50.00	-70.69	-41.76	-67.57
rsi_oversold p=14 th=30	3	8	181.38	54	51.85	-72.21	224.53	28	53.57	-63.08	-43.04	-58.01
rsi_oversold p=14 th=30	3	10	999.02	54	57.41	-47.56	455.98	28	60.71	-47.48	46.85	-9.51
rsi_oversold p=14 th=30	3	15	926.26	54	57.41	-51.38	1189.59	28	67.86	-46.12	40.81	155.85
rsi_oversold p=14 th=30	3	-	926.26	54	57.41	-51.38	1058.46	28	67.86	-52.06	40.81	125.43
rsi_oversold p=14 th=30	4	2	446.21	54	33.33	-66.50	222.31	28	39.29	-63.42	-6.12	-58.46
rsi_oversold p=14 th=30	4	3	258.44	54	40.74	-80.58	150.17	28	42.86	-73.34	-30.67	-72.85
rsi_oversold p=14 th=30	4	4	290.63	54	48.15	-72.24	181.48	28	50.00	-72.33	-26.00	-66.66
rsi_oversold p=14 th=30	4	5	106.05	54	48.15	-86.47	159.33	28	50.00	-76.79	-57.72	-71.05
rsi_oversold p=14 th=30	4	6	100.78	54	50.00	-85.71	100.43	28	50.00	-83.79	-58.90	-82.44
rsi_oversold p=14 th=30	4	8	91.05	54	51.85	-87.09	123.28	28	53.57	-77.35	-61.15	-78.08
rsi_oversold p=14 th=30	4	10	914.51	54	57.41	-64.27	310.85	28	60.71	-61.01	39.82	-40.26
rsi_oversold p=14 th=30	4	15	810.80	54	57.41	-68.32	1169.73	28	67.86	-61.22	30.78	151.22
rsi_oversold p=14 th=30	4	-	810.80	54	57.41	-68.32	931.93	28	67.86	-69.11	30.78	96.37
rsi_oversold p=14 th=30	5	2	364.17	54	33.33	-75.23	151.71	28	39.29	-75.91	-16.13	-72.54
rsi_oversold p=14 th=30	5	3	175.79	54	40.74	-88.37	90.86	28	42.86	-83.96	-44.02	-84.25
rsi_oversold p=14 th=30	5	4	194.75	54	48.15	-82.29	111.86	28	50.00	-83.48	-40.75	-80.27
rsi_oversold p=14 th=30	5	5	50.95	54	48.15	-93.56	92.96	28	50.00	-87.01	-71.85	-83.85
rsi_oversold p=14 th=30	5	6	45.43	54	50.00	-94.01	49.86	28	50.00	-92.00	-73.59	-91.78
rsi_oversold p=14 th=30	5	8	36.96	54	51.85	-95.13	55.43	28	53.57	-89.74	-76.44	-90.78
rsi_oversold p=14 th=30	5	10	697.32	54	57.41	-78.23	169.77	28	60.71	-73.27	20.28	-68.98
rsi_oversold p=14 th=30	5	15	578.54	54	57.41	-81.94	905.89	28	67.86	-76.19	8.44	90.43
rsi_oversold p=14 th=30	5	-	578.54	54	57.41	-81.94	532.70	28	67.86	-86.00	8.44	7.11
rsi_oversold p=14 th=35	1	2	461.63	73	31.51	-22.29	717.33	44	45.45	-23.82	-4.34	47.87
rsi_oversold p=14 th=35	1	3	656.17	73	42.47	-22.15	662.09	44	50.00	-22.08	16.29	35.57
rsi_oversold p=14 th=35	1	4	647.61	73	47.95	-26.09	727.88	44	56.82	-17.83	15.44	50.23
rsi_oversold p=14 th=35	1	5	495.65	73	47.95	-29.70	833.36	44	61.36	-16.22	-0.48	73.96
rsi_oversold p=14 th=35	1	6	469.29	73	49.32	-34.68	734.72	44	61.36	-18.82	-3.46	51.76
rsi_oversold p=14 th=35	1	8	458.35	73	50.68	-37.06	790.85	44	63.64	-22.60	-4.71	64.37
rsi_oversold p=14 th=35	1	10	873.97	73	54.79	-31.19	1135.06	44	70.45	-18.57	36.34	143.16
rsi_oversold p=14 th=35	1	15	810.26	73	54.79	-31.26	1439.04	44	75.00	-15.13	30.73	214.48
rsi_oversold p=14 th=35	1	-	729.97	73	54.79	-31.26	1346.01	44	75.00	-18.65	23.37	192.50
rsi_oversold p=14 th=35	2	2	387.09	73	31.51	-41.14	907.29	44	45.45	-42.73	-13.24	90.75
rsi_oversold p=14 th=35	2	3	727.95	73	42.47	-39.90	765.26	44	50.00	-40.11	23.18	58.61
rsi_oversold p=14 th=35	2	4	695.62	73	47.95	-46.06	910.86	44	56.82	-34.46	20.12	91.56
rsi_oversold p=14 th=35	2	5	395.90	73	47.95	-51.87	1179.30	44	61.36	-31.02	-12.15	153.45
rsi_oversold p=14 th=35	2	6	347.98	73	49.32	-58.84	901.94	44	61.36	-35.49	-18.22	89.53
rsi_oversold p=14 th=35	2	8	325.10	73	50.68	-62.12	973.61	44	63.64	-42.17	-21.25	105.91
rsi_oversold p=14 th=35	2	10	1196.53	73	54.79	-54.22	2005.65	44	70.45	-35.36	62.31	350.67
rsi_oversold p=14 th=35	2	15	1003.47	73	54.79	-54.33	3243.26	44	75.00	-30.26	47.21	658.72
rsi_oversold p=14 th=35	2	-	761.65	73	54.79	-54.33	2744.45	44	75.00	-37.30	26.32	533.10
rsi_oversold p=14 th=35	3	2	296.97	73	31.51	-57.74	1023.07	44	45.45	-57.57	-25.11	117.27
rsi_oversold p=14 th=35	3	3	695.66	73	42.47	-55.16	780.09	44	50.00	-54.68	20.12	61.95
rsi_oversold p=14 th=35	3	4	629.95	73	47.95	-61.17	989.23	44	56.82	-49.52	13.68	109.49
rsi_oversold p=14 th=35	3	5	257.78	73	47.95	-67.99	1429.93	44	61.36	-44.30	-30.77	212.32
rsi_oversold p=14 th=35	3	6	205.19	73	49.32	-75.09	930.35	44	61.36	-49.97	-39.01	96.01
rsi_oversold p=14 th=35	3	8	178.14	73	50.68	-78.35	940.75	44	63.64	-58.54	-43.61	98.39
rsi_oversold p=14 th=35	3	10	1293.93	73	54.79	-70.70	2782.20	44	70.45	-50.24	69.52	542.55
rsi_oversold p=14 th=35	3	15	943.71	73	54.79	-70.83	5709.69	44	75.00	-45.39	42.28	1300.56
rsi_oversold p=14 th=35	3	-	508.58	73	54.79	-70.83	4087.58	44	75.00	-55.95	0.95	874.97
rsi_oversold p=14 th=35	4	2	209.58	73	31.51	-72.59	1031.77	44	45.45	-69.08	-38.29	119.27
rsi_oversold p=14 th=35	4	3	579.78	73	42.47	-67.71	702.95	44	50.00	-66.30	8.56	44.66
rsi_oversold p=14 th=35	4	4	485.54	73	47.95	-72.47	933.51	44	56.82	-62.73	-1.62	96.73
rsi_oversold p=14 th=35	4	5	137.30	73	47.95	-82.09	1485.87	44	61.36	-56.01	-51.20	225.58
rsi_oversold p=14 th=35	4	6	95.90	73	49.32	-86.40	803.01	44	61.36	-62.28	-60.01	67.11
rsi_oversold p=14 th=35	4	8	74.25	73	50.68	-89.47	706.03	44	63.64	-71.73	-65.31	45.35
rsi_oversold p=14 th=35	4	10	1098.69	73	54.79	-82.10	2989.22	44	70.45	-63.14	54.81	594.52
rsi_oversold p=14 th=35	4	15	649.73	73	54.79	-82.22	7502.88	44	75.00	-60.52	15.65	1783.05
rsi_oversold p=14 th=35	4	-	98.37	73	54.79	-95.46	3827.86	44	75.00	-74.60	-59.45	808.01
rsi_oversold p=14 th=35	5	2	136.60	73	31.51	-83.38	925.90	44	45.45	-77.90	-51.34	95.00
rsi_oversold p=14 th=35	5	3	424.77	73	42.47	-77.46	556.51	44	50.00	-75.44	-8.65	12.31
rsi_oversold p=14 th=35	5	4	319.96	73	47.95	-80.81	759.61	44	56.82	-73.95	-21.95	57.34
rsi_oversold p=14 th=35	5	5	59.63	73	47.95	-92.20	1310.86	44	61.36	-66.15	-69.28	184.23
rsi_oversold p=14 th=35	5	6	35.09	73	49.32	-95.37	571.28	44	61.36	-73.09	-77.12	15.54
rsi_oversold p=14 th=35	5	8	22.83	73	50.68	-96.99	399.22	44	63.64	-81.88	-81.97	-21.65
rsi_oversold p=14 th=35	5	10	716.30	73	54.79	-89.67	2390.10	44	70.45	-74.02	22.09	445.01
rsi_oversold p=14 th=35	5	15	296.09	73	54.79	-89.78	6354.12	44	75.00	-75.64	-25.24	1472.67
rsi_oversold p=14 th=35	5	-	0.00	51	50.98	-100.00	1025.77	44	75.00	-93.25	-100.00	117.89
rsi_cross50 p=5	1	2	371.11	43	27.91	-27.15	642.43	25	32.00	-12.84	-15.25	31.21
rsi_cross50 p=5	1	3	429.10	43	39.53	-23.70	586.70	25	36.00	-17.16	-8.14	18.92
rsi_cross50 p=5	1	4	454.07	43	44.19	-23.98	498.22	25	36.00	-22.05	-5.21	-0.39
rsi_cross50 p=5	1	5	473.48	43	46.51	-24.40	572.12	25	48.00	-20.46	-2.98	15.72
rsi_cross50 p=5	1	6	463.97	43	48.84	-24.06	505.42	25	48.00	-24.48	-4.07	1.18
rsi_cross50 p=5	1	8	460.79	43	48.84	-27.13	502.04	25	52.00	-29.97	-4.43	0.44
rsi_cross50 p=5	1	10	826.45	43	51.16	-26.55	507.97	25	52.00	-26.06	32.17	1.73
rsi_cross50 p=5	1	15	778.51	43	51.16	-30.82	507.77	25	56.00	-33.99	27.86	1.69
rsi_cross50 p=5	1	-	858.21	43	51.16	-23.73	568.08	25	56.00	-25.76	34.97	14.84
rsi_cross50 p=5	2	2	253.73	43	27.91	-51.10	766.65	25	32.00	-24.65	-31.38	58.92
rsi_cross50 p=5	2	3	332.33	43	39.53	-43.12	634.66	25	36.00	-32.14	-20.29	29.49
rsi_cross50 p=5	2	4	369.75	43	44.19	-44.20	451.54	25	36.00	-40.21	-15.42	-10.46
rsi_cross50 p=5	2	5	399.22	43	46.51	-44.45	589.73	25	48.00	-37.77	-11.75	19.59
rsi_cross50 p=5	2	6	380.66	43	48.84	-44.45	452.96	25	48.00	-44.35	-14.05	-10.15
rsi_cross50 p=5	2	8	372.94	43	48.84	-48.23	438.43	25	52.00	-52.50	-15.02	-13.27
rsi_cross50 p=5	2	10	1063.65	43	51.16	-48.40	443.35	25	52.00	-47.01	52.05	-12.22
rsi_cross50 p=5	2	15	924.59	43	51.16	-55.15	428.81	25	56.00	-59.36	40.67	-15.34
rsi_cross50 p=5	2	-	1149.64	43	51.16	-44.23	555.08	25	56.00	-46.71	58.75	11.99
rsi_cross50 p=5	3	2	157.88	43	27.91	-70.11	858.96	25	32.00	-35.39	-47.26	79.76
rsi_cross50 p=5	3	3	229.57	43	39.53	-62.77	639.36	25	36.00	-45.04	-35.09	30.53
rsi_cross50 p=5	3	4	266.58	43	44.19	-61.16	375.33	25	36.00	-54.91	-29.47	-26.72
rsi_cross50 p=5	3	5	295.45	43	46.51	-61.47	551.83	25	48.00	-52.27	-25.33	11.28
rsi_cross50 p=5	3	6	271.74	43	48.84	-61.47	361.49	25	48.00	-60.10	-28.71	-29.64
rsi_cross50 p=5	3	8	260.13	43	48.84	-64.31	332.14	25	52.00	-69.00	-30.42	-35.81
rsi_cross50 p=5	3	10	1117.85	43	51.16	-65.95	329.16	25	52.00	-63.46	56.30	-36.44
rsi_cross50 p=5	3	15	866.77	43	51.16	-73.60	289.67	25	56.00	-77.97	35.72	-44.66
rsi_cross50 p=5	3	-	1256.10	43	51.16	-61.74	457.63	25	56.00	-65.20	66.75	-9.15
rsi_cross50 p=5	4	2	87.04	43	27.91	-83.81	910.45	25	32.00	-45.07	-62.11	91.47
rsi_cross50 p=5	4	3	137.67	43	39.53	-78.51	603.98	25	36.00	-56.01	-51.13	22.73
rsi_cross50 p=5	4	4	165.46	43	44.19	-76.61	287.52	25	36.00	-66.61	-45.87	-45.10
rsi_cross50 p=5	4	5	186.19	43	46.51	-75.42	470.49	25	48.00	-64.17	-42.21	-6.38
rsi_cross50 p=5	4	6	163.38	43	48.84	-75.42	256.74	25	48.00	-72.27	-46.25	-51.44
rsi_cross50 p=5	4	8	150.71	43	48.84	-79.30	215.91	25	52.00	-80.70	-48.61	-59.75
rsi_cross50 p=5	4	10	953.05	43	51.16	-79.60	203.10	25	52.00	-76.05	43.06	-62.33
rsi_cross50 p=5	4	15	619.15	43	51.16	-86.75	143.11	25	56.00	-91.18	12.60	-74.23
rsi_cross50 p=5	4	-	1097.64	43	51.16	-76.51	303.13	25	56.00	-81.32	54.72	-41.87
rsi_cross50 p=5	5	2	39.70	43	27.91	-92.74	918.03	25	32.00	-53.70	-75.49	93.20
rsi_cross50 p=5	5	3	66.91	43	39.53	-89.79	537.56	25	36.00	-65.24	-67.26	8.17
rsi_cross50 p=5	5	4	82.42	43	44.19	-88.77	203.43	25	36.00	-75.76	-63.24	-62.27
rsi_cross50 p=5	5	5	92.88	43	46.51	-87.06	365.69	25	48.00	-73.73	-60.72	-28.75
rsi_cross50 p=5	5	6	76.67	43	48.84	-88.11	161.44	25	48.00	-81.41	-64.69	-70.63
rsi_cross50 p=5	5	8	66.75	43	48.84	-91.21	117.98	25	52.00	-88.68	-67.30	-79.09
rsi_cross50 p=5	5	10	617.62	43	51.16	-89.74	99.75	25	52.00	-89.19	12.44	-82.57
rsi_cross50 p=5	5	15	291.92	43	51.16	-95.15	40.97	25	56.00	-97.84	-25.82	-93.36
rsi_cross50 p=5	5	-	675.91	43	51.16	-88.77	141.91	25	56.00	-92.52	18.21	-74.46
rsi_cross50 p=7	1	2	397.89	37	35.14	-25.95	849.79	19	42.11	-7.76	-11.91	77.69
rsi_cross50 p=7	1	3	536.11	37	48.65	-21.97	853.24	19	47.37	-10.41	3.95	78.47
rsi_cross50 p=7	1	4	515.51	37	51.35	-21.32	772.51	19	47.37	-14.90	1.71	60.24
rsi_cross50 p=7	1	5	478.75	37	54.05	-22.03	899.76	19	63.16	-19.21	-2.38	89.04
rsi_cross50 p=7	1	6	445.73	37	54.05	-24.85	1103.02	19	68.42	-12.01	-6.18	135.73
rsi_cross50 p=7	1	8	449.06	37	54.05	-22.74	1201.08	19	73.68	-8.41	-5.79	158.53
rsi_cross50 p=7	1	10	507.51	37	54.05	-21.47	1173.63	19	73.68	-10.18	0.83	152.13
rsi_cross50 p=7	1	15	464.54	37	54.05	-27.89	1108.95	19	73.68	-15.13	-4.00	137.11
rsi_cross50 p=7	1	-	561.14	37	54.05	-22.10	1136.57	19	73.68	-13.01	6.61	143.51
rsi_cross50 p=7	2	2	296.08	37	35.14	-47.34	1311.22	19	42.11	-15.12	-25.24	184.32
rsi_cross50 p=7	2	3	524.74	37	48.65	-41.86	1310.49	19	47.37	-20.41	2.72	184.15
rsi_cross50 p=7	2	4	480.43	37	51.35	-41.18	1065.70	19	47.37	-28.48	-2.19	127.10
rsi_cross50 p=7	2	5	409.79	37	54.05	-42.44	1435.66	19	63.16	-35.88	-10.46	213.68
rsi_cross50 p=7	2	6	351.48	37	54.05	-46.80	2122.12	19	68.42	-23.25	-17.77	379.10
rsi_cross50 p=7	2	8	353.96	37	54.05	-43.77	2519.95	19	73.68	-16.78	-17.45	477.17
rsi_cross50 p=7	2	10	453.68	37	54.05	-40.38	2393.68	19	73.68	-20.36	-5.25	445.89
rsi_cross50 p=7	2	15	368.29	37	54.05	-51.24	2096.13	19	73.68	-30.26	-15.61	372.75
rsi_cross50 p=7	2	-	569.38	37	54.05	-41.44	2223.20	19	73.68	-26.03	7.48	403.88
rsi_cross50 p=7	3	2	203.41	37	35.14	-64.55	1873.10	19	42.11	-22.09	-39.30	318.48
rsi_cross50 p=7	3	3	463.76	37	48.65	-59.23	1847.54	19	47.37	-29.88	-4.09	312.29
rsi_cross50 p=7	3	4	399.88	37	51.35	-58.86	1337.36	19	47.37	-40.67	-11.66	190.47
rsi_cross50 p=7	3	5	309.22	37	54.05	-60.40	2069.11	19	63.16	-50.09	-23.41	366.14
rsi_cross50 p=7	3	6	241.20	37	54.05	-65.45	3641.50	19	68.42	-33.72	-33.28	760.19
rsi_cross50 p=7	3	8	240.02	37	54.05	-62.12	4719.18	19	73.68	-25.10	-33.46	1039.25
rsi_cross50 p=7	3	10	348.89	37	54.05	-56.74	4326.65	19	73.68	-30.54	-18.11	936.92
rsi_cross50 p=7	3	15	238.26	37	54.05	-70.03	3401.69	19	73.68	-45.39	-33.73	698.97
rsi_cross50 p=7	3	-	517.32	37	54.05	-58.03	3796.68	19	73.68	-39.04	1.91	799.99
rsi_cross50 p=7	4	2	125.53	37	35.14	-78.59	2510.37	19	42.11	-28.68	-53.57	474.79
rsi_cross50 p=7	4	3	360.57	37	48.65	-73.87	2422.67	19	47.37	-38.75	-16.60	453.06
rsi_cross50 p=7	4	4	289.24	37	51.35	-73.86	1545.15	19	47.37	-51.46	-26.20	239.69
rsi_cross50 p=7	4	5	199.66	37	54.05	-75.38	2725.00	19	63.16	-61.97	-39.92	528.24
rsi_cross50 p=7	4	6	139.38	37	54.05	-80.41	5652.81	19	68.42	-43.43	-50.79	1285.45
rsi_cross50 p=7	4	8	134.72	37	54.05	-77.16	7990.99	19	73.68	-33.37	-51.71	1916.17
rsi_cross50 p=7	4	10	220.36	37	54.05	-74.55	6998.91	19	73.68	-40.72	-36.54	1646.35
rsi_cross50 p=7	4	15	114.59	37	54.05	-86.76	4661.41	19	73.68	-60.52	-55.86	1024.15
rsi_cross50 p=7	4	-	413.09	37	54.05	-71.86	5659.61	19	73.68	-52.06	-10.06	1287.25
rsi_cross50 p=7	5	2	64.98	37	35.14	-89.04	3186.40	19	42.11	-34.90	-67.78	644.31
rsi_cross50 p=7	5	3	230.48	37	48.65	-85.72	2982.25	19	47.37	-46.97	-34.94	592.77
rsi_cross50 p=7	5	4	169.63	37	51.35	-85.94	1656.53	19	47.37	-60.88	-45.12	266.30
rsi_cross50 p=7	5	5	102.62	37	54.05	-87.12	3302.55	19	63.16	-71.70	-58.48	673.76
rsi_cross50 p=7	5	6	62.83	37	54.05	-90.91	8006.47	19	68.42	-52.37	-68.38	1920.41
rsi_cross50 p=7	5	8	57.49	37	54.05	-89.55	12313.35	19	73.68	-41.60	-69.90	3121.40
rsi_cross50 p=7	5	10	103.04	37	54.05	-89.23	10143.34	19	73.68	-50.89	-58.39	2510.91
rsi_cross50 p=7	5	15	32.41	37	54.05	-96.61	5030.99	19	73.68	-75.64	-78.10	1121.06
rsi_cross50 p=7	5	-	279.89	37	54.05	-82.94	7214.16	19	73.68	-65.07	-27.54	1704.64
rsi_cross50 p=14	1	2	499.79	25	32.00	-15.45	432.28	12	16.67	-23.71	-0.02	-14.59
rsi_cross50 p=14	1	3	595.17	25	44.00	-17.66	368.05	12	16.67	-33.71	10.15	-28.26
rsi_cross50 p=14	1	4	563.57	25	44.00	-23.37	339.43	12	16.67	-37.60	6.87	-34.28
rsi_cross50 p=14	1	5	571.42	25	48.00	-28.75	318.91	12	16.67	-40.14	7.69	-38.58
rsi_cross50 p=14	1	6	524.29	25	48.00	-33.79	307.43	12	16.67	-43.59	2.67	-40.97
rsi_cross50 p=14	1	8	647.75	25	56.00	-29.02	282.31	12	16.67	-47.08	15.46	-46.18
rsi_cross50 p=14	1	10	686.37	25	56.00	-23.13	264.38	12	16.67	-49.44	19.23	-49.87
rsi_cross50 p=14	1	15	674.10	25	56.00	-27.36	256.74	12	25.00	-50.90	18.04	-51.44
rsi_cross50 p=14	1	-	622.65	25	56.00	-32.91	311.73	12	25.00	-40.38	12.95	-40.07
rsi_cross50 p=14	2	2	479.25	25	32.00	-28.92	363.06	12	16.67	-42.49	-2.33	-29.31
rsi_cross50 p=14	2	3	665.21	25	44.00	-32.78	257.96	12	16.67	-57.39	17.17	-51.19
rsi_cross50 p=14	2	4	592.78	25	44.00	-42.13	217.90	12	16.67	-62.44	9.91	-59.35
rsi_cross50 p=14	2	5	606.43	25	48.00	-50.34	191.12	12	16.67	-65.58	11.31	-64.74
rsi_cross50 p=14	2	6	504.90	25	48.00	-57.53	176.46	12	16.67	-69.67	0.54	-67.66
rsi_cross50 p=14	2	8	769.27	25	56.00	-51.04	145.81	12	16.67	-73.75	27.02	-73.70
rsi_cross50 p=14	2	10	865.87	25	56.00	-42.16	125.53	12	16.67	-77.00	35.64	-77.64
rsi_cross50 p=14	2	15	825.67	25	56.00	-49.34	111.74	12	25.00	-79.53	32.11	-80.29
rsi_cross50 p=14	2	-	672.40	25	56.00	-58.74	174.48	12	25.00	-68.03	17.87	-68.05
rsi_cross50 p=14	3	2	442.39	25	32.00	-40.59	296.67	12	16.67	-57.23	-6.57	-43.21
rsi_cross50 p=14	3	3	701.76	25	44.00	-45.64	171.42	12	16.67	-73.63	20.70	-68.66
rsi_cross50 p=14	3	4	584.36	25	44.00	-56.97	131.60	12	16.67	-78.36	9.04	-76.47
rsi_cross50 p=14	3	5	599.58	25	48.00	-66.22	106.94	12	16.67	-81.19	10.61	-81.21
rsi_cross50 p=14	3	6	446.98	25	48.00	-73.71	93.82	12	16.67	-84.61	-6.03	-83.69
rsi_cross50 p=14	3	8	837.30	25	56.00	-67.40	67.93	12	16.67	-88.05	33.14	-88.51
rsi_cross50 p=14	3	10	1002.66	25	56.00	-57.63	52.36	12	16.67	-90.79	47.14	-91.33
rsi_cross50 p=14	3	15	909.02	25	56.00	-66.67	38.69	12	25.00	-93.20	39.35	-93.76
rsi_cross50 p=14	3	-	586.15	25	56.00	-78.51	85.09	12	25.00	-85.04	9.23	-85.33
rsi_cross50 p=14	4	2	394.01	25	32.00	-50.64	235.98	12	16.67	-68.66	-12.39	-55.68
rsi_cross50 p=14	4	3	701.25	25	44.00	-56.46	107.07	12	16.67	-84.46	20.65	-81.18
rsi_cross50 p=14	4	4	541.23	25	44.00	-68.55	74.05	12	16.67	-88.20	4.50	-87.38
rsi_cross50 p=14	4	5	552.94	25	48.00	-77.64	55.26	12	16.67	-90.66	5.74	-90.81
rsi_cross50 p=14	4	6	363.12	25	48.00	-84.38	45.60	12	16.67	-92.74	-16.27	-92.54
rsi_cross50 p=14	4	8	831.83	25	56.00	-79.23	27.93	12	16.67	-95.28	32.65	-95.61
rsi_cross50 p=14	4	10	1059.14	25	56.00	-70.03	18.53	12	16.67	-96.87	51.69	-97.19
rsi_cross50 p=14	4	15	874.63	25	56.00	-80.01	9.38	12	25.00	-98.41	36.40	-98.66
rsi_cross50 p=14	4	-	302.88	25	56.00	-93.08	34.11	12	25.00	-94.23	-24.29	-94.55
rsi_cross50 p=14	5	2	339.09	25	32.00	-59.25	182.63	12	16.67	-77.42	-19.39	-66.43
rsi_cross50 p=14	5	3	665.21	25	44.00	-65.49	61.87	12	16.67	-91.42	17.17	-89.61
rsi_cross50 p=14	5	4	471.43	25	44.00	-77.44	38.15	12	16.67	-94.03	-3.21	-93.85
rsi_cross50 p=14	5	5	475.26	25	48.00	-85.66	25.87	12	16.67	-95.79	-2.78	-95.96
rsi_cross50 p=14	5	6	269.44	25	48.00	-91.16	19.83	12	16.67	-96.88	-29.05	-96.97
rsi_cross50 p=14	5	8	747.64	25	56.00	-87.45	9.78	12	16.67	-98.41	25.02	-98.59
rsi_cross50 p=14	5	10	1006.96	25	56.00	-79.71	5.25	12	16.67	-99.15	47.49	-99.28
rsi_cross50 p=14	5	15	681.66	25	56.00	-89.89	1.16	12	25.00	-99.81	18.77	-99.86
rsi_cross50 p=14	5	-	0.00	6	33.33	-100.00	9.81	12	25.00	-98.40	-100.00	-98.59
bb_lower p=10 sd=1.5	1	2	483.19	78	28.21	-28.66	773.37	50	46.00	-22.27	-1.88	60.43
bb_lower p=10 sd=1.5	1	3	429.20	78	37.18	-44.50	597.32	50	46.00	-33.56	-8.13	21.26
bb_lower p=10 sd=1.5	1	4	458.69	78	44.87	-37.91	643.31	50	52.00	-29.15	-4.67	31.41
bb_lower p=10 sd=1.5	1	5	388.99	78	47.44	-43.12	674.53	50	56.00	-35.47	-13.01	38.34
bb_lower p=10 sd=1.5	1	6	350.18	78	47.44	-43.70	738.01	50	58.00	-31.18	-17.94	52.50
bb_lower p=10 sd=1.5	1	8	302.54	78	47.44	-52.22	777.26	50	60.00	-22.52	-24.34	61.31
bb_lower p=10 sd=1.5	1	10	456.30	78	51.28	-48.43	774.67	50	62.00	-30.44	-4.95	60.73
bb_lower p=10 sd=1.5	1	15	478.36	78	51.28	-45.94	853.14	50	66.00	-43.38	-2.43	78.44
bb_lower p=10 sd=1.5	1	-	615.39	78	52.56	-35.46	792.95	50	66.00	-47.38	12.22	64.84
bb_lower p=10 sd=1.5	2	2	412.14	78	28.21	-52.25	1070.29	50	46.00	-41.40	-10.17	128.16
bb_lower p=10 sd=1.5	2	3	293.85	78	37.18	-71.67	627.35	50	46.00	-58.61	-25.55	27.88
bb_lower p=10 sd=1.5	2	4	328.29	78	44.87	-64.80	715.45	50	52.00	-52.05	-20.83	47.45
bb_lower p=10 sd=1.5	2	5	230.38	78	47.44	-70.64	772.17	50	56.00	-60.62	-34.96	60.16
bb_lower p=10 sd=1.5	2	6	182.64	78	47.44	-74.11	895.06	50	58.00	-55.12	-42.82	87.97
bb_lower p=10 sd=1.5	2	8	131.54	78	47.44	-81.96	919.12	50	60.00	-44.45	-52.35	93.45
bb_lower p=10 sd=1.5	2	10	291.00	78	51.28	-79.28	892.34	50	62.00	-56.80	-25.95	87.35
bb_lower p=10 sd=1.5	2	15	317.68	78	51.28	-77.38	1039.79	50	66.00	-73.53	-22.26	121.12
bb_lower p=10 sd=1.5	2	-	547.51	78	52.56	-65.56	866.67	50	66.00	-77.93	5.17	81.51
bb_lower p=10 sd=1.5	3	2	315.17	78	28.21	-69.89	1339.14	50	46.00	-57.19	-22.60	190.89
bb_lower p=10 sd=1.5	3	3	159.08	78	37.18	-87.10	584.10	50	46.00	-75.78	-47.04	18.35
bb_lower p=10 sd=1.5	3	4	181.30	78	44.87	-83.84	692.82	50	52.00	-68.98	-43.06	42.40
bb_lower p=10 sd=1.5	3	5	102.29	78	47.44	-87.98	754.53	50	56.00	-78.34	-58.56	56.20
bb_lower p=10 sd=1.5	3	6	69.49	78	47.44	-90.55	897.69	50	58.00	-72.31	-66.56	88.57
bb_lower p=10 sd=1.5	3	8	39.78	78	47.44	-94.82	832.44	50	60.00	-64.67	-75.47	73.76
bb_lower p=10 sd=1.5	3	10	125.20	78	51.28	-93.82	760.19	50	62.00	-77.48	-53.64	57.47
bb_lower p=10 sd=1.5	3	15	139.99	78	51.28	-93.09	865.91	50	66.00	-90.40	-50.67	81.34
bb_lower p=10 sd=1.5	3	-	346.37	78	52.56	-85.73	602.78	50	66.00	-93.32	-18.44	22.46
bb_lower p=10 sd=1.5	4	2	218.39	78	28.21	-82.08	1524.93	50	46.00	-70.36	-36.86	234.87
bb_lower p=10 sd=1.5	4	3	64.01	78	37.18	-95.15	484.11	50	46.00	-86.71	-68.05	-3.44
bb_lower p=10 sd=1.5	4	4	72.42	78	44.87	-94.39	585.81	50	52.00	-80.83	-65.78	18.73
bb_lower p=10 sd=1.5	4	5	31.74	78	47.44	-96.37	629.76	50	56.00	-89.23	-78.36	28.41
bb_lower p=10 sd=1.5	4	6	17.85	78	47.44	-97.47	743.64	50	58.00	-84.40	-84.27	53.76
bb_lower p=10 sd=1.5	4	8	7.61	78	47.44	-98.97	571.38	50	60.00	-82.44	-90.20	15.56
bb_lower p=10 sd=1.5	4	10	32.74	78	51.28	-98.78	464.35	50	62.00	-90.43	-77.98	-7.70
bb_lower p=10 sd=1.5	4	15	36.03	78	51.28	-98.65	436.48	50	66.00	-97.63	-76.78	-13.69
bb_lower p=10 sd=1.5	4	-	146.98	78	52.56	-95.66	212.28	50	66.00	-98.85	-49.32	-60.49
bb_lower p=10 sd=1.5	5	2	138.13	78	28.21	-89.91	1586.34	50	46.00	-80.64	-51.04	249.51
bb_lower p=10 sd=1.5	5	3	14.26	78	37.18	-99.03	357.42	50	46.00	-93.17	-86.12	-30.50
bb_lower p=10 sd=1.5	5	4	15.52	78	44.87	-98.90	432.04	50	52.00	-88.82	-85.45	-14.64
bb_lower p=10 sd=1.5	5	5	5.07	78	47.44	-99.40	447.09	50	56.00	-95.18	-92.18	-11.42
bb_lower p=10 sd=1.5	5	6	2.26	78	47.44	-99.66	504.58	50	58.00	-92.83	-95.01	0.99
bb_lower p=10 sd=1.5	5	8	0.66	78	47.44	-99.90	288.91	50	60.00	-93.02	-97.49	-44.81
bb_lower p=10 sd=1.5	5	10	3.62	78	51.28	-99.89	190.62	50	62.00	-96.84	-93.52	-64.84
bb_lower p=10 sd=1.5	5	15	3.52	78	51.28	-99.89	96.53	50	66.00	-99.71	-93.61	-83.18
bb_lower p=10 sd=1.5	5	-	35.97	78	52.56	-99.17	14.54	50	66.00	-99.96	-76.80	-97.84
bb_lower p=10 sd=2.0	1	2	454.10	33	30.30	-16.68	644.86	28	50.00	-18.15	-5.20	31.75
bb_lower p=10 sd=2.0	1	3	368.30	33	30.30	-30.03	567.50	28	50.00	-23.67	-15.61	14.71
bb_lower p=10 sd=2.0	1	4	393.21	33	39.39	-28.21	548.14	28	53.57	-23.97	-12.49	10.48
bb_lower p=10 sd=2.0	1	5	374.43	33	45.45	-29.47	543.78	28	57.14	-27.70	-14.83	9.52
bb_lower p=10 sd=2.0	1	6	348.66	33	45.45	-33.54	520.74	28	57.14	-31.60	-18.14	4.50
bb_lower p=10 sd=2.0	1	8	306.61	33	45.45	-40.29	425.72	28	57.14	-41.09	-23.77	-16.00
bb_lower p=10 sd=2.0	1	10	481.15	33	54.55	-31.05	436.58	28	60.71	-43.72	-2.11	-13.67
bb_lower p=10 sd=2.0	1	15	522.75	33	54.55	-25.09	500.45	28	67.86	-39.56	2.50	0.10
bb_lower p=10 sd=2.0	1	-	522.75	33	54.55	-25.09	473.78	28	67.86	-42.78	2.50	-5.67
bb_lower p=10 sd=2.0	2	2	397.58	33	30.30	-32.26	790.45	28	50.00	-33.97	-11.95	64.28
bb_lower p=10 sd=2.0	2	3	258.39	33	30.30	-52.85	607.36	28	50.00	-42.81	-30.68	23.47
bb_lower p=10 sd=2.0	2	4	291.72	33	39.39	-50.46	561.89	28	53.57	-43.59	-25.85	13.48
bb_lower p=10 sd=2.0	2	5	261.56	33	45.45	-52.89	549.58	28	57.14	-49.24	-30.21	10.79
bb_lower p=10 sd=2.0	2	6	224.04	33	45.45	-58.73	499.30	28	57.14	-54.72	-35.96	-0.15
bb_lower p=10 sd=2.0	2	8	168.84	33	45.45	-67.43	322.66	28	57.14	-67.24	-45.26	-37.79
bb_lower p=10 sd=2.0	2	10	410.21	33	54.55	-54.96	334.70	28	60.71	-70.74	-10.41	-35.27
bb_lower p=10 sd=2.0	2	15	488.73	33	54.55	-46.34	434.05	28	67.86	-66.64	-1.26	-14.21
bb_lower p=10 sd=2.0	2	-	488.73	33	54.55	-46.34	378.54	28	67.86	-70.91	-1.26	-26.04
bb_lower p=10 sd=2.0	3	2	336.33	33	30.30	-46.21	924.33	28	50.00	-47.54	-19.76	94.64
bb_lower p=10 sd=2.0	3	3	172.85	33	30.30	-69.41	614.74	28	50.00	-57.99	-44.55	25.10
bb_lower p=10 sd=2.0	3	4	204.21	33	39.39	-67.18	539.70	28	53.57	-59.22	-39.17	8.63
bb_lower p=10 sd=2.0	3	5	170.10	33	45.45	-70.41	516.58	28	57.14	-65.48	-45.04	3.60
bb_lower p=10 sd=2.0	3	6	132.03	33	45.45	-76.20	440.14	28	57.14	-71.11	-52.25	-12.91
bb_lower p=10 sd=2.0	3	8	82.43	33	45.45	-84.19	215.38	28	57.14	-83.00	-63.23	-59.86
bb_lower p=10 sd=2.0	3	10	307.10	33	54.55	-72.48	221.13	28	60.71	-86.24	-23.71	-58.70
bb_lower p=10 sd=2.0	3	15	405.74	33	54.55	-63.64	314.47	28	67.86	-83.83	-10.95	-39.50
bb_lower p=10 sd=2.0	3	-	405.74	33	54.55	-63.64	239.13	28	67.86	-87.70	-10.95	-55.04
bb_lower p=10 sd=2.0	4	2	275.33	33	30.30	-58.25	1033.82	28	50.00	-59.00	-28.19	119.74
bb_lower p=10 sd=2.0	4	3	110.30	33	30.30	-80.91	589.41	28	50.00	-69.78	-56.78	19.52
bb_lower p=10 sd=2.0	4	4	134.76	33	39.39	-79.15	486.02	28	53.57	-71.35	-51.70	-3.03
bb_lower p=10 sd=2.0	4	5	102.62	33	45.45	-82.58	451.15	28	57.14	-77.35	-58.48	-10.54
bb_lower p=10 sd=2.0	4	6	70.84	33	45.45	-87.34	355.32	28	57.14	-82.34	-66.20	-30.94
bb_lower p=10 sd=2.0	4	8	35.03	33	45.45	-93.37	124.48	28	57.14	-91.89	-77.14	-77.84
bb_lower p=10 sd=2.0	4	10	198.33	33	54.55	-84.56	122.13	28	60.71	-94.32	-40.15	-78.30
bb_lower p=10 sd=2.0	4	15	294.55	33	54.55	-77.08	176.80	28	67.86	-93.61	-25.45	-67.59
bb_lower p=10 sd=2.0	4	-	294.55	33	54.55	-77.08	101.77	28	67.86	-96.32	-25.45	-82.19
bb_lower p=10 sd=2.0	5	2	218.37	33	30.30	-68.32	1107.66	28	50.00	-68.51	-36.86	136.81
bb_lower p=10 sd=2.0	5	3	67.12	33	30.30	-88.54	535.63	28	50.00	-78.75	-67.20	7.75
bb_lower p=10 sd=2.0	5	4	83.68	33	39.39	-87.32	410.04	28	53.57	-80.48	-62.93	-19.34
bb_lower p=10 sd=2.0	5	5	57.13	33	45.45	-90.43	365.05	28	57.14	-85.72	-70.00	-28.89
bb_lower p=10 sd=2.0	5	6	34.26	33	45.45	-93.85	260.95	28	57.14	-89.72	-77.42	-50.58
bb_lower p=10 sd=2.0	5	8	12.61	33	45.45	-97.65	60.70	28	57.14	-96.52	-87.03	-89.83
bb_lower p=10 sd=2.0	5	10	107.12	33	54.55	-92.28	53.64	28	60.71	-98.04	-57.48	-91.10
bb_lower p=10 sd=2.0	5	15	181.77	33	54.55	-86.90	64.66	28	67.86	-98.27	-42.97	-89.11
bb_lower p=10 sd=2.0	5	-	181.77	33	54.55	-86.90	14.13	28	67.86	-99.62	-42.97	-97.90
bb_lower p=10 sd=2.5	1	2	450.71	6	16.67	-9.96	528.37	2	50.00	-2.26	-5.60	6.16
bb_lower p=10 sd=2.5	1	3	433.04	6	16.67	-13.39	523.02	2	50.00	-3.25	-7.67	5.00
bb_lower p=10 sd=2.5	1	4	413.48	6	16.67	-17.30	517.66	2	50.00	-4.24	-10.01	3.83
bb_lower p=10 sd=2.5	1	5	392.55	6	16.67	-21.49	512.31	2	50.00	-5.23	-12.57	2.67
bb_lower p=10 sd=2.5	1	6	401.74	6	16.67	-19.65	506.96	2	50.00	-6.22	-11.44	1.51
bb_lower p=10 sd=2.5	1	8	398.88	6	16.67	-20.22	496.26	2	50.00	-8.20	-11.79	-0.81
bb_lower p=10 sd=2.5	1	10	474.94	6	33.33	-8.78	485.55	2	50.00	-10.18	-2.81	-3.13
bb_lower p=10 sd=2.5	1	15	474.94	6	33.33	-8.78	548.92	2	100.00	0.00	-2.81	10.65
bb_lower p=10 sd=2.5	1	-	474.94	6	33.33	-8.78	548.92	2	100.00	0.00	-2.81	10.65
bb_lower p=10 sd=2.5	2	2	404.59	6	16.67	-19.18	554.90	2	50.00	-4.52	-11.09	11.95
bb_lower p=10 sd=2.5	2	3	372.63	6	16.67	-25.47	543.39	2	50.00	-6.50	-15.06	9.44
bb_lower p=10 sd=2.5	2	4	338.47	6	16.67	-32.31	531.89	2	50.00	-8.48	-19.47	6.93
bb_lower p=10 sd=2.5	2	5	303.44	6	16.67	-39.31	520.38	2	50.00	-10.46	-24.21	4.43
bb_lower p=10 sd=2.5	2	6	317.79	6	16.67	-36.44	508.87	2	50.00	-12.44	-22.24	1.92
bb_lower p=10 sd=2.5	2	8	312.15	6	16.67	-37.57	485.86	2	50.00	-16.40	-23.01	-3.06
bb_lower p=10 sd=2.5	2	10	441.68	6	33.33	-17.56	462.85	2	50.00	-20.36	-6.65	-8.03
bb_lower p=10 sd=2.5	2	15	441.68	6	33.33	-17.56	599.09	2	100.00	0.00	-6.65	21.65
bb_lower p=10 sd=2.5	2	-	441.68	6	33.33	-17.56	599.09	2	100.00	0.00	-6.65	21.65
bb_lower p=10 sd=2.5	3	2	361.63	6	16.67	-27.68	579.60	2	50.00	-6.78	-16.46	17.36
bb_lower p=10 sd=2.5	3	3	318.47	6	16.67	-36.31	561.14	2	50.00	-9.75	-22.15	13.32
bb_lower p=10 sd=2.5	3	4	274.02	6	16.67	-45.20	542.67	2	50.00	-12.72	-28.38	9.28
bb_lower p=10 sd=2.5	3	5	230.53	6	16.67	-53.89	524.21	2	50.00	-15.69	-34.93	5.26
bb_lower p=10 sd=2.5	3	6	246.98	6	16.67	-50.60	505.74	2	50.00	-18.66	-32.40	1.24
bb_lower p=10 sd=2.5	3	8	238.80	6	16.67	-52.24	468.81	2	50.00	-24.60	-33.65	-6.74
bb_lower p=10 sd=2.5	3	10	401.77	6	33.33	-26.34	431.88	2	50.00	-30.54	-11.43	-14.68
bb_lower p=10 sd=2.5	3	15	401.77	6	33.33	-26.34	650.51	2	100.00	0.00	-11.43	33.00
bb_lower p=10 sd=2.5	3	-	401.77	6	33.33	-26.34	650.51	2	100.00	0.00	-11.43	33.00
bb_lower p=10 sd=2.5	4	2	321.75	6	16.67	-35.65	602.47	2	50.00	-9.04	-21.71	22.39
bb_lower p=10 sd=2.5	4	3	270.20	6	16.67	-45.96	576.24	2	50.00	-13.00	-28.94	16.63
bb_lower p=10 sd=2.5	4	4	219.19	6	16.67	-56.16	550.01	2	50.00	-16.96	-36.73	10.89
bb_lower p=10 sd=2.5	4	5	171.77	6	16.67	-65.65	523.79	2	50.00	-20.92	-44.74	5.17
bb_lower p=10 sd=2.5	4	6	188.11	6	16.67	-62.38	497.56	2	50.00	-24.88	-41.88	-0.53
bb_lower p=10 sd=2.5	4	8	177.76	6	16.67	-64.45	445.10	2	50.00	-32.80	-43.68	-11.84
bb_lower p=10 sd=2.5	4	10	356.73	6	33.33	-35.12	392.65	2	50.00	-40.72	-17.09	-23.05
bb_lower p=10 sd=2.5	4	15	356.73	6	33.33	-35.12	703.18	2	100.00	0.00	-17.09	44.71
bb_lower p=10 sd=2.5	4	-	356.73	6	33.33	-35.12	703.18	2	100.00	0.00	-17.09	44.71
bb_lower p=10 sd=2.5	5	2	284.91	6	16.67	-43.02	623.50	2	50.00	-11.29	-26.82	27.03
bb_lower p=10 sd=2.5	5	3	227.46	6	16.67	-54.51	588.71	2	50.00	-16.24	-35.42	19.37
bb_lower p=10 sd=2.5	5	4	173.03	6	16.67	-65.39	553.92	2	50.00	-21.19	-44.51	11.74
bb_lower p=10 sd=2.5	5	5	125.21	6	16.67	-74.96	519.13	2	50.00	-26.14	-53.63	4.15
bb_lower p=10 sd=2.5	5	6	139.96	6	16.67	-72.01	484.33	2	50.00	-31.09	-50.68	-3.39
bb_lower p=10 sd=2.5	5	8	127.95	6	16.67	-74.41	414.75	2	50.00	-40.99	-53.07	-18.34
bb_lower p=10 sd=2.5	5	10	308.05	6	33.33	-43.90	345.16	2	50.00	-50.89	-23.57	-33.08
bb_lower p=10 sd=2.5	5	15	308.05	6	33.33	-43.90	757.11	2	100.00	0.00	-23.57	56.78
bb_lower p=10 sd=2.5	5	-	308.05	6	33.33	-43.90	757.11	2	100.00	0.00	-23.57	56.78
bb_lower p=10 sd=3.0	1	2	500.00	0	0.00	0.00	500.00	0	0.00	0.00	0.00	0.00
bb_lower p=10 sd=3.0	1	3	500.00	0	0.00	0.00	500.00	0	0.00	0.00	0.00	0.00
bb_lower p=10 sd=3.0	1	4	500.00	0	0.00	0.00	500.00	0	0.00	0.00	0.00	0.00
bb_lower p=10 sd=3.0	1	5	500.00	0	0.00	0.00	500.00	0	0.00	0.00	0.00	0.00
bb_lower p=10 sd=3.0	1	6	500.00	0	0.00	0.00	500.00	0	0.00	0.00	0.00	0.00
bb_lower p=10 sd=3.0	1	8	500.00	0	0.00	0.00	500.00	0	0.00	0.00	0.00	0.00
bb_lower p=10 sd=3.0	1	10	500.00	0	0.00	0.00	500.00	0	0.00	0.00	0.00	0.00
bb_lower p=10 sd=3.0	1	15	500.00	0	0.00	0.00	500.00	0	0.00	0.00	0.00	0.00
bb_lower p=10 sd=3.0	1	-	500.00	0	0.00	0.00	500.00	0	0.00	0.00	0.00	0.00
bb_lower p=10 sd=3.0	2	2	500.00	0	0.00	0.00	500.00	0	0.00	0.00	0.00	0.00
bb_lower p=10 sd=3.0	2	3	500.00	0	0.00	0.00	500.00	0	0.00	0.00	0.00	0.00
bb_lower p=10 sd=3.0	2	4	500.00	0	0.00	0.00	500.00	0	0.00	0.00	0.00	0.00
bb_lower p=10 sd=3.0	2	5	500.00	0	0.00	0.00	500.00	0	0.00	0.00	0.00	0.00
bb_lower p=10 sd=3.0	2	6	500.00	0	0.00	0.00	500.00	0	0.00	0.00	0.00	0.00
bb_lower p=10 sd=3.0	2	8	500.00	0	0.00	0.00	500.00	0	0.00	0.00	0.00	0.00
bb_lower p=10 sd=3.0	2	10	500.00	0	0.00	0.00	500.00	0	0.00	0.00	0.00	0.00
bb_lower p=10 sd=3.0	2	15	500.00	0	0.00	0.00	500.00	0	0.00	0.00	0.00	0.00
bb_lower p=10 sd=3.0	2	-	500.00	0	0.00	0.00	500.00	0	0.00	0.00	0.00	0.00
bb_lower p=10 sd=3.0	3	2	500.00	0	0.00	0.00	500.00	0	0.00	0.00	0.00	0.00
bb_lower p=10 sd=3.0	3	3	500.00	0	0.00	0.00	500.00	0	0.00	0.00	0.00	0.00
bb_lower p=10 sd=3.0	3	4	500.00	0	0.00	0.00	500.00	0	0.00	0.00	0.00	0.00
bb_lower p=10 sd=3.0	3	5	500.00	0	0.00	0.00	500.00	0	0.00	0.00	0.00	0.00
bb_lower p=10 sd=3.0	3	6	500.00	0	0.00	0.00	500.00	0	0.00	0.00	0.00	0.00
bb_lower p=10 sd=3.0	3	8	500.00	0	0.00	0.00	500.00	0	0.00	0.00	0.00	0.00
bb_lower p=10 sd=3.0	3	10	500.00	0	0.00	0.00	500.00	0	0.00	0.00	0.00	0.00
bb_lower p=10 sd=3.0	3	15	500.00	0	0.00	0.00	500.00	0	0.00	0.00	0.00	0.00
bb_lower p=10 sd=3.0	3	-	500.00	0	0.00	0.00	500.00	0	0.00	0.00	0.00	0.00
bb_lower p=10 sd=3.0	4	2	500.00	0	0.00	0.00	500.00	0	0.00	0.00	0.00	0.00
bb_lower p=10 sd=3.0	4	3	500.00	0	0.00	0.00	500.00	0	0.00	0.00	0.00	0.00
bb_lower p=10 sd=3.0	4	4	500.00	0	0.00	0.00	500.00	0	0.00	0.00	0.00	0.00
bb_lower p=10 sd=3.0	4	5	500.00	0	0.00	0.00	500.00	0	0.00	0.00	0.00	0.00
bb_lower p=10 sd=3.0	4	6	500.00	0	0.00	0.00	500.00	0	0.00	0.00	0.00	0.00
bb_lower p=10 sd=3.0	4	8	500.00	0	0.00	0.00	500.00	0	0.00	0.00	0.00	0.00
bb_lower p=10 sd=3.0	4	10	500.00	0	0.00	0.00	500.00	0	0.00	0.00	0.00	0.00
bb_lower p=10 sd=3.0	4	15	500.00	0	0.00	0.00	500.00	0	0.00	0.00	0.00	0.00
bb_lower p=10 sd=3.0	4	-	500.00	0	0.00	0.00	500.00	0	0.00	0.00	0.00	0.00
bb_lower p=10 sd=3.0	5	2	500.00	0	0.00	0.00	500.00	0	0.00	0.00	0.00	0.00
bb_lower p=10 sd=3.0	5	3	500.00	0	0.00	0.00	500.00	0	0.00	0.00	0.00	0.00
bb_lower p=10 sd=3.0	5	4	500.00	0	0.00	0.00	500.00	0	0.00	0.00	0.00	0.00
bb_lower p=10 sd=3.0	5	5	500.00	0	0.00	0.00	500.00	0	0.00	0.00	0.00	0.00
bb_lower p=10 sd=3.0	5	6	500.00	0	0.00	0.00	500.00	0	0.00	0.00	0.00	0.00
bb_lower p=10 sd=3.0	5	8	500.00	0	0.00	0.00	500.00	0	0.00	0.00	0.00	0.00
bb_lower p=10 sd=3.0	5	10	500.00	0	0.00	0.00	500.00	0	0.00	0.00	0.00	0.00
bb_lower p=10 sd=3.0	5	15	500.00	0	0.00	0.00	500.00	0	0.00	0.00	0.00	0.00
bb_lower p=10 sd=3.0	5	-	500.00	0	0.00	0.00	500.00	0	0.00	0.00	0.00	0.00
bb_lower p=20 sd=1.5	1	2	539.75	84	32.14	-25.78	1277.61	46	54.35	-13.34	4.34	176.43
bb_lower p=20 sd=1.5	1	3	775.99	84	41.67	-31.85	1032.15	46	54.35	-20.87	27.63	119.36
bb_lower p=20 sd=1.5	1	4	833.81	84	47.62	-25.43	1146.44	46	60.87	-24.83	32.83	145.81
bb_lower p=20 sd=1.5	1	5	714.48	84	50.00	-31.54	1244.35	46	65.22	-28.64	21.91	168.64
bb_lower p=20 sd=1.5	1	6	664.39	84	51.19	-30.41	1302.18	46	67.39	-32.29	17.09	182.19
bb_lower p=20 sd=1.5	1	8	715.16	84	53.57	-28.87	1554.63	46	69.57	-20.94	21.98	241.94
bb_lower p=20 sd=1.5	1	10	1166.45	84	57.14	-25.25	1498.02	46	71.74	-19.48	60.04	228.47
bb_lower p=20 sd=1.5	1	15	1105.96	84	57.14	-24.76	1884.16	46	76.09	-21.76	55.37	321.16
bb_lower p=20 sd=1.5	1	-	996.37	84	57.14	-26.72	1543.47	46	76.09	-35.86	46.63	239.28
bb_lower p=20 sd=1.5	2	2	517.72	84	32.14	-48.27	2867.93	46	54.35	-25.16	1.95	564.03
bb_lower p=20 sd=1.5	2	3	984.44	84	41.67	-55.32	1844.98	46	54.35	-38.06	45.65	311.67
bb_lower p=20 sd=1.5	2	4	1113.60	84	47.62	-45.07	2243.46	46	60.87	-44.34	55.97	408.86
bb_lower p=20 sd=1.5	2	5	798.73	84	50.00	-55.70	2603.91	46	65.22	-50.11	29.69	498.04
bb_lower p=20 sd=1.5	2	6	676.84	84	51.19	-52.57	2752.96	46	67.39	-55.38	18.30	535.23
bb_lower p=20 sd=1.5	2	8	762.24	84	53.57	-50.98	3709.88	46	69.57	-38.75	26.37	777.71
bb_lower p=20 sd=1.5	2	10	2004.08	84	57.14	-47.59	3374.38	46	71.74	-38.30	116.12	692.02
bb_lower p=20 sd=1.5	2	15	1764.83	84	57.14	-45.11	5359.61	46	76.09	-41.15	101.39	1207.74
bb_lower p=20 sd=1.5	2	-	1339.53	84	57.14	-51.46	3005.34	46	76.09	-66.94	72.81	598.59
bb_lower p=20 sd=1.5	3	2	445.64	84	32.14	-66.15	5768.74	46	54.35	-35.61	-6.19	1316.27
bb_lower p=20 sd=1.5	3	3	1045.64	84	41.67	-71.83	2907.80	46	54.35	-52.11	50.61	574.05
bb_lower p=20 sd=1.5	3	4	1217.40	84	47.62	-60.07	3812.65	46	60.87	-59.48	63.88	804.10
bb_lower p=20 sd=1.5	3	5	710.93	84	50.00	-72.98	4658.56	46	65.22	-65.91	21.58	1023.40
bb_lower p=20 sd=1.5	3	6	535.30	84	51.19	-68.61	4802.67	46	67.39	-71.50	3.86	1061.11
bb_lower p=20 sd=1.5	3	8	607.57	84	53.57	-67.44	6950.60	46	69.57	-53.69	11.42	1633.29
bb_lower p=20 sd=1.5	3	10	2552.42	84	57.14	-65.90	5791.71	46	71.74	-55.76	147.17	1322.38
bb_lower p=20 sd=1.5	3	15	2017.07	84	57.14	-63.20	11525.44	46	76.09	-58.17	116.89	2898.60
bb_lower p=20 sd=1.5	3	-	1087.04	84	57.14	-74.22	1855.89	46	76.09	-93.24	53.89	314.31
bb_lower p=20 sd=1.5	4	2	346.79	84	32.14	-79.11	10544.66	46	54.35	-45.12	-18.38	2623.05
bb_lower p=20 sd=1.5	4	3	944.60	84	41.67	-82.92	4089.39	46	54.35	-63.47	42.35	875.43
bb_lower p=20 sd=1.5	4	4	1103.63	84	47.62	-71.39	5689.07	46	60.87	-71.05	55.19	1295.08
bb_lower p=20 sd=1.5	4	5	507.70	84	50.00	-84.54	7193.98	46	65.22	-77.32	0.85	1699.17
bb_lower p=20 sd=1.5	4	6	329.01	84	51.19	-79.99	6960.17	46	67.39	-82.45	-20.73	1635.88
bb_lower p=20 sd=1.5	4	8	357.73	84	53.57	-80.08	10280.83	46	69.57	-66.00	-16.96	2549.29
bb_lower p=20 sd=1.5	4	10	2377.46	84	57.14	-79.72	7501.55	46	71.74	-71.17	137.62	1782.68
bb_lower p=20 sd=1.5	4	15	1581.97	84	57.14	-77.33	17948.68	46	76.09	-72.81	89.53	4746.41
bb_lower p=20 sd=1.5	4	-	239.50	84	57.14	-95.10	0.00	30	73.33	-100.00	-33.54	-100.00
bb_lower p=20 sd=1.5	5	2	245.32	84	32.14	-87.83	17696.52	46	54.35	-54.22	-32.65	4672.66
bb_lower p=20 sd=1.5	5	3	733.25	84	41.67	-90.06	5171.69	46	54.35	-72.57	23.68	1158.11
bb_lower p=20 sd=1.5	5	4	835.44	84	47.62	-81.19	7501.21	46	60.87	-79.76	32.97	1782.59
bb_lower p=20 sd=1.5	5	5	290.97	84	50.00	-91.74	9629.67	46	65.22	-85.36	-25.96	2367.91
bb_lower p=20 sd=1.5	5	6	155.79	84	51.19	-87.74	8366.36	46	67.39	-89.64	-47.65	2019.02
bb_lower p=20 sd=1.5	5	8	151.08	84	53.57	-89.79	11892.36	46	69.57	-75.94	-48.54	3002.20
bb_lower p=20 sd=1.5	5	10	1559.52	84	57.14	-89.25	7072.51	46	71.74	-83.23	88.03	1666.27
bb_lower p=20 sd=1.5	5	15	759.19	84	57.14	-87.79	17515.06	46	76.09	-85.08	26.09	4619.64
bb_lower p=20 sd=1.5	5	-	0.00	53	50.94	-100.00	0.00	30	73.33	-100.00	-100.00	-100.00
bb_lower p=20 sd=2.0	1	2	512.49	46	30.43	-19.67	720.37	30	50.00	-19.21	1.38	48.55
bb_lower p=20 sd=2.0	1	3	477.19	46	32.61	-26.38	606.35	30	50.00	-28.45	-2.56	23.25
bb_lower p=20 sd=2.0	1	4	466.85	46	39.13	-27.12	642.79	30	56.67	-28.84	-3.74	31.29
bb_lower p=20 sd=2.0	1	5	447.24	46	43.48	-26.68	687.64	30	60.00	-33.84	-6.00	41.25
bb_lower p=20 sd=2.0	1	6	437.58	46	43.48	-28.95	750.46	30	63.33	-27.83	-7.14	55.29
bb_lower p=20 sd=2.0	1	8	362.17	46	43.48	-34.37	917.33	30	66.67	-15.98	-16.39	93.04
bb_lower p=20 sd=2.0	1	10	622.58	46	50.00	-33.46	903.40	30	70.00	-19.28	12.94	89.87
bb_lower p=20 sd=2.0	1	15	636.01	46	50.00	-32.02	1006.50	30	73.33	-22.83	14.29	113.46
bb_lower p=20 sd=2.0	1	-	636.01	46	50.00	-32.02	824.51	30	73.33	-36.78	14.29	71.96
bb_lower p=20 sd=2.0	2	2	493.89	46	30.43	-35.79	981.90	30	50.00	-35.20	-0.68	107.81
bb_lower p=20 sd=2.0	2	3	409.42	46	32.61	-46.34	687.33	30	50.00	-49.63	-10.50	41.18
bb_lower p=20 sd=2.0	2	4	387.09	46	39.13	-47.55	765.18	30	56.67	-50.37	-13.24	58.59
bb_lower p=20 sd=2.0	2	5	351.08	46	43.48	-46.94	864.70	30	60.00	-57.41	-17.82	81.07
bb_lower p=20 sd=2.0	2	6	332.82	46	43.48	-50.38	999.64	30	63.33	-49.09	-20.22	111.88
bb_lower p=20 sd=2.0	2	8	220.39	46	43.48	-61.22	1418.27	30	66.67	-30.57	-36.54	209.56
bb_lower p=20 sd=2.0	2	10	651.18	46	50.00	-58.09	1354.08	30	70.00	-36.50	15.79	194.40
bb_lower p=20 sd=2.0	2	15	682.08	46	50.00	-56.10	1666.42	30	73.33	-45.61	18.81	268.67
bb_lower p=20 sd=2.0	2	-	682.08	46	50.00	-56.10	934.43	30	73.33	-69.50	18.81	96.94
bb_lower p=20 sd=2.0	3	2	449.70	46	30.43	-48.94	1274.24	30	50.00	-48.41	-5.72	175.64
bb_lower p=20 sd=2.0	3	3	319.42	46	32.61	-61.30	731.77	30	50.00	-65.18	-22.02	51.10
bb_lower p=20 sd=2.0	3	4	287.79	46	39.13	-62.77	846.99	30	56.67	-66.14	-26.41	77.05
bb_lower p=20 sd=2.0	3	5	243.64	46	43.48	-62.77	998.09	30	60.00	-73.42	-32.90	111.53
bb_lower p=20 sd=2.0	3	6	221.06	46	43.48	-66.02	1187.41	30	63.33	-66.03	-36.43	155.34
bb_lower p=20 sd=2.0	3	8	112.11	46	43.48	-81.27	1870.82	30	66.67	-43.77	-56.39	317.93
bb_lower p=20 sd=2.0	3	10	573.44	46	50.00	-75.28	1691.94	30	70.00	-51.66	7.90	274.80
bb_lower p=20 sd=2.0	3	15	618.70	46	50.00	-73.33	2245.51	30	73.33	-66.00	12.55	409.37
bb_lower p=20 sd=2.0	3	-	618.70	46	50.00	-73.33	361.58	30	73.33	-94.52	12.55	-29.62
bb_lower p=20 sd=2.0	4	2	388.31	46	30.43	-61.45	1581.86	30	50.00	-59.26	-13.09	248.44
bb_lower p=20 sd=2.0	4	3	228.24	46	32.61	-72.64	733.87	30	50.00	-76.40	-35.29	51.57
bb_lower p=20 sd=2.0	4	4	192.84	46	39.13	-74.94	873.60	30	56.67	-77.46	-41.07	83.09
bb_lower p=20 sd=2.0	4	5	149.81	46	43.48	-78.39	1058.88	30	60.00	-83.98	-48.78	125.52
bb_lower p=20 sd=2.0	4	6	128.06	46	43.48	-80.56	1257.57	30	63.33	-78.92	-53.05	171.73
bb_lower p=20 sd=2.0	4	8	46.95	46	43.48	-92.52	2106.57	30	66.67	-55.90	-73.10	375.30
bb_lower p=20 sd=2.0	4	10	421.20	46	50.00	-86.56	1741.82	30	70.00	-65.52	-9.08	286.79
bb_lower p=20 sd=2.0	4	15	470.79	46	50.00	-84.98	2342.17	30	73.33	-82.26	-3.29	433.17
bb_lower p=20 sd=2.0	4	-	470.79	46	50.00	-84.98	0.00	19	68.42	-100.00	-3.29	-100.00
bb_lower p=20 sd=2.0	5	2	318.88	46	30.43	-72.00	1885.38	30	50.00	-68.08	-22.10	321.45
bb_lower p=20 sd=2.0	5	3	150.03	46	32.61	-83.26	694.20	30	50.00	-84.35	-48.74	42.71
bb_lower p=20 sd=2.0	5	4	116.69	46	39.13	-85.52	839.80	30	56.67	-85.40	-55.41	75.42
bb_lower p=20 sd=2.0	5	5	81.47	46	43.48	-88.75	1031.37	30	60.00	-90.72	-63.47	119.18
bb_lower p=20 sd=2.0	5	6	64.28	46	43.48	-90.48	1181.64	30	63.33	-87.79	-67.98	154.00
bb_lower p=20 sd=2.0	5	8	15.77	46	43.48	-97.60	2004.28	30	66.67	-71.80	-85.32	350.33
bb_lower p=20 sd=2.0	5	10	252.04	46	50.00	-93.43	1431.20	30	70.00	-78.46	-31.63	212.62
bb_lower p=20 sd=2.0	5	15	293.85	46	50.00	-92.34	1630.05	30	73.33	-93.39	-25.55	259.96
bb_lower p=20 sd=2.0	5	-	293.85	46	50.00	-92.34	0.00	19	68.42	-100.00	-25.55	-100.00
bb_lower p=20 sd=2.5	1	2	481.00	21	28.57	-13.10	577.63	17	52.94	-11.59	-2.13	16.93
bb_lower p=20 sd=2.5	1	3	417.13	21	28.57	-23.46	542.42	17	52.94	-16.21	-9.57	9.23
bb_lower p=20 sd=2.5	1	4	412.57	21	33.33	-25.32	593.21	17	64.71	-13.11	-10.12	20.36
bb_lower p=20 sd=2.5	1	5	413.82	21	42.86	-25.10	582.00	17	64.71	-16.65	-9.97	17.89
bb_lower p=20 sd=2.5	1	6	432.41	21	42.86	-21.73	552.23	17	64.71	-20.08	-7.75	11.37
bb_lower p=20 sd=2.5	1	8	410.23	21	42.86	-25.74	527.36	17	64.71	-22.03	-10.40	5.94
bb_lower p=20 sd=2.5	1	10	526.93	21	47.62	-14.69	552.51	17	70.59	-18.73	2.95	11.43
bb_lower p=20 sd=2.5	1	15	526.35	21	47.62	-14.78	640.72	17	76.47	-8.07	2.89	30.84
bb_lower p=20 sd=2.5	1	-	526.35	21	47.62	-14.78	640.72	17	76.47	-8.07	2.89	30.84
bb_lower p=20 sd=2.5	2	2	450.14	21	28.57	-25.77	653.23	17	52.94	-22.31	-5.66	33.61
bb_lower p=20 sd=2.5	2	3	335.78	21	28.57	-42.92	573.91	17	52.94	-30.59	-19.83	16.12
bb_lower p=20 sd=2.5	2	4	326.74	21	33.33	-45.98	682.17	17	64.71	-25.16	-21.03	40.03
bb_lower p=20 sd=2.5	2	5	326.79	21	42.86	-45.98	654.28	17	64.71	-31.43	-21.03	33.84
bb_lower p=20 sd=2.5	2	6	356.42	21	42.86	-41.08	585.11	17	64.71	-37.29	-17.13	18.57
bb_lower p=20 sd=2.5	2	8	317.23	21	42.86	-47.56	527.94	17	64.71	-40.74	-22.32	6.07
bb_lower p=20 sd=2.5	2	10	526.97	21	47.62	-28.25	578.49	17	70.59	-35.74	2.96	17.12
bb_lower p=20 sd=2.5	2	15	525.67	21	47.62	-28.43	792.34	17	76.47	-16.14	2.82	64.70
bb_lower p=20 sd=2.5	2	-	525.67	21	47.62	-28.43	792.34	17	76.47	-16.14	2.82	64.70
bb_lower p=20 sd=2.5	3	2	410.61	21	28.57	-37.62	724.11	17	52.94	-32.17	-10.36	49.39
bb_lower p=20 sd=2.5	3	3	261.12	21	28.57	-58.52	592.81	17	52.94	-43.18	-30.27	20.27
bb_lower p=20 sd=2.5	3	4	248.47	21	33.33	-62.19	760.96	17	64.71	-36.14	-32.17	57.65
bb_lower p=20 sd=2.5	3	5	246.03	21	42.86	-62.56	710.48	17	64.71	-44.39	-32.54	46.34
bb_lower p=20 sd=2.5	3	6	279.56	21	42.86	-57.46	593.96	17	64.71	-51.82	-27.58	20.52
bb_lower p=20 sd=2.5	3	8	230.03	21	42.86	-65.00	499.33	17	64.71	-56.31	-35.01	-0.15
bb_lower p=20 sd=2.5	3	10	499.60	21	47.62	-40.72	570.03	17	70.59	-50.91	-0.04	15.27
bb_lower p=20 sd=2.5	3	15	497.47	21	47.62	-40.97	944.51	17	76.47	-24.20	-0.28	99.25
bb_lower p=20 sd=2.5	3	-	497.47	21	47.62	-40.97	944.51	17	76.47	-24.20	-0.28	99.25
bb_lower p=20 sd=2.5	4	2	365.61	21	28.57	-48.41	787.60	17	52.94	-41.18	-15.95	63.64
bb_lower p=20 sd=2.5	4	3	196.29	21	28.57	-70.64	598.21	17	52.94	-54.06	-40.49	21.45
bb_lower p=20 sd=2.5	4	4	181.37	21	33.33	-74.42	823.72	17	64.71	-46.07	-43.04	71.79
bb_lower p=20 sd=2.5	4	5	176.26	21	42.86	-75.14	744.81	17	64.71	-55.63	-43.94	54.02
bb_lower p=20 sd=2.5	4	6	208.03	21	42.86	-70.66	576.30	17	64.71	-63.86	-38.54	16.64
bb_lower p=20 sd=2.5	4	8	155.17	21	42.86	-78.12	442.94	17	64.71	-68.96	-47.77	-12.31
bb_lower p=20 sd=2.5	4	10	447.32	21	47.62	-52.13	522.84	17	70.59	-64.15	-5.99	4.96
bb_lower p=20 sd=2.5	4	15	444.35	21	47.62	-52.45	1082.70	17	76.47	-32.27	-6.34	131.03
bb_lower p=20 sd=2.5	4	-	444.35	21	47.62	-52.45	1082.70	17	76.47	-32.27	-6.34	131.03
bb_lower p=20 sd=2.5	5	2	318.12	21	28.57	-58.00	841.27	17	52.94	-49.34	-22.20	75.75
bb_lower p=20 sd=2.5	5	3	142.66	21	28.57	-79.76	589.95	17	52.94	-63.35	-50.15	19.64
bb_lower p=20 sd=2.5	5	4	126.94	21	33.33	-83.31	865.20	17	64.71	-54.95	-53.28	81.18
bb_lower p=20 sd=2.5	5	5	119.79	21	42.86	-84.25	752.88	17	64.71	-65.23	-54.76	55.83
bb_lower p=20 sd=2.5	5	6	146.20	21	42.86	-80.78	532.55	17	64.71	-73.65	-49.47	7.07
bb_lower p=20 sd=2.5	5	8	96.21	21	42.86	-87.35	364.53	17	64.71	-78.95	-59.94	-29.00
bb_lower p=20 sd=2.5	5	10	375.39	21	47.62	-63.58	438.43	17	70.59	-75.38	-14.71	-13.27
bb_lower p=20 sd=2.5	5	15	371.63	21	47.62	-63.95	1188.57	17	76.47	-40.34	-15.19	155.61
bb_lower p=20 sd=2.5	5	-	371.63	21	47.62	-63.95	1188.57	17	76.47	-40.34	-15.19	155.61
bb_lower p=20 sd=3.0	1	2	515.68	8	37.50	-6.50	475.98	4	25.00	-6.73	1.73	-5.20
bb_lower p=20 sd=3.0	1	3	490.10	8	37.50	-9.31	462.58	4	25.00	-9.35	-1.10	-8.08
bb_lower p=20 sd=3.0	1	4	465.55	8	37.50	-12.06	448.53	4	25.00	-12.10	-3.89	-11.11
bb_lower p=20 sd=3.0	1	5	468.34	8	50.00	-9.68	434.77	4	25.00	-14.80	-3.57	-14.06
bb_lower p=20 sd=3.0	1	6	449.08	8	50.00	-11.56	421.29	4	25.00	-17.44	-5.79	-16.94
bb_lower p=20 sd=3.0	1	8	436.47	8	50.00	-13.27	395.17	4	25.00	-22.56	-7.27	-22.51
bb_lower p=20 sd=3.0	1	10	529.87	8	62.50	-12.23	423.15	4	50.00	-17.43	3.27	-16.55
bb_lower p=20 sd=3.0	1	15	529.28	8	62.50	-12.32	478.37	4	75.00	-8.07	3.21	-4.68
bb_lower p=20 sd=3.0	1	-	529.28	8	62.50	-12.32	478.37	4	75.00	-8.07	3.21	-4.68
bb_lower p=20 sd=3.0	2	2	526.46	8	37.50	-12.71	452.17	4	25.00	-13.14	2.90	-10.32
bb_lower p=20 sd=3.0	2	3	474.13	8	37.50	-18.02	426.37	4	25.00	-18.10	-2.91	-15.86
bb_lower p=20 sd=3.0	2	4	426.06	8	37.50	-23.12	399.87	4	25.00	-23.19	-8.50	-21.51
bb_lower p=20 sd=3.0	2	5	430.14	8	50.00	-18.91	374.49	4	25.00	-28.07	-8.01	-26.89
bb_lower p=20 sd=3.0	2	6	393.38	8	50.00	-22.45	350.21	4	25.00	-32.73	-12.47	-32.02
bb_lower p=20 sd=3.0	2	8	368.94	8	50.00	-26.21	304.84	4	25.00	-41.44	-15.53	-41.51
bb_lower p=20 sd=3.0	2	10	543.59	8	62.50	-24.00	350.64	4	50.00	-33.21	4.75	-31.93
bb_lower p=20 sd=3.0	2	15	542.24	8	62.50	-24.19	453.85	4	75.00	-16.14	4.60	-9.96
bb_lower p=20 sd=3.0	2	-	542.24	8	62.50	-24.19	453.85	4	75.00	-16.14	4.60	-9.96
bb_lower p=20 sd=3.0	3	2	532.40	8	37.50	-18.64	428.64	4	25.00	-19.26	3.55	-15.37
bb_lower p=20 sd=3.0	3	3	452.93	8	37.50	-26.16	391.45	4	25.00	-26.27	-5.34	-23.30
bb_lower p=20 sd=3.0	3	4	383.25	8	37.50	-33.20	354.10	4	25.00	-33.30	-13.72	-31.20
bb_lower p=20 sd=3.0	3	5	387.17	8	50.00	-27.69	319.20	4	25.00	-39.88	-13.23	-38.52
bb_lower p=20 sd=3.0	3	6	335.51	8	50.00	-32.90	286.67	4	25.00	-46.00	-19.87	-45.28
bb_lower p=20 sd=3.0	3	8	300.74	8	50.00	-39.85	228.41	4	25.00	-56.98	-24.59	-57.22
bb_lower p=20 sd=3.0	3	10	538.98	8	62.50	-35.32	283.05	4	50.00	-47.35	4.26	-46.03
bb_lower p=20 sd=3.0	3	15	536.69	8	62.50	-35.59	426.33	4	75.00	-24.20	4.01	-15.87
bb_lower p=20 sd=3.0	3	-	536.69	8	62.50	-35.59	426.33	4	75.00	-24.20	4.01	-15.87
bb_lower p=20 sd=3.0	4	2	533.65	8	37.50	-24.29	405.45	4	25.00	-25.08	3.68	-20.32
bb_lower p=20 sd=3.0	4	3	427.36	8	37.50	-33.74	357.88	4	25.00	-33.87	-8.34	-30.40
bb_lower p=20 sd=3.0	4	4	338.73	8	37.50	-42.36	311.27	4	25.00	-42.49	-19.44	-40.17
bb_lower p=20 sd=3.0	4	5	341.18	8	50.00	-36.00	268.88	4	25.00	-50.32	-19.12	-48.95
bb_lower p=20 sd=3.0	4	6	277.94	8	50.00	-44.41	230.54	4	25.00	-57.40	-27.82	-56.79
bb_lower p=20 sd=3.0	4	8	235.03	8	50.00	-52.99	165.13	4	25.00	-69.49	-34.23	-69.90
bb_lower p=20 sd=3.0	4	10	514.57	8	62.50	-46.17	220.96	4	50.00	-59.85	1.61	-58.73
bb_lower p=20 sd=3.0	4	15	511.15	8	62.50	-46.53	395.70	4	75.00	-32.27	1.23	-22.40
bb_lower p=20 sd=3.0	4	-	511.15	8	62.50	-46.53	395.70	4	75.00	-32.27	1.23	-22.40
bb_lower p=20 sd=3.0	5	2	530.43	8	37.50	-29.68	382.63	4	25.00	-30.62	3.33	-25.17
bb_lower p=20 sd=3.0	5	3	398.35	8	37.50	-40.78	325.74	4	25.00	-40.94	-11.85	-37.15
bb_lower p=20 sd=3.0	5	4	293.99	8	37.50	-50.65	271.42	4	25.00	-50.78	-25.53	-48.43
bb_lower p=20 sd=3.0	5	5	293.93	8	50.00	-43.84	223.50	4	25.00	-59.47	-25.54	-58.22
bb_lower p=20 sd=3.0	5	6	222.90	8	50.00	-55.42	181.59	4	25.00	-67.07	-36.14	-66.64
bb_lower p=20 sd=3.0	5	8	174.59	8	50.00	-65.08	114.15	4	25.00	-79.30	-44.24	-79.83
bb_lower p=20 sd=3.0	5	10	469.68	8	62.50	-56.54	164.97	4	50.00	-70.70	-3.41	-69.94
bb_lower p=20 sd=3.0	5	15	464.97	8	62.50	-56.98	361.85	4	75.00	-40.34	-3.95	-29.56
bb_lower p=20 sd=3.0	5	-	464.97	8	62.50	-56.98	361.85	4	75.00	-40.34	-3.95	-29.56
bb_lower p=40 sd=1.5	1	2	472.35	76	30.26	-26.21	1043.24	52	44.23	-23.64	-3.11	121.92
bb_lower p=40 sd=1.5	1	3	745.33	76	39.47	-31.90	947.49	52	50.00	-16.15	24.81	99.93
bb_lower p=40 sd=1.5	1	4	757.80	76	44.74	-32.88	859.03	52	51.92	-20.34	25.96	79.78
bb_lower p=40 sd=1.5	1	5	652.16	76	47.37	-36.29	975.27	52	55.77	-25.93	15.89	106.29
bb_lower p=40 sd=1.5	1	6	552.54	76	47.37	-41.42	1356.51	52	59.62	-31.18	5.70	194.98
bb_lower p=40 sd=1.5	1	8	554.52	76	50.00	-43.46	1497.00	52	61.54	-28.84	5.91	228.23
bb_lower p=40 sd=1.5	1	10	927.62	76	52.63	-42.09	2062.08	52	67.31	-27.69	40.92	364.43
bb_lower p=40 sd=1.5	1	15	952.51	76	52.63	-35.93	2450.74	52	71.15	-39.00	43.01	460.01
bb_lower p=40 sd=1.5	1	-	858.13	76	52.63	-35.93	2647.92	52	71.15	-34.09	34.96	509.00
bb_lower p=40 sd=1.5	2	2	403.30	76	30.26	-47.77	1867.34	52	44.23	-42.35	-11.25	317.08
bb_lower p=40 sd=1.5	2	3	908.01	76	39.47	-54.81	1516.00	52	50.00	-30.36	39.26	232.75
bb_lower p=40 sd=1.5	2	4	922.07	76	44.74	-55.98	1224.67	52	51.92	-38.85	40.46	164.04
bb_lower p=40 sd=1.5	2	5	667.48	76	47.37	-60.59	1556.46	52	55.77	-47.53	17.39	242.38
bb_lower p=40 sd=1.5	2	6	466.01	76	47.37	-67.04	2813.03	52	59.62	-55.12	-3.83	550.27
bb_lower p=40 sd=1.5	2	8	451.71	76	50.00	-70.31	3195.74	52	61.54	-50.94	-5.48	646.68
bb_lower p=40 sd=1.5	2	10	1258.27	76	52.63	-68.98	5984.71	52	67.31	-49.69	66.91	1373.82
bb_lower p=40 sd=1.5	2	15	1315.38	76	52.63	-61.43	8325.37	52	71.15	-66.20	71.07	2007.77
bb_lower p=40 sd=1.5	2	-	998.40	76	52.63	-61.43	9901.78	52	71.15	-59.80	46.80	2443.59
bb_lower p=40 sd=1.5	3	2	313.72	76	30.26	-65.57	2933.19	52	44.23	-57.03	-22.80	580.43
bb_lower p=40 sd=1.5	3	3	928.96	76	39.47	-70.80	2091.38	52	50.00	-44.14	41.04	371.58
bb_lower p=40 sd=1.5	3	4	923.51	76	44.74	-71.89	1476.99	52	51.92	-54.68	40.58	223.48
bb_lower p=40 sd=1.5	3	5	547.35	76	47.37	-76.40	2070.30	52	55.77	-64.42	5.15	366.43
bb_lower p=40 sd=1.5	3	6	304.36	76	47.37	-82.28	4600.75	52	59.62	-72.31	-24.08	1008.30
bb_lower p=40 sd=1.5	3	8	271.15	76	50.00	-85.69	5031.41	52	61.54	-67.45	-28.80	1121.17
bb_lower p=40 sd=1.5	3	10	1257.20	76	52.63	-84.85	12583.92	52	67.31	-66.66	66.83	3198.19
bb_lower p=40 sd=1.5	3	15	1312.96	76	52.63	-78.41	19698.55	52	71.15	-83.77	70.90	5260.54
bb_lower p=40 sd=1.5	3	-	707.58	76	52.63	-82.40	26466.85	52	71.15	-78.20	21.26	7282.94
bb_lower p=40 sd=1.5	4	2	223.65	76	30.26	-78.56	4105.16	52	44.23	-68.44	-36.02	879.51
bb_lower p=40 sd=1.5	4	3	812.32	76	39.47	-81.64	2520.25	52	50.00	-56.60	30.91	477.25
bb_lower p=40 sd=1.5	4	4	772.82	76	44.74	-82.79	1523.59	52	51.92	-67.93	27.34	234.55
bb_lower p=40 sd=1.5	4	5	363.14	76	47.37	-86.37	2317.11	52	55.77	-76.94	-16.27	426.99
bb_lower p=40 sd=1.5	4	6	154.18	76	47.37	-90.95	6027.73	52	59.62	-83.89	-47.95	1385.31
bb_lower p=40 sd=1.5	4	8	118.13	76	50.00	-93.77	5895.15	52	61.54	-79.39	-55.11	1349.94
bb_lower p=40 sd=1.5	4	10	911.60	76	52.63	-93.41	19140.26	52	67.31	-79.29	39.57	5096.08
bb_lower p=40 sd=1.5	4	15	910.95	76	52.63	-88.94	30546.39	52	71.15	-93.85	39.51	8523.94
bb_lower p=40 sd=1.5	4	-	137.91	76	52.63	-97.99	48021.19	52	71.15	-90.34	-51.08	13981.49
bb_lower p=40 sd=1.5	5	2	146.75	76	30.26	-87.37	5170.88	52	44.23	-77.21	-49.36	1157.90
bb_lower p=40 sd=1.5	5	3	614.18	76	39.47	-88.79	2672.84	52	50.00	-67.22	12.09	515.22
bb_lower p=40 sd=1.5	5	4	544.83	76	44.74	-89.85	1350.94	52	51.92	-78.34	4.88	193.67
bb_lower p=40 sd=1.5	5	5	195.27	76	47.37	-92.43	2187.92	52	55.77	-85.76	-40.66	395.22
bb_lower p=40 sd=1.5	5	6	60.03	76	47.37	-95.80	6352.43	52	59.62	-91.22	-69.17	1472.22
bb_lower p=40 sd=1.5	5	8	36.08	76	50.00	-97.60	5079.96	52	61.54	-87.70	-76.76	1133.94
bb_lower p=40 sd=1.5	5	10	460.14	76	52.63	-97.53	20361.01	52	67.31	-88.22	-4.51	5456.20
bb_lower p=40 sd=1.5	5	15	393.37	76	52.63	-96.40	25123.01	52	71.15	-98.54	-12.47	6877.52
bb_lower p=40 sd=1.5	5	-	0.00	52	46.15	-100.00	47374.35	52	71.15	-97.25	-100.00	13776.03
bb_lower p=40 sd=2.0	1	2	400.29	41	26.83	-24.85	933.83	31	58.06	-10.67	-11.61	96.81
bb_lower p=40 sd=2.0	1	3	373.11	41	31.71	-33.33	794.07	31	58.06	-15.54	-15.00	65.09
bb_lower p=40 sd=2.0	1	4	354.50	41	34.15	-35.55	723.65	31	58.06	-18.11	-17.38	49.29
bb_lower p=40 sd=2.0	1	5	342.01	41	39.02	-36.01	812.81	31	61.29	-22.14	-19.01	69.32
bb_lower p=40 sd=2.0	1	6	325.24	41	39.02	-39.15	918.94	31	64.52	-23.08	-21.24	93.41
bb_lower p=40 sd=2.0	1	8	288.90	41	39.02	-45.95	857.27	31	64.52	-24.43	-26.25	79.38
bb_lower p=40 sd=2.0	1	10	413.60	41	43.90	-37.38	840.52	31	67.74	-24.27	-9.99	75.58
bb_lower p=40 sd=2.0	1	15	396.68	41	43.90	-39.94	1118.80	31	74.19	-17.14	-12.06	139.39
bb_lower p=40 sd=2.0	1	-	357.37	41	43.90	-45.89	1117.92	31	74.19	-17.21	-17.01	139.18
bb_lower p=40 sd=2.0	2	2	306.94	41	26.83	-45.51	1615.97	31	58.06	-20.42	-23.73	256.59
bb_lower p=40 sd=2.0	2	3	262.72	41	31.71	-57.24	1155.11	31	58.06	-29.29	-30.04	147.82
bb_lower p=40 sd=2.0	2	4	234.14	41	34.15	-60.48	951.54	31	58.06	-33.68	-34.37	100.86
bb_lower p=40 sd=2.0	2	5	215.55	41	39.02	-62.00	1188.91	31	61.29	-42.55	-37.32	155.69
bb_lower p=40 sd=2.0	2	6	192.42	41	39.02	-66.08	1483.34	31	64.52	-41.92	-41.14	224.98
bb_lower p=40 sd=2.0	2	8	148.09	41	39.02	-73.90	1271.47	31	64.52	-44.28	-49.11	174.99
bb_lower p=40 sd=2.0	2	10	297.45	41	43.90	-64.12	1202.15	31	67.74	-44.27	-25.05	158.78
bb_lower p=40 sd=2.0	2	15	268.85	41	43.90	-67.57	2180.10	31	74.19	-33.55	-29.14	393.31
bb_lower p=40 sd=2.0	2	-	204.06	41	43.90	-75.38	2175.92	31	74.19	-33.68	-39.19	392.28
bb_lower p=40 sd=2.0	3	2	225.84	41	26.83	-61.85	2622.14	31	58.06	-29.29	-35.67	502.58
bb_lower p=40 sd=2.0	3	3	174.75	41	31.71	-73.63	1555.32	31	58.06	-41.38	-44.21	242.11
bb_lower p=40 sd=2.0	3	4	144.00	41	34.15	-76.99	1147.51	31	58.06	-48.65	-49.89	146.05
bb_lower p=40 sd=2.0	3	5	124.84	41	39.02	-79.14	1579.70	31	61.29	-59.69	-53.71	247.92
bb_lower p=40 sd=2.0	3	6	102.94	41	39.02	-82.80	2128.03	31	64.52	-57.07	-58.41	380.55
bb_lower p=40 sd=2.0	3	8	66.43	41	39.02	-88.90	1642.88	31	64.52	-60.10	-67.39	263.03
bb_lower p=40 sd=2.0	3	10	183.86	41	43.90	-81.49	1461.87	31	67.74	-60.44	-42.61	219.89
bb_lower p=40 sd=2.0	3	15	152.01	41	43.90	-84.69	3698.22	31	74.19	-49.23	-48.36	774.72
bb_lower p=40 sd=2.0	3	-	81.92	41	43.90	-91.75	3684.63	31	74.19	-49.42	-63.36	771.24
bb_lower p=40 sd=2.0	4	2	159.65	41	26.83	-74.20	4023.61	31	58.06	-37.36	-46.94	858.44
bb_lower p=40 sd=2.0	4	3	109.83	41	31.71	-84.37	1951.45	31	58.06	-51.94	-56.89	337.48
bb_lower p=40 sd=2.0	4	4	82.34	41	34.15	-87.30	1276.04	31	58.06	-62.15	-63.26	176.06
bb_lower p=40 sd=2.0	4	5	66.17	41	39.02	-89.46	1916.30	31	61.29	-73.10	-67.46	328.95
bb_lower p=40 sd=2.0	4	6	49.38	41	39.02	-92.13	2728.93	31	64.52	-69.04	-72.34	529.22
bb_lower p=40 sd=2.0	4	8	25.57	41	39.02	-95.93	1847.09	31	64.52	-72.44	-80.80	312.18
bb_lower p=40 sd=2.0	4	10	95.61	41	43.90	-91.61	1490.57	31	67.74	-73.20	-60.08	226.70
bb_lower p=40 sd=2.0	4	15	68.33	41	43.90	-94.00	5346.93	31	74.19	-64.18	-66.87	1204.38
bb_lower p=40 sd=2.0	4	-	10.34	41	43.90	-99.09	5310.76	31	74.19	-64.42	-88.38	1194.82
bb_lower p=40 sd=2.0	5	2	108.52	41	26.83	-83.13	5875.33	31	58.06	-44.67	-57.17	1344.65
bb_lower p=40 sd=2.0	5	3	65.20	41	31.71	-91.12	2290.84	31	58.06	-63.27	-67.72	420.52
bb_lower p=40 sd=2.0	5	4	43.67	41	34.15	-93.38	1311.77	31	58.06	-73.18	-74.16	184.45
bb_lower p=40 sd=2.0	5	5	31.90	41	39.02	-95.13	2125.93	31	61.29	-82.96	-78.30	380.03
bb_lower p=40 sd=2.0	5	6	21.00	41	39.02	-96.80	3130.87	31	64.52	-78.32	-82.79	630.26
bb_lower p=40 sd=2.0	5	8	8.21	41	39.02	-98.75	1789.87	31	64.52	-82.05	-89.78	298.36
bb_lower p=40 sd=2.0	5	10	40.32	41	43.90	-96.78	1234.52	31	67.74	-85.44	-75.28	166.34
bb_lower p=40 sd=2.0	5	15	21.90	41	43.90	-98.25	6136.22	31	74.19	-78.40	-82.38	1414.31
bb_lower p=40 sd=2.0	5	-	0.00	25	36.00	-100.00	6052.49	31	74.19	-78.69	-100.00	1391.92
bb_lower p=40 sd=2.5	1	2	535.29	24	37.50	-11.23	628.91	17	64.71	-7.32	3.86	28.22
bb_lower p=40 sd=2.5	1	3	495.37	24	41.67	-12.76	596.61	17	64.71	-10.46	-0.52	21.10
bb_lower p=40 sd=2.5	1	4	450.85	24	41.67	-17.98	560.92	17	64.71	-15.82	-5.58	13.27
bb_lower p=40 sd=2.5	1	5	434.21	24	45.83	-22.94	632.05	17	70.59	-16.65	-7.53	28.92
bb_lower p=40 sd=2.5	1	6	395.06	24	45.83	-27.64	606.06	17	70.59	-20.08	-12.26	23.18
bb_lower p=40 sd=2.5	1	8	370.59	24	45.83	-31.96	591.23	17	70.59	-22.03	-15.32	19.92
bb_lower p=40 sd=2.5	1	10	553.68	24	54.17	-14.98	618.85	17	76.47	-18.73	5.82	26.00
bb_lower p=40 sd=2.5	1	15	553.07	24	54.17	-15.08	717.65	17	82.35	-7.86	5.76	47.94
bb_lower p=40 sd=2.5	1	-	553.07	24	54.17	-15.08	717.65	17	82.35	-7.86	5.76	47.94
bb_lower p=40 sd=2.5	2	2	557.33	24	37.50	-21.40	775.33	17	64.71	-14.27	6.21	60.87
bb_lower p=40 sd=2.5	2	3	473.44	24	41.67	-24.50	695.59	17	64.71	-20.55	-2.98	43.02
bb_lower p=40 sd=2.5	2	4	389.06	24	41.67	-33.99	611.79	17	64.71	-30.12	-13.00	24.45
bb_lower p=40 sd=2.5	2	5	358.31	24	45.83	-41.75	771.19	17	70.59	-31.43	-16.89	59.94
bb_lower p=40 sd=2.5	2	6	293.04	24	45.83	-50.28	705.23	17	70.59	-37.29	-25.66	45.17
bb_lower p=40 sd=2.5	2	8	254.31	24	45.83	-56.85	666.44	17	70.59	-40.74	-31.29	36.54
bb_lower p=40 sd=2.5	2	10	562.42	24	54.17	-28.88	728.73	17	76.47	-35.74	6.75	50.42
bb_lower p=40 sd=2.5	2	15	561.03	24	54.17	-29.06	998.11	17	82.35	-15.72	6.60	111.53
bb_lower p=40 sd=2.5	2	-	561.03	24	54.17	-29.06	998.11	17	82.35	-15.72	6.60	111.53
bb_lower p=40 sd=2.5	3	2	565.46	24	37.50	-30.60	938.19	17	64.71	-20.86	7.07	97.80
bb_lower p=40 sd=2.5	3	3	437.11	24	41.67	-35.20	793.32	17	64.71	-30.17	-7.19	64.92
bb_lower p=40 sd=2.5	3	4	321.44	24	41.67	-49.31	649.11	17	64.71	-42.86	-21.75	32.69
bb_lower p=40 sd=2.5	3	5	280.70	24	45.83	-56.91	909.27	17	70.59	-44.39	-27.42	91.20
bb_lower p=40 sd=2.5	3	6	203.36	24	45.83	-67.93	787.85	17	70.59	-51.82	-39.31	63.69
bb_lower p=40 sd=2.5	3	8	160.32	24	45.83	-74.72	714.41	17	70.59	-56.31	-46.81	47.22
bb_lower p=40 sd=2.5	3	10	523.44	24	54.17	-42.97	812.76	17	76.47	-50.91	2.58	69.31
bb_lower p=40 sd=2.5	3	15	521.21	24	54.17	-43.21	1346.70	17	82.35	-23.59	2.33	192.67
bb_lower p=40 sd=2.5	3	-	521.21	24	54.17	-43.21	1346.70	17	82.35	-23.59	2.33	192.67
bb_lower p=40 sd=2.5	4	2	559.97	24	37.50	-38.89	1115.61	17	64.71	-27.11	6.49	138.65
bb_lower p=40 sd=2.5	4	3	390.23	24	41.67	-44.88	885.83	17	64.71	-39.23	-12.85	85.87
bb_lower p=40 sd=2.5	4	4	254.17	24	41.67	-62.56	670.03	17	64.71	-54.03	-31.31	37.33
bb_lower p=40 sd=2.5	4	5	208.35	24	45.83	-69.31	1036.43	17	70.59	-55.63	-38.49	120.35
bb_lower p=40 sd=2.5	4	6	131.34	24	45.83	-80.65	844.12	17	70.59	-63.86	-52.39	76.40
bb_lower p=40 sd=2.5	4	8	91.78	24	45.83	-86.48	725.04	17	70.59	-68.96	-60.98	49.60
bb_lower p=40 sd=2.5	4	10	443.71	24	54.17	-58.10	851.42	17	76.47	-64.15	-6.41	78.06
bb_lower p=40 sd=2.5	4	15	440.77	24	54.17	-58.37	1763.13	17	82.35	-31.45	-6.76	291.92
bb_lower p=40 sd=2.5	4	-	440.77	24	54.17	-58.37	1763.13	17	82.35	-31.45	-6.76	291.92
bb_lower p=40 sd=2.5	5	2	541.91	24	37.50	-46.36	1304.90	17	64.71	-33.03	4.57	182.83
bb_lower p=40 sd=2.5	5	3	337.00	24	41.67	-53.55	969.02	17	64.71	-47.65	-19.67	104.86
bb_lower p=40 sd=2.5	5	4	192.16	24	41.67	-73.44	672.68	17	64.71	-63.66	-41.19	37.92
bb_lower p=40 sd=2.5	5	5	146.07	24	45.83	-79.81	1141.79	17	70.59	-65.23	-49.49	144.73
bb_lower p=40 sd=2.5	5	6	78.37	24	45.83	-89.17	865.48	17	70.59	-73.65	-64.25	81.24
bb_lower p=40 sd=2.5	5	8	46.92	24	45.83	-93.52	691.45	17	70.59	-78.95	-73.11	42.10
bb_lower p=40 sd=2.5	5	10	338.45	24	54.17	-72.48	825.56	17	76.47	-75.38	-19.48	72.20
bb_lower p=40 sd=2.5	5	15	335.06	24	54.17	-72.76	2238.03	17	82.35	-39.31	-19.92	407.53
bb_lower p=40 sd=2.5	5	-	335.06	24	54.17	-72.76	2238.03	17	82.35	-39.31	-19.92	407.53
bb_lower p=40 sd=3.0	1	2	572.51	8	50.00	-4.38	569.43	9	66.67	-4.61	7.81	15.13
bb_lower p=40 sd=3.0	1	3	549.67	8	50.00	-6.31	553.42	9	66.67	-6.46	5.40	11.63
bb_lower p=40 sd=3.0	1	4	527.53	8	50.00	-8.21	536.61	9	66.67	-9.31	3.02	7.96
bb_lower p=40 sd=3.0	1	5	506.06	8	50.00	-10.10	543.13	9	66.67	-10.14	0.67	9.38
bb_lower p=40 sd=3.0	1	6	485.25	8	50.00	-13.05	531.84	9	66.67	-12.01	-1.65	6.92
bb_lower p=40 sd=3.0	1	8	471.63	8	50.00	-15.64	509.63	9	66.67	-15.69	-3.19	2.09
bb_lower p=40 sd=3.0	1	10	572.55	8	62.50	-12.64	545.19	9	77.78	-10.18	7.81	9.83
bb_lower p=40 sd=3.0	1	15	571.92	8	62.50	-12.73	616.33	9	88.89	-1.04	7.74	25.45
bb_lower p=40 sd=3.0	1	-	571.92	8	62.50	-12.73	616.33	9	88.89	-1.04	7.74	25.45
bb_lower p=40 sd=3.0	2	2	644.95	8	50.00	-8.66	641.01	9	66.67	-9.12	15.18	30.90
bb_lower p=40 sd=3.0	2	3	593.14	8	50.00	-12.41	604.46	9	66.67	-12.89	9.95	22.83
bb_lower p=40 sd=3.0	2	4	544.51	8	50.00	-16.08	566.88	9	66.67	-18.31	4.85	14.57
bb_lower p=40 sd=3.0	2	5	498.94	8	50.00	-19.66	580.55	9	66.67	-19.74	-0.12	17.57
bb_lower p=40 sd=3.0	2	6	456.30	8	50.00	-26.21	555.17	9	66.67	-23.25	-4.95	12.01
bb_lower p=40 sd=3.0	2	8	427.95	8	50.00	-30.79	506.12	9	66.67	-30.03	-8.28	1.33
bb_lower p=40 sd=3.0	2	10	630.53	8	62.50	-24.71	580.94	9	77.78	-20.36	13.74	17.66
bb_lower p=40 sd=3.0	2	15	628.97	8	62.50	-24.89	751.94	9	88.89	-2.08	13.58	55.62
bb_lower p=40 sd=3.0	2	-	628.97	8	62.50	-24.89	751.94	9	88.89	-2.08	13.58	55.62
bb_lower p=40 sd=3.0	3	2	716.07	8	50.00	-12.85	713.97	9	66.67	-13.51	22.06	47.12
bb_lower p=40 sd=3.0	3	3	629.21	8	50.00	-18.30	652.05	9	66.67	-19.24	13.61	33.34
bb_lower p=40 sd=3.0	3	4	550.49	8	50.00	-23.59	589.80	9	66.67	-26.95	5.49	19.60
bb_lower p=40 sd=3.0	3	5	479.41	8	50.00	-29.59	610.87	9	66.67	-28.80	-2.31	24.24
bb_lower p=40 sd=3.0	3	6	415.44	8	50.00	-38.98	568.63	9	66.67	-33.72	-9.77	14.96
bb_lower p=40 sd=3.0	3	8	372.39	8	50.00	-45.31	488.68	9	66.67	-43.04	-15.09	-2.45
bb_lower p=40 sd=3.0	3	10	667.39	8	62.50	-36.21	603.49	9	77.78	-30.54	17.39	22.62
bb_lower p=40 sd=3.0	3	15	664.55	8	62.50	-36.49	908.99	9	88.89	-3.12	17.11	91.14
bb_lower p=40 sd=3.0	3	-	664.55	8	62.50	-36.49	908.99	9	88.89	-3.12	17.11	91.14
bb_lower p=40 sd=3.0	4	2	784.67	8	50.00	-16.93	787.52	9	66.67	-17.80	28.42	63.62
bb_lower p=40 sd=3.0	4	3	656.93	8	50.00	-24.00	695.16	9	66.67	-25.48	16.36	42.93
bb_lower p=40 sd=3.0	4	4	545.46	8	50.00	-30.74	604.55	9	66.67	-35.19	4.95	22.85
bb_lower p=40 sd=3.0	4	5	448.82	8	50.00	-39.80	632.80	9	66.67	-37.32	-5.82	29.08
bb_lower p=40 sd=3.0	4	6	365.62	8	50.00	-50.96	571.08	9	66.67	-43.43	-15.95	15.50
bb_lower p=40 sd=3.0	4	8	309.17	8	50.00	-58.53	457.14	9	66.67	-54.72	-23.42	-9.26
bb_lower p=40 sd=3.0	4	10	676.91	8	62.50	-47.16	608.54	9	77.78	-40.72	18.31	23.73
bb_lower p=40 sd=3.0	4	15	672.41	8	62.50	-47.51	1089.80	9	88.89	-4.16	17.87	132.67
bb_lower p=40 sd=3.0	4	-	672.41	8	62.50	-47.51	1089.80	9	88.89	-4.16	17.87	132.67
bb_lower p=40 sd=3.0	5	2	849.56	8	50.00	-20.92	860.78	9	66.67	-21.98	34.21	80.18
bb_lower p=40 sd=3.0	5	3	675.62	8	50.00	-29.48	732.80	9	66.67	-31.57	18.19	51.33
bb_lower p=40 sd=3.0	5	4	529.86	8	50.00	-37.55	610.50	9	66.67	-42.99	3.27	24.16
bb_lower p=40 sd=3.0	5	5	409.06	8	50.00	-49.65	645.15	9	66.67	-45.29	-10.54	31.82
bb_lower p=40 sd=3.0	5	6	310.20	8	50.00	-61.82	561.69	9	66.67	-52.37	-23.28	13.44
bb_lower p=40 sd=3.0	5	8	242.97	8	50.00	-70.09	412.10	9	66.67	-65.05	-33.01	-18.90
bb_lower p=40 sd=3.0	5	10	653.65	8	62.50	-57.54	591.22	9	77.78	-50.89	16.04	19.92
bb_lower p=40 sd=3.0	5	15	647.10	8	62.50	-57.96	1296.84	9	88.89	-5.20	15.39	180.94
bb_lower p=40 sd=3.0	5	-	647.10	8	62.50	-57.96	1296.84	9	88.89	-5.20	15.39	180.94
roc_below p=10 th=-1%	1	2	392.55	87	25.29	-34.43	1148.39	62	41.94	-27.43	-12.57	146.26
roc_below p=10 th=-1%	1	3	530.12	87	34.48	-34.88	954.56	62	45.16	-25.93	3.30	101.55
roc_below p=10 th=-1%	1	4	614.54	87	42.53	-34.09	949.09	62	50.00	-26.92	12.13	100.30
roc_below p=10 th=-1%	1	5	535.49	87	45.98	-36.49	903.04	62	51.61	-33.44	3.88	89.78
roc_below p=10 th=-1%	1	6	470.29	87	47.13	-37.01	1477.92	62	56.45	-39.44	-3.34	223.70
roc_below p=10 th=-1%	1	8	375.57	87	47.13	-44.53	1619.30	62	58.06	-28.88	-14.69	257.39
roc_below p=10 th=-1%	1	10	587.81	87	50.57	-44.01	1948.41	62	62.90	-34.81	9.40	336.75
roc_below p=10 th=-1%	1	15	722.71	87	50.57	-38.96	2616.55	62	67.74	-41.42	22.69	501.19
roc_below p=10 th=-1%	1	-	836.12	87	51.72	-39.47	1993.80	62	67.74	-45.56	33.03	347.78
roc_below p=10 th=-1%	2	2	272.79	87	25.29	-58.76	2174.09	62	41.94	-48.22	-28.56	391.83
roc_below p=10 th=-1%	2	3	423.70	87	34.48	-62.79	1474.42	62	45.16	-46.26	-8.78	222.86
roc_below p=10 th=-1%	2	4	557.41	87	42.53	-58.95	1423.88	62	50.00	-48.73	6.22	210.89
roc_below p=10 th=-1%	2	5	411.54	87	45.98	-62.50	1255.73	62	51.61	-57.89	-10.24	171.30
roc_below p=10 th=-1%	2	6	308.91	87	47.13	-64.25	3065.55	62	56.45	-65.56	-23.46	613.77
roc_below p=10 th=-1%	2	8	187.33	87	47.13	-72.45	3410.72	62	58.06	-53.40	-42.01	701.27
roc_below p=10 th=-1%	2	10	447.43	87	50.57	-72.19	4767.37	62	62.90	-59.91	-5.98	1051.87
roc_below p=10 th=-1%	2	15	680.44	87	50.57	-66.78	8241.65	62	67.74	-70.38	18.65	1984.81
roc_below p=10 th=-1%	2	-	886.21	87	51.72	-67.46	3859.36	62	67.74	-75.31	37.40	816.11
roc_below p=10 th=-1%	3	2	169.35	87	25.29	-75.10	3498.86	62	41.94	-63.72	-45.17	723.74
roc_below p=10 th=-1%	3	3	254.86	87	34.48	-81.78	1896.36	62	45.16	-61.88	-31.21	324.12
roc_below p=10 th=-1%	3	4	371.61	87	42.53	-76.59	1734.55	62	50.00	-65.42	-15.19	285.04
roc_below p=10 th=-1%	3	5	224.93	87	45.98	-80.53	1377.60	62	51.61	-74.67	-35.82	199.95
roc_below p=10 th=-1%	3	6	139.53	87	47.13	-82.82	4640.21	62	56.45	-81.65	-50.76	1018.61
roc_below p=10 th=-1%	3	8	60.13	87	47.13	-90.91	4859.22	62	58.06	-73.25	-69.14	1075.94
roc_below p=10 th=-1%	3	10	212.98	87	50.57	-90.28	7524.09	62	62.90	-78.34	-37.73	1788.82
roc_below p=10 th=-1%	3	15	397.93	87	50.57	-84.27	15402.47	62	67.74	-87.81	-11.90	4005.90
roc_below p=10 th=-1%	3	-	526.08	87	51.72	-84.88	1732.88	62	67.74	-93.73	2.86	284.64
roc_below p=10 th=-1%	4	2	94.56	87	25.29	-86.98	4886.73	62	41.94	-75.10	-60.32	1083.16
roc_below p=10 th=-1%	4	3	109.00	87	34.48	-92.89	2068.35	62	45.16	-73.62	-57.07	365.96
roc_below p=10 th=-1%	4	4	171.53	87	42.53	-88.68	1743.23	62	50.00	-77.58	-44.78	287.12
roc_below p=10 th=-1%	4	5	81.85	87	45.98	-91.68	1206.99	62	51.61	-85.54	-63.38	159.91
roc_below p=10 th=-1%	4	6	40.23	87	47.13	-94.39	5218.98	62	56.45	-90.89	-75.31	1170.59
roc_below p=10 th=-1%	4	8	11.27	87	47.13	-98.43	4720.44	62	58.06	-86.38	-87.82	1039.58
roc_below p=10 th=-1%	4	10	56.84	87	50.57	-98.19	7549.08	62	62.90	-90.46	-70.09	1795.62
roc_below p=10 th=-1%	4	15	125.07	87	50.57	-96.02	15211.30	62	67.74	-96.38	-53.66	3950.69
roc_below p=10 th=-1%	4	-	76.00	87	51.72	-98.08	0.00	41	68.29	-100.00	-64.86	-100.00
roc_below p=10 th=-1%	5	2	47.72	87	25.29	-93.77	6006.03	62	41.94	-83.29	-72.86	1379.51
roc_below p=10 th=-1%	5	3	24.76	87	34.48	-98.36	1934.05	62	45.16	-82.25	-81.14	333.26
roc_below p=10 th=-1%	5	4	40.81	87	42.53	-96.70	1456.95	62	50.00	-86.05	-75.12	218.72
roc_below p=10 th=-1%	5	5	14.65	87	45.98	-98.18	847.10	62	51.61	-92.21	-85.91	77.07
roc_below p=10 th=-1%	5	6	5.41	87	47.13	-99.30	4370.76	62	56.45	-95.82	-91.90	948.38
roc_below p=10 th=-1%	5	8	0.87	87	47.13	-99.89	3067.67	62	58.06	-93.95	-97.06	614.30
roc_below p=10 th=-1%	5	10	5.84	87	50.57	-99.86	4529.54	62	62.90	-96.60	-91.54	989.72
roc_below p=10 th=-1%	5	15	12.93	87	50.57	-99.70	5526.34	62	67.74	-99.43	-86.85	1251.88
roc_below p=10 th=-1%	5	-	0.00	68	45.59	-100.00	0.00	41	68.29	-100.00	-100.00	-100.00
roc_below p=10 th=-2%	1	2	589.28	34	35.29	-12.43	636.17	30	40.00	-13.71	9.55	29.83
roc_below p=10 th=-2%	1	3	914.75	34	50.00	-14.85	547.13	30	43.33	-18.25	39.84	10.26
roc_below p=10 th=-2%	1	4	1060.35	34	61.76	-14.28	507.17	30	46.67	-21.54	51.78	1.56
roc_below p=10 th=-2%	1	5	945.85	34	61.76	-17.77	528.81	30	50.00	-24.74	42.46	6.26
roc_below p=10 th=-2%	1	6	897.32	34	61.76	-21.15	788.73	30	56.67	-27.83	38.35	63.89
roc_below p=10 th=-2%	1	8	788.64	34	61.76	-27.60	881.34	30	60.00	-22.52	28.78	84.85
roc_below p=10 th=-2%	1	10	1179.34	34	67.65	-14.11	1147.77	30	70.00	-19.24	61.01	146.12
roc_below p=10 th=-2%	1	15	1113.15	34	67.65	-17.34	1208.33	30	73.33	-27.89	55.93	160.22
roc_below p=10 th=-2%	1	-	1002.85	34	67.65	-25.53	972.58	30	73.33	-30.38	47.16	105.67
roc_below p=10 th=-2%	2	2	657.86	34	35.29	-24.00	745.41	30	40.00	-26.15	16.45	54.16
roc_below p=10 th=-2%	2	3	1478.53	34	50.00	-28.03	544.16	30	43.33	-33.82	82.55	9.61
roc_below p=10 th=-2%	2	4	1975.04	34	61.76	-27.21	462.15	30	46.67	-39.25	114.37	-8.18
roc_below p=10 th=-2%	2	5	1553.01	34	61.76	-33.30	494.55	30	50.00	-44.33	87.59	-1.18
roc_below p=10 th=-2%	2	6	1383.14	34	61.76	-39.00	1032.02	30	56.67	-49.09	75.91	119.33
roc_below p=10 th=-2%	2	8	1044.53	34	61.76	-49.31	1208.61	30	60.00	-41.38	50.52	160.28
roc_below p=10 th=-2%	2	10	2311.68	34	67.65	-27.78	2018.39	30	70.00	-36.43	133.94	353.77
roc_below p=10 th=-2%	2	15	2019.63	34	67.65	-33.89	2175.54	30	73.33	-51.24	117.05	392.19
roc_below p=10 th=-2%	2	-	1532.93	34	67.65	-49.82	1168.16	30	73.33	-60.77	86.24	150.86
roc_below p=10 th=-2%	3	2	699.31	34	35.29	-34.63	813.99	30	40.00	-37.39	20.47	69.59
roc_below p=10 th=-2%	3	3	2154.45	34	50.00	-39.65	497.02	30	43.33	-47.01	124.97	-0.65
roc_below p=10 th=-2%	3	4	3295.23	34	61.76	-38.81	381.77	30	46.67	-53.64	184.82	-25.35
roc_below p=10 th=-2%	3	5	2252.73	34	61.76	-46.71	412.36	30	50.00	-59.63	130.61	-18.85
roc_below p=10 th=-2%	3	6	1859.34	34	61.76	-53.82	1144.23	30	56.67	-65.02	107.31	145.29
roc_below p=10 th=-2%	3	8	1171.96	34	61.76	-65.89	1323.18	30	60.00	-56.90	60.45	187.13
roc_below p=10 th=-2%	3	10	3821.00	34	67.65	-40.79	2778.50	30	70.00	-51.56	209.22	541.62
roc_below p=10 th=-2%	3	15	2992.90	34	67.65	-49.63	2900.74	30	73.33	-70.03	170.01	572.27
roc_below p=10 th=-2%	3	-	1612.93	34	67.65	-72.85	429.18	30	73.33	-91.15	91.58	-15.26
roc_below p=10 th=-2%	4	2	710.65	34	35.29	-45.44	834.64	30	40.00	-47.51	21.55	74.25
roc_below p=10 th=-2%	4	3	2868.38	34	50.00	-49.81	419.22	30	43.33	-58.10	163.71	-17.39
roc_below p=10 th=-2%	4	4	4987.52	34	61.76	-49.12	287.03	30	46.67	-65.21	258.50	-45.20
roc_below p=10 th=-2%	4	5	2916.65	34	61.76	-58.14	307.33	30	50.00	-71.65	166.17	-40.99
roc_below p=10 th=-2%	4	6	2195.32	34	61.76	-65.90	1084.42	30	56.67	-76.69	127.33	131.43
roc_below p=10 th=-2%	4	8	1111.57	34	61.76	-78.14	1162.54	30	60.00	-69.41	55.81	149.55
roc_below p=10 th=-2%	4	10	5336.44	34	67.65	-52.97	2981.44	30	70.00	-64.64	272.21	592.57
roc_below p=10 th=-2%	4	15	3535.79	34	67.65	-64.56	2674.06	30	73.33	-84.27	196.18	515.52
roc_below p=10 th=-2%	4	-	535.31	34	67.65	-94.63	0.00	17	70.59	-100.00	3.86	-100.00
roc_below p=10 th=-2%	5	2	692.52	34	35.29	-55.41	807.12	30	40.00	-56.58	19.82	68.03
roc_below p=10 th=-2%	5	3	3521.51	34	50.00	-59.17	327.19	30	43.33	-67.34	195.52	-36.85
roc_below p=10 th=-2%	5	4	6904.95	34	61.76	-58.19	196.44	30	46.67	-74.39	329.45	-63.67
roc_below p=10 th=-2%	5	5	3388.29	34	61.76	-67.73	204.32	30	50.00	-81.79	189.26	-62.09
roc_below p=10 th=-2%	5	6	2278.80	34	61.76	-75.53	877.85	30	56.67	-85.01	132.09	84.05
roc_below p=10 th=-2%	5	8	880.09	34	61.76	-86.82	809.90	30	60.00	-79.23	36.87	68.66
roc_below p=10 th=-2%	5	10	6229.62	34	67.65	-64.13	2416.68	30	70.00	-75.67	305.60	451.58
roc_below p=10 th=-2%	5	15	3072.74	34	67.65	-78.69	1371.37	30	73.33	-93.96	173.98	198.48
roc_below p=10 th=-2%	5	-	0.00	27	62.96	-100.00	0.00	17	70.59	-100.00	-100.00	-100.00
roc_below p=10 th=-3%	1	2	569.49	17	35.29	-11.58	524.35	13	38.46	-15.70	7.49	5.29
roc_below p=10 th=-3%	1	3	695.01	17	47.06	-15.07	518.71	13	46.15	-14.48	20.06	4.06
roc_below p=10 th=-3%	1	4	770.29	17	58.82	-13.62	487.67	13	46.15	-17.08	27.11	-2.67
roc_below p=10 th=-3%	1	5	731.30	17	58.82	-16.27	458.20	13	46.15	-19.63	23.50	-9.03
roc_below p=10 th=-3%	1	6	693.91	17	58.82	-18.86	529.02	13	53.85	-17.40	19.95	6.31
roc_below p=10 th=-3%	1	8	652.75	17	58.82	-23.89	639.30	13	61.54	-21.05	15.95	30.52
roc_below p=10 th=-3%	1	10	950.80	17	70.59	-12.53	904.39	13	84.62	-10.18	42.87	90.09
roc_below p=10 th=-3%	1	15	898.43	17	70.59	-17.34	876.61	13	84.62	-15.08	38.45	83.77
roc_below p=10 th=-3%	1	-	809.40	17	70.59	-25.53	861.32	13	84.62	-16.57	30.65	80.30
roc_below p=10 th=-3%	2	2	630.04	17	35.29	-22.37	527.82	13	38.46	-29.55	13.69	6.04
roc_below p=10 th=-3%	2	3	904.40	17	47.06	-28.26	514.96	13	46.15	-27.62	38.96	3.25
roc_below p=10 th=-3%	2	4	1108.47	17	58.82	-25.87	452.93	13	46.15	-32.12	55.57	-10.16
roc_below p=10 th=-3%	2	5	993.73	17	58.82	-30.58	397.26	13	46.15	-36.43	46.41	-22.06
roc_below p=10 th=-3%	2	6	888.69	17	58.82	-35.08	518.30	13	53.85	-32.66	37.61	3.97
roc_below p=10 th=-3%	2	8	778.26	17	58.82	-43.49	719.40	13	61.54	-39.16	27.84	48.34
roc_below p=10 th=-3%	2	10	1630.52	17	70.59	-24.51	1444.39	13	84.62	-20.36	92.73	215.74
roc_below p=10 th=-3%	2	15	1428.06	17	70.59	-33.89	1338.64	13	84.62	-30.17	79.06	190.77
roc_below p=10 th=-3%	2	-	1083.92	17	70.59	-49.82	1281.86	13	84.62	-33.13	53.65	177.42
roc_below p=10 th=-3%	3	2	678.78	17	35.29	-32.33	512.90	13	38.46	-41.72	18.49	2.80
roc_below p=10 th=-3%	3	3	1113.30	17	47.06	-39.76	491.93	13	46.15	-39.45	55.95	-1.75
roc_below p=10 th=-3%	3	4	1505.45	17	58.82	-36.85	402.53	13	46.15	-45.23	84.38	-20.94
roc_below p=10 th=-3%	3	5	1266.44	17	58.82	-43.07	327.10	13	46.15	-50.63	67.51	-36.87
roc_below p=10 th=-3%	3	6	1058.80	17	58.82	-48.87	473.38	13	53.85	-45.91	51.66	-5.76
roc_below p=10 th=-3%	3	8	851.80	17	58.82	-59.26	723.21	13	61.54	-54.47	34.41	49.19
roc_below p=10 th=-3%	3	10	2549.77	17	70.59	-35.96	2073.71	13	84.62	-30.54	147.03	367.27
roc_below p=10 th=-3%	3	15	2005.71	17	70.59	-49.63	1794.46	13	84.62	-45.25	116.21	299.47
roc_below p=10 th=-3%	3	-	1080.91	17	70.59	-72.85	1648.82	13	84.62	-49.70	53.41	264.45
roc_below p=10 th=-3%	4	2	713.61	17	35.29	-41.42	482.59	13	38.46	-52.35	21.83	-3.77
roc_below p=10 th=-3%	4	3	1305.52	17	47.06	-49.74	453.41	13	46.15	-50.03	70.36	-10.06
roc_below p=10 th=-3%	4	4	1942.80	17	58.82	-46.62	342.98	13	46.15	-56.54	112.42	-33.54
roc_below p=10 th=-3%	4	5	1522.35	17	58.82	-53.89	255.94	13	46.15	-62.74	85.53	-51.61
roc_below p=10 th=-3%	4	6	1178.06	17	58.82	-60.47	403.86	13	53.85	-57.30	60.92	-20.66
roc_below p=10 th=-3%	4	8	855.58	17	58.82	-71.68	651.97	13	61.54	-67.13	34.74	33.33
roc_below p=10 th=-3%	4	10	3652.33	17	70.59	-46.87	2691.88	13	84.62	-40.72	201.56	519.97
roc_below p=10 th=-3%	4	15	2436.13	17	70.59	-64.56	2076.17	13	84.62	-60.34	140.85	367.87
roc_below p=10 th=-3%	4	-	368.82	17	70.59	-94.63	1766.05	13	84.62	-66.26	-15.54	292.62
roc_below p=10 th=-3%	5	2	733.29	17	35.29	-49.64	440.08	13	38.46	-61.58	23.68	-12.92
roc_below p=10 th=-3%	5	3	1465.42	17	47.06	-58.35	403.47	13	46.15	-59.41	81.64	-20.74
roc_below p=10 th=-3%	5	4	2393.15	17	58.82	-55.27	280.13	13	46.15	-66.18	138.49	-46.63
roc_below p=10 th=-3%	5	5	1731.51	17	58.82	-63.17	189.95	13	46.15	-74.28	99.27	-64.97
roc_below p=10 th=-3%	5	6	1225.05	17	58.82	-70.08	321.31	13	53.85	-67.18	64.45	-38.08
roc_below p=10 th=-3%	5	8	784.52	17	58.82	-81.19	524.30	13	61.54	-77.31	28.41	5.28
roc_below p=10 th=-3%	5	10	4784.23	17	70.59	-57.24	3143.23	13	84.62	-50.89	250.31	633.39
roc_below p=10 th=-3%	5	15	2383.67	17	70.59	-78.69	1935.50	13	84.62	-75.42	137.96	333.61
roc_below p=10 th=-3%	5	-	0.00	13	61.54	-100.00	1352.28	13	84.62	-82.83	-100.00	193.98
roc_below p=10 th=-5%	1	2	497.20	4	25.00	-6.50	601.32	3	66.67	-2.21	-0.31	22.14
roc_below p=10 th=-5%	1	3	528.97	4	50.00	-6.31	595.23	3	66.67	-3.20	3.18	20.80
roc_below p=10 th=-5%	1	4	563.89	4	75.00	-4.19	589.14	3	66.67	-4.19	6.90	19.46
roc_below p=10 th=-5%	1	5	558.06	4	75.00	-5.18	583.05	3	66.67	-5.18	6.29	18.12
roc_below p=10 th=-5%	1	6	552.23	4	75.00	-6.17	576.97	3	66.67	-6.17	5.67	16.79
roc_below p=10 th=-5%	1	8	555.39	4	75.00	-5.64	765.33	3	100.00	0.00	6.01	58.63
roc_below p=10 th=-5%	1	10	555.39	4	75.00	-5.64	765.33	3	100.00	0.00	6.01	58.63
roc_below p=10 th=-5%	1	15	555.39	4	75.00	-5.64	765.33	3	100.00	0.00	6.01	58.63
roc_below p=10 th=-5%	1	-	555.39	4	75.00	-5.64	765.33	3	100.00	0.00	6.01	58.63
roc_below p=10 th=-5%	2	2	491.90	4	25.00	-12.71	703.45	3	66.67	-4.43	-0.90	44.77
roc_below p=10 th=-5%	2	3	554.52	4	50.00	-12.41	688.88	3	66.67	-6.41	5.91	41.53
roc_below p=10 th=-5%	2	4	629.27	4	75.00	-8.39	674.30	3	66.67	-8.39	13.61	38.28
roc_below p=10 th=-5%	2	5	615.67	4	75.00	-10.37	659.73	3	66.67	-10.37	12.24	35.05
roc_below p=10 th=-5%	2	6	602.07	4	75.00	-12.35	645.15	3	66.67	-12.35	10.86	31.82
roc_below p=10 th=-5%	2	8	609.45	4	75.00	-11.28	1096.07	3	100.00	0.00	11.61	134.12
roc_below p=10 th=-5%	2	10	609.45	4	75.00	-11.28	1096.07	3	100.00	0.00	11.61	134.12
roc_below p=10 th=-5%	2	15	609.45	4	75.00	-11.28	1096.07	3	100.00	0.00	11.61	134.12
roc_below p=10 th=-5%	2	-	609.45	4	75.00	-11.28	1096.07	3	100.00	0.00	11.61	134.12
roc_below p=10 th=-5%	3	2	484.33	4	25.00	-18.64	805.99	3	66.67	-6.64	-1.75	67.78
roc_below p=10 th=-5%	3	3	576.36	4	50.00	-18.30	780.35	3	66.67	-9.61	8.21	62.00
roc_below p=10 th=-5%	3	4	695.35	4	75.00	-12.58	754.71	3	66.67	-12.58	20.09	56.24
roc_below p=10 th=-5%	3	5	671.73	4	75.00	-15.55	729.07	3	66.67	-15.55	17.81	50.50
roc_below p=10 th=-5%	3	6	648.10	4	75.00	-18.52	703.42	3	66.67	-18.52	15.49	44.77
roc_below p=10 th=-5%	3	8	660.92	4	75.00	-16.91	1496.78	3	100.00	0.00	16.75	228.18
roc_below p=10 th=-5%	3	10	660.92	4	75.00	-16.91	1496.78	3	100.00	0.00	16.75	228.18
roc_below p=10 th=-5%	3	15	660.92	4	75.00	-16.91	1496.78	3	100.00	0.00	16.75	228.18
roc_below p=10 th=-5%	3	-	660.92	4	75.00	-16.91	1496.78	3	100.00	0.00	16.75	228.18
roc_below p=10 th=-5%	4	2	474.71	4	25.00	-24.29	908.53	3	66.67	-8.86	-2.84	91.03
roc_below p=10 th=-5%	4	3	594.23	4	50.00	-24.00	869.05	3	66.67	-12.82	10.06	82.05
roc_below p=10 th=-5%	4	4	761.27	4	75.00	-16.78	829.58	3	66.67	-16.78	26.28	73.11
roc_below p=10 th=-5%	4	5	725.05	4	75.00	-20.74	790.10	3	66.67	-20.74	22.91	64.20
roc_below p=10 th=-5%	4	6	688.82	4	75.00	-24.70	750.63	3	66.67	-24.70	19.46	55.33
roc_below p=10 th=-5%	4	8	708.48	4	75.00	-22.55	1971.99	3	100.00	0.00	21.34	342.48
roc_below p=10 th=-5%	4	10	708.48	4	75.00	-22.55	1971.99	3	100.00	0.00	21.34	342.48
roc_below p=10 th=-5%	4	15	708.48	4	75.00	-22.55	1971.99	3	100.00	0.00	21.34	342.48
roc_below p=10 th=-5%	4	-	708.48	4	75.00	-22.55	1971.99	3	100.00	0.00	21.34	342.48
roc_below p=10 th=-5%	5	2	463.27	4	25.00	-29.68	1010.65	3	66.67	-11.07	-4.15	114.41
roc_below p=10 th=-5%	5	3	607.95	4	50.00	-29.48	954.39	3	66.67	-16.02	11.46	101.51
roc_below p=10 th=-5%	5	4	826.07	4	75.00	-20.97	898.14	3	66.67	-20.97	32.14	88.67
roc_below p=10 th=-5%	5	5	774.32	4	75.00	-25.92	841.88	3	66.67	-25.92	27.48	75.89
roc_below p=10 th=-5%	5	6	722.58	4	75.00	-30.87	785.62	3	66.67	-30.87	22.68	63.19
roc_below p=10 th=-5%	5	8	750.66	4	75.00	-28.19	2526.23	3	100.00	0.00	25.30	478.73
roc_below p=10 th=-5%	5	10	750.66	4	75.00	-28.19	2526.23	3	100.00	0.00	25.30	478.73
roc_below p=10 th=-5%	5	15	750.66	4	75.00	-28.19	2526.23	3	100.00	0.00	25.30	478.73
roc_below p=10 th=-5%	5	-	750.66	4	75.00	-28.19	2526.23	3	100.00	0.00	25.30	478.73
roc_below p=10 th=-8%	1	2	531.76	1	100.00	0.00	488.93	1	0.00	-2.21	3.48	-2.40
roc_below p=10 th=-8%	1	3	531.76	1	100.00	0.00	483.98	1	0.00	-3.20	3.48	-3.47
roc_below p=10 th=-8%	1	4	531.76	1	100.00	0.00	479.03	1	0.00	-4.19	3.48	-4.54
roc_below p=10 th=-8%	1	5	531.76	1	100.00	0.00	474.08	1	0.00	-5.18	3.48	-5.61
roc_below p=10 th=-8%	1	6	531.76	1	100.00	0.00	469.13	1	0.00	-6.17	3.48	-6.67
roc_below p=10 th=-8%	1	8	531.76	1	100.00	0.00	622.28	1	100.00	0.00	3.48	26.76
roc_below p=10 th=-8%	1	10	531.76	1	100.00	0.00	622.28	1	100.00	0.00	3.48	26.76
roc_below p=10 th=-8%	1	15	531.76	1	100.00	0.00	622.28	1	100.00	0.00	3.48	26.76
roc_below p=10 th=-8%	1	-	531.76	1	100.00	0.00	622.28	1	100.00	0.00	3.48	26.76
roc_below p=10 th=-8%	2	2	563.52	1	100.00	0.00	477.85	1	0.00	-4.43	6.86	-4.79
roc_below p=10 th=-8%	2	3	563.52	1	100.00	0.00	467.95	1	0.00	-6.41	6.86	-6.93
roc_below p=10 th=-8%	2	4	563.52	1	100.00	0.00	458.05	1	0.00	-8.39	6.86	-9.06
roc_below p=10 th=-8%	2	5	563.52	1	100.00	0.00	448.15	1	0.00	-10.37	6.86	-11.19
roc_below p=10 th=-8%	2	6	563.52	1	100.00	0.00	438.25	1	0.00	-12.35	6.86	-13.31
roc_below p=10 th=-8%	2	8	563.52	1	100.00	0.00	744.56	1	100.00	0.00	6.86	53.97
roc_below p=10 th=-8%	2	10	563.52	1	100.00	0.00	744.56	1	100.00	0.00	6.86	53.97
roc_below p=10 th=-8%	2	15	563.52	1	100.00	0.00	744.56	1	100.00	0.00	6.86	53.97
roc_below p=10 th=-8%	2	-	563.52	1	100.00	0.00	744.56	1	100.00	0.00	6.86	53.97
roc_below p=10 th=-8%	3	2	595.28	1	100.00	0.00	466.78	1	0.00	-6.64	10.17	-7.18
roc_below p=10 th=-8%	3	3	595.28	1	100.00	0.00	451.93	1	0.00	-9.61	10.17	-10.38
roc_below p=10 th=-8%	3	4	595.28	1	100.00	0.00	437.08	1	0.00	-12.58	10.17	-13.56
roc_below p=10 th=-8%	3	5	595.28	1	100.00	0.00	422.23	1	0.00	-15.55	10.17	-16.74
roc_below p=10 th=-8%	3	6	595.28	1	100.00	0.00	407.38	1	0.00	-18.52	10.17	-19.91
roc_below p=10 th=-8%	3	8	595.28	1	100.00	0.00	866.84	1	100.00	0.00	10.17	81.55
roc_below p=10 th=-8%	3	10	595.28	1	100.00	0.00	866.84	1	100.00	0.00	10.17	81.55
roc_below p=10 th=-8%	3	15	595.28	1	100.00	0.00	866.84	1	100.00	0.00	10.17	81.55
roc_below p=10 th=-8%	3	-	595.28	1	100.00	0.00	866.84	1	100.00	0.00	10.17	81.55
roc_below p=10 th=-8%	4	2	627.04	1	100.00	0.00	455.70	1	0.00	-8.86	13.39	-9.57
roc_below p=10 th=-8%	4	3	627.04	1	100.00	0.00	435.90	1	0.00	-12.82	13.39	-13.82
roc_below p=10 th=-8%	4	4	627.04	1	100.00	0.00	416.10	1	0.00	-16.78	13.39	-18.05
roc_below p=10 th=-8%	4	5	627.04	1	100.00	0.00	396.30	1	0.00	-20.74	13.39	-22.27
roc_below p=10 th=-8%	4	6	627.04	1	100.00	0.00	376.50	1	0.00	-24.70	13.39	-26.47
roc_below p=10 th=-8%	4	8	627.04	1	100.00	0.00	989.12	1	100.00	0.00	13.39	109.47
roc_below p=10 th=-8%	4	10	627.04	1	100.00	0.00	989.12	1	100.00	0.00	13.39	109.47
roc_below p=10 th=-8%	4	15	627.04	1	100.00	0.00	989.12	1	100.00	0.00	13.39	109.47
roc_below p=10 th=-8%	4	-	627.04	1	100.00	0.00	989.12	1	100.00	0.00	13.39	109.47
roc_below p=10 th=-8%	5	2	658.80	1	100.00	0.00	444.63	1	0.00	-11.07	16.54	-11.94
roc_below p=10 th=-8%	5	3	658.80	1	100.00	0.00	419.88	1	0.00	-16.02	16.54	-17.24
roc_below p=10 th=-8%	5	4	658.80	1	100.00	0.00	395.13	1	0.00	-20.97	16.54	-22.52
roc_below p=10 th=-8%	5	5	658.80	1	100.00	0.00	370.38	1	0.00	-25.92	16.54	-27.76
roc_below p=10 th=-8%	5	6	658.80	1	100.00	0.00	345.63	1	0.00	-30.87	16.54	-32.98
roc_below p=10 th=-8%	5	8	658.80	1	100.00	0.00	1111.40	1	100.00	0.00	16.54	137.67
roc_below p=10 th=-8%	5	10	658.80	1	100.00	0.00	1111.40	1	100.00	0.00	16.54	137.67
roc_below p=10 th=-8%	5	15	658.80	1	100.00	0.00	1111.40	1	100.00	0.00	16.54	137.67
roc_below p=10 th=-8%	5	-	658.80	1	100.00	0.00	1111.40	1	100.00	0.00	16.54	137.67
roc_below p=20 th=-1%	1	2	420.07	102	27.45	-38.45	907.55	67	35.82	-38.75	-9.22	90.81
roc_below p=20 th=-1%	1	3	544.81	102	37.25	-42.94	775.93	67	41.79	-33.25	4.88	61.01
roc_below p=20 th=-1%	1	4	499.26	102	42.16	-38.12	774.52	67	47.76	-34.73	-0.08	60.69
roc_below p=20 th=-1%	1	5	397.51	102	44.12	-46.39	774.95	67	50.75	-37.43	-11.96	60.79
roc_below p=20 th=-1%	1	6	341.85	102	45.10	-48.51	1168.04	67	55.22	-43.20	-19.03	150.83
roc_below p=20 th=-1%	1	8	312.28	102	48.04	-50.30	1322.68	67	58.21	-39.97	-22.99	187.01
roc_below p=20 th=-1%	1	10	929.03	102	51.96	-40.27	1648.48	67	62.69	-41.61	41.04	264.37
roc_below p=20 th=-1%	1	15	966.79	102	51.96	-40.65	1734.05	67	67.16	-47.77	44.20	284.92
roc_below p=20 th=-1%	1	-	1171.59	102	52.94	-35.38	1839.88	67	67.16	-41.29	60.43	310.44
roc_below p=20 th=-1%	2	2	303.94	102	27.45	-63.80	1306.72	67	35.82	-63.30	-24.14	183.26
roc_below p=20 th=-1%	2	3	435.41	102	37.25	-71.23	935.65	67	41.79	-56.58	-7.39	97.22
roc_below p=20 th=-1%	2	4	355.46	102	42.16	-66.72	908.77	67	47.76	-60.23	-17.25	91.09
roc_below p=20 th=-1%	2	5	218.12	102	44.12	-75.29	886.76	67	50.75	-64.33	-36.90	86.08
roc_below p=20 th=-1%	2	6	155.90	102	45.10	-77.47	1823.63	67	55.22	-69.83	-47.63	306.51
roc_below p=20 th=-1%	2	8	122.21	102	48.04	-81.36	2141.79	67	58.21	-65.64	-54.25	383.92
roc_below p=20 th=-1%	2	10	938.00	102	51.96	-66.54	3196.18	67	62.69	-68.27	41.80	646.79
roc_below p=20 th=-1%	2	15	997.87	102	51.96	-68.53	3178.08	67	67.16	-77.26	46.75	642.21
roc_below p=20 th=-1%	2	-	1451.53	102	52.94	-60.38	3180.90	67	67.16	-69.27	80.69	642.92
roc_below p=20 th=-1%	3	2	191.37	102	27.45	-79.66	1536.86	67	35.82	-78.54	-41.32	237.71
roc_below p=20 th=-1%	3	3	254.85	102	37.25	-87.59	900.80	67	41.79	-72.56	-31.21	89.27
roc_below p=20 th=-1%	3	4	179.54	102	42.16	-84.86	828.08	67	47.76	-77.45	-43.36	72.77
roc_below p=20 th=-1%	3	5	81.70	102	44.12	-90.50	766.07	67	50.75	-81.37	-63.42	58.79
roc_below p=20 th=-1%	3	6	46.53	102	45.10	-92.66	1972.51	67	55.22	-85.06	-73.24	342.60
roc_below p=20 th=-1%	3	8	28.85	102	48.04	-96.11	2194.40	67	58.21	-81.43	-79.47	396.81
roc_below p=20 th=-1%	3	10	527.67	102	51.96	-88.07	3707.05	67	62.69	-84.77	3.03	776.99
roc_below p=20 th=-1%	3	15	551.96	102	51.96	-89.70	2869.25	67	67.16	-92.34	5.64	564.37
roc_below p=20 th=-1%	3	-	896.04	102	52.94	-83.28	1240.25	67	67.16	-95.53	38.24	167.68
roc_below p=20 th=-1%	4	2	105.60	102	27.45	-89.23	1499.17	67	35.82	-87.80	-57.82	228.74
roc_below p=20 th=-1%	4	3	103.15	102	37.25	-95.73	701.21	67	41.79	-83.21	-58.36	44.27
roc_below p=20 th=-1%	4	4	60.49	102	42.16	-94.59	591.77	67	47.76	-88.74	-69.04	20.04
roc_below p=20 th=-1%	4	5	19.50	102	44.12	-97.46	502.73	67	50.75	-91.09	-83.48	0.59
roc_below p=20 th=-1%	4	6	8.39	102	45.10	-98.76	1493.79	67	55.22	-93.15	-89.66	227.46
roc_below p=20 th=-1%	4	8	3.69	102	48.04	-99.56	1417.03	67	58.21	-91.76	-93.45	209.27
roc_below p=20 th=-1%	4	10	151.32	102	51.96	-97.60	2488.98	67	62.69	-93.65	-48.49	469.49
roc_below p=20 th=-1%	4	15	142.41	102	51.96	-98.31	1013.30	67	67.16	-98.29	-50.20	115.02
roc_below p=20 th=-1%	4	-	124.12	102	52.94	-98.53	0.00	41	70.73	-100.00	-53.86	-100.00
roc_below p=20 th=-1%	5	2	51.30	102	27.45	-95.26	1216.47	67	35.82	-93.27	-71.75	162.12
roc_below p=20 th=-1%	5	3	21.55	102	37.25	-99.14	441.22	67	41.79	-90.09	-82.54	-12.68
roc_below p=20 th=-1%	5	4	10.09	102	42.16	-99.10	330.42	67	47.76	-95.02	-88.54	-36.17
roc_below p=20 th=-1%	5	5	2.18	102	44.12	-99.71	248.42	67	50.75	-96.34	-95.10	-53.15
roc_below p=20 th=-1%	5	6	0.66	102	45.10	-99.91	782.93	67	55.22	-97.28	-97.47	62.59
roc_below p=20 th=-1%	5	8	0.18	102	48.04	-99.98	554.41	67	58.21	-97.10	-98.78	11.85
roc_below p=20 th=-1%	5	10	15.23	102	51.96	-99.80	881.38	67	62.69	-97.81	-85.60	84.85
roc_below p=20 th=-1%	5	15	10.23	102	51.96	-99.91	73.22	67	67.16	-99.91	-88.46	-87.53
roc_below p=20 th=-1%	5	-	0.00	72	48.61	-100.00	0.00	41	70.73	-100.00	-100.00	-100.00
roc_below p=20 th=-2%	1	2	445.46	43	25.58	-29.63	702.89	38	36.84	-24.56	-6.21	44.65
roc_below p=20 th=-2%	1	3	572.38	43	34.88	-25.28	647.05	38	44.74	-16.28	7.79	32.24
roc_below p=20 th=-2%	1	4	538.77	43	39.53	-25.11	541.88	38	44.74	-22.10	4.23	9.11
roc_below p=20 th=-2%	1	5	477.06	43	44.19	-32.70	542.01	38	47.37	-30.44	-2.57	9.14
roc_below p=20 th=-2%	1	6	407.48	43	44.19	-38.78	727.72	38	52.63	-26.68	-10.74	50.20
roc_below p=20 th=-2%	1	8	364.25	43	46.51	-40.16	821.99	38	57.89	-24.00	-16.12	71.39
roc_below p=20 th=-2%	1	10	1045.70	43	55.81	-25.01	1064.30	38	65.79	-19.54	50.62	126.78
roc_below p=20 th=-2%	1	15	1072.26	43	55.81	-22.51	1176.88	38	71.05	-29.60	52.73	152.89
roc_below p=20 th=-2%	1	-	1113.73	43	55.81	-22.51	1308.45	38	71.05	-30.38	55.98	183.67
roc_below p=20 th=-2%	2	2	371.44	43	25.58	-51.41	873.01	38	36.84	-43.91	-15.21	82.95
roc_below p=20 th=-2%	2	3	573.31	43	34.88	-45.61	729.13	38	44.74	-32.34	7.89	50.51
roc_below p=20 th=-2%	2	4	499.18	43	39.53	-47.93	504.14	38	44.74	-42.82	-0.09	0.90
roc_below p=20 th=-2%	2	5	384.07	43	44.19	-58.54	494.32	38	47.37	-56.96	-13.62	-1.23
roc_below p=20 th=-2%	2	6	273.57	43	44.19	-66.23	827.79	38	52.63	-48.85	-28.45	72.70
roc_below p=20 th=-2%	2	8	211.81	43	46.51	-68.24	975.27	38	57.89	-44.13	-37.92	106.29
roc_below p=20 th=-2%	2	10	1533.96	43	55.81	-45.95	1591.29	38	65.79	-36.90	86.31	250.69
roc_below p=20 th=-2%	2	15	1607.74	43	55.81	-41.89	1858.83	38	71.05	-55.80	91.23	315.02
roc_below p=20 th=-2%	2	-	1758.96	43	55.81	-41.89	2087.91	38	71.05	-60.77	101.02	370.74
roc_below p=20 th=-2%	3	2	291.23	43	25.58	-67.09	975.26	38	36.84	-58.99	-25.92	106.29
roc_below p=20 th=-2%	3	3	510.75	43	34.88	-61.47	727.14	38	44.74	-47.18	1.19	50.07
roc_below p=20 th=-2%	3	4	403.46	43	39.53	-66.27	408.48	38	44.74	-62.63	-11.23	-19.68
roc_below p=20 th=-2%	3	5	263.81	43	44.19	-76.60	384.22	38	47.37	-76.16	-29.88	-24.83
roc_below p=20 th=-2%	3	6	152.20	43	44.19	-83.26	754.01	38	52.63	-66.07	-48.33	56.08
roc_below p=20 th=-2%	3	8	97.87	43	46.51	-85.18	856.06	38	57.89	-60.53	-59.56	79.11
roc_below p=20 th=-2%	3	10	1688.12	43	55.81	-62.84	1695.93	38	65.79	-52.48	96.48	275.75
roc_below p=20 th=-2%	3	15	1790.52	43	55.81	-58.06	1909.48	38	71.05	-76.31	103.01	327.30
roc_below p=20 th=-2%	3	-	2112.75	43	55.81	-58.06	1034.60	38	71.05	-91.15	122.55	119.93
roc_below p=20 th=-2%	4	2	215.37	43	25.58	-78.16	991.00	38	36.84	-70.58	-37.34	109.90
roc_below p=20 th=-2%	4	3	408.89	43	34.88	-74.92	647.77	38	44.74	-60.58	-10.57	32.40
roc_below p=20 th=-2%	4	4	286.73	43	39.53	-79.63	290.32	38	44.74	-77.71	-26.56	-44.52
roc_below p=20 th=-2%	4	5	155.18	43	44.19	-87.93	255.75	38	47.37	-88.18	-47.77	-51.64
roc_below p=20 th=-2%	4	6	69.95	43	44.19	-92.60	554.80	38	52.63	-78.66	-66.44	11.93
roc_below p=20 th=-2%	4	8	35.28	43	46.51	-94.80	555.55	38	57.89	-73.44	-77.05	12.10
roc_below p=20 th=-2%	4	10	1415.03	43	55.81	-75.92	1263.08	38	65.79	-68.85	78.15	173.02
roc_below p=20 th=-2%	4	15	1477.40	43	55.81	-72.38	1123.27	38	71.05	-90.14	82.47	140.43
roc_below p=20 th=-2%	4	-	1966.74	43	55.81	-71.09	0.00	19	73.68	-100.00	113.87	-100.00
roc_below p=20 th=-2%	5	2	150.49	43	25.58	-85.93	921.99	38	36.84	-79.38	-48.65	94.10
roc_below p=20 th=-2%	5	3	295.97	43	34.88	-84.52	517.61	38	44.74	-74.45	-25.25	3.82
roc_below p=20 th=-2%	5	4	179.77	43	39.53	-88.54	181.30	38	44.74	-87.88	-43.32	-66.70
roc_below p=20 th=-2%	5	5	78.01	43	44.19	-94.34	145.56	38	47.37	-94.77	-64.34	-73.75
roc_below p=20 th=-2%	5	6	26.27	43	44.19	-97.11	328.70	38	52.63	-87.34	-80.51	-36.53
roc_below p=20 th=-2%	5	8	9.60	43	46.51	-98.67	260.37	38	57.89	-85.49	-88.86	-50.70
roc_below p=20 th=-2%	5	10	888.56	43	55.81	-87.64	619.13	38	65.79	-82.44	37.60	26.06
roc_below p=20 th=-2%	5	15	840.14	43	55.81	-88.31	261.14	38	71.05	-98.63	33.39	-50.54
roc_below p=20 th=-2%	5	-	1401.49	43	55.81	-81.19	0.00	19	73.68	-100.00	77.20	-100.00
roc_below p=20 th=-3%	1	2	552.45	24	29.17	-18.29	656.16	22	36.36	-17.28	5.69	34.26
roc_below p=20 th=-3%	1	3	763.70	24	41.67	-12.26	586.67	22	36.36	-19.10	26.51	18.92
roc_below p=20 th=-3%	1	4	750.88	24	45.83	-12.13	522.58	22	36.36	-23.94	25.32	4.90
roc_below p=20 th=-3%	1	5	702.40	24	50.00	-10.55	556.32	22	40.91	-28.54	20.76	12.26
roc_below p=20 th=-3%	1	6	625.80	24	50.00	-14.22	795.49	22	50.00	-23.84	13.27	65.41
roc_below p=20 th=-3%	1	8	566.03	24	54.17	-16.58	1035.94	22	59.09	-22.60	7.13	120.23
roc_below p=20 th=-3%	1	10	1364.23	24	66.67	-18.93	1366.74	22	68.18	-19.28	74.57	197.39
roc_below p=20 th=-3%	1	15	1332.09	24	66.67	-16.22	1597.60	22	77.27	-16.85	72.28	252.20
roc_below p=20 th=-3%	1	-	1383.61	24	66.67	-16.22	1468.67	22	77.27	-30.38	75.94	221.50
roc_below p=20 th=-3%	2	2	584.21	24	29.17	-33.55	782.26	22	36.36	-32.41	9.02	62.43
roc_below p=20 th=-3%	2	3	1051.98	24	41.67	-23.35	621.32	22	36.36	-36.66	51.12	26.55
roc_below p=20 th=-3%	2	4	1007.52	24	45.83	-23.24	488.41	22	36.36	-44.29	47.54	-2.51
roc_below p=20 th=-3%	2	5	872.87	24	50.00	-21.33	546.00	22	40.91	-51.14	36.24	10.01
roc_below p=20 th=-3%	2	6	682.67	24	50.00	-28.06	1045.50	22	50.00	-43.15	18.87	122.44
roc_below p=20 th=-3%	2	8	545.25	24	54.17	-34.06	1677.07	22	59.09	-41.51	4.93	271.23
roc_below p=20 th=-3%	2	10	2735.93	24	66.67	-35.94	2888.00	22	68.18	-36.50	156.88	569.07
roc_below p=20 th=-3%	2	15	2576.13	24	66.67	-31.13	3916.06	22	77.27	-36.30	148.44	830.70
roc_below p=20 th=-3%	2	-	2818.44	24	66.67	-31.13	2849.29	22	77.27	-60.77	161.15	559.36
roc_below p=20 th=-3%	3	2	594.10	24	29.17	-46.22	859.56	22	36.36	-45.56	10.04	79.90
roc_below p=20 th=-3%	3	3	1329.32	24	41.67	-33.36	602.23	22	36.36	-51.97	72.08	22.34
roc_below p=20 th=-3%	3	4	1227.42	24	45.83	-33.36	413.42	22	36.36	-60.70	64.63	-18.62
roc_below p=20 th=-3%	3	5	973.36	24	50.00	-32.05	478.52	22	40.91	-68.06	44.74	-4.65
roc_below p=20 th=-3%	3	6	656.40	24	50.00	-41.11	1164.17	22	50.00	-58.54	16.31	149.93
roc_below p=20 th=-3%	3	8	448.72	24	54.17	-50.65	2191.41	22	59.09	-57.05	-5.83	396.08
roc_below p=20 th=-3%	3	10	4335.33	24	66.67	-51.00	4861.31	22	68.18	-52.48	231.67	1076.49
roc_below p=20 th=-3%	3	15	3849.49	24	66.67	-45.25	7473.35	22	77.27	-56.26	210.49	1775.02
roc_below p=20 th=-3%	3	-	4542.26	24	66.67	-44.69	1889.72	22	77.27	-91.15	240.37	322.51
roc_below p=20 th=-3%	4	2	583.08	24	29.17	-56.69	878.15	22	36.36	-56.89	8.91	84.12
roc_below p=20 th=-3%	4	3	1558.69	24	41.67	-42.35	538.57	22	36.36	-64.76	87.97	8.39
roc_below p=20 th=-3%	4	4	1371.71	24	45.83	-42.54	319.07	22	36.36	-73.34	75.10	-38.54
roc_below p=20 th=-3%	4	5	981.89	24	50.00	-42.42	376.63	22	40.91	-80.11	45.44	-26.44
roc_below p=20 th=-3%	4	6	558.59	24	50.00	-55.43	1111.30	22	50.00	-70.58	6.34	137.65
roc_below p=20 th=-3%	4	8	313.51	24	54.17	-65.23	2338.77	22	59.09	-69.57	-22.83	432.33
roc_below p=20 th=-3%	4	10	5552.70	24	66.67	-64.09	6552.89	22	68.18	-68.85	280.51	1526.06
roc_below p=20 th=-3%	4	15	4446.25	24	66.67	-60.34	10742.39	22	77.27	-74.63	236.35	2678.44
roc_below p=20 th=-3%	4	-	5918.93	24	66.67	-56.90	0.00	10	80.00	-100.00	294.24	-100.00
roc_below p=20 th=-3%	5	2	553.82	24	29.17	-65.31	838.07	22	36.36	-66.55	5.84	75.03
roc_below p=20 th=-3%	5	3	1709.43	24	41.67	-50.40	446.15	22	36.36	-75.04	97.86	-11.62
roc_below p=20 th=-3%	5	4	1415.39	24	45.83	-50.84	225.04	22	36.36	-82.67	78.18	-57.91
roc_below p=20 th=-3%	5	5	899.36	24	50.00	-52.22	266.39	22	40.91	-88.25	38.53	-49.46
roc_below p=20 th=-3%	5	6	420.05	24	50.00	-68.89	911.17	22	50.00	-80.36	-9.22	91.64
roc_below p=20 th=-3%	5	8	182.83	24	54.17	-77.15	2029.73	22	59.09	-79.95	-42.79	356.54
roc_below p=20 th=-3%	5	10	5718.88	24	66.67	-75.20	6941.25	22	68.18	-82.44	286.79	1630.77
roc_below p=20 th=-3%	5	15	3707.15	24	66.67	-75.42	10156.93	22	77.27	-89.34	204.07	2514.70
roc_below p=20 th=-3%	5	-	6184.09	24	66.67	-67.73	0.00	10	80.00	-100.00	303.95	-100.00
roc_below p=20 th=-5%	1	2	627.12	11	45.45	-10.63	543.80	5	40.00	-9.56	13.40	9.53
roc_below p=20 th=-5%	1	3	589.97	11	45.45	-15.07	532.84	5	40.00	-10.48	9.62	7.14
roc_below p=20 th=-5%	1	4	603.57	11	54.55	-12.21	522.00	5	40.00	-11.40	11.02	4.78
roc_below p=20 th=-5%	1	5	573.02	11	54.55	-15.79	511.26	5	40.00	-12.31	7.86	2.44
roc_below p=20 th=-5%	1	6	543.72	11	54.55	-19.25	615.60	5	60.00	-7.48	4.76	25.29
roc_below p=20 th=-5%	1	8	548.71	11	63.64	-16.75	810.18	5	80.00	-8.20	5.30	68.73
roc_below p=20 th=-5%	1	10	1140.75	11	81.82	-8.97	981.19	5	100.00	0.00	58.07	107.65
roc_below p=20 th=-5%	1	15	1140.75	11	81.82	-8.97	981.19	5	100.00	0.00	58.07	107.65
roc_below p=20 th=-5%	1	-	1140.75	11	81.82	-8.97	981.19	5	100.00	0.00	58.07	107.65
roc_below p=20 th=-5%	2	2	762.67	11	45.45	-20.34	571.26	5	40.00	-18.79	26.41	15.53
roc_below p=20 th=-5%	2	3	672.63	11	45.45	-28.26	547.82	5	40.00	-20.48	17.90	10.41
roc_below p=20 th=-5%	2	4	700.71	11	54.55	-23.65	524.88	5	40.00	-22.16	20.60	5.40
roc_below p=20 th=-5%	2	5	628.17	11	54.55	-30.04	502.42	5	40.00	-23.84	13.50	0.53
roc_below p=20 th=-5%	2	6	561.78	11	54.55	-36.02	716.78	5	60.00	-14.95	6.68	47.75
roc_below p=20 th=-5%	2	8	568.90	11	63.64	-32.15	1197.04	5	80.00	-16.40	7.43	157.58
roc_below p=20 th=-5%	2	10	2145.76	11	81.82	-17.95	1751.90	5	100.00	0.00	124.47	289.21
roc_below p=20 th=-5%	2	15	2145.76	11	81.82	-17.95	1751.90	5	100.00	0.00	124.47	289.21
roc_below p=20 th=-5%	2	-	2145.76	11	81.82	-17.95	1751.90	5	100.00	0.00	124.47	289.21
roc_below p=20 th=-5%	3	2	903.09	11	45.45	-29.19	582.88	5	40.00	-27.68	38.84	18.08
roc_below p=20 th=-5%	3	3	743.81	11	45.45	-39.76	546.36	5	40.00	-29.99	24.67	10.09
roc_below p=20 th=-5%	3	4	785.08	11	54.55	-34.26	511.01	5	40.00	-32.29	28.46	2.39
roc_below p=20 th=-5%	3	5	660.44	11	54.55	-42.75	476.85	5	40.00	-34.59	16.70	-5.01
roc_below p=20 th=-5%	3	6	552.15	11	54.55	-50.39	796.41	5	60.00	-22.43	5.66	65.62
roc_below p=20 th=-5%	3	8	556.71	11	63.64	-46.05	1647.21	5	80.00	-24.60	6.15	264.07
roc_below p=20 th=-5%	3	10	3564.22	11	81.82	-26.92	2917.03	5	100.00	0.00	197.50	576.36
roc_below p=20 th=-5%	3	15	3564.22	11	81.82	-26.92	2917.03	5	100.00	0.00	197.50	576.36
roc_below p=20 th=-5%	3	-	3564.22	11	81.82	-26.92	2917.03	5	100.00	0.00	197.50	576.36
roc_below p=20 th=-5%	4	2	1044.49	11	45.45	-37.23	579.33	5	40.00	-36.23	50.52	17.31
roc_below p=20 th=-5%	4	3	800.04	11	45.45	-49.74	530.04	5	40.00	-39.01	29.81	6.53
roc_below p=20 th=-5%	4	4	850.94	11	54.55	-44.00	482.93	5	40.00	-41.79	34.33	-3.69
roc_below p=20 th=-5%	4	5	666.78	11	54.55	-53.93	438.02	5	40.00	-44.56	17.33	-13.36
roc_below p=20 th=-5%	4	6	515.99	11	54.55	-62.47	848.55	5	60.00	-29.90	1.76	77.40
roc_below p=20 th=-5%	4	8	512.28	11	63.64	-58.36	2137.18	5	80.00	-32.80	1.36	382.79
roc_below p=20 th=-5%	4	10	5382.37	11	81.82	-35.90	4601.90	5	100.00	0.00	273.99	1008.60
roc_below p=20 th=-5%	4	15	5382.37	11	81.82	-35.90	4601.90	5	100.00	0.00	273.99	1008.60
roc_below p=20 th=-5%	4	-	5382.37	11	81.82	-35.90	4601.90	5	100.00	0.00	273.99	1008.60
roc_below p=20 th=-5%	5	2	1182.83	11	45.45	-44.53	561.44	5	40.00	-44.45	61.28	13.38
roc_below p=20 th=-5%	5	3	838.72	11	45.45	-58.35	500.60	5	40.00	-47.55	33.26	0.13
roc_below p=20 th=-5%	5	4	893.63	11	54.55	-52.84	443.25	5	40.00	-50.65	38.03	-12.24
roc_below p=20 th=-5%	5	5	646.57	11	54.55	-63.60	389.39	5	40.00	-53.75	15.34	-23.74
roc_below p=20 th=-5%	5	6	457.45	11	54.55	-72.40	868.76	5	60.00	-37.38	-4.82	81.99
roc_below p=20 th=-5%	5	8	440.11	11	63.64	-69.01	2632.14	5	80.00	-40.99	-6.84	505.07
roc_below p=20 th=-5%	5	10	7487.59	11	81.82	-44.87	6953.78	5	100.00	0.00	349.20	1634.15
roc_below p=20 th=-5%	5	15	7487.59	11	81.82	-44.87	6953.78	5	100.00	0.00	349.20	1634.15
roc_below p=20 th=-5%	5	-	7487.59	11	81.82	-44.87	6953.78	5	100.00	0.00	349.20	1634.15
roc_below p=20 th=-8%	1	2	467.51	3	0.00	-6.50	500.00	0	0.00	0.00	-3.66	0.00
roc_below p=20 th=-8%	1	3	453.45	3	0.00	-9.31	500.00	0	0.00	0.00	-5.28	0.00
roc_below p=20 th=-8%	1	4	478.44	3	33.33	-4.31	500.00	0	0.00	0.00	-2.42	0.00
roc_below p=20 th=-8%	1	5	468.60	3	33.33	-6.28	500.00	0	0.00	0.00	-3.54	0.00
roc_below p=20 th=-8%	1	6	458.87	3	33.33	-8.23	500.00	0	0.00	0.00	-4.65	0.00
roc_below p=20 th=-8%	1	8	451.76	3	33.33	-9.65	500.00	0	0.00	0.00	-5.48	0.00
roc_below p=20 th=-8%	1	10	763.14	3	66.67	-5.64	500.00	0	0.00	0.00	26.45	0.00
roc_below p=20 th=-8%	1	15	763.14	3	66.67	-5.64	500.00	0	0.00	0.00	26.45	0.00
roc_below p=20 th=-8%	1	-	763.14	3	66.67	-5.64	500.00	0	0.00	0.00	26.45	0.00
roc_below p=20 th=-8%	2	2	436.45	3	0.00	-12.71	500.00	0	0.00	0.00	-7.27	0.00
roc_below p=20 th=-8%	2	3	409.89	3	0.00	-18.02	500.00	0	0.00	0.00	-10.44	0.00
roc_below p=20 th=-8%	2	4	455.29	3	33.33	-8.94	500.00	0	0.00	0.00	-5.07	0.00
roc_below p=20 th=-8%	2	5	435.83	3	33.33	-12.83	500.00	0	0.00	0.00	-7.34	0.00
roc_below p=20 th=-8%	2	6	416.78	3	33.33	-16.64	500.00	0	0.00	0.00	-9.61	0.00
roc_below p=20 th=-8%	2	8	402.83	3	33.33	-19.43	500.00	0	0.00	0.00	-11.30	0.00
roc_below p=20 th=-8%	2	10	1012.27	3	66.67	-11.28	500.00	0	0.00	0.00	47.92	0.00
roc_below p=20 th=-8%	2	15	1012.27	3	66.67	-11.28	500.00	0	0.00	0.00	47.92	0.00
roc_below p=20 th=-8%	2	-	1012.27	3	66.67	-11.28	500.00	0	0.00	0.00	47.92	0.00
roc_below p=20 th=-8%	3	2	406.81	3	0.00	-18.64	500.00	0	0.00	0.00	-10.82	0.00
roc_below p=20 th=-8%	3	3	369.20	3	0.00	-26.16	500.00	0	0.00	0.00	-15.49	0.00
roc_below p=20 th=-8%	3	4	430.79	3	33.33	-13.84	500.00	0	0.00	0.00	-7.94	0.00
roc_below p=20 th=-8%	3	5	402.02	3	33.33	-19.60	500.00	0	0.00	0.00	-11.40	0.00
roc_below p=20 th=-8%	3	6	374.24	3	33.33	-25.15	500.00	0	0.00	0.00	-14.86	0.00
roc_below p=20 th=-8%	3	8	353.82	3	33.33	-29.24	500.00	0	0.00	0.00	-17.47	0.00
roc_below p=20 th=-8%	3	10	1243.42	3	66.67	-16.91	500.00	0	0.00	0.00	65.81	0.00
roc_below p=20 th=-8%	3	15	1243.42	3	66.67	-16.91	500.00	0	0.00	0.00	65.81	0.00
roc_below p=20 th=-8%	3	-	1243.42	3	66.67	-16.91	500.00	0	0.00	0.00	65.81	0.00
roc_below p=20 th=-8%	4	2	378.54	3	0.00	-24.29	500.00	0	0.00	0.00	-14.31	0.00
roc_below p=20 th=-8%	4	3	331.31	3	0.00	-33.74	500.00	0	0.00	0.00	-20.42	0.00
roc_below p=20 th=-8%	4	4	405.16	3	33.33	-18.97	500.00	0	0.00	0.00	-11.02	0.00
roc_below p=20 th=-8%	4	5	367.52	3	33.33	-26.50	500.00	0	0.00	0.00	-15.71	0.00
roc_below p=20 th=-8%	4	6	331.71	3	33.33	-33.66	500.00	0	0.00	0.00	-20.37	0.00
roc_below p=20 th=-8%	4	8	305.29	3	33.33	-38.94	500.00	0	0.00	0.00	-23.96	0.00
roc_below p=20 th=-8%	4	10	1452.63	3	66.67	-22.55	500.00	0	0.00	0.00	80.76	0.00
roc_below p=20 th=-8%	4	15	1452.63	3	66.67	-22.55	500.00	0	0.00	0.00	80.76	0.00
roc_below p=20 th=-8%	4	-	1452.63	3	66.67	-22.55	500.00	0	0.00	0.00	80.76	0.00
roc_below p=20 th=-8%	5	2	351.60	3	0.00	-29.68	500.00	0	0.00	0.00	-17.75	0.00
roc_below p=20 th=-8%	5	3	296.10	3	0.00	-40.78	500.00	0	0.00	0.00	-25.24	0.00
roc_below p=20 th=-8%	5	4	378.62	3	33.33	-24.28	500.00	0	0.00	0.00	-14.30	0.00
roc_below p=20 th=-8%	5	5	332.67	3	33.33	-33.47	500.00	0	0.00	0.00	-20.24	0.00
roc_below p=20 th=-8%	5	6	289.70	3	33.33	-42.06	500.00	0	0.00	0.00	-26.14	0.00
roc_below p=20 th=-8%	5	8	257.85	3	33.33	-48.43	500.00	0	0.00	0.00	-30.76	0.00
roc_below p=20 th=-8%	5	10	1635.94	3	66.67	-28.19	500.00	0	0.00	0.00	93.09	0.00
roc_below p=20 th=-8%	5	15	1635.94	3	66.67	-28.19	500.00	0	0.00	0.00	93.09	0.00
roc_below p=20 th=-8%	5	-	1635.94	3	66.67	-28.19	500.00	0	0.00	0.00	93.09	0.00
roc_below p=40 th=-1%	1	2	293.07	127	26.77	-56.16	651.58	76	32.89	-36.27	-25.66	33.24
roc_below p=40 th=-1%	1	3	384.50	127	35.43	-55.45	533.56	76	38.16	-30.63	-13.57	7.29
roc_below p=40 th=-1%	1	4	330.28	127	40.16	-59.07	522.43	76	42.11	-34.64	-20.56	4.87
roc_below p=40 th=-1%	1	5	261.63	127	42.52	-64.98	493.41	76	44.74	-39.70	-30.20	-1.43
roc_below p=40 th=-1%	1	6	226.15	127	44.09	-63.83	800.66	76	48.68	-46.28	-35.62	66.58
roc_below p=40 th=-1%	1	8	181.53	127	46.46	-67.44	906.97	76	52.63	-42.54	-43.02	90.68
roc_below p=40 th=-1%	1	10	523.07	127	48.82	-62.92	1296.39	76	56.58	-41.04	2.54	180.83
roc_below p=40 th=-1%	1	15	480.29	127	48.82	-64.96	1695.05	76	61.84	-50.06	-2.21	275.54
roc_below p=40 th=-1%	1	-	562.33	127	49.61	-62.99	2128.06	76	61.84	-45.51	6.74	380.56
roc_below p=40 th=-1%	2	2	135.15	127	26.77	-84.03	690.02	76	32.89	-60.92	-51.62	41.78
roc_below p=40 th=-1%	2	3	195.48	127	35.43	-82.54	452.04	76	38.16	-53.89	-40.63	-10.35
roc_below p=40 th=-1%	2	4	139.19	127	40.16	-85.48	412.00	76	42.11	-59.57	-50.83	-18.93
roc_below p=40 th=-1%	2	5	83.69	127	42.52	-89.58	356.04	76	44.74	-65.64	-62.93	-30.79
roc_below p=40 th=-1%	2	6	60.16	127	44.09	-91.27	853.88	76	48.68	-73.13	-69.13	78.61
roc_below p=40 th=-1%	2	8	35.62	127	46.46	-94.06	990.67	76	52.63	-69.59	-76.93	109.82
roc_below p=40 th=-1%	2	10	254.83	127	48.82	-91.49	1974.68	76	56.58	-68.42	-31.21	343.13
roc_below p=40 th=-1%	2	15	202.15	127	48.82	-92.77	3100.20	76	61.84	-79.15	-39.51	622.51
roc_below p=40 th=-1%	2	-	259.08	127	49.61	-92.54	5198.07	76	61.84	-74.63	-30.58	1165.07
roc_below p=40 th=-1%	3	2	48.60	127	26.77	-95.24	608.10	76	32.89	-77.02	-72.58	23.63
roc_below p=40 th=-1%	3	3	64.39	127	35.43	-94.30	310.60	76	38.16	-72.64	-67.94	-40.31
roc_below p=40 th=-1%	3	4	36.51	127	40.16	-96.41	251.19	76	42.11	-76.32	-76.61	-52.58
roc_below p=40 th=-1%	3	5	15.84	127	42.52	-98.16	191.74	76	44.74	-85.23	-85.29	-64.61
roc_below p=40 th=-1%	3	6	9.03	127	44.09	-98.70	628.14	76	48.68	-87.54	-89.23	28.05
roc_below p=40 th=-1%	3	8	3.53	127	46.46	-99.43	670.34	76	52.63	-85.82	-93.60	37.40
roc_below p=40 th=-1%	3	10	57.28	127	48.82	-98.89	1794.15	76	56.58	-84.89	-69.96	299.40
roc_below p=40 th=-1%	3	15	35.14	127	48.82	-99.22	2883.48	76	61.84	-93.25	-77.10	567.94
roc_below p=40 th=-1%	3	-	38.85	127	49.61	-99.40	7093.08	76	61.84	-90.55	-75.78	1671.84
roc_below p=40 th=-1%	4	2	13.19	127	26.77	-98.88	452.43	76	32.89	-87.09	-86.71	-10.27
roc_below p=40 th=-1%	4	3	12.47	127	35.43	-99.00	175.09	76	38.16	-86.92	-87.11	-67.93
roc_below p=40 th=-1%	4	4	5.38	127	40.16	-99.49	119.78	76	42.11	-87.50	-91.92	-78.75
roc_below p=40 th=-1%	4	5	1.58	127	42.52	-99.81	77.58	76	44.74	-94.91	-95.90	-86.73
roc_below p=40 th=-1%	4	6	0.67	127	44.09	-99.91	322.77	76	48.68	-94.68	-97.45	-37.77
roc_below p=40 th=-1%	4	8	0.15	127	46.46	-99.98	278.87	76	52.63	-94.60	-98.89	-46.89
roc_below p=40 th=-1%	4	10	5.10	127	48.82	-99.93	940.79	76	56.58	-93.76	-92.16	98.40
roc_below p=40 th=-1%	4	15	1.93	127	48.82	-99.97	1108.38	76	61.84	-98.55	-95.42	136.97
roc_below p=40 th=-1%	4	-	0.35	127	49.61	-100.00	4668.14	76	61.84	-97.55	-98.24	1025.90
roc_below p=40 th=-1%	5	2	2.47	127	26.77	-99.81	286.30	76	32.89	-93.11	-94.76	-45.35
roc_below p=40 th=-1%	5	3	0.97	127	35.43	-99.92	81.29	76	38.16	-94.59	-96.89	-86.04
roc_below p=40 th=-1%	5	4	0.30	127	40.16	-99.97	44.77	76	42.11	-95.93	-98.37	-92.69
roc_below p=40 th=-1%	5	5	0.06	127	42.52	-99.99	23.48	76	44.74	-98.58	-99.36	-96.37
roc_below p=40 th=-1%	5	6	0.02	127	44.09	-100.00	115.27	76	48.68	-97.93	-99.68	-79.62
roc_below p=40 th=-1%	5	8	0.00	127	46.46	-100.00	68.43	76	52.63	-98.30	-99.91	-88.42
roc_below p=40 th=-1%	5	10	0.11	127	48.82	-100.00	259.92	76	56.58	-98.20	-99.08	-50.79
roc_below p=40 th=-1%	5	15	0.01	127	48.82	-100.00	97.21	76	61.84	-99.87	-99.70	-83.05
roc_below p=40 th=-1%	5	-	0.00	79	48.10	-100.00	920.01	76	61.84	-99.73	-100.00	93.65
roc_below p=40 th=-2%	1	2	442.94	77	27.27	-43.31	504.96	47	29.79	-31.33	-6.50	1.08
roc_below p=40 th=-2%	1	3	651.52	77	38.96	-46.45	453.19	47	36.17	-25.53	15.83	-10.11
roc_below p=40 th=-2%	1	4	573.89	77	42.86	-48.17	472.09	47	40.43	-24.57	7.95	-6.04
roc_below p=40 th=-2%	1	5	470.49	77	45.45	-52.45	476.83	47	42.55	-29.26	-3.32	-5.01
roc_below p=40 th=-2%	1	6	441.02	77	46.75	-50.22	664.40	47	46.81	-34.96	-6.73	36.08
roc_below p=40 th=-2%	1	8	328.17	77	48.05	-52.64	720.46	47	51.06	-34.68	-20.84	48.57
roc_below p=40 th=-2%	1	10	827.13	77	51.95	-48.42	1045.65	47	57.45	-28.45	32.23	122.47
roc_below p=40 th=-2%	1	15	786.78	77	51.95	-50.93	1645.77	47	65.96	-29.02	28.61	263.72
roc_below p=40 th=-2%	1	-	815.83	77	53.25	-52.26	1779.25	47	65.96	-29.47	31.23	295.80
roc_below p=40 th=-2%	2	2	338.47	77	27.27	-71.10	445.72	47	29.79	-53.82	-19.47	-11.71
roc_below p=40 th=-2%	2	3	626.70	77	38.96	-74.39	353.43	47	36.17	-48.52	13.36	-31.34
roc_below p=40 th=-2%	2	4	474.60	77	42.86	-76.26	369.67	47	40.43	-43.82	-2.85	-27.91
roc_below p=40 th=-2%	2	5	309.74	77	45.45	-80.25	369.66	47	42.55	-56.31	-23.34	-27.92
roc_below p=40 th=-2%	2	6	266.40	77	46.75	-78.96	669.47	47	46.81	-60.10	-29.49	37.21
roc_below p=40 th=-2%	2	8	139.01	77	48.05	-83.33	721.47	47	51.06	-58.99	-50.86	48.80
roc_below p=40 th=-2%	2	10	760.45	77	51.95	-81.33	1500.04	47	57.45	-50.74	26.21	228.95
roc_below p=40 th=-2%	2	15	665.05	77	51.95	-83.67	3656.17	47	65.96	-55.08	17.16	763.95
roc_below p=40 th=-2%	2	-	649.10	77	53.25	-85.92	4356.20	47	65.96	-53.74	15.59	944.59
roc_below p=40 th=-2%	3	2	223.61	77	27.27	-86.81	348.95	47	29.79	-69.69	-36.03	-32.28
roc_below p=40 th=-2%	3	3	441.46	77	38.96	-89.47	240.23	47	36.17	-68.37	-6.68	-54.82
roc_below p=40 th=-2%	3	4	279.70	77	42.86	-90.76	244.12	47	40.43	-64.14	-27.56	-54.02
roc_below p=40 th=-2%	3	5	140.34	77	45.45	-93.21	236.51	47	42.55	-76.64	-50.60	-55.58
roc_below p=40 th=-2%	3	6	107.83	77	46.75	-92.82	525.77	47	46.81	-76.96	-57.32	5.60
roc_below p=40 th=-2%	3	8	36.53	77	48.05	-96.29	515.17	47	51.06	-75.45	-76.60	3.29
roc_below p=40 th=-2%	3	10	398.23	77	51.95	-95.51	1504.23	47	57.45	-67.72	-11.87	229.95
roc_below p=40 th=-2%	3	15	300.80	77	51.95	-96.61	5431.86	47	65.96	-75.72	-24.58	1226.85
roc_below p=40 th=-2%	3	-	209.01	77	53.25	-98.03	7328.24	47	65.96	-72.86	-38.38	1735.59
roc_below p=40 th=-2%	4	2	126.90	77	27.27	-94.66	244.26	47	29.79	-80.65	-53.29	-54.00
roc_below p=40 th=-2%	4	3	212.50	77	38.96	-96.74	143.17	47	36.17	-82.38	-37.81	-74.22
roc_below p=40 th=-2%	4	4	109.21	77	42.86	-97.21	136.97	47	40.43	-81.61	-57.02	-75.42
roc_below p=40 th=-2%	4	5	40.41	77	45.45	-98.29	125.51	47	42.55	-89.10	-75.25	-77.64
roc_below p=40 th=-2%	4	6	26.81	77	46.75	-98.19	325.20	47	46.81	-87.53	-80.29	-37.26
roc_below p=40 th=-2%	4	8	5.32	77	48.05	-99.51	261.71	47	51.06	-86.84	-91.96	-50.42
roc_below p=40 th=-2%	4	10	108.45	77	51.95	-99.37	1036.70	47	57.45	-80.47	-57.19	120.41
roc_below p=40 th=-2%	4	15	62.26	77	51.95	-99.64	4926.56	47	65.96	-89.77	-68.54	1093.61
roc_below p=40 th=-2%	4	-	5.46	77	53.25	-99.97	7815.55	47	65.96	-86.90	-91.85	1868.24
roc_below p=40 th=-2%	5	2	60.54	77	27.27	-98.13	153.35	47	29.79	-88.06	-69.02	-72.22
roc_below p=40 th=-2%	5	3	50.89	77	38.96	-99.44	74.84	47	36.17	-91.11	-71.87	-87.24
roc_below p=40 th=-2%	5	4	20.48	77	42.86	-99.54	65.33	47	40.43	-91.94	-83.03	-88.98
roc_below p=40 th=-2%	5	5	5.31	77	45.45	-99.77	55.09	47	42.55	-95.80	-91.97	-90.84
roc_below p=40 th=-2%	5	6	2.91	77	46.75	-99.82	158.02	47	46.81	-93.72	-94.25	-71.30
roc_below p=40 th=-2%	5	8	0.30	77	48.05	-99.97	92.02	47	51.06	-94.50	-98.39	-84.03
roc_below p=40 th=-2%	5	10	10.49	77	51.95	-99.97	463.48	47	57.45	-91.60	-88.29	-7.89
roc_below p=40 th=-2%	5	15	3.34	77	51.95	-99.99	2042.73	47	65.96	-97.58	-93.79	359.70
roc_below p=40 th=-2%	5	-	0.00	48	47.92	-100.00	3937.44	47	65.96	-95.91	-100.00	836.21
roc_below p=40 th=-3%	1	2	532.62	46	28.26	-21.65	527.75	26	23.08	-24.80	3.57	6.03
roc_below p=40 th=-3%	1	3	621.25	46	39.13	-39.48	477.92	26	30.77	-22.09	12.81	-4.78
roc_below p=40 th=-3%	1	4	617.12	46	45.65	-36.63	413.85	26	30.77	-26.00	12.39	-18.53
roc_below p=40 th=-3%	1	5	544.62	46	47.83	-40.24	431.50	26	34.62	-27.86	4.86	-14.76
roc_below p=40 th=-3%	1	6	524.82	46	50.00	-41.92	619.37	26	42.31	-28.95	2.73	26.12
roc_below p=40 th=-3%	1	8	450.33	46	52.17	-42.80	771.31	26	50.00	-24.72	-5.64	59.97
roc_below p=40 th=-3%	1	10	1064.56	46	58.70	-34.97	1067.55	26	61.54	-27.46	52.12	127.53
roc_below p=40 th=-3%	1	15	1053.93	46	58.70	-35.47	1246.90	26	69.23	-29.34	51.27	169.23
roc_below p=40 th=-3%	1	-	1212.37	46	60.87	-29.36	1346.38	26	69.23	-29.21	63.50	192.59
roc_below p=40 th=-3%	2	2	524.55	46	28.26	-40.70	509.11	26	23.08	-44.41	2.70	1.98
roc_below p=40 th=-3%	2	3	635.08	46	39.13	-66.16	412.49	26	30.77	-40.47	14.20	-18.82
roc_below p=40 th=-3%	2	4	618.57	46	45.65	-63.10	305.74	26	30.77	-48.92	12.54	-41.32
roc_below p=40 th=-3%	2	5	473.31	46	47.83	-67.42	327.16	26	34.62	-53.60	-3.00	-36.85
roc_below p=40 th=-3%	2	6	433.88	46	50.00	-68.79	632.24	26	42.31	-51.07	-7.57	28.96
roc_below p=40 th=-3%	2	8	308.81	46	52.17	-70.01	919.84	26	50.00	-45.53	-23.47	93.61
roc_below p=40 th=-3%	2	10	1478.26	46	58.70	-60.94	1754.52	26	61.54	-49.37	82.53	289.84
roc_below p=40 th=-3%	2	15	1420.17	46	58.70	-61.92	2298.39	26	69.23	-55.48	78.51	422.38
roc_below p=40 th=-3%	2	-	1823.71	46	60.87	-55.26	2730.33	26	69.23	-53.40	105.09	529.57
roc_below p=40 th=-3%	3	2	480.40	46	28.26	-57.57	454.62	26	23.08	-59.69	-2.20	-9.80
roc_below p=40 th=-3%	3	3	528.61	46	39.13	-83.05	325.10	26	30.77	-55.48	3.14	-37.28
roc_below p=40 th=-3%	3	4	497.56	46	45.65	-80.87	203.60	26	30.77	-68.57	-0.27	-62.24
roc_below p=40 th=-3%	3	5	323.22	46	47.83	-84.32	219.89	26	34.62	-73.21	-21.51	-58.95
roc_below p=40 th=-3%	3	6	277.36	46	50.00	-85.01	544.00	26	42.31	-67.49	-27.90	9.57
roc_below p=40 th=-3%	3	8	156.68	46	52.17	-86.13	871.59	26	50.00	-62.36	-47.49	82.63
roc_below p=40 th=-3%	3	10	1387.18	46	58.70	-79.14	2279.63	26	61.54	-66.36	76.20	417.76
roc_below p=40 th=-3%	3	15	1243.49	46	58.70	-80.40	3126.05	26	69.23	-76.04	65.82	629.05
roc_below p=40 th=-3%	3	-	1598.97	46	60.87	-77.49	4193.55	26	69.23	-72.56	90.66	902.39
roc_below p=40 th=-3%	4	2	410.79	46	28.26	-71.03	378.60	26	23.08	-71.40	-10.34	-26.03
roc_below p=40 th=-3%	4	3	336.52	46	39.13	-92.95	235.31	26	30.77	-67.51	-19.73	-55.82
roc_below p=40 th=-3%	4	4	301.14	46	45.65	-91.83	122.68	26	30.77	-82.40	-24.53	-78.19
roc_below p=40 th=-3%	4	5	161.95	46	47.83	-93.84	131.33	26	34.62	-86.11	-46.52	-76.52
roc_below p=40 th=-3%	4	6	127.47	46	50.00	-94.06	398.35	26	42.31	-79.26	-53.17	-21.83
roc_below p=40 th=-3%	4	8	53.88	46	52.17	-94.91	660.26	26	50.00	-75.38	-70.96	35.17
roc_below p=40 th=-3%	4	10	823.95	46	58.70	-92.24	2346.13	26	61.54	-79.89	31.95	434.15
roc_below p=40 th=-3%	4	15	633.65	46	58.70	-94.03	2939.78	26	69.23	-89.95	14.05	582.08
roc_below p=40 th=-3%	4	-	364.96	46	60.87	-97.28	4615.36	26	69.23	-86.71	-16.03	1012.11
roc_below p=40 th=-3%	5	2	328.82	46	28.26	-81.14	295.16	26	23.08	-80.21	-20.76	-43.52
roc_below p=40 th=-3%	5	3	121.94	46	39.13	-98.21	156.65	26	30.77	-79.01	-54.31	-71.57
roc_below p=40 th=-3%	5	4	101.83	46	45.65	-97.88	66.86	26	30.77	-91.04	-58.66	-88.70
roc_below p=40 th=-3%	5	5	43.97	46	47.83	-98.55	69.52	26	34.62	-93.55	-74.06	-88.22
roc_below p=40 th=-3%	5	6	30.93	46	50.00	-98.58	248.28	26	42.31	-87.67	-78.66	-53.17
roc_below p=40 th=-3%	5	8	9.02	46	52.17	-98.99	395.34	26	50.00	-84.95	-89.23	-22.47
roc_below p=40 th=-3%	5	10	222.47	46	58.70	-98.77	1870.05	26	61.54	-89.60	-36.21	317.74
roc_below p=40 th=-3%	5	15	118.62	46	58.70	-99.34	1542.58	26	69.23	-97.39	-55.00	239.07
roc_below p=40 th=-3%	5	-	0.00	34	52.94	-100.00	2911.86	26	69.23	-95.84	-100.00	575.07
roc_below p=40 th=-5%	1	2	499.09	17	29.41	-22.07	587.32	7	42.86	-17.28	-0.10	19.06
roc_below p=40 th=-5%	1	3	556.95	17	35.29	-27.95	575.49	7	42.86	-18.94	6.17	16.46
roc_below p=40 th=-5%	1	4	552.49	17	41.18	-27.05	563.77	7	42.86	-20.59	5.70	13.89
roc_below p=40 th=-5%	1	5	538.75	17	47.06	-31.45	552.18	7	42.86	-22.23	4.23	11.36
roc_below p=40 th=-5%	1	6	535.87	17	52.94	-31.40	664.86	7	57.14	-18.79	3.92	36.19
roc_below p=40 th=-5%	1	8	530.81	17	58.82	-30.59	726.21	7	71.43	-11.30	3.37	49.86
roc_below p=40 th=-5%	1	10	1065.96	17	70.59	-20.70	981.48	7	100.00	0.00	52.23	107.71
roc_below p=40 th=-5%	1	15	1158.03	17	70.59	-16.73	981.48	7	100.00	0.00	59.39	107.71
roc_below p=40 th=-5%	1	-	1158.03	17	70.59	-16.73	981.48	7	100.00	0.00	59.39	107.71
roc_below p=40 th=-5%	2	2	483.00	17	29.41	-39.84	651.29	7	42.86	-32.41	-1.90	33.18
roc_below p=40 th=-5%	2	3	581.15	17	35.29	-48.81	624.57	7	42.86	-35.18	8.71	27.27
roc_below p=40 th=-5%	2	4	567.79	17	41.18	-47.80	598.41	7	42.86	-37.90	7.31	21.50
roc_below p=40 th=-5%	2	5	536.85	17	47.06	-54.21	572.81	7	42.86	-40.55	4.03	15.88
roc_below p=40 th=-5%	2	6	528.44	17	52.94	-54.31	817.20	7	57.14	-35.08	3.12	70.31
roc_below p=40 th=-5%	2	8	513.93	17	58.82	-53.47	972.33	7	71.43	-22.75	1.54	105.62
roc_below p=40 th=-5%	2	10	1794.35	17	70.59	-38.44	1785.26	7	100.00	0.00	103.25	297.25
roc_below p=40 th=-5%	2	15	2152.60	17	70.59	-31.48	1785.26	7	100.00	0.00	124.87	297.25
roc_below p=40 th=-5%	2	-	2152.60	17	70.59	-31.48	1785.26	7	100.00	0.00	124.87	297.25
roc_below p=40 th=-5%	3	2	453.81	17	29.41	-54.04	687.92	7	42.86	-45.56	-5.24	41.31
roc_below p=40 th=-5%	3	3	573.09	17	35.29	-64.17	644.82	7	42.86	-48.97	7.87	31.74
roc_below p=40 th=-5%	3	4	547.20	17	41.18	-63.43	603.11	7	42.86	-52.27	5.13	22.53
roc_below p=40 th=-5%	3	5	498.32	17	47.06	-70.28	562.79	7	42.86	-55.46	-0.19	13.68
roc_below p=40 th=-5%	3	6	482.29	17	52.94	-70.58	939.94	7	57.14	-49.04	-1.98	98.20
roc_below p=40 th=-5%	3	8	455.06	17	58.82	-70.06	1214.38	7	71.43	-34.16	-5.09	161.63
roc_below p=40 th=-5%	3	10	2556.00	17	70.59	-53.44	3060.27	7	100.00	0.00	147.36	612.43
roc_below p=40 th=-5%	3	15	3461.16	17	70.59	-44.38	3060.27	7	100.00	0.00	192.70	612.43
roc_below p=40 th=-5%	3	-	3461.16	17	70.59	-44.38	3060.27	7	100.00	0.00	192.70	612.43
roc_below p=40 th=-5%	4	2	414.25	17	29.41	-65.29	695.42	7	42.86	-56.89	-9.92	42.98
roc_below p=40 th=-5%	4	3	536.92	17	35.29	-75.35	636.25	7	42.86	-60.56	4.03	29.85
roc_below p=40 th=-5%	4	4	496.74	17	41.18	-74.98	579.70	7	42.86	-64.06	-0.36	17.39
roc_below p=40 th=-5%	4	5	432.21	17	47.06	-81.32	525.79	7	42.86	-67.41	-7.77	5.60
roc_below p=40 th=-5%	4	6	407.96	17	52.94	-81.77	1018.58	7	57.14	-60.85	-10.68	116.24
roc_below p=40 th=-5%	4	8	367.36	17	58.82	-81.65	1423.09	7	71.43	-45.30	-15.73	210.70
roc_below p=40 th=-5%	4	10	3158.24	17	70.59	-65.92	5001.81	7	100.00	0.00	178.19	1113.38
roc_below p=40 th=-5%	4	15	4976.70	17	70.59	-55.56	5001.81	7	100.00	0.00	258.07	1113.38
roc_below p=40 th=-5%	4	-	4976.70	17	70.59	-55.56	5001.81	7	100.00	0.00	258.07	1113.38
roc_below p=40 th=-5%	5	2	367.38	17	29.41	-74.14	674.05	7	42.86	-66.55	-15.73	38.23
roc_below p=40 th=-5%	5	3	479.28	17	35.29	-83.37	601.01	7	42.86	-70.17	-2.32	22.07
roc_below p=40 th=-5%	5	4	425.57	17	41.18	-83.32	532.16	7	42.86	-73.59	-8.56	6.99
roc_below p=40 th=-5%	5	5	350.36	17	47.06	-88.69	467.49	7	42.86	-76.80	-17.91	-7.03
roc_below p=40 th=-5%	5	6	319.15	17	52.94	-89.20	1043.02	7	57.14	-70.68	-22.06	121.87
roc_below p=40 th=-5%	5	8	267.98	17	58.82	-89.41	1566.67	7	71.43	-55.96	-29.26	244.82
roc_below p=40 th=-5%	5	10	3394.64	17	70.59	-76.10	7860.72	7	100.00	0.00	189.56	1880.58
roc_below p=40 th=-5%	5	15	6507.21	17	70.59	-65.13	7860.72	7	100.00	0.00	315.53	1880.58
roc_below p=40 th=-5%	5	-	6507.21	17	70.59	-65.13	7860.72	7	100.00	0.00	315.53	1880.58
roc_below p=40 th=-8%	1	2	440.97	8	12.50	-14.55	488.71	1	0.00	-2.26	-6.74	-2.45
roc_below p=40 th=-8%	1	3	512.54	8	25.00	-17.55	483.76	1	0.00	-3.25	1.38	-3.52
roc_below p=40 th=-8%	1	4	529.77	8	37.50	-14.77	478.81	1	0.00	-4.24	3.26	-4.59
roc_below p=40 th=-8%	1	5	508.21	8	37.50	-18.24	473.86	1	0.00	-5.23	0.91	-5.65
roc_below p=40 th=-8%	1	6	487.31	8	37.50	-21.60	576.58	1	100.00	0.00	-1.42	16.70
roc_below p=40 th=-8%	1	8	502.38	8	50.00	-19.18	576.58	1	100.00	0.00	0.26	16.70
roc_below p=40 th=-8%	1	10	1053.84	8	75.00	-5.64	576.58	1	100.00	0.00	51.27	16.70
roc_below p=40 th=-8%	1	15	1053.84	8	75.00	-5.64	576.58	1	100.00	0.00	51.27	16.70
roc_below p=40 th=-8%	1	-	1053.84	8	75.00	-5.64	576.58	1	100.00	0.00	51.27	16.70
roc_below p=40 th=-8%	2	2	387.13	8	12.50	-27.25	477.41	1	0.00	-4.52	-13.24	-4.89
roc_below p=40 th=-8%	2	3	506.49	8	25.00	-32.45	467.51	1	0.00	-6.50	0.72	-7.02
roc_below p=40 th=-8%	2	4	539.03	8	37.50	-28.11	457.61	1	0.00	-8.48	4.26	-9.15
roc_below p=40 th=-8%	2	5	493.91	8	37.50	-34.13	447.71	1	0.00	-10.46	-0.68	-11.28
roc_below p=40 th=-8%	2	6	451.68	8	37.50	-39.76	653.16	1	100.00	0.00	-5.49	33.59
roc_below p=40 th=-8%	2	8	479.05	8	50.00	-36.11	653.16	1	100.00	0.00	-2.35	33.59
roc_below p=40 th=-8%	2	10	1842.95	8	75.00	-11.28	653.16	1	100.00	0.00	106.29	33.59
roc_below p=40 th=-8%	2	15	1842.95	8	75.00	-11.28	653.16	1	100.00	0.00	106.29	33.59
roc_below p=40 th=-8%	2	-	1842.95	8	75.00	-11.28	653.16	1	100.00	0.00	106.29	33.59
roc_below p=40 th=-8%	3	2	338.28	8	12.50	-38.29	466.12	1	0.00	-6.78	-19.50	-7.32
roc_below p=40 th=-8%	3	3	486.17	8	25.00	-45.04	451.27	1	0.00	-9.75	-1.55	-10.52
roc_below p=40 th=-8%	3	4	530.57	8	37.50	-40.01	436.42	1	0.00	-12.72	3.35	-13.71
roc_below p=40 th=-8%	3	5	462.04	8	37.50	-47.76	421.57	1	0.00	-15.69	-4.29	-16.88
roc_below p=40 th=-8%	3	6	400.36	8	37.50	-54.74	729.74	1	100.00	0.00	-11.61	50.65
roc_below p=40 th=-8%	3	8	435.41	8	50.00	-50.77	729.74	1	100.00	0.00	-7.39	50.65
roc_below p=40 th=-8%	3	10	2881.34	8	75.00	-16.91	729.74	1	100.00	0.00	164.37	50.65
roc_below p=40 th=-8%	3	15	2881.34	8	75.00	-16.91	729.74	1	100.00	0.00	164.37	50.65
roc_below p=40 th=-8%	3	-	2881.34	8	75.00	-16.91	729.74	1	100.00	0.00	164.37	50.65
roc_below p=40 th=-8%	4	2	294.16	8	12.50	-47.86	454.82	1	0.00	-9.04	-25.51	-9.75
roc_below p=40 th=-8%	4	3	455.41	8	25.00	-55.60	435.02	1	0.00	-13.00	-5.05	-14.00
roc_below p=40 th=-8%	4	4	507.43	8	37.50	-50.53	415.22	1	0.00	-16.96	0.82	-18.24
roc_below p=40 th=-8%	4	5	417.48	8	37.50	-59.30	395.42	1	0.00	-20.92	-9.53	-22.46
roc_below p=40 th=-8%	4	6	340.06	8	37.50	-66.85	806.32	1	100.00	0.00	-19.26	67.85
roc_below p=40 th=-8%	4	8	377.30	8	50.00	-63.22	806.32	1	100.00	0.00	-14.47	67.85
roc_below p=40 th=-8%	4	10	4166.71	8	75.00	-22.55	806.32	1	100.00	0.00	224.45	67.85
roc_below p=40 th=-8%	4	15	4166.71	8	75.00	-22.55	806.32	1	100.00	0.00	224.45	67.85
roc_below p=40 th=-8%	4	-	4166.71	8	75.00	-22.55	806.32	1	100.00	0.00	224.45	67.85
roc_below p=40 th=-8%	5	2	254.53	8	12.50	-56.13	443.53	1	0.00	-11.29	-31.26	-12.18
roc_below p=40 th=-8%	5	3	417.55	8	25.00	-64.42	418.78	1	0.00	-16.24	-9.52	-17.48
roc_below p=40 th=-8%	5	4	472.75	8	37.50	-59.72	394.03	1	0.00	-21.19	-3.06	-22.75
roc_below p=40 th=-8%	5	5	364.91	8	37.50	-68.91	369.28	1	0.00	-26.14	-16.04	-28.00
roc_below p=40 th=-8%	5	6	276.66	8	37.50	-76.43	882.90	1	100.00	0.00	-28.00	85.20
roc_below p=40 th=-8%	5	8	310.67	8	50.00	-73.53	882.90	1	100.00	0.00	-23.21	85.20
roc_below p=40 th=-8%	5	10	5677.97	8	75.00	-28.19	882.90	1	100.00	0.00	285.25	85.20
roc_below p=40 th=-8%	5	15	5677.97	8	75.00	-28.19	882.90	1	100.00	0.00	285.25	85.20
roc_below p=40 th=-8%	5	-	5677.97	8	75.00	-28.19	882.90	1	100.00	0.00	285.25	85.20
roc_below p=78 th=-1%	1	2	342.27	164	31.71	-49.15	448.39	87	29.89	-41.72	-18.97	-11.14
roc_below p=78 th=-1%	1	3	437.80	164	40.85	-53.76	347.11	87	35.63	-50.57	-7.11	-32.67
roc_below p=78 th=-1%	1	4	377.30	164	46.34	-59.66	449.20	87	43.68	-44.91	-14.47	-10.96
roc_below p=78 th=-1%	1	5	305.03	164	49.39	-67.53	414.46	87	45.98	-54.65	-23.99	-18.40
roc_below p=78 th=-1%	1	6	239.29	164	50.61	-73.20	558.10	87	49.43	-55.22	-33.57	12.65
roc_below p=78 th=-1%	1	8	182.72	164	51.83	-74.76	604.69	87	54.02	-55.13	-42.81	22.88
roc_below p=78 th=-1%	1	10	519.65	164	53.66	-68.07	676.91	87	57.47	-56.77	2.16	38.86
roc_below p=78 th=-1%	1	15	806.65	164	54.27	-65.88	707.53	87	60.92	-66.93	30.41	45.69
roc_below p=78 th=-1%	1	-	935.19	164	54.88	-66.33	1029.21	87	60.92	-56.05	41.56	118.68
roc_below p=78 th=-1%	2	2	173.93	164	31.71	-76.50	330.60	87	29.89	-67.70	-44.35	-36.13
roc_below p=78 th=-1%	2	3	237.75	164	40.85	-82.92	185.95	87	35.63	-79.81	-33.81	-65.77
roc_below p=78 th=-1%	2	4	167.21	164	46.34	-86.44	289.93	87	43.68	-73.64	-45.56	-44.60
roc_below p=78 th=-1%	2	5	103.97	164	49.39	-91.62	238.65	87	45.98	-83.15	-58.18	-55.14
roc_below p=78 th=-1%	2	6	60.73	164	50.61	-94.55	397.56	87	49.43	-82.32	-68.97	-22.00
roc_below p=78 th=-1%	2	8	32.35	164	51.83	-95.62	416.01	87	54.02	-83.65	-78.13	-18.07
roc_below p=78 th=-1%	2	10	222.98	164	53.66	-92.27	485.91	87	57.47	-85.30	-36.13	-3.05
roc_below p=78 th=-1%	2	15	548.46	164	54.27	-91.24	449.40	87	60.92	-92.08	5.27	-10.92
roc_below p=78 th=-1%	2	-	689.14	164	54.88	-92.18	1060.24	87	60.92	-84.93	19.49	125.84
roc_below p=78 th=-1%	3	2	65.30	164	31.71	-90.91	203.91	87	29.89	-82.99	-67.69	-62.17
roc_below p=78 th=-1%	3	3	78.72	164	40.85	-95.12	77.93	87	35.63	-93.13	-64.16	-86.66
roc_below p=78 th=-1%	3	4	42.54	164	46.34	-96.68	136.46	87	43.68	-89.17	-74.54	-75.52
roc_below p=78 th=-1%	3	5	19.17	164	49.39	-98.45	96.52	87	45.98	-95.45	-83.64	-83.18
roc_below p=78 th=-1%	3	6	7.81	164	50.61	-99.20	184.39	87	49.43	-93.92	-90.06	-66.08
roc_below p=78 th=-1%	3	8	2.58	164	51.83	-99.52	164.28	87	54.02	-95.27	-94.63	-70.07
roc_below p=78 th=-1%	3	10	38.69	164	53.66	-98.88	181.37	87	57.47	-96.18	-75.84	-66.68
roc_below p=78 th=-1%	3	15	151.96	164	54.27	-98.45	110.63	87	60.92	-98.80	-48.37	-80.50
roc_below p=78 th=-1%	3	-	163.71	164	54.88	-99.04	501.68	87	60.92	-96.35	-46.19	0.36
roc_below p=78 th=-1%	4	2	17.57	164	31.71	-97.62	106.25	87	29.89	-92.56	-84.41	-81.34
roc_below p=78 th=-1%	4	3	14.44	164	40.85	-99.01	25.57	87	35.63	-98.06	-86.02	-96.01
roc_below p=78 th=-1%	4	4	5.60	164	46.34	-99.45	46.74	87	43.68	-96.54	-91.73	-92.34
roc_below p=78 th=-1%	4	5	1.70	164	49.39	-99.82	27.22	87	45.98	-99.08	-95.73	-95.74
roc_below p=78 th=-1%	4	6	0.45	164	50.61	-99.93	55.33	87	49.43	-98.22	-97.97	-90.80
roc_below p=78 th=-1%	4	8	0.08	164	51.83	-99.98	36.04	87	54.02	-98.97	-99.23	-94.22
roc_below p=78 th=-1%	4	10	2.29	164	53.66	-99.95	32.45	87	57.47	-99.28	-94.98	-94.84
roc_below p=78 th=-1%	4	15	13.82	164	54.27	-99.91	7.30	87	60.92	-99.91	-86.36	-98.98
roc_below p=78 th=-1%	4	-	2.44	164	54.88	-99.99	85.19	87	60.92	-99.49	-94.78	-85.31
roc_below p=78 th=-1%	5	2	3.10	164	31.71	-99.58	46.94	87	29.89	-97.09	-94.05	-92.30
roc_below p=78 th=-1%	5	3	1.00	164	40.85	-99.90	6.48	87	35.63	-99.55	-96.83	-99.10
roc_below p=78 th=-1%	5	4	0.26	164	46.34	-99.96	11.42	87	43.68	-99.21	-98.50	-98.34
roc_below p=78 th=-1%	5	5	0.05	164	49.39	-99.99	5.21	87	45.98	-99.86	-99.41	-99.29
roc_below p=78 th=-1%	5	6	0.01	164	50.61	-100.00	10.40	87	49.43	-99.62	-99.79	-98.50
roc_below p=78 th=-1%	5	8	0.00	164	51.83	-100.00	4.07	87	54.02	-99.84	-99.95	-99.46
roc_below p=78 th=-1%	5	10	0.03	164	53.66	-100.00	2.36	87	57.47	-99.91	-99.57	-99.70
roc_below p=78 th=-1%	5	15	0.21	164	54.27	-100.00	0.05	87	60.92	-100.00	-98.68	-100.00
roc_below p=78 th=-1%	5	-	0.00	101	51.49	-100.00	2.62	87	60.92	-99.98	-100.00	-99.66
roc_below p=78 th=-2%	1	2	239.78	124	27.42	-57.77	484.32	74	31.08	-40.41	-33.50	-3.39
roc_below p=78 th=-2%	1	3	290.32	124	35.48	-65.34	411.24	74	36.49	-47.08	-26.05	-19.09
roc_below p=78 th=-2%	1	4	232.14	124	40.32	-67.68	557.12	74	45.95	-41.57	-34.68	12.44
roc_below p=78 th=-2%	1	5	173.96	124	43.55	-72.94	487.99	74	47.30	-50.89	-44.35	-2.60
roc_below p=78 th=-2%	1	6	135.26	124	45.16	-77.02	685.30	74	51.35	-51.91	-51.60	40.73
roc_below p=78 th=-2%	1	8	111.25	124	46.77	-79.22	829.21	74	56.76	-51.52	-56.58	73.03
roc_below p=78 th=-2%	1	10	335.19	124	49.19	-61.43	1035.12	74	60.81	-51.21	-19.91	120.05
roc_below p=78 th=-2%	1	15	512.63	124	50.00	-59.40	1038.10	74	63.51	-61.44	1.39	120.73
roc_below p=78 th=-2%	1	-	594.32	124	50.81	-59.94	1511.25	74	63.51	-48.72	10.07	231.62
roc_below p=78 th=-2%	2	2	91.39	124	27.42	-84.31	394.76	74	31.08	-66.83	-61.07	-22.60
roc_below p=78 th=-2%	2	3	112.97	124	35.48	-89.92	269.43	74	36.49	-76.29	-56.21	-48.84
roc_below p=78 th=-2%	2	4	68.93	124	40.32	-91.44	462.25	74	45.95	-69.81	-66.71	-8.16
roc_below p=78 th=-2%	2	5	36.81	124	43.55	-94.17	343.23	74	47.30	-79.21	-76.50	-33.49
roc_below p=78 th=-2%	2	6	21.16	124	45.16	-96.02	625.25	74	51.35	-79.50	-82.72	27.41
roc_below p=78 th=-2%	2	8	13.25	124	46.77	-97.35	831.26	74	56.76	-80.79	-86.67	73.49
roc_below p=78 th=-2%	2	10	103.88	124	49.19	-90.87	1237.29	74	60.81	-79.42	-58.20	166.98
roc_below p=78 th=-2%	2	15	247.19	124	50.00	-87.38	1069.58	74	63.51	-88.89	-32.36	128.00
roc_below p=78 th=-2%	2	-	310.60	124	50.81	-88.19	2528.29	74	63.51	-78.81	-23.22	479.24
roc_below p=78 th=-2%	3	2	27.36	124	27.42	-95.52	275.20	74	31.08	-83.75	-80.07	-47.65
roc_below p=78 th=-2%	3	3	28.77	124	35.48	-97.62	142.56	74	36.49	-90.94	-79.50	-74.34
roc_below p=78 th=-2%	3	4	12.72	124	40.32	-98.21	290.10	74	45.95	-86.36	-86.97	-44.57
roc_below p=78 th=-2%	3	5	4.56	124	43.55	-99.09	176.08	74	47.30	-92.51	-92.63	-67.73
roc_below p=78 th=-2%	3	6	1.82	124	45.16	-99.64	388.23	74	51.35	-92.34	-95.57	-23.98
roc_below p=78 th=-2%	3	8	0.78	124	46.77	-99.84	512.01	74	56.76	-93.85	-97.23	2.61
roc_below p=78 th=-2%	3	10	14.63	124	49.19	-98.83	851.52	74	60.81	-93.14	-85.92	78.08
roc_below p=78 th=-2%	3	15	54.36	124	50.00	-98.17	486.88	74	63.51	-97.88	-70.82	-2.84
roc_below p=78 th=-2%	3	-	58.57	124	50.81	-98.35	2216.08	74	63.51	-93.51	-69.59	402.13
roc_below p=78 th=-2%	4	2	6.20	124	27.42	-99.01	165.62	74	31.08	-92.80	-91.25	-69.81
roc_below p=78 th=-2%	4	3	4.34	124	35.48	-99.58	61.03	74	36.49	-97.06	-92.83	-89.77
roc_below p=78 th=-2%	4	4	1.31	124	40.32	-99.75	137.67	74	45.95	-94.64	-96.31	-75.29
roc_below p=78 th=-2%	4	5	0.29	124	43.55	-99.94	65.55	74	47.30	-98.09	-98.39	-88.94
roc_below p=78 th=-2%	4	6	0.08	124	45.16	-99.98	163.61	74	51.35	-97.54	-99.24	-70.20
roc_below p=78 th=-2%	4	8	0.02	124	46.77	-100.00	189.63	74	56.76	-98.46	-99.64	-65.03
roc_below p=78 th=-2%	4	10	0.80	124	49.19	-99.93	319.12	74	60.81	-98.35	-97.20	-38.53
roc_below p=78 th=-2%	4	15	4.43	124	50.00	-99.89	71.70	74	63.51	-99.79	-92.74	-87.81
roc_below p=78 th=-2%	4	-	0.78	124	50.81	-99.98	842.15	74	63.51	-98.76	-97.23	75.95
roc_below p=78 th=-2%	5	2	0.97	124	27.42	-99.85	86.38	74	31.08	-97.11	-96.88	-85.09
roc_below p=78 th=-2%	5	3	0.26	124	35.48	-99.96	20.90	74	36.49	-99.20	-98.49	-96.80
roc_below p=78 th=-2%	5	4	0.05	124	40.32	-99.99	48.56	74	45.95	-98.36	-99.39	-92.01
roc_below p=78 th=-2%	5	5	0.01	124	43.55	-100.00	17.30	74	47.30	-99.63	-99.81	-97.39
roc_below p=78 th=-2%	5	6	0.00	124	45.16	-100.00	45.54	74	51.35	-99.35	-99.93	-92.55
roc_below p=78 th=-2%	5	8	0.00	124	46.77	-100.00	39.70	74	56.76	-99.71	-99.98	-93.58
roc_below p=78 th=-2%	5	10	0.01	124	49.19	-100.00	57.47	74	60.81	-99.73	-99.75	-90.41
roc_below p=78 th=-2%	5	15	0.07	124	50.00	-100.00	1.47	74	63.51	-99.99	-99.29	-99.82
roc_below p=78 th=-2%	5	-	0.00	80	48.75	-100.00	79.45	74	63.51	-99.91	-100.00	-86.38
roc_below p=78 th=-3%	1	2	293.56	100	27.00	-49.70	423.35	61	26.23	-41.96	-25.59	-16.50
roc_below p=78 th=-3%	1	3	354.09	100	35.00	-58.74	362.64	61	31.15	-48.07	-17.43	-29.40
roc_below p=78 th=-3%	1	4	297.76	100	40.00	-58.66	463.46	61	40.98	-42.55	-25.00	-7.89
roc_below p=78 th=-3%	1	5	236.40	100	44.00	-64.45	423.18	61	42.62	-51.38	-34.02	-16.54
roc_below p=78 th=-3%	1	6	183.35	100	46.00	-69.20	619.77	61	47.54	-51.89	-42.70	26.21
roc_below p=78 th=-3%	1	8	171.57	100	48.00	-68.70	752.21	61	54.10	-50.45	-44.77	55.68
roc_below p=78 th=-3%	1	10	460.55	100	51.00	-53.11	878.21	61	59.02	-51.22	-4.46	84.13
roc_below p=78 th=-3%	1	15	616.24	100	52.00	-51.54	932.10	61	62.30	-61.05	12.30	96.41
roc_below p=78 th=-3%	1	-	714.44	100	53.00	-51.99	1323.97	61	62.30	-48.20	21.91	187.32
roc_below p=78 th=-3%	2	2	141.27	100	27.00	-78.95	307.71	61	26.23	-69.71	-50.42	-40.91
roc_below p=78 th=-3%	2	3	175.38	100	35.00	-85.42	214.13	61	31.15	-76.94	-44.10	-60.11
roc_below p=78 th=-3%	2	4	119.08	100	40.00	-85.63	328.84	61	40.98	-70.85	-54.91	-36.50
roc_below p=78 th=-3%	2	5	71.94	100	44.00	-89.63	266.47	61	42.62	-80.02	-65.91	-49.44
roc_below p=78 th=-3%	2	6	41.32	100	46.00	-93.29	530.80	61	47.54	-79.31	-74.94	6.69
roc_below p=78 th=-3%	2	8	34.22	100	48.00	-94.18	714.59	61	54.10	-79.69	-77.43	47.26
roc_below p=78 th=-3%	2	10	211.64	100	51.00	-86.01	925.42	61	59.02	-80.84	-37.95	94.89
roc_below p=78 th=-3%	2	15	376.91	100	52.00	-85.53	913.55	61	62.30	-88.66	-14.52	92.18
roc_below p=78 th=-3%	2	-	473.59	100	53.00	-83.93	2036.02	61	62.30	-78.38	-2.97	358.07
roc_below p=78 th=-3%	3	2	55.10	100	27.00	-92.77	194.83	61	26.23	-85.66	-70.60	-63.99
roc_below p=78 th=-3%	3	3	59.35	100	35.00	-95.74	104.20	61	31.15	-91.19	-69.36	-81.73
roc_below p=78 th=-3%	3	4	31.11	100	40.00	-96.03	181.10	61	40.98	-86.95	-78.59	-66.73
roc_below p=78 th=-3%	3	5	13.61	100	44.00	-98.02	126.23	61	42.62	-93.69	-86.47	-77.51
roc_below p=78 th=-3%	3	6	5.47	100	46.00	-99.18	321.19	61	47.54	-92.14	-91.85	-38.10
roc_below p=78 th=-3%	3	8	3.72	100	48.00	-99.40	436.83	61	54.10	-93.19	-93.42	-13.62
roc_below p=78 th=-3%	3	10	48.24	100	51.00	-97.52	584.65	61	59.02	-94.09	-72.69	18.47
roc_below p=78 th=-3%	3	15	111.38	100	52.00	-97.59	425.19	61	62.30	-97.81	-56.55	-16.11
roc_below p=78 th=-3%	3	-	120.00	100	53.00	-97.84	1733.93	61	62.30	-93.31	-54.71	284.89
roc_below p=78 th=-3%	4	2	16.82	100	27.00	-98.03	108.32	61	26.23	-93.81	-84.78	-80.94
roc_below p=78 th=-3%	4	3	12.43	100	35.00	-99.05	41.82	61	31.15	-97.11	-87.14	-93.21
roc_below p=78 th=-3%	4	4	4.78	100	40.00	-99.39	77.32	61	40.98	-95.61	-92.43	-86.78
roc_below p=78 th=-3%	4	5	1.43	100	44.00	-99.81	44.75	61	42.62	-98.43	-96.13	-92.69
roc_below p=78 th=-3%	4	6	0.37	100	46.00	-99.95	137.11	61	47.54	-97.41	-98.16	-75.40
roc_below p=78 th=-3%	4	8	0.19	100	48.00	-99.97	168.95	61	54.10	-98.19	-98.74	-69.15
roc_below p=78 th=-3%	4	10	4.73	100	51.00	-99.78	210.37	61	59.02	-98.64	-92.48	-60.87
roc_below p=78 th=-3%	4	15	13.02	100	52.00	-99.82	70.97	61	62.30	-99.78	-86.80	-87.95
roc_below p=78 th=-3%	4	-	2.30	100	53.00	-99.98	686.55	61	62.30	-98.71	-94.96	41.01
roc_below p=78 th=-3%	5	2	3.67	100	27.00	-99.61	53.02	61	26.23	-97.57	-93.46	-91.21
roc_below p=78 th=-3%	5	3	1.09	100	35.00	-99.89	13.68	61	31.15	-99.20	-96.67	-97.98
roc_below p=78 th=-3%	5	4	0.29	100	40.00	-99.97	25.14	61	40.98	-98.83	-98.40	-96.09
roc_below p=78 th=-3%	5	5	0.06	100	44.00	-99.99	11.60	61	42.62	-99.70	-99.36	-98.31
roc_below p=78 th=-3%	5	6	0.01	100	46.00	-100.00	40.28	61	47.54	-99.29	-99.77	-93.48
roc_below p=78 th=-3%	5	8	0.00	100	48.00	-100.00	39.16	61	54.10	-99.63	-99.88	-93.67
roc_below p=78 th=-3%	5	10	0.12	100	51.00	-99.99	38.36	61	59.02	-99.79	-99.01	-93.81
roc_below p=78 th=-3%	5	15	0.31	100	52.00	-100.00	1.98	61	62.30	-99.99	-98.35	-99.75
roc_below p=78 th=-3%	5	-	0.00	66	48.48	-100.00	74.56	61	62.30	-99.91	-100.00	-87.29
roc_below p=78 th=-5%	1	2	373.59	54	25.93	-39.09	371.44	37	18.92	-37.48	-14.94	-27.54
roc_below p=78 th=-5%	1	3	415.91	54	35.19	-55.97	351.68	37	27.03	-30.40	-9.72	-31.71
roc_below p=78 th=-5%	1	4	347.71	54	38.89	-57.65	378.94	37	35.14	-29.77	-18.26	-25.95
roc_below p=78 th=-5%	1	5	288.54	54	42.59	-63.57	320.19	37	35.14	-38.54	-26.30	-38.31
roc_below p=78 th=-5%	1	6	266.61	54	46.30	-66.06	496.58	37	43.24	-35.19	-29.46	-0.74
roc_below p=78 th=-5%	1	8	269.39	54	50.00	-64.47	653.16	37	51.35	-31.22	-29.06	33.59
roc_below p=78 th=-5%	1	10	551.70	54	53.70	-50.44	569.80	37	54.05	-38.72	5.61	15.22
roc_below p=78 th=-5%	1	15	674.22	54	55.56	-49.68	540.95	37	56.76	-58.15	18.05	8.91
roc_below p=78 th=-5%	1	-	699.11	54	57.41	-50.35	744.20	37	56.76	-43.67	20.45	53.89
roc_below p=78 th=-5%	2	2	255.34	54	25.93	-64.24	254.50	37	18.92	-61.83	-31.13	-51.90
roc_below p=78 th=-5%	2	3	279.92	54	35.19	-82.33	217.62	37	27.03	-57.35	-27.53	-59.41
roc_below p=78 th=-5%	2	4	191.14	54	38.89	-84.13	240.39	37	35.14	-55.68	-41.36	-54.79
roc_below p=78 th=-5%	2	5	127.79	54	42.59	-88.46	168.64	37	35.14	-68.91	-53.11	-69.21
roc_below p=78 th=-5%	2	6	106.57	54	46.30	-89.94	379.68	37	43.24	-59.65	-57.60	-25.80
roc_below p=78 th=-5%	2	8	105.93	54	50.00	-89.28	613.56	37	51.35	-56.93	-57.74	24.84
roc_below p=78 th=-5%	2	10	382.06	54	53.70	-78.27	445.02	37	54.05	-66.69	-13.87	-11.86
roc_below p=78 th=-5%	2	15	563.93	54	55.56	-77.98	361.80	37	56.76	-86.37	6.91	-29.58
roc_below p=78 th=-5%	2	-	550.40	54	57.41	-80.34	748.59	37	56.76	-73.24	5.48	54.87
roc_below p=78 th=-5%	3	2	159.09	54	25.93	-80.45	162.37	37	18.92	-77.26	-47.04	-70.45
roc_below p=78 th=-5%	3	3	149.42	54	35.19	-93.79	119.38	37	27.03	-76.84	-48.85	-78.83
roc_below p=78 th=-5%	3	4	81.20	54	38.89	-94.95	128.82	37	35.14	-77.18	-63.54	-77.01
roc_below p=78 th=-5%	3	5	42.24	54	42.59	-96.96	73.51	37	35.14	-86.98	-74.63	-87.48
roc_below p=78 th=-5%	3	6	30.88	54	46.30	-97.51	227.81	37	43.24	-76.52	-78.68	-57.34
roc_below p=78 th=-5%	3	8	29.13	54	50.00	-97.45	423.82	37	51.35	-75.74	-79.36	-16.40
roc_below p=78 th=-5%	3	10	169.17	54	53.70	-91.97	238.86	37	54.05	-84.29	-45.20	-55.10
roc_below p=78 th=-5%	3	15	292.29	54	55.56	-92.15	138.00	37	56.76	-96.89	-25.77	-75.22
roc_below p=78 th=-5%	3	-	203.09	54	57.41	-95.12	492.74	37	56.76	-89.94	-39.35	-1.57
roc_below p=78 th=-5%	4	2	89.41	54	25.93	-90.10	96.96	37	18.92	-86.82	-61.54	-83.10
roc_below p=78 th=-5%	4	3	58.54	54	35.19	-98.25	57.97	37	27.03	-88.86	-69.60	-90.32
roc_below p=78 th=-5%	4	4	24.59	54	38.89	-98.76	58.11	37	35.14	-90.10	-81.21	-90.30
roc_below p=78 th=-5%	4	5	9.55	54	42.59	-99.40	26.33	37	35.14	-95.51	-88.89	-95.88
roc_below p=78 th=-5%	4	6	5.90	54	46.30	-99.55	107.17	37	43.24	-88.11	-91.49	-81.16
roc_below p=78 th=-5%	4	8	5.03	54	50.00	-99.57	213.83	37	51.35	-87.94	-92.22	-60.17
roc_below p=78 th=-5%	4	10	43.78	54	53.70	-97.75	84.80	37	54.05	-93.80	-74.13	-85.38
roc_below p=78 th=-5%	4	15	81.54	54	55.56	-98.02	23.97	37	56.76	-99.60	-63.46	-96.28
roc_below p=78 th=-5%	4	-	7.15	54	57.41	-99.84	186.42	37	56.76	-97.38	-90.53	-65.68
roc_below p=78 th=-5%	5	2	44.23	54	25.93	-95.48	54.33	37	18.92	-92.58	-73.98	-90.98
roc_below p=78 th=-5%	5	3	12.19	54	35.19	-99.72	24.64	37	27.03	-95.31	-87.28	-96.17
roc_below p=78 th=-5%	5	4	3.83	54	38.89	-99.83	21.69	37	35.14	-96.44	-93.31	-96.66
roc_below p=78 th=-5%	5	5	1.06	54	42.59	-99.94	7.59	37	35.14	-98.76	-96.73	-98.93
roc_below p=78 th=-5%	5	6	0.53	54	46.30	-99.96	38.73	37	43.24	-94.73	-97.77	-93.75
roc_below p=78 th=-5%	5	8	0.38	54	50.00	-99.96	76.03	37	51.35	-94.89	-98.15	-87.01
roc_below p=78 th=-5%	5	10	4.57	54	53.70	-99.74	18.20	37	54.05	-98.07	-92.62	-97.24
roc_below p=78 th=-5%	5	15	7.19	54	55.56	-99.80	1.03	37	56.76	-99.98	-90.51	-99.88
roc_below p=78 th=-5%	5	-	0.00	35	57.14	-100.00	27.41	37	56.76	-99.67	-100.00	-95.70
roc_below p=78 th=-8%	1	2	486.07	31	25.81	-20.14	381.49	23	17.39	-25.28	-1.56	-25.41
roc_below p=78 th=-8%	1	3	593.84	31	38.71	-38.64	342.57	23	21.74	-32.71	10.02	-33.62
roc_below p=78 th=-8%	1	4	542.57	31	41.94	-39.13	353.30	23	30.43	-32.95	4.64	-31.37
roc_below p=78 th=-8%	1	5	477.14	31	45.16	-43.98	308.46	23	30.43	-40.18	-2.56	-40.76
roc_below p=78 th=-8%	1	6	474.57	31	51.61	-44.57	382.30	23	39.13	-32.04	-2.86	-25.24
roc_below p=78 th=-8%	1	8	471.59	31	54.84	-44.85	442.23	23	43.48	-29.09	-3.20	-12.46
roc_below p=78 th=-8%	1	10	906.66	31	61.29	-36.03	420.93	23	47.83	-35.43	39.15	-17.02
roc_below p=78 th=-8%	1	15	989.37	31	64.52	-39.55	394.33	23	52.17	-49.08	46.06	-22.69
roc_below p=78 th=-8%	1	-	1138.10	31	67.74	-33.83	443.42	23	52.17	-43.98	57.86	-12.20
roc_below p=78 th=-8%	2	2	452.54	31	25.81	-36.55	284.95	23	17.39	-45.06	-5.39	-45.63
roc_below p=78 th=-8%	2	3	601.88	31	38.71	-64.44	227.75	23	21.74	-55.82	10.84	-57.36
roc_below p=78 th=-8%	2	4	495.57	31	41.94	-65.26	232.19	23	30.43	-56.71	-0.49	-56.45
roc_below p=78 th=-8%	2	5	376.75	31	45.16	-70.83	174.51	23	30.43	-67.16	-14.54	-68.05
roc_below p=78 th=-8%	2	6	368.88	31	51.61	-71.62	261.61	23	39.13	-55.74	-15.53	-50.44
roc_below p=78 th=-8%	2	8	360.28	31	54.84	-72.13	329.79	23	43.48	-52.07	-16.63	-36.30
roc_below p=78 th=-8%	2	10	1141.73	31	61.29	-62.08	290.38	23	47.83	-61.09	58.14	-44.51
roc_below p=78 th=-8%	2	15	1329.88	31	64.52	-66.79	236.69	23	52.17	-77.66	72.12	-55.54
roc_below p=78 th=-8%	2	-	1707.76	31	67.74	-60.99	309.99	23	52.17	-72.24	97.75	-40.44
roc_below p=78 th=-8%	3	2	405.14	31	25.81	-49.86	208.44	23	17.39	-60.25	-11.02	-61.26
roc_below p=78 th=-8%	3	3	514.49	31	38.71	-81.14	146.86	23	21.74	-71.73	1.60	-73.49
roc_below p=78 th=-8%	3	4	375.99	31	41.94	-81.99	142.10	23	30.43	-74.17	-14.63	-74.42
roc_below p=78 th=-8%	3	5	242.15	31	45.16	-86.34	90.44	23	30.43	-83.48	-33.13	-84.33
roc_below p=78 th=-8%	3	6	230.40	31	51.61	-87.05	160.36	23	39.13	-72.54	-34.95	-70.84
roc_below p=78 th=-8%	3	8	217.83	31	54.84	-87.84	208.68	23	43.48	-70.85	-36.95	-61.21
roc_below p=78 th=-8%	3	10	1038.80	31	61.29	-79.92	163.20	23	47.83	-79.97	50.06	-70.28
roc_below p=78 th=-8%	3	15	1240.72	31	64.52	-84.21	101.70	23	52.17	-92.11	65.61	-82.20
roc_below p=78 th=-8%	3	-	1595.41	31	67.74	-81.86	163.91	23	52.17	-88.47	90.42	-70.14
roc_below p=78 th=-8%	4	2	349.85	31	25.81	-60.90	149.33	23	17.39	-71.71	-17.98	-73.01
roc_below p=78 th=-8%	4	3	348.19	31	38.71	-91.52	91.78	23	21.74	-82.38	-18.20	-84.07
roc_below p=78 th=-8%	4	4	222.04	31	41.94	-92.15	80.79	23	30.43	-85.67	-36.27	-86.13
roc_below p=78 th=-8%	4	5	118.25	31	45.16	-94.69	42.70	23	30.43	-92.43	-55.08	-93.05
roc_below p=78 th=-8%	4	6	107.55	31	51.61	-95.14	87.59	23	39.13	-84.47	-57.38	-84.86
roc_below p=78 th=-8%	4	8	96.35	31	54.84	-95.78	111.22	23	43.48	-85.16	-59.91	-80.39
roc_below p=78 th=-8%	4	10	645.26	31	61.29	-91.26	72.73	23	47.83	-91.63	15.21	-87.62
roc_below p=78 th=-8%	4	15	727.41	31	64.52	-94.17	26.93	23	52.17	-98.27	23.13	-95.78
roc_below p=78 th=-8%	4	-	418.96	31	67.74	-96.98	58.71	23	52.17	-96.40	-9.35	-90.19
roc_below p=78 th=-8%	5	2	292.06	31	25.81	-70.26	104.78	23	17.39	-80.20	-25.80	-81.62
roc_below p=78 th=-8%	5	3	138.85	31	38.71	-97.61	55.53	23	21.74	-89.32	-50.89	-90.76
roc_below p=78 th=-8%	5	4	75.81	31	41.94	-97.88	42.40	23	30.43	-92.69	-64.91	-93.10
roc_below p=78 th=-8%	5	5	32.42	31	45.16	-98.74	18.19	23	30.43	-96.87	-78.10	-97.24
roc_below p=78 th=-8%	5	6	27.60	31	51.61	-98.90	42.14	23	39.13	-92.74	-79.97	-93.15
roc_below p=78 th=-8%	5	8	22.71	31	54.84	-99.15	48.88	23	43.48	-93.58	-82.02	-91.95
roc_below p=78 th=-8%	5	10	199.71	31	61.29	-97.72	24.32	23	47.83	-97.24	-39.92	-96.23
roc_below p=78 th=-8%	5	15	172.82	31	64.52	-98.86	2.97	23	52.17	-99.85	-44.55	-99.61
roc_below p=78 th=-8%	5	-	0.00	26	61.54	-100.00	10.48	23	52.17	-99.46	-100.00	-98.48
keltner_lower p=10 k=1.5	1	2	412.66	40	25.00	-24.87	647.80	29	51.72	-20.06	-10.11	32.40
keltner_lower p=10 k=1.5	1	3	361.41	40	30.00	-34.04	558.63	29	51.72	-28.21	-16.49	12.77
keltner_lower p=10 k=1.5	1	4	431.09	40	42.50	-24.22	592.38	29	58.62	-23.93	-7.90	20.17
keltner_lower p=10 k=1.5	1	5	393.80	40	47.50	-31.90	684.32	29	65.52	-27.03	-12.41	40.51
keltner_lower p=10 k=1.5	1	6	374.40	40	47.50	-35.84	634.90	29	65.52	-30.13	-14.83	29.55
keltner_lower p=10 k=1.5	1	8	325.56	40	47.50	-41.08	715.04	29	68.97	-20.08	-21.19	47.36
keltner_lower p=10 k=1.5	1	10	566.87	40	55.00	-21.01	686.61	29	72.41	-26.75	7.22	41.02
keltner_lower p=10 k=1.5	1	15	559.79	40	55.00	-21.06	896.25	29	79.31	-28.82	6.47	88.24
keltner_lower p=10 k=1.5	1	-	559.79	40	55.00	-21.06	895.54	29	79.31	-28.88	6.47	88.08
keltner_lower p=10 k=1.5	2	2	325.92	40	25.00	-44.88	797.71	29	51.72	-36.74	-21.14	65.91
keltner_lower p=10 k=1.5	2	3	245.31	40	30.00	-58.38	586.92	29	51.72	-49.39	-32.65	18.97
keltner_lower p=10 k=1.5	2	4	344.65	40	42.50	-45.37	654.29	29	58.62	-43.18	-18.66	33.84
keltner_lower p=10 k=1.5	2	5	283.15	40	47.50	-56.51	865.81	29	65.52	-47.94	-27.07	81.32
keltner_lower p=10 k=1.5	2	6	252.58	40	47.50	-60.46	738.10	29	65.52	-52.54	-31.55	52.52
keltner_lower p=10 k=1.5	2	8	185.60	40	47.50	-69.39	879.36	29	68.97	-38.40	-42.31	84.40
keltner_lower p=10 k=1.5	2	10	564.37	40	55.00	-38.86	793.73	29	72.41	-49.26	6.95	65.02
keltner_lower p=10 k=1.5	2	15	548.50	40	55.00	-40.30	1376.66	29	79.31	-52.23	5.27	199.73
keltner_lower p=10 k=1.5	2	-	548.50	40	55.00	-40.30	1374.01	29	79.31	-52.32	5.27	199.10
keltner_lower p=10 k=1.5	3	2	246.90	40	25.00	-61.06	937.10	29	51.72	-50.47	-32.41	97.55
keltner_lower p=10 k=1.5	3	3	156.57	40	30.00	-75.31	581.23	29	51.72	-65.04	-47.51	17.72
keltner_lower p=10 k=1.5	3	4	255.55	40	42.50	-62.58	674.94	29	58.62	-58.42	-31.10	38.43
keltner_lower p=10 k=1.5	3	5	185.38	40	47.50	-74.04	1014.81	29	65.52	-63.79	-42.35	115.37
keltner_lower p=10 k=1.5	3	6	152.61	40	47.50	-76.93	785.72	29	65.52	-68.79	-48.25	63.21
keltner_lower p=10 k=1.5	3	8	91.30	40	47.50	-86.20	934.76	29	68.97	-55.07	-61.09	97.02
keltner_lower p=10 k=1.5	3	10	490.39	40	55.00	-55.87	769.02	29	72.41	-67.21	-1.07	59.46
keltner_lower p=10 k=1.5	3	15	466.73	40	55.00	-58.00	1799.65	29	79.31	-70.46	-3.75	300.72
keltner_lower p=10 k=1.5	3	-	466.73	40	55.00	-58.00	1793.04	29	79.31	-70.57	-3.75	299.13
keltner_lower p=10 k=1.5	4	2	179.70	40	25.00	-73.53	1052.86	29	51.72	-61.68	-43.34	124.14
keltner_lower p=10 k=1.5	4	3	94.01	40	30.00	-86.15	543.01	29	51.72	-76.40	-60.45	9.36
keltner_lower p=10 k=1.5	4	4	175.59	40	42.50	-75.68	650.38	29	58.62	-70.26	-44.06	32.97
keltner_lower p=10 k=1.5	4	5	110.02	40	47.50	-85.59	1102.00	29	65.52	-75.54	-56.85	135.49
keltner_lower p=10 k=1.5	4	6	81.86	40	47.50	-88.60	763.95	29	65.52	-80.22	-63.38	58.32
keltner_lower p=10 k=1.5	4	8	37.93	40	47.50	-94.72	854.26	29	68.97	-71.38	-76.10	78.70
keltner_lower p=10 k=1.5	4	10	366.84	40	55.00	-70.58	611.50	29	72.41	-80.63	-15.79	24.38
keltner_lower p=10 k=1.5	4	15	339.28	40	55.00	-72.79	1936.99	29	79.31	-83.88	-19.37	333.97
keltner_lower p=10 k=1.5	4	-	339.28	40	55.00	-72.79	1923.88	29	79.31	-83.99	-19.37	330.79
keltner_lower p=10 k=1.5	5	2	125.79	40	25.00	-82.61	1133.10	29	51.72	-70.73	-53.51	142.71
keltner_lower p=10 k=1.5	5	3	53.09	40	30.00	-92.66	478.30	29	51.72	-84.47	-71.20	-4.70
keltner_lower p=10 k=1.5	5	4	111.56	40	42.50	-85.61	584.58	29	58.62	-79.29	-56.51	18.46
keltner_lower p=10 k=1.5	5	5	58.81	40	47.50	-92.61	1106.52	29	65.52	-84.02	-69.52	136.54
keltner_lower p=10 k=1.5	5	6	38.51	40	47.50	-95.03	674.79	29	65.52	-88.00	-75.90	38.39
keltner_lower p=10 k=1.5	5	8	12.90	40	47.50	-98.34	660.74	29	68.97	-83.64	-86.87	35.27
keltner_lower p=10 k=1.5	5	10	230.54	40	55.00	-82.51	382.34	29	72.41	-89.87	-34.93	-25.23
keltner_lower p=10 k=1.5	5	15	204.52	40	55.00	-84.48	1565.52	29	79.31	-92.96	-39.12	244.54
keltner_lower p=10 k=1.5	5	-	204.52	40	55.00	-84.48	1544.16	29	79.31	-93.06	-39.12	239.45
keltner_lower p=10 k=2.0	1	2	554.14	18	38.89	-9.99	573.56	12	50.00	-8.83	5.87	16.04
keltner_lower p=10 k=2.0	1	3	495.46	18	38.89	-16.17	540.67	12	50.00	-12.30	-0.51	8.85
keltner_lower p=10 k=2.0	1	4	481.48	18	44.44	-15.12	549.77	12	58.33	-12.14	-2.07	10.83
keltner_lower p=10 k=2.0	1	5	459.85	18	50.00	-20.25	545.00	12	58.33	-14.84	-4.54	9.79
keltner_lower p=10 k=2.0	1	6	445.51	18	50.00	-25.12	522.59	12	58.33	-17.48	-6.20	4.91
keltner_lower p=10 k=2.0	1	8	426.93	18	50.00	-29.25	479.84	12	58.33	-22.60	-8.40	-4.36
keltner_lower p=10 k=2.0	1	10	643.58	18	61.11	-13.40	502.73	12	66.67	-19.32	15.04	0.59
keltner_lower p=10 k=2.0	1	15	642.87	18	61.11	-13.40	583.00	12	75.00	-8.07	14.97	18.11
keltner_lower p=10 k=2.0	1	-	642.87	18	61.11	-13.40	583.00	12	75.00	-8.07	14.97	18.11
keltner_lower p=10 k=2.0	2	2	598.85	18	38.89	-19.37	645.68	12	50.00	-17.07	10.53	31.93
keltner_lower p=10 k=2.0	2	3	475.66	18	38.89	-30.37	571.79	12	50.00	-23.42	-2.73	15.65
keltner_lower p=10 k=2.0	2	4	445.27	18	44.44	-28.99	588.67	12	58.33	-23.26	-6.23	19.36
keltner_lower p=10 k=2.0	2	5	403.01	18	50.00	-37.72	577.08	12	58.33	-28.14	-11.28	16.81
keltner_lower p=10 k=2.0	2	6	375.34	18	50.00	-45.53	527.73	12	58.33	-32.80	-14.72	6.02
keltner_lower p=10 k=2.0	2	8	341.14	18	50.00	-51.88	438.59	12	58.33	-41.51	-19.12	-13.24
keltner_lower p=10 k=2.0	2	10	769.50	18	61.11	-25.83	480.58	12	66.67	-36.57	27.04	-4.20
keltner_lower p=10 k=2.0	2	15	767.60	18	61.11	-25.83	658.23	12	75.00	-16.14	26.86	34.72
keltner_lower p=10 k=2.0	2	-	767.60	18	61.11	-25.83	658.23	12	75.00	-16.14	26.86	34.72
keltner_lower p=10 k=2.0	3	2	632.35	18	38.89	-28.15	714.52	12	50.00	-24.73	13.92	47.25
keltner_lower p=10 k=2.0	3	3	443.08	18	38.89	-42.70	592.20	12	50.00	-33.45	-6.49	20.13
keltner_lower p=10 k=2.0	3	4	395.71	18	44.44	-41.51	614.45	12	58.33	-33.40	-12.18	25.03
keltner_lower p=10 k=2.0	3	5	336.29	18	50.00	-53.07	593.86	12	58.33	-39.97	-19.76	20.50
keltner_lower p=10 k=2.0	3	6	298.19	18	50.00	-61.66	514.56	12	58.33	-46.09	-24.94	3.16
keltner_lower p=10 k=2.0	3	8	253.56	18	50.00	-68.74	380.03	12	58.33	-57.05	-31.40	-25.72
keltner_lower p=10 k=2.0	3	10	855.71	18	61.11	-37.27	433.85	12	66.67	-51.75	34.75	-14.26
keltner_lower p=10 k=2.0	3	15	852.06	18	61.11	-37.27	718.86	12	75.00	-24.20	34.43	48.22
keltner_lower p=10 k=2.0	3	-	852.06	18	61.11	-37.27	718.86	12	75.00	-24.20	34.43	48.22
keltner_lower p=10 k=2.0	4	2	653.47	18	38.89	-36.29	778.33	12	50.00	-31.85	16.02	61.55
keltner_lower p=10 k=2.0	4	3	400.84	18	38.89	-53.32	601.27	12	50.00	-42.47	-11.55	22.13
keltner_lower p=10 k=2.0	4	4	337.92	18	44.44	-52.61	625.54	12	58.33	-42.61	-19.55	27.48
keltner_lower p=10 k=2.0	4	5	266.71	18	50.00	-66.11	593.87	12	58.33	-50.43	-29.45	20.50
keltner_lower p=10 k=2.0	4	6	222.44	18	50.00	-74.00	483.68	12	58.33	-57.50	-36.21	-3.53
keltner_lower p=10 k=2.0	4	8	173.71	18	50.00	-80.77	309.93	12	58.33	-69.57	-44.39	-40.45
keltner_lower p=10 k=2.0	4	10	882.71	18	61.11	-47.69	365.84	12	66.67	-64.85	37.10	-28.72
keltner_lower p=10 k=2.0	4	15	876.84	18	61.11	-47.69	757.58	12	75.00	-32.27	36.59	56.89
keltner_lower p=10 k=2.0	4	-	876.84	18	61.11	-47.69	757.58	12	75.00	-32.27	36.59	56.89
keltner_lower p=10 k=2.0	5	2	661.73	18	38.89	-43.81	835.48	12	50.00	-38.46	16.83	74.44
keltner_lower p=10 k=2.0	5	3	352.37	18	38.89	-62.38	598.89	12	50.00	-50.53	-17.65	21.60
keltner_lower p=10 k=2.0	5	4	277.09	18	44.44	-62.28	621.20	12	58.33	-50.92	-27.94	26.52
keltner_lower p=10 k=2.0	5	5	200.44	18	50.00	-76.52	576.68	12	58.33	-59.59	-39.79	16.72
keltner_lower p=10 k=2.0	5	6	154.84	18	50.00	-83.11	437.13	12	58.33	-67.18	-47.83	-13.55
keltner_lower p=10 k=2.0	5	8	108.19	18	50.00	-88.94	235.30	12	58.33	-79.38	-57.24	-55.82
keltner_lower p=10 k=2.0	5	10	838.46	18	61.11	-57.10	283.01	12	66.67	-75.89	33.24	-46.04
keltner_lower p=10 k=2.0	5	15	830.07	18	61.11	-57.10	767.22	12	75.00	-40.34	32.50	59.05
keltner_lower p=10 k=2.0	5	-	830.07	18	61.11	-57.10	767.22	12	75.00	-40.34	32.50	59.05
keltner_lower p=10 k=3.0	1	2	500.00	0	0.00	0.00	510.30	1	100.00	0.00	0.00	2.23
keltner_lower p=10 k=3.0	1	3	500.00	0	0.00	0.00	510.30	1	100.00	0.00	0.00	2.23
keltner_lower p=10 k=3.0	1	4	500.00	0	0.00	0.00	510.30	1	100.00	0.00	0.00	2.23
keltner_lower p=10 k=3.0	1	5	500.00	0	0.00	0.00	510.30	1	100.00	0.00	0.00	2.23
keltner_lower p=10 k=3.0	1	6	500.00	0	0.00	0.00	510.30	1	100.00	0.00	0.00	2.23
keltner_lower p=10 k=3.0	1	8	500.00	0	0.00	0.00	510.30	1	100.00	0.00	0.00	2.23
keltner_lower p=10 k=3.0	1	10	500.00	0	0.00	0.00	510.30	1	100.00	0.00	0.00	2.23
keltner_lower p=10 k=3.0	1	15	500.00	0	0.00	0.00	510.30	1	100.00	0.00	0.00	2.23
keltner_lower p=10 k=3.0	1	-	500.00	0	0.00	0.00	510.30	1	100.00	0.00	0.00	2.23
keltner_lower p=10 k=3.0	2	2	500.00	0	0.00	0.00	520.60	1	100.00	0.00	0.00	4.47
keltner_lower p=10 k=3.0	2	3	500.00	0	0.00	0.00	520.60	1	100.00	0.00	0.00	4.47
keltner_lower p=10 k=3.0	2	4	500.00	0	0.00	0.00	520.60	1	100.00	0.00	0.00	4.47
keltner_lower p=10 k=3.0	2	5	500.00	0	0.00	0.00	520.60	1	100.00	0.00	0.00	4.47
keltner_lower p=10 k=3.0	2	6	500.00	0	0.00	0.00	520.60	1	100.00	0.00	0.00	4.47
keltner_lower p=10 k=3.0	2	8	500.00	0	0.00	0.00	520.60	1	100.00	0.00	0.00	4.47
keltner_lower p=10 k=3.0	2	10	500.00	0	0.00	0.00	520.60	1	100.00	0.00	0.00	4.47
keltner_lower p=10 k=3.0	2	15	500.00	0	0.00	0.00	520.60	1	100.00	0.00	0.00	4.47
keltner_lower p=10 k=3.0	2	-	500.00	0	0.00	0.00	520.60	1	100.00	0.00	0.00	4.47
keltner_lower p=10 k=3.0	3	2	500.00	0	0.00	0.00	530.90	1	100.00	0.00	0.00	6.71
keltner_lower p=10 k=3.0	3	3	500.00	0	0.00	0.00	530.90	1	100.00	0.00	0.00	6.71
keltner_lower p=10 k=3.0	3	4	500.00	0	0.00	0.00	530.90	1	100.00	0.00	0.00	6.71
keltner_lower p=10 k=3.0	3	5	500.00	0	0.00	0.00	530.90	1	100.00	0.00	0.00	6.71
keltner_lower p=10 k=3.0	3	6	500.00	0	0.00	0.00	530.90	1	100.00	0.00	0.00	6.71
keltner_lower p=10 k=3.0	3	8	500.00	0	0.00	0.00	530.90	1	100.00	0.00	0.00	6.71
keltner_lower p=10 k=3.0	3	10	500.00	0	0.00	0.00	530.90	1	100.00	0.00	0.00	6.71
keltner_lower p=10 k=3.0	3	15	500.00	0	0.00	0.00	530.90	1	100.00	0.00	0.00	6.71
keltner_lower p=10 k=3.0	3	-	500.00	0	0.00	0.00	530.90	1	100.00	0.00	0.00	6.71
keltner_lower p=10 k=3.0	4	2	500.00	0	0.00	0.00	541.20	1	100.00	0.00	0.00	8.96
keltner_lower p=10 k=3.0	4	3	500.00	0	0.00	0.00	541.20	1	100.00	0.00	0.00	8.96
keltner_lower p=10 k=3.0	4	4	500.00	0	0.00	0.00	541.20	1	100.00	0.00	0.00	8.96
keltner_lower p=10 k=3.0	4	5	500.00	0	0.00	0.00	541.20	1	100.00	0.00	0.00	8.96
keltner_lower p=10 k=3.0	4	6	500.00	0	0.00	0.00	541.20	1	100.00	0.00	0.00	8.96
keltner_lower p=10 k=3.0	4	8	500.00	0	0.00	0.00	541.20	1	100.00	0.00	0.00	8.96
keltner_lower p=10 k=3.0	4	10	500.00	0	0.00	0.00	541.20	1	100.00	0.00	0.00	8.96
keltner_lower p=10 k=3.0	4	15	500.00	0	0.00	0.00	541.20	1	100.00	0.00	0.00	8.96
keltner_lower p=10 k=3.0	4	-	500.00	0	0.00	0.00	541.20	1	100.00	0.00	0.00	8.96
keltner_lower p=10 k=3.0	5	2	500.00	0	0.00	0.00	551.50	1	100.00	0.00	0.00	11.21
keltner_lower p=10 k=3.0	5	3	500.00	0	0.00	0.00	551.50	1	100.00	0.00	0.00	11.21
keltner_lower p=10 k=3.0	5	4	500.00	0	0.00	0.00	551.50	1	100.00	0.00	0.00	11.21
keltner_lower p=10 k=3.0	5	5	500.00	0	0.00	0.00	551.50	1	100.00	0.00	0.00	11.21
keltner_lower p=10 k=3.0	5	6	500.00	0	0.00	0.00	551.50	1	100.00	0.00	0.00	11.21
keltner_lower p=10 k=3.0	5	8	500.00	0	0.00	0.00	551.50	1	100.00	0.00	0.00	11.21
keltner_lower p=10 k=3.0	5	10	500.00	0	0.00	0.00	551.50	1	100.00	0.00	0.00	11.21
keltner_lower p=10 k=3.0	5	15	500.00	0	0.00	0.00	551.50	1	100.00	0.00	0.00	11.21
keltner_lower p=10 k=3.0	5	-	500.00	0	0.00	0.00	551.50	1	100.00	0.00	0.00	11.21
keltner_lower p=20 k=1.5	1	2	563.38	73	31.51	-21.07	823.43	43	46.51	-23.60	6.85	71.72
keltner_lower p=20 k=1.5	1	3	703.25	73	39.73	-23.92	654.28	43	46.51	-30.76	20.85	33.84
keltner_lower p=20 k=1.5	1	4	814.51	73	47.95	-25.02	653.53	43	51.16	-25.84	31.11	33.67
keltner_lower p=20 k=1.5	1	5	708.28	73	50.68	-28.22	737.07	43	55.81	-33.16	21.32	52.29
keltner_lower p=20 k=1.5	1	6	619.13	73	50.68	-31.89	771.33	43	58.14	-32.29	12.60	59.97
keltner_lower p=20 k=1.5	1	8	573.09	73	52.05	-32.17	888.31	43	60.47	-27.65	7.87	86.43
keltner_lower p=20 k=1.5	1	10	964.98	73	56.16	-25.84	1131.91	43	67.44	-25.00	44.05	142.43
keltner_lower p=20 k=1.5	1	15	914.94	73	56.16	-25.92	1345.26	43	72.09	-29.64	39.85	192.33
keltner_lower p=20 k=1.5	1	-	824.28	73	56.16	-26.72	1082.79	43	72.09	-37.29	31.98	131.05
keltner_lower p=20 k=1.5	2	2	566.55	73	31.51	-38.04	1218.03	43	46.51	-42.29	7.18	162.48
keltner_lower p=20 k=1.5	2	3	813.99	73	39.73	-43.56	757.27	43	46.51	-54.55	31.06	56.82
keltner_lower p=20 k=1.5	2	4	1073.22	73	47.95	-44.47	744.91	43	51.16	-48.31	52.80	54.05
keltner_lower p=20 k=1.5	2	5	794.03	73	50.68	-49.35	935.29	43	55.81	-58.46	29.27	97.14
keltner_lower p=20 k=1.5	2	6	592.32	73	50.68	-54.97	988.83	43	58.14	-55.38	9.86	109.40
keltner_lower p=20 k=1.5	2	8	488.78	73	52.05	-55.70	1232.19	43	60.47	-49.66	-1.25	165.79
keltner_lower p=20 k=1.5	2	10	1376.43	73	56.16	-46.46	1960.40	43	67.44	-46.22	75.44	339.66
keltner_lower p=20 k=1.5	2	15	1212.12	73	56.16	-46.59	2727.12	43	72.09	-53.60	63.48	528.77
keltner_lower p=20 k=1.5	2	-	920.01	73	56.16	-51.46	1464.34	43	72.09	-72.07	40.28	220.47
keltner_lower p=20 k=1.5	3	2	513.87	73	31.51	-52.05	1639.98	43	46.51	-56.96	1.53	262.34
keltner_lower p=20 k=1.5	3	3	794.48	73	39.73	-60.25	784.16	43	46.51	-71.62	29.31	62.86
keltner_lower p=20 k=1.5	3	4	1169.90	73	47.95	-59.41	748.08	43	51.16	-66.03	60.30	54.75
keltner_lower p=20 k=1.5	3	5	717.71	73	50.68	-64.92	1031.54	43	55.81	-75.96	22.22	119.22
keltner_lower p=20 k=1.5	3	6	443.57	73	50.68	-71.22	1063.45	43	58.14	-72.41	-6.43	126.58
keltner_lower p=20 k=1.5	3	8	310.80	73	52.05	-72.33	1353.10	43	60.47	-66.54	-23.20	194.17
keltner_lower p=20 k=1.5	3	10	1460.07	73	56.16	-62.56	2617.89	43	67.44	-63.51	81.28	501.52
keltner_lower p=20 k=1.5	3	15	1153.83	73	56.16	-62.71	4097.99	43	72.09	-72.20	59.07	877.66
keltner_lower p=20 k=1.5	3	-	621.82	73	56.16	-74.22	606.32	43	72.09	-95.76	12.87	23.24
keltner_lower p=20 k=1.5	4	2	423.73	73	31.51	-65.22	2027.31	43	46.51	-68.37	-8.78	355.95
keltner_lower p=20 k=1.5	4	3	664.35	73	39.73	-73.17	731.19	43	46.51	-83.13	17.09	50.97
keltner_lower p=20 k=1.5	4	4	1069.55	73	47.95	-70.77	665.16	43	51.16	-78.96	52.51	36.25
keltner_lower p=20 k=1.5	4	5	527.60	73	50.68	-76.21	992.53	43	55.81	-87.08	3.03	110.25
keltner_lower p=20 k=1.5	4	6	260.39	73	50.68	-82.30	960.27	43	58.14	-85.42	-30.38	102.85
keltner_lower p=20 k=1.5	4	8	145.18	73	52.05	-83.62	1172.90	43	60.47	-78.96	-49.66	151.96
keltner_lower p=20 k=1.5	4	10	1135.62	73	56.16	-74.80	2654.46	43	67.44	-76.94	57.67	510.63
keltner_lower p=20 k=1.5	4	15	755.65	73	56.16	-74.97	4236.31	43	72.09	-88.07	25.76	913.47
keltner_lower p=20 k=1.5	4	-	114.40	73	56.16	-95.01	0.00	28	71.43	-100.00	-55.90	-100.00
keltner_lower p=20 k=1.5	5	2	319.51	73	31.51	-77.41	2313.16	43	46.51	-77.15	-22.01	426.02
keltner_lower p=20 k=1.5	5	3	480.95	73	39.73	-82.65	615.59	43	46.51	-90.46	-2.13	25.28
keltner_lower p=20 k=1.5	5	4	826.32	73	47.95	-79.61	524.04	43	51.16	-87.74	32.16	5.22
keltner_lower p=20 k=1.5	5	5	315.86	73	50.68	-84.25	832.15	43	55.81	-93.58	-22.51	73.69
keltner_lower p=20 k=1.5	5	6	118.83	73	50.68	-89.59	722.98	43	58.14	-93.14	-54.96	49.14
keltner_lower p=20 k=1.5	5	8	48.21	73	52.05	-94.64	787.60	43	60.47	-88.12	-72.70	63.64
keltner_lower p=20 k=1.5	5	10	623.10	73	56.16	-84.33	1957.30	43	67.44	-88.63	13.00	338.91
keltner_lower p=20 k=1.5	5	15	303.33	73	56.16	-87.83	2415.07	43	72.09	-97.02	-24.23	451.18
keltner_lower p=20 k=1.5	5	-	0.00	50	52.00	-100.00	0.00	28	71.43	-100.00	-100.00	-100.00
keltner_lower p=20 k=2.0	1	2	462.32	42	30.95	-22.39	570.11	31	45.16	-24.74	-4.26	15.28
keltner_lower p=20 k=2.0	1	3	508.66	42	38.10	-18.40	476.85	31	45.16	-33.76	0.96	-5.01
keltner_lower p=20 k=2.0	1	4	517.18	42	42.86	-16.58	505.50	31	51.61	-26.08	1.89	1.19
keltner_lower p=20 k=2.0	1	5	460.21	42	45.24	-20.63	600.52	31	58.06	-30.55	-4.50	21.96
keltner_lower p=20 k=2.0	1	6	428.54	42	45.24	-24.69	552.15	31	58.06	-34.79	-8.20	11.35
keltner_lower p=20 k=2.0	1	8	374.76	42	45.24	-31.20	638.06	31	61.29	-25.05	-14.79	30.25
keltner_lower p=20 k=2.0	1	10	678.28	42	52.38	-25.37	758.36	31	67.74	-22.58	18.45	57.06
keltner_lower p=20 k=2.0	1	15	700.91	42	52.38	-22.88	1009.44	31	74.19	-19.41	20.62	114.13
keltner_lower p=20 k=2.0	1	-	700.91	42	52.38	-22.88	1008.64	31	74.19	-19.47	20.62	113.95
keltner_lower p=20 k=2.0	2	2	407.07	42	30.95	-41.71	616.77	31	45.16	-44.11	-10.79	25.54
keltner_lower p=20 k=2.0	2	3	470.35	42	38.10	-34.37	426.17	31	45.16	-57.12	-3.34	-15.90
keltner_lower p=20 k=2.0	2	4	479.99	42	42.86	-31.91	474.45	31	51.61	-46.88	-2.24	-5.53
keltner_lower p=20 k=2.0	2	5	374.04	42	45.24	-39.11	664.49	31	58.06	-53.41	-14.88	36.11
keltner_lower p=20 k=2.0	2	6	319.30	42	45.24	-45.83	555.73	31	58.06	-59.25	-22.04	12.13
keltner_lower p=20 k=2.0	2	8	237.49	42	45.24	-59.71	699.63	31	61.29	-46.00	-33.85	43.92
keltner_lower p=20 k=2.0	2	10	785.22	42	52.38	-47.29	970.12	31	67.74	-42.75	28.47	105.11
keltner_lower p=20 k=2.0	2	15	844.18	42	52.38	-43.33	1759.31	31	74.19	-37.94	33.74	291.00
keltner_lower p=20 k=2.0	2	-	844.18	42	52.38	-43.33	1755.93	31	74.19	-38.05	33.74	290.18
keltner_lower p=20 k=2.0	3	2	342.35	42	30.95	-57.60	634.87	31	45.16	-59.11	-18.96	29.54
keltner_lower p=20 k=2.0	3	3	399.39	42	38.10	-47.99	357.38	31	45.16	-72.95	-11.72	-30.51
keltner_lower p=20 k=2.0	3	4	403.24	42	42.86	-45.66	413.67	31	51.61	-62.99	-11.25	-18.57
keltner_lower p=20 k=2.0	3	5	270.05	42	45.24	-59.12	678.08	31	58.06	-69.93	-28.96	39.12
keltner_lower p=20 k=2.0	3	6	207.27	42	45.24	-67.31	509.14	31	58.06	-75.74	-38.66	1.98
keltner_lower p=20 k=2.0	3	8	126.43	42	45.24	-80.06	662.15	31	61.29	-63.30	-53.38	35.59
keltner_lower p=20 k=2.0	3	10	778.73	42	52.38	-65.10	1047.02	31	67.74	-59.98	27.88	122.79
keltner_lower p=20 k=2.0	3	15	879.03	42	52.38	-60.60	2648.74	31	74.19	-55.11	36.78	509.21
keltner_lower p=20 k=2.0	3	-	879.03	42	52.38	-60.60	2639.00	31	74.19	-55.27	36.78	506.78
keltner_lower p=20 k=2.0	4	2	275.66	42	30.95	-70.11	622.69	31	45.16	-70.59	-28.15	26.85
keltner_lower p=20 k=2.0	4	3	313.43	42	38.10	-62.85	281.08	31	45.16	-83.42	-22.84	-46.43
keltner_lower p=20 k=2.0	4	4	308.07	42	42.86	-59.93	334.63	31	51.61	-75.10	-23.57	-35.29
keltner_lower p=20 k=2.0	4	5	173.37	42	45.24	-75.14	637.23	31	58.06	-81.42	-44.45	30.06
keltner_lower p=20 k=2.0	4	6	116.77	42	45.24	-82.80	422.79	31	58.06	-86.34	-55.40	-16.62
keltner_lower p=20 k=2.0	4	8	55.63	42	45.24	-91.81	537.68	31	61.29	-78.30	-70.45	8.19
keltner_lower p=20 k=2.0	4	10	657.62	42	52.38	-78.63	939.14	31	67.74	-73.97	16.43	98.02
keltner_lower p=20 k=2.0	4	15	789.46	42	52.38	-74.35	3368.86	31	74.19	-70.50	28.86	690.61
keltner_lower p=20 k=2.0	4	-	789.46	42	52.38	-74.35	3346.07	31	74.19	-70.70	28.86	684.82
keltner_lower p=20 k=2.0	5	2	212.86	42	30.95	-79.57	581.98	31	45.16	-79.24	-37.75	17.89
keltner_lower p=20 k=2.0	5	3	228.21	42	38.10	-75.43	206.88	31	45.16	-90.18	-35.30	-61.57
keltner_lower p=20 k=2.0	5	4	214.39	42	42.86	-73.93	250.31	31	51.61	-83.89	-37.50	-52.76
keltner_lower p=20 k=2.0	5	5	98.71	42	45.24	-86.36	549.37	31	58.06	-89.08	-59.37	10.74
keltner_lower p=20 k=2.0	5	6	56.56	42	45.24	-92.18	315.78	31	58.06	-92.79	-70.17	-39.23
keltner_lower p=20 k=2.0	5	8	19.67	42	45.24	-97.28	368.53	31	61.29	-88.54	-83.40	-28.16
keltner_lower p=20 k=2.0	5	10	464.67	42	52.38	-88.16	676.47	31	67.74	-84.62	-3.99	38.77
keltner_lower p=20 k=2.0	5	15	604.55	42	52.38	-84.60	3362.41	31	74.19	-83.74	11.12	688.98
keltner_lower p=20 k=2.0	5	-	604.55	42	52.38	-84.60	3316.53	31	74.19	-83.96	11.12	677.31
keltner_lower p=20 k=3.0	1	2	526.33	18	33.33	-12.14	505.15	8	50.00	-4.61	2.89	1.12
keltner_lower p=20 k=3.0	1	3	499.27	18	38.89	-18.18	485.96	8	50.00	-6.46	-0.08	-3.04
keltner_lower p=20 k=3.0	1	4	506.27	18	44.44	-17.15	466.38	8	50.00	-9.47	0.69	-7.27
keltner_lower p=20 k=3.0	1	5	461.08	18	44.44	-22.16	447.39	8	50.00	-13.15	-4.40	-11.35
keltner_lower p=20 k=3.0	1	6	446.70	18	44.44	-26.91	428.99	8	50.00	-16.72	-6.06	-15.30
keltner_lower p=20 k=3.0	1	8	404.41	18	44.44	-30.95	393.90	8	50.00	-23.54	-11.11	-22.78
keltner_lower p=20 k=3.0	1	10	623.65	18	55.56	-15.48	412.69	8	62.50	-20.22	13.05	-18.78
keltner_lower p=20 k=3.0	1	15	622.96	18	55.56	-15.48	478.58	8	75.00	-11.74	12.98	-4.63
keltner_lower p=20 k=3.0	1	-	622.96	18	55.56	-15.48	478.58	8	75.00	-11.74	12.98	-4.63
keltner_lower p=20 k=3.0	2	2	540.16	18	33.33	-23.15	507.65	8	50.00	-9.12	4.38	1.66
keltner_lower p=20 k=3.0	2	3	482.78	18	38.89	-33.63	468.76	8	50.00	-12.89	-1.93	-6.75
keltner_lower p=20 k=3.0	2	4	493.02	18	44.44	-32.32	430.32	8	50.00	-18.88	-0.78	-15.01
keltner_lower p=20 k=3.0	2	5	405.00	18	44.44	-40.63	394.29	8	50.00	-25.67	-11.04	-22.70
keltner_lower p=20 k=3.0	2	6	377.19	18	44.44	-48.08	360.57	8	50.00	-32.03	-14.48	-29.84
keltner_lower p=20 k=3.0	2	8	303.82	18	44.44	-54.13	299.66	8	50.00	-43.51	-24.16	-42.59
keltner_lower p=20 k=3.0	2	10	719.88	18	55.56	-29.31	328.35	8	62.50	-38.62	22.42	-36.60
keltner_lower p=20 k=3.0	2	15	718.09	18	55.56	-29.31	449.73	8	75.00	-23.39	22.25	-10.85
keltner_lower p=20 k=3.0	2	-	718.09	18	55.56	-29.31	449.73	8	75.00	-23.39	22.25	-10.85
keltner_lower p=20 k=3.0	3	2	541.51	18	33.33	-33.08	507.53	8	50.00	-13.51	4.53	1.63
keltner_lower p=20 k=3.0	3	3	452.76	18	38.89	-46.63	448.72	8	50.00	-19.24	-5.36	-11.07
keltner_lower p=20 k=3.0	3	4	462.16	18	44.44	-45.52	392.55	8	50.00	-28.11	-4.27	-23.07
keltner_lower p=20 k=3.0	3	5	338.58	18	44.44	-55.73	341.82	8	50.00	-37.40	-19.46	-33.78
keltner_lower p=20 k=3.0	3	6	300.22	18	44.44	-64.29	296.18	8	50.00	-45.76	-24.66	-43.31
keltner_lower p=20 k=3.0	3	8	210.40	18	44.44	-70.88	218.74	8	50.00	-59.94	-38.15	-59.18
keltner_lower p=20 k=3.0	3	10	769.54	18	55.56	-41.57	249.72	8	62.50	-54.83	27.04	-52.88
keltner_lower p=20 k=3.0	3	15	766.27	18	55.56	-41.57	413.77	8	75.00	-34.79	26.74	-18.55
keltner_lower p=20 k=3.0	3	-	766.27	18	55.56	-41.57	413.77	8	75.00	-34.79	26.74	-18.55
keltner_lower p=20 k=3.0	4	2	531.11	18	33.33	-41.99	504.81	8	50.00	-17.80	3.41	1.04
keltner_lower p=20 k=3.0	4	3	412.20	18	38.89	-57.50	426.19	8	50.00	-25.48	-10.16	-15.90
keltner_lower p=20 k=3.0	4	4	417.10	18	44.44	-56.85	353.81	8	50.00	-37.02	-9.57	-31.26
keltner_lower p=20 k=3.0	4	5	268.93	18	44.44	-67.79	291.06	8	50.00	-48.19	-29.13	-44.37
keltner_lower p=20 k=3.0	4	6	224.29	18	44.44	-76.32	237.05	8	50.00	-57.80	-35.92	-55.47
keltner_lower p=20 k=3.0	4	8	132.80	18	44.44	-82.49	151.90	8	50.00	-72.96	-52.09	-72.51
keltner_lower p=20 k=3.0	4	10	759.38	18	55.56	-52.37	179.30	8	62.50	-68.61	26.11	-67.09
keltner_lower p=20 k=3.0	4	15	754.33	18	55.56	-52.37	371.29	8	75.00	-45.78	25.64	-27.57
keltner_lower p=20 k=3.0	4	-	754.33	18	55.56	-52.37	371.29	8	75.00	-45.78	25.64	-27.57
keltner_lower p=20 k=3.0	5	2	510.24	18	33.33	-49.96	499.56	8	50.00	-21.98	1.13	-0.10
keltner_lower p=20 k=3.0	5	3	364.52	18	38.89	-66.49	401.54	8	50.00	-31.57	-16.09	-21.15
keltner_lower p=20 k=3.0	5	4	362.25	18	44.44	-66.40	314.81	8	50.00	-45.51	-16.38	-39.43
keltner_lower p=20 k=3.0	5	5	202.35	18	44.44	-77.21	242.95	8	50.00	-57.94	-39.48	-54.26
keltner_lower p=20 k=3.0	5	6	156.31	18	44.44	-84.96	184.16	8	50.00	-68.12	-47.56	-66.13
keltner_lower p=20 k=3.0	5	8	75.14	18	44.44	-90.15	99.13	8	50.00	-82.84	-65.08	-82.69
keltner_lower p=20 k=3.0	5	10	686.08	18	55.56	-61.79	119.23	8	62.50	-79.79	19.20	-78.85
keltner_lower p=20 k=3.0	5	15	679.21	18	55.56	-61.79	323.22	8	75.00	-56.20	18.54	-37.68
keltner_lower p=20 k=3.0	5	-	679.21	18	55.56	-61.79	323.22	8	75.00	-56.20	18.54	-37.68
macd_hist_neg 5/18/4 th=0.0%	1	2	529.20	198	31.82	-37.00	1337.04	115	40.87	-30.89	3.20	190.39
macd_hist_neg 5/18/4 th=0.0%	1	3	897.79	198	43.94	-46.30	889.88	115	43.48	-28.87	38.39	86.79
macd_hist_neg 5/18/4 th=0.0%	1	4	868.07	198	49.49	-49.32	813.68	115	48.70	-28.30	35.83	69.52
macd_hist_neg 5/18/4 th=0.0%	1	5	815.16	198	52.02	-53.36	1065.99	115	53.91	-34.16	31.17	127.17
macd_hist_neg 5/18/4 th=0.0%	1	6	679.08	198	53.03	-54.88	1283.61	115	55.65	-40.09	18.52	177.84
macd_hist_neg 5/18/4 th=0.0%	1	8	669.11	198	54.55	-58.17	1041.17	115	57.39	-38.30	17.55	121.44
macd_hist_neg 5/18/4 th=0.0%	1	10	1125.39	198	56.06	-51.29	1089.43	115	58.26	-35.72	56.88	132.59
macd_hist_neg 5/18/4 th=0.0%	1	15	986.84	198	56.06	-55.62	1546.81	115	63.48	-45.55	45.85	240.08
macd_hist_neg 5/18/4 th=0.0%	1	-	1001.13	198	56.57	-54.30	1288.42	115	63.48	-49.02	47.02	178.96
macd_hist_neg 5/18/4 th=0.0%	2	2	423.88	198	31.82	-66.65	2627.58	115	40.87	-53.09	-8.76	503.94
macd_hist_neg 5/18/4 th=0.0%	2	3	1020.74	198	43.94	-72.91	1124.74	115	43.48	-51.53	48.61	140.77
macd_hist_neg 5/18/4 th=0.0%	2	4	899.79	198	49.49	-76.17	894.15	115	48.70	-53.78	38.56	87.76
macd_hist_neg 5/18/4 th=0.0%	2	5	739.96	198	52.02	-79.99	1487.28	115	53.91	-59.57	24.31	225.92
macd_hist_neg 5/18/4 th=0.0%	2	6	487.50	198	53.03	-81.37	1965.59	115	55.65	-68.25	-1.39	340.92
macd_hist_neg 5/18/4 th=0.0%	2	8	440.47	198	54.55	-84.22	1137.84	115	57.39	-65.33	-6.80	143.81
macd_hist_neg 5/18/4 th=0.0%	2	10	1207.84	198	56.06	-78.60	1184.57	115	58.26	-62.76	63.16	154.68
macd_hist_neg 5/18/4 th=0.0%	2	15	866.01	198	56.06	-83.96	2158.15	115	63.48	-75.41	35.65	387.92
macd_hist_neg 5/18/4 th=0.0%	2	-	793.22	198	56.57	-85.00	1234.72	115	63.48	-80.63	29.20	166.38
macd_hist_neg 5/18/4 th=0.0%	3	2	264.06	198	31.82	-85.00	3933.39	115	40.87	-68.79	-29.84	835.17
macd_hist_neg 5/18/4 th=0.0%	3	3	743.42	198	43.94	-87.55	1042.70	115	43.48	-68.46	24.63	121.79
macd_hist_neg 5/18/4 th=0.0%	3	4	558.77	198	49.49	-89.95	681.30	115	48.70	-73.05	6.36	39.84
macd_hist_neg 5/18/4 th=0.0%	3	5	373.17	198	52.02	-92.98	1390.78	115	53.91	-77.39	-14.99	203.06
macd_hist_neg 5/18/4 th=0.0%	3	6	182.49	198	53.03	-93.22	1851.62	115	55.65	-85.29	-42.85	313.28
macd_hist_neg 5/18/4 th=0.0%	3	8	137.41	198	54.55	-94.85	663.50	115	57.39	-84.00	-51.18	35.88
macd_hist_neg 5/18/4 th=0.0%	3	10	589.74	198	56.06	-92.10	634.94	115	58.26	-81.74	9.60	29.56
macd_hist_neg 5/18/4 th=0.0%	3	15	306.50	198	56.06	-96.34	1222.22	115	63.48	-91.44	-23.79	163.46
macd_hist_neg 5/18/4 th=0.0%	3	-	178.41	198	56.57	-97.85	193.73	115	63.48	-98.55	-43.56	-64.22
macd_hist_neg 5/18/4 th=0.0%	4	2	130.45	198	31.82	-94.22	4584.87	115	40.87	-80.31	-52.57	1004.15
macd_hist_neg 5/18/4 th=0.0%	4	3	330.64	198	43.94	-95.18	721.78	115	43.48	-80.47	-20.51	48.87
macd_hist_neg 5/18/4 th=0.0%	4	4	196.12	198	49.49	-96.50	363.53	115	48.70	-85.80	-40.52	-29.21
macd_hist_neg 5/18/4 th=0.0%	4	5	97.76	198	52.02	-98.31	876.76	115	53.91	-89.69	-59.58	83.80
macd_hist_neg 5/18/4 th=0.0%	4	6	32.81	198	53.03	-98.65	1077.39	115	55.65	-94.05	-77.95	129.80
macd_hist_neg 5/18/4 th=0.0%	4	8	18.07	198	54.55	-99.35	201.08	115	57.39	-95.14	-84.17	-62.74
macd_hist_neg 5/18/4 th=0.0%	4	10	113.82	198	56.06	-99.13	155.62	115	58.26	-96.24	-56.02	-71.78
macd_hist_neg 5/18/4 th=0.0%	4	15	34.06	198	56.06	-99.78	209.47	115	63.48	-98.79	-77.49	-61.05
macd_hist_neg 5/18/4 th=0.0%	4	-	0.00	141	53.90	-100.00	0.00	74	63.51	-100.00	-100.00	-100.00
macd_hist_neg 5/18/4 th=0.0%	5	2	51.83	198	31.82	-98.08	4210.11	115	40.87	-88.21	-71.58	906.68
macd_hist_neg 5/18/4 th=0.0%	5	3	67.49	198	43.94	-98.84	375.58	115	43.48	-89.77	-67.10	-26.67
macd_hist_neg 5/18/4 th=0.0%	5	4	28.84	198	49.49	-99.32	135.25	115	48.70	-94.70	-79.48	-75.76
macd_hist_neg 5/18/4 th=0.0%	5	5	9.74	198	52.02	-99.78	368.84	115	53.91	-97.16	-88.77	-28.09
macd_hist_neg 5/18/4 th=0.0%	5	6	2.03	198	53.03	-99.92	379.77	115	55.65	-97.94	-95.29	-25.78
macd_hist_neg 5/18/4 th=0.0%	5	8	0.68	198	54.55	-99.98	29.52	115	57.39	-99.55	-97.44	-95.34
macd_hist_neg 5/18/4 th=0.0%	5	10	5.62	198	56.06	-99.97	14.89	115	58.26	-99.77	-91.72	-97.78
macd_hist_neg 5/18/4 th=0.0%	5	15	0.57	198	56.06	-100.00	4.94	115	63.48	-99.97	-97.67	-99.33
macd_hist_neg 5/18/4 th=0.0%	5	-	0.00	139	53.96	-100.00	0.00	74	63.51	-100.00	-100.00	-100.00
macd_hist_neg 5/18/4 th=-0.1%	1	2	427.34	80	27.50	-29.68	839.15	58	43.10	-23.56	-8.35	75.27
macd_hist_neg 5/18/4 th=-0.1%	1	3	383.82	80	36.25	-46.55	603.72	58	43.10	-32.79	-13.65	22.67
macd_hist_neg 5/18/4 th=-0.1%	1	4	448.41	80	43.75	-37.65	614.20	58	51.72	-42.75	-5.87	24.98
macd_hist_neg 5/18/4 th=-0.1%	1	5	369.24	80	46.25	-42.78	658.84	58	56.90	-47.86	-15.49	34.85
macd_hist_neg 5/18/4 th=-0.1%	1	6	351.17	80	47.50	-45.68	883.43	58	60.34	-52.56	-17.81	85.32
macd_hist_neg 5/18/4 th=-0.1%	1	8	288.01	80	48.75	-52.62	899.84	58	62.07	-43.27	-26.38	89.05
macd_hist_neg 5/18/4 th=-0.1%	1	10	425.42	80	52.50	-45.19	807.23	58	63.79	-48.63	-8.58	68.06
macd_hist_neg 5/18/4 th=-0.1%	1	15	417.36	80	52.50	-46.23	840.79	58	67.24	-56.92	-9.54	75.65
macd_hist_neg 5/18/4 th=-0.1%	1	-	482.85	80	53.75	-44.66	650.42	58	67.24	-59.67	-1.92	32.98
macd_hist_neg 5/18/4 th=-0.1%	2	2	328.51	80	27.50	-52.24	1238.47	58	43.10	-41.96	-20.80	167.26
macd_hist_neg 5/18/4 th=-0.1%	2	3	239.21	80	36.25	-74.35	627.30	58	43.10	-55.57	-33.59	27.87
macd_hist_neg 5/18/4 th=-0.1%	2	4	319.15	80	43.75	-63.58	630.04	58	51.72	-68.32	-22.06	28.47
macd_hist_neg 5/18/4 th=-0.1%	2	5	210.66	80	46.25	-71.20	705.09	58	56.90	-73.97	-38.11	45.14
macd_hist_neg 5/18/4 th=-0.1%	2	6	185.61	80	47.50	-74.62	1173.05	58	60.34	-78.71	-42.31	152.00
macd_hist_neg 5/18/4 th=-0.1%	2	8	118.41	80	48.75	-83.81	1120.59	58	62.07	-71.20	-55.05	139.80
macd_hist_neg 5/18/4 th=-0.1%	2	10	249.76	80	52.50	-77.83	862.98	58	63.79	-75.58	-31.98	80.68
macd_hist_neg 5/18/4 th=-0.1%	2	15	233.59	80	52.50	-79.27	848.04	58	67.24	-84.20	-34.46	77.29
macd_hist_neg 5/18/4 th=-0.1%	2	-	304.23	80	53.75	-76.14	411.89	58	67.24	-86.60	-24.10	-18.95
macd_hist_neg 5/18/4 th=-0.1%	3	2	229.13	80	27.50	-69.04	1633.44	58	43.10	-56.25	-35.15	260.77
macd_hist_neg 5/18/4 th=-0.1%	3	3	119.17	80	36.25	-89.27	568.62	58	43.10	-71.15	-54.89	14.96
macd_hist_neg 5/18/4 th=-0.1%	3	4	177.11	80	43.75	-81.65	544.83	58	51.72	-83.14	-43.79	9.75
macd_hist_neg 5/18/4 th=-0.1%	3	5	90.79	80	46.25	-89.59	617.61	58	56.90	-87.65	-61.21	25.73
macd_hist_neg 5/18/4 th=-0.1%	3	6	71.80	80	47.50	-91.77	1191.82	58	60.34	-91.05	-65.95	156.37
macd_hist_neg 5/18/4 th=-0.1%	3	8	33.27	80	48.75	-96.19	982.13	58	62.07	-86.96	-77.78	107.86
macd_hist_neg 5/18/4 th=-0.1%	3	10	96.36	80	52.50	-93.72	609.30	58	63.79	-89.70	-59.91	23.90
macd_hist_neg 5/18/4 th=-0.1%	3	15	81.55	80	52.50	-94.69	476.16	58	67.24	-95.44	-63.45	-5.16
macd_hist_neg 5/18/4 th=-0.1%	3	-	107.81	80	53.75	-94.14	57.42	58	67.24	-98.61	-57.33	-90.42
macd_hist_neg 5/18/4 th=-0.1%	4	2	145.93	80	27.50	-81.84	1946.74	58	43.10	-67.27	-49.52	336.34
macd_hist_neg 5/18/4 th=-0.1%	4	3	44.43	80	36.25	-96.37	453.34	58	43.10	-81.64	-73.91	-10.07
macd_hist_neg 5/18/4 th=-0.1%	4	4	71.55	80	43.75	-93.06	398.12	58	51.72	-91.44	-66.01	-21.88
macd_hist_neg 5/18/4 th=-0.1%	4	5	27.44	80	46.25	-97.34	442.54	58	56.90	-94.48	-80.04	-12.39
macd_hist_neg 5/18/4 th=-0.1%	4	6	18.74	80	47.50	-98.18	928.33	58	60.34	-96.52	-83.85	95.55
macd_hist_neg 5/18/4 th=-0.1%	4	8	5.76	80	48.75	-99.44	600.10	58	62.07	-94.80	-91.61	21.87
macd_hist_neg 5/18/4 th=-0.1%	4	10	21.70	80	52.50	-98.90	272.57	58	63.79	-96.50	-82.48	-48.19
macd_hist_neg 5/18/4 th=-0.1%	4	15	14.98	80	52.50	-99.24	121.26	58	67.24	-99.11	-85.73	-78.46
macd_hist_neg 5/18/4 th=-0.1%	4	-	9.10	80	53.75	-99.63	0.00	35	65.71	-100.00	-89.18	-100.00
macd_hist_neg 5/18/4 th=-0.1%	5	2	85.27	80	27.50	-90.42	2112.66	58	43.10	-75.71	-62.54	376.79
macd_hist_neg 5/18/4 th=-0.1%	5	3	9.21	80	36.25	-99.27	319.22	58	43.10	-88.86	-89.11	-38.51
macd_hist_neg 5/18/4 th=-0.1%	5	4	15.57	80	43.75	-98.71	244.78	58	51.72	-95.89	-85.42	-53.89
macd_hist_neg 5/18/4 th=-0.1%	5	5	4.27	80	46.25	-99.65	257.23	58	56.90	-97.70	-92.89	-51.34
macd_hist_neg 5/18/4 th=-0.1%	5	6	2.40	80	47.50	-99.80	547.79	58	60.34	-98.77	-94.84	10.40
macd_hist_neg 5/18/4 th=-0.1%	5	8	0.43	80	48.75	-99.96	246.87	58	62.07	-98.22	-98.01	-53.46
macd_hist_neg 5/18/4 th=-0.1%	5	10	1.95	80	52.50	-99.92	70.57	58	63.79	-99.05	-95.41	-88.02
macd_hist_neg 5/18/4 th=-0.1%	5	15	0.86	80	52.50	-99.96	8.10	58	67.24	-99.92	-97.08	-98.85
macd_hist_neg 5/18/4 th=-0.1%	5	-	0.00	61	47.54	-100.00	0.00	35	65.71	-100.00	-100.00	-100.00
macd_hist_neg 5/18/4 th=-0.2%	1	2	581.00	39	30.77	-18.89	603.25	31	38.71	-17.92	8.69	22.56
macd_hist_neg 5/18/4 th=-0.2%	1	3	542.31	39	38.46	-37.04	477.76	31	38.71	-23.44	4.61	-4.81
macd_hist_neg 5/18/4 th=-0.2%	1	4	591.59	39	48.72	-28.87	438.33	31	41.94	-28.02	9.79	-13.30
macd_hist_neg 5/18/4 th=-0.2%	1	5	538.79	39	51.28	-31.05	429.34	31	45.16	-33.54	4.23	-15.22
macd_hist_neg 5/18/4 th=-0.2%	1	6	469.95	39	51.28	-32.43	467.95	31	48.39	-36.50	-3.38	-6.93
macd_hist_neg 5/18/4 th=-0.2%	1	8	366.81	39	51.28	-37.95	473.70	31	51.61	-30.52	-15.80	-5.69
macd_hist_neg 5/18/4 th=-0.2%	1	10	531.93	39	56.41	-31.34	437.15	31	54.84	-35.19	3.50	-13.55
macd_hist_neg 5/18/4 th=-0.2%	1	15	597.22	39	56.41	-31.34	509.95	31	61.29	-38.77	10.37	2.16
macd_hist_neg 5/18/4 th=-0.2%	1	-	773.43	39	58.97	-20.49	408.82	31	61.29	-46.39	27.40	-19.60
macd_hist_neg 5/18/4 th=-0.2%	2	2	630.04	39	30.77	-34.65	677.98	31	38.71	-33.12	13.69	39.10
macd_hist_neg 5/18/4 th=-0.2%	2	3	501.38	39	38.46	-62.60	418.46	31	38.71	-42.47	0.15	-17.55
macd_hist_neg 5/18/4 th=-0.2%	2	4	589.05	39	48.72	-52.06	347.87	31	41.94	-49.06	9.52	-32.51
macd_hist_neg 5/18/4 th=-0.2%	2	5	482.21	39	51.28	-55.10	327.05	31	45.16	-59.04	-1.99	-36.88
macd_hist_neg 5/18/4 th=-0.2%	2	6	360.40	39	51.28	-57.52	375.61	31	48.39	-60.93	-16.62	-26.66
macd_hist_neg 5/18/4 th=-0.2%	2	8	210.55	39	51.28	-65.27	355.12	31	51.61	-55.77	-38.13	-30.98
macd_hist_neg 5/18/4 th=-0.2%	2	10	432.77	39	56.41	-61.17	291.30	31	54.84	-65.92	-7.70	-44.32
macd_hist_neg 5/18/4 th=-0.2%	2	15	554.31	39	56.41	-57.29	373.17	31	61.29	-66.27	5.89	-27.17
macd_hist_neg 5/18/4 th=-0.2%	2	-	970.99	39	58.97	-38.91	198.37	31	61.29	-82.07	44.54	-63.29
macd_hist_neg 5/18/4 th=-0.2%	3	2	642.21	39	30.77	-47.71	717.08	31	38.71	-45.94	14.91	47.82
macd_hist_neg 5/18/4 th=-0.2%	3	3	388.78	39	38.46	-79.68	338.75	31	38.71	-59.59	-13.04	-34.42
macd_hist_neg 5/18/4 th=-0.2%	3	4	485.16	39	48.72	-70.33	251.64	31	41.94	-65.69	-1.66	-52.49
macd_hist_neg 5/18/4 th=-0.2%	3	5	351.51	39	51.28	-73.25	222.21	31	45.16	-76.55	-17.77	-58.48
macd_hist_neg 5/18/4 th=-0.2%	3	6	220.32	39	51.28	-75.97	259.93	31	48.39	-76.82	-36.55	-50.79
macd_hist_neg 5/18/4 th=-0.2%	3	8	91.31	39	51.28	-86.20	211.77	31	51.61	-74.87	-61.09	-60.59
macd_hist_neg 5/18/4 th=-0.2%	3	10	259.98	39	56.41	-82.78	146.20	31	54.84	-85.77	-30.44	-73.62
macd_hist_neg 5/18/4 th=-0.2%	3	15	387.64	39	56.41	-76.82	184.64	31	61.29	-88.07	-13.18	-66.03
macd_hist_neg 5/18/4 th=-0.2%	3	-	989.59	39	58.97	-55.65	26.77	31	61.29	-98.27	46.08	-95.81
macd_hist_neg 5/18/4 th=-0.2%	4	2	618.66	39	30.77	-58.46	718.54	31	38.71	-56.69	12.55	48.14
macd_hist_neg 5/18/4 th=-0.2%	4	3	236.72	39	38.46	-90.65	254.56	31	38.71	-72.93	-33.97	-51.89
macd_hist_neg 5/18/4 th=-0.2%	4	4	309.06	39	48.72	-84.37	166.36	31	41.94	-78.69	-23.44	-69.66
macd_hist_neg 5/18/4 th=-0.2%	4	5	194.56	39	51.28	-86.76	134.73	31	45.16	-87.54	-40.78	-75.86
macd_hist_neg 5/18/4 th=-0.2%	4	6	99.61	39	51.28	-89.17	154.71	31	48.39	-86.81	-59.16	-71.96
macd_hist_neg 5/18/4 th=-0.2%	4	8	27.30	39	51.28	-96.20	99.22	31	51.61	-89.93	-80.09	-82.67
macd_hist_neg 5/18/4 th=-0.2%	4	10	104.65	39	56.41	-94.89	53.09	31	54.84	-95.48	-58.03	-91.20
macd_hist_neg 5/18/4 th=-0.2%	4	15	186.44	39	56.41	-90.90	53.09	31	61.29	-97.48	-42.17	-91.20
macd_hist_neg 5/18/4 th=-0.2%	4	-	806.27	39	58.97	-71.57	0.00	17	47.06	-100.00	30.37	-100.00
macd_hist_neg 5/18/4 th=-0.2%	5	2	565.52	39	30.77	-67.25	685.16	31	38.71	-65.64	7.07	40.70
macd_hist_neg 5/18/4 th=-0.2%	5	3	84.09	39	38.46	-97.31	177.85	31	38.71	-82.70	-62.83	-67.38
macd_hist_neg 5/18/4 th=-0.2%	5	4	112.94	39	48.72	-94.83	100.47	31	41.94	-87.54	-56.21	-82.44
macd_hist_neg 5/18/4 th=-0.2%	5	5	60.43	39	51.28	-95.97	72.64	31	45.16	-93.89	-69.06	-87.64
macd_hist_neg 5/18/4 th=-0.2%	5	6	24.46	39	51.28	-97.14	78.46	31	48.39	-93.15	-81.27	-86.56
macd_hist_neg 5/18/4 th=-0.2%	5	8	4.03	39	51.28	-99.48	35.45	31	51.61	-96.90	-93.11	-94.32
macd_hist_neg 5/18/4 th=-0.2%	5	10	19.92	39	56.41	-99.27	12.89	31	54.84	-98.99	-83.29	-98.10
macd_hist_neg 5/18/4 th=-0.2%	5	15	43.89	39	56.41	-98.38	5.96	31	61.29	-99.79	-74.09	-99.18
macd_hist_neg 5/18/4 th=-0.2%	5	-	506.50	39	58.97	-85.95	0.00	17	47.06	-100.00	0.72	-100.00
macd_hist_neg 8/18/4 th=0.0%	1	2	614.31	203	32.02	-29.83	1745.90	115	41.74	-20.66	12.11	287.77
macd_hist_neg 8/18/4 th=0.0%	1	3	1347.73	203	45.81	-40.79	1140.62	115	44.35	-21.45	73.40	144.45
macd_hist_neg 8/18/4 th=0.0%	1	4	1362.29	203	51.23	-43.27	924.83	115	48.70	-24.54	74.43	94.75
macd_hist_neg 8/18/4 th=0.0%	1	5	1311.55	203	53.69	-46.70	1442.91	115	55.65	-30.56	70.80	215.39
macd_hist_neg 8/18/4 th=0.0%	1	6	1229.56	203	55.17	-48.42	1755.81	115	57.39	-36.15	64.78	290.16
macd_hist_neg 8/18/4 th=0.0%	1	8	1169.19	203	56.65	-51.16	1470.09	115	59.13	-36.60	60.24	221.84
macd_hist_neg 8/18/4 th=0.0%	1	10	2198.28	203	58.62	-41.87	1612.73	115	60.87	-35.07	127.50	255.82
macd_hist_neg 8/18/4 th=0.0%	1	15	1788.50	203	58.62	-47.84	2186.31	115	65.22	-45.55	102.89	394.83
macd_hist_neg 8/18/4 th=0.0%	1	-	1814.40	203	59.11	-46.28	1818.87	115	65.22	-49.02	104.51	305.36
macd_hist_neg 8/18/4 th=0.0%	2	2	559.73	203	32.02	-56.37	4506.08	115	41.74	-37.68	6.46	983.60
macd_hist_neg 8/18/4 th=0.0%	2	3	2237.79	203	45.81	-66.95	1857.71	115	44.35	-39.26	129.76	314.75
macd_hist_neg 8/18/4 th=0.0%	2	4	2162.39	203	51.23	-70.01	1162.98	115	48.70	-46.28	125.43	149.65
macd_hist_neg 8/18/4 th=0.0%	2	5	1873.97	203	53.69	-73.69	2740.86	115	55.65	-54.90	108.21	532.21
macd_hist_neg 8/18/4 th=0.0%	2	6	1577.60	203	55.17	-75.49	3704.08	115	57.39	-62.28	89.24	776.23
macd_hist_neg 8/18/4 th=0.0%	2	8	1322.98	203	56.65	-78.26	2297.09	115	59.13	-61.66	71.62	422.06
macd_hist_neg 8/18/4 th=0.0%	2	10	4591.78	203	58.62	-69.04	2656.64	115	60.87	-62.00	242.42	511.18
macd_hist_neg 8/18/4 th=0.0%	2	15	2780.45	203	58.62	-75.99	4454.04	115	65.22	-75.41	159.19	970.05
macd_hist_neg 8/18/4 th=0.0%	2	-	2546.75	203	59.11	-77.18	2540.67	115	65.22	-80.23	146.86	482.32
macd_hist_neg 8/18/4 th=0.0%	3	2	389.69	203	32.02	-75.78	8961.76	115	41.74	-51.55	-12.92	2182.94
macd_hist_neg 8/18/4 th=0.0%	3	3	2324.01	203	45.81	-83.15	2243.91	115	44.35	-53.85	134.64	408.97
macd_hist_neg 8/18/4 th=0.0%	3	4	2014.67	203	51.23	-85.71	1026.02	115	48.70	-63.92	116.75	117.95
macd_hist_neg 8/18/4 th=0.0%	3	5	1461.74	203	53.69	-88.39	3530.60	115	55.65	-72.64	81.39	731.84
macd_hist_neg 8/18/4 th=0.0%	3	6	1047.96	203	55.17	-89.64	4871.55	115	57.39	-79.45	50.80	1079.17
macd_hist_neg 8/18/4 th=0.0%	3	8	701.61	203	56.65	-91.52	1954.47	115	59.13	-81.78	20.69	338.22
macd_hist_neg 8/18/4 th=0.0%	3	10	4385.93	203	58.62	-85.51	2236.36	115	60.87	-80.26	233.81	407.12
macd_hist_neg 8/18/4 th=0.0%	3	15	1704.12	203	58.62	-90.86	3893.03	115	65.22	-91.44	97.52	824.77
macd_hist_neg 8/18/4 th=0.0%	3	-	991.94	203	59.11	-94.29	613.56	115	65.22	-98.51	46.27	24.84
macd_hist_neg 8/18/4 th=0.0%	4	2	211.80	203	32.02	-89.19	14123.32	115	41.74	-62.72	-37.92	3637.65
macd_hist_neg 8/18/4 th=0.0%	4	3	1443.24	203	45.81	-92.72	2058.40	115	44.35	-65.66	80.11	363.53
macd_hist_neg 8/18/4 th=0.0%	4	4	1042.82	203	51.23	-94.34	644.67	115	48.70	-78.57	50.39	31.71
macd_hist_neg 8/18/4 th=0.0%	4	5	584.23	203	53.69	-95.78	3120.93	115	55.65	-84.56	9.03	627.75
macd_hist_neg 8/18/4 th=0.0%	4	6	333.77	203	55.17	-96.42	4036.30	115	57.39	-89.76	-20.10	861.71
macd_hist_neg 8/18/4 th=0.0%	4	8	155.85	203	56.65	-97.35	889.63	115	59.13	-93.13	-47.64	86.73
macd_hist_neg 8/18/4 th=0.0%	4	10	1681.45	203	58.62	-94.55	907.55	115	60.87	-91.15	96.05	90.81
macd_hist_neg 8/18/4 th=0.0%	4	15	318.91	203	58.62	-98.94	1132.88	115	65.22	-98.74	-22.09	142.65
macd_hist_neg 8/18/4 th=0.0%	4	-	0.00	147	57.14	-100.00	0.00	74	63.51	-100.00	-100.00	-100.00
macd_hist_neg 8/18/4 th=0.0%	5	2	91.29	203	32.02	-95.98	17967.34	115	41.74	-71.62	-61.09	4751.87
macd_hist_neg 8/18/4 th=0.0%	5	3	403.71	203	45.81	-98.04	1453.58	115	44.35	-74.96	-11.20	217.92
macd_hist_neg 8/18/4 th=0.0%	5	4	222.94	203	51.23	-98.63	288.99	115	48.70	-89.01	-36.13	-44.80
macd_hist_neg 8/18/4 th=0.0%	5	5	87.89	203	53.69	-99.31	1887.20	115	55.65	-92.40	-61.90	321.89
macd_hist_neg 8/18/4 th=0.0%	5	6	36.76	203	55.17	-99.26	2081.80	115	57.39	-95.68	-76.52	369.24
macd_hist_neg 8/18/4 th=0.0%	5	8	9.91	203	56.65	-99.85	204.11	115	59.13	-98.00	-88.66	-62.13
macd_hist_neg 8/18/4 th=0.0%	5	10	169.73	203	58.62	-99.69	155.38	115	60.87	-97.81	-45.10	-71.82
macd_hist_neg 8/18/4 th=0.0%	5	15	8.64	203	58.62	-99.98	54.66	115	65.22	-99.96	-89.49	-90.92
macd_hist_neg 8/18/4 th=0.0%	5	-	0.00	145	57.24	-100.00	0.00	74	63.51	-100.00	-100.00	-100.00
macd_hist_neg 8/18/4 th=-0.1%	1	2	496.47	50	28.00	-21.87	729.41	40	42.50	-21.07	-0.39	50.57
macd_hist_neg 8/18/4 th=-0.1%	1	3	442.96	50	36.00	-40.58	563.87	40	42.50	-30.57	-6.50	13.92
macd_hist_neg 8/18/4 th=-0.1%	1	4	498.08	50	46.00	-34.71	473.59	40	45.00	-40.24	-0.21	-5.71
macd_hist_neg 8/18/4 th=-0.1%	1	5	426.21	50	48.00	-38.02	480.53	40	50.00	-45.01	-8.48	-4.21
macd_hist_neg 8/18/4 th=-0.1%	1	6	419.20	50	50.00	-40.08	512.86	40	52.50	-49.44	-9.32	2.79
macd_hist_neg 8/18/4 th=-0.1%	1	8	312.29	50	50.00	-47.28	539.62	40	55.00	-38.23	-22.99	8.62
macd_hist_neg 8/18/4 th=-0.1%	1	10	480.39	50	56.00	-40.06	494.75	40	57.50	-42.84	-2.20	-1.14
macd_hist_neg 8/18/4 th=-0.1%	1	15	481.57	50	56.00	-41.15	545.36	40	62.50	-49.27	-2.06	9.87
macd_hist_neg 8/18/4 th=-0.1%	1	-	557.14	50	58.00	-35.58	440.37	40	62.50	-50.42	6.19	-12.86
macd_hist_neg 8/18/4 th=-0.1%	2	2	457.23	50	28.00	-39.43	964.39	40	42.50	-38.06	-4.84	103.80
macd_hist_neg 8/18/4 th=-0.1%	2	3	331.01	50	36.00	-66.76	566.31	40	42.50	-52.52	-20.46	14.45
macd_hist_neg 8/18/4 th=-0.1%	2	4	411.78	50	46.00	-59.77	389.93	40	45.00	-65.41	-10.22	-23.62
macd_hist_neg 8/18/4 th=-0.1%	2	5	295.67	50	48.00	-63.93	393.34	40	50.00	-70.96	-25.30	-22.90
macd_hist_neg 8/18/4 th=-0.1%	2	6	280.29	50	50.00	-66.88	432.01	40	52.50	-75.72	-27.48	-14.65
macd_hist_neg 8/18/4 th=-0.1%	2	8	147.88	50	50.00	-75.61	442.87	40	55.00	-65.59	-49.15	-12.32
macd_hist_neg 8/18/4 th=-0.1%	2	10	341.30	50	56.00	-71.21	358.00	40	57.50	-69.37	-19.10	-30.38
macd_hist_neg 8/18/4 th=-0.1%	2	15	335.33	50	56.00	-71.65	401.68	40	62.50	-77.37	-19.89	-21.13
macd_hist_neg 8/18/4 th=-0.1%	2	-	436.74	50	58.00	-67.37	217.28	40	62.50	-84.15	-7.23	-59.48
macd_hist_neg 8/18/4 th=-0.1%	3	2	393.34	50	28.00	-53.42	1171.66	40	42.50	-51.69	-12.47	151.67
macd_hist_neg 8/18/4 th=-0.1%	3	3	205.19	50	36.00	-83.03	512.50	40	42.50	-68.08	-39.01	2.71
macd_hist_neg 8/18/4 th=-0.1%	3	4	277.44	50	46.00	-77.33	281.13	40	45.00	-80.71	-27.89	-46.42
macd_hist_neg 8/18/4 th=-0.1%	3	5	163.35	50	48.00	-80.93	275.83	40	50.00	-85.37	-46.26	-47.52
macd_hist_neg 8/18/4 th=-0.1%	3	6	145.71	50	50.00	-83.69	300.36	40	52.50	-89.02	-49.56	-42.44
macd_hist_neg 8/18/4 th=-0.1%	3	8	51.03	50	50.00	-92.28	277.95	40	55.00	-82.73	-71.83	-47.08
macd_hist_neg 8/18/4 th=-0.1%	3	10	171.96	50	56.00	-89.42	187.16	40	57.50	-85.20	-44.70	-65.53
macd_hist_neg 8/18/4 th=-0.1%	3	15	158.66	50	56.00	-90.24	185.93	40	62.50	-91.67	-47.12	-65.77
macd_hist_neg 8/18/4 th=-0.1%	3	-	209.75	50	58.00	-89.22	27.87	40	62.50	-98.50	-38.26	-95.62
macd_hist_neg 8/18/4 th=-0.1%	4	2	317.74	50	28.00	-64.47	1320.21	40	42.50	-62.56	-22.25	186.43
macd_hist_neg 8/18/4 th=-0.1%	4	3	98.73	50	36.00	-92.68	420.76	40	42.50	-78.94	-59.36	-17.06
macd_hist_neg 8/18/4 th=-0.1%	4	4	142.29	50	46.00	-89.18	177.64	40	45.00	-89.71	-50.22	-67.42
macd_hist_neg 8/18/4 th=-0.1%	4	5	66.85	50	48.00	-91.52	165.46	40	50.00	-93.03	-67.27	-69.84
macd_hist_neg 8/18/4 th=-0.1%	4	6	54.49	50	50.00	-93.40	171.49	40	52.50	-95.38	-70.78	-68.64
macd_hist_neg 8/18/4 th=-0.1%	4	8	11.64	50	50.00	-98.38	131.52	40	55.00	-92.28	-87.60	-76.48
macd_hist_neg 8/18/4 th=-0.1%	4	10	55.19	50	56.00	-97.56	67.70	40	57.50	-94.11	-70.57	-88.55
macd_hist_neg 8/18/4 th=-0.1%	4	15	43.75	50	56.00	-98.06	45.15	40	62.50	-97.77	-74.14	-92.62
macd_hist_neg 8/18/4 th=-0.1%	4	-	26.58	50	58.00	-99.07	0.00	24	62.50	-100.00	-80.38	-100.00
macd_hist_neg 8/18/4 th=-0.1%	5	2	241.97	50	28.00	-73.15	1388.33	40	42.50	-71.17	-33.16	202.48
macd_hist_neg 8/18/4 th=-0.1%	5	3	27.38	50	36.00	-98.03	314.40	40	42.50	-86.40	-80.06	-39.52
macd_hist_neg 8/18/4 th=-0.1%	5	4	41.14	50	46.00	-96.77	97.88	40	45.00	-94.79	-75.00	-82.93
macd_hist_neg 8/18/4 th=-0.1%	5	5	14.93	50	48.00	-98.07	84.19	40	50.00	-96.90	-85.76	-85.50
macd_hist_neg 8/18/4 th=-0.1%	5	6	10.73	50	50.00	-98.62	79.19	40	52.50	-98.22	-88.15	-86.43
macd_hist_neg 8/18/4 th=-0.1%	5	8	1.25	50	50.00	-99.84	45.31	40	55.00	-96.99	-96.41	-92.59
macd_hist_neg 8/18/4 th=-0.1%	5	10	7.84	50	56.00	-99.74	15.55	40	57.50	-98.67	-90.04	-97.67
macd_hist_neg 8/18/4 th=-0.1%	5	15	4.29	50	56.00	-99.86	3.58	40	62.50	-99.81	-92.88	-99.53
macd_hist_neg 8/18/4 th=-0.1%	5	-	0.00	39	48.72	-100.00	0.00	24	62.50	-100.00	-100.00	-100.00
macd_hist_neg 8/18/4 th=-0.2%	1	2	667.45	14	50.00	-8.61	549.67	15	26.67	-13.09	17.39	10.81
macd_hist_neg 8/18/4 th=-0.2%	1	3	721.72	14	64.29	-25.36	475.62	15	26.67	-20.87	22.60	-5.27
macd_hist_neg 8/18/4 th=-0.2%	1	4	729.96	14	71.43	-23.73	429.15	15	26.67	-24.83	23.37	-15.26
macd_hist_neg 8/18/4 th=-0.2%	1	5	707.56	14	71.43	-25.29	386.81	15	26.67	-28.64	21.26	-24.29
macd_hist_neg 8/18/4 th=-0.2%	1	6	685.63	14	71.43	-26.85	444.97	15	33.33	-32.29	19.16	-11.87
macd_hist_neg 8/18/4 th=-0.2%	1	8	643.13	14	71.43	-29.90	511.95	15	40.00	-22.52	15.00	2.59
macd_hist_neg 8/18/4 th=-0.2%	1	10	747.67	14	78.57	-26.04	493.31	15	46.67	-27.43	25.03	-1.45
macd_hist_neg 8/18/4 th=-0.2%	1	15	751.40	14	78.57	-25.67	478.39	15	53.33	-38.77	25.37	-4.68
macd_hist_neg 8/18/4 th=-0.2%	1	-	973.09	14	85.71	-9.69	380.51	15	53.33	-41.38	44.72	-25.62
macd_hist_neg 8/18/4 th=-0.2%	2	2	860.60	14	50.00	-16.65	576.90	15	26.67	-24.71	35.18	16.77
macd_hist_neg 8/18/4 th=-0.2%	2	3	928.17	14	64.29	-47.04	427.43	15	26.67	-38.06	40.97	-15.63
macd_hist_neg 8/18/4 th=-0.2%	2	4	948.10	14	71.43	-44.73	345.13	15	26.67	-44.34	42.64	-33.09
macd_hist_neg 8/18/4 th=-0.2%	2	5	887.95	14	71.43	-47.09	277.38	15	26.67	-50.11	37.55	-47.20
macd_hist_neg 8/18/4 th=-0.2%	2	6	830.39	14	71.43	-49.40	357.35	15	33.33	-55.38	32.52	-30.51
macd_hist_neg 8/18/4 th=-0.2%	2	8	722.85	14	71.43	-53.87	445.92	15	40.00	-41.38	22.70	-11.67
macd_hist_neg 8/18/4 th=-0.2%	2	10	969.85	14	78.57	-48.49	405.61	15	46.67	-49.32	44.45	-20.29
macd_hist_neg 8/18/4 th=-0.2%	2	15	980.74	14	78.57	-47.91	361.85	15	53.33	-65.95	45.35	-29.56
macd_hist_neg 8/18/4 th=-0.2%	2	-	1717.97	14	85.71	-19.37	188.72	15	53.33	-76.58	98.41	-65.22
macd_hist_neg 8/18/4 th=-0.2%	3	2	1076.45	14	50.00	-24.15	583.31	15	26.67	-35.01	53.06	18.18
macd_hist_neg 8/18/4 th=-0.2%	3	3	1044.43	14	64.29	-65.36	365.71	15	26.67	-52.11	50.51	-28.75
macd_hist_neg 8/18/4 th=-0.2%	3	4	1075.65	14	71.43	-63.11	261.81	15	26.67	-59.48	53.00	-50.40
macd_hist_neg 8/18/4 th=-0.2%	3	5	969.69	14	71.43	-65.58	185.28	15	26.67	-65.91	44.44	-65.90
macd_hist_neg 8/18/4 th=-0.2%	3	6	870.93	14	71.43	-67.96	260.58	15	33.33	-71.50	36.08	-50.65
macd_hist_neg 8/18/4 th=-0.2%	3	8	694.00	14	71.43	-72.46	334.43	15	40.00	-57.44	19.96	-35.33
macd_hist_neg 8/18/4 th=-0.2%	3	10	1067.35	14	78.57	-67.35	278.71	15	46.67	-66.29	52.34	-46.92
macd_hist_neg 8/18/4 th=-0.2%	3	15	1087.94	14	78.57	-66.72	208.07	15	53.33	-83.59	53.96	-61.33
macd_hist_neg 8/18/4 th=-0.2%	3	-	2777.40	14	85.71	-29.06	29.09	15	53.33	-97.02	159.04	-95.42
macd_hist_neg 8/18/4 th=-0.2%	4	2	1310.58	14	50.00	-31.13	571.65	15	26.67	-44.11	70.73	15.62
macd_hist_neg 8/18/4 th=-0.2%	4	3	961.76	14	64.29	-80.64	299.20	15	26.67	-63.47	43.78	-42.68
macd_hist_neg 8/18/4 th=-0.2%	4	4	996.69	14	71.43	-78.98	187.93	15	26.67	-71.05	46.66	-65.37
macd_hist_neg 8/18/4 th=-0.2%	4	5	861.07	14	71.43	-80.94	115.39	15	26.67	-78.68	35.22	-79.59
macd_hist_neg 8/18/4 th=-0.2%	4	6	738.35	14	71.43	-82.79	172.52	15	33.33	-82.45	24.16	-68.44
macd_hist_neg 8/18/4 th=-0.2%	4	8	529.02	14	71.43	-86.22	215.65	15	40.00	-72.60	3.18	-59.81
macd_hist_neg 8/18/4 th=-0.2%	4	10	925.68	14	78.57	-82.63	157.41	15	46.67	-78.98	40.76	-71.43
macd_hist_neg 8/18/4 th=-0.2%	4	15	953.55	14	78.57	-82.10	81.44	15	53.33	-93.76	43.10	-86.01
macd_hist_neg 8/18/4 th=-0.2%	4	-	4123.75	14	85.71	-38.75	0.00	5	20.00	-100.00	222.58	-100.00
macd_hist_neg 8/18/4 th=-0.2%	5	2	1557.19	14	50.00	-37.62	545.28	15	26.67	-52.13	87.87	9.85
macd_hist_neg 8/18/4 th=-0.2%	5	3	538.29	14	64.29	-93.18	234.57	15	26.67	-72.57	4.18	-55.97
macd_hist_neg 8/18/4 th=-0.2%	5	4	560.03	14	71.43	-92.46	127.73	15	26.67	-79.76	6.50	-77.22
macd_hist_neg 8/18/4 th=-0.2%	5	5	461.25	14	71.43	-93.37	66.86	15	26.67	-87.88	-4.38	-88.70
macd_hist_neg 8/18/4 th=-0.2%	5	6	374.82	14	71.43	-94.23	103.14	15	33.33	-89.64	-14.78	-81.93
macd_hist_neg 8/18/4 th=-0.2%	5	8	235.74	14	71.43	-95.76	117.94	15	40.00	-83.86	-34.12	-79.10
macd_hist_neg 8/18/4 th=-0.2%	5	10	464.56	14	78.57	-94.32	70.19	15	46.67	-88.58	-4.00	-88.09
macd_hist_neg 8/18/4 th=-0.2%	5	15	485.63	14	78.57	-94.06	16.06	15	53.33	-98.81	-1.61	-97.59
macd_hist_neg 8/18/4 th=-0.2%	5	-	5603.98	14	85.71	-48.44	0.00	5	20.00	-100.00	282.46	-100.00
macd_hist_neg 12/26/9 th=0.0%	1	2	274.06	223	27.35	-52.12	2309.30	110	44.55	-35.91	-28.38	425.07
macd_hist_neg 12/26/9 th=0.0%	1	3	543.47	223	38.57	-43.41	1700.21	110	48.18	-35.58	4.74	276.78
macd_hist_neg 12/26/9 th=0.0%	1	4	575.97	223	43.95	-45.55	1589.02	110	52.73	-31.93	8.17	250.15
macd_hist_neg 12/26/9 th=0.0%	1	5	611.61	223	46.64	-58.08	1738.23	110	56.36	-39.90	11.83	285.92
macd_hist_neg 12/26/9 th=0.0%	1	6	730.79	223	49.78	-61.28	1600.06	110	57.27	-31.63	23.45	252.79
macd_hist_neg 12/26/9 th=0.0%	1	8	795.45	223	51.12	-58.40	1381.23	110	59.09	-37.19	29.40	200.81
macd_hist_neg 12/26/9 th=0.0%	1	10	1465.40	223	52.91	-60.84	1803.21	110	61.82	-29.91	81.64	301.58
macd_hist_neg 12/26/9 th=0.0%	1	15	1467.04	223	53.36	-61.03	1747.98	110	64.55	-45.55	81.76	288.27
macd_hist_neg 12/26/9 th=0.0%	1	-	1566.00	223	53.81	-58.05	1564.55	110	64.55	-47.49	88.46	244.31
macd_hist_neg 12/26/9 th=0.0%	2	2	111.36	223	27.35	-82.31	7323.19	110	44.55	-59.71	-56.55	1734.22
macd_hist_neg 12/26/9 th=0.0%	2	3	351.72	223	38.57	-73.74	3853.03	110	48.18	-59.58	-17.74	814.48
macd_hist_neg 12/26/9 th=0.0%	2	4	371.23	223	43.95	-76.39	3256.63	110	52.73	-55.36	-15.24	662.11
macd_hist_neg 12/26/9 th=0.0%	2	5	389.10	223	46.64	-86.42	3763.22	110	56.36	-65.65	-12.99	791.40
macd_hist_neg 12/26/9 th=0.0%	2	6	530.27	223	49.78	-88.69	3010.57	110	57.27	-55.49	3.32	599.90
macd_hist_neg 12/26/9 th=0.0%	2	8	586.12	223	51.12	-87.26	1983.99	110	59.09	-64.26	9.22	345.40
macd_hist_neg 12/26/9 th=0.0%	2	10	1928.64	223	52.91	-87.86	3231.59	110	61.82	-56.58	111.56	655.76
macd_hist_neg 12/26/9 th=0.0%	2	15	1765.64	223	53.36	-89.58	2692.20	110	64.55	-76.79	101.44	520.05
macd_hist_neg 12/26/9 th=0.0%	2	-	1825.51	223	53.81	-89.00	1798.06	110	64.55	-83.55	105.21	300.34
macd_hist_neg 12/26/9 th=0.0%	3	2	34.44	223	27.35	-95.06	16717.12	110	44.55	-75.19	-77.35	4387.05
macd_hist_neg 12/26/9 th=0.0%	3	3	137.71	223	38.57	-90.23	6082.10	110	48.18	-75.37	-51.12	1399.84
macd_hist_neg 12/26/9 th=0.0%	3	4	134.86	223	43.95	-92.06	4484.58	110	52.73	-71.87	-51.68	978.00
macd_hist_neg 12/26/9 th=0.0%	3	5	128.88	223	46.64	-96.71	5268.53	110	56.36	-81.43	-52.88	1183.66
macd_hist_neg 12/26/9 th=0.0%	3	6	189.18	223	49.78	-97.60	3441.03	110	57.27	-73.34	-41.70	708.99
macd_hist_neg 12/26/9 th=0.0%	3	8	193.24	223	51.12	-97.26	1510.53	110	59.09	-81.76	-41.01	231.44
macd_hist_neg 12/26/9 th=0.0%	3	10	1087.97	223	52.91	-97.50	2871.42	110	61.82	-76.61	53.97	564.91
macd_hist_neg 12/26/9 th=0.0%	3	15	775.46	223	53.36	-98.31	1649.25	110	64.55	-94.02	27.58	264.56
macd_hist_neg 12/26/9 th=0.0%	3	-	565.00	223	53.81	-98.72	334.87	110	64.55	-98.64	7.02	-35.24
macd_hist_neg 12/26/9 th=0.0%	4	2	8.25	223	27.35	-98.92	28216.79	110	44.55	-85.07	-89.75	7813.44
macd_hist_neg 12/26/9 th=0.0%	4	3	31.16	223	38.57	-97.47	6844.06	110	48.18	-85.45	-78.58	1604.52
macd_hist_neg 12/26/9 th=0.0%	4	4	26.08	223	43.95	-98.08	4230.30	110	52.73	-83.04	-80.59	911.91
macd_hist_neg 12/26/9 th=0.0%	4	5	20.79	223	46.64	-99.45	4838.89	110	56.36	-90.55	-82.89	1070.61
macd_hist_neg 12/26/9 th=0.0%	4	6	30.59	223	49.78	-99.66	2401.54	110	57.27	-85.42	-78.79	447.84
macd_hist_neg 12/26/9 th=0.0%	4	8	25.32	223	51.12	-99.63	595.04	110	59.09	-92.25	-80.91	20.76
macd_hist_neg 12/26/9 th=0.0%	4	10	227.31	223	52.91	-99.69	1187.80	110	61.82	-89.35	-35.44	155.43
macd_hist_neg 12/26/9 th=0.0%	4	15	91.83	223	53.36	-99.87	301.23	110	64.55	-99.23	-60.96	-42.26
macd_hist_neg 12/26/9 th=0.0%	4	-	0.00	157	52.87	-100.00	0.00	74	64.86	-100.00	-100.00	-100.00
macd_hist_neg 12/26/9 th=0.0%	5	2	1.55	223	27.35	-99.81	35563.01	110	44.55	-91.25	-95.95	10069.04
macd_hist_neg 12/26/9 th=0.0%	5	3	3.06	223	38.57	-99.67	5520.12	110	48.18	-91.70	-94.09	1250.23
macd_hist_neg 12/26/9 th=0.0%	5	4	1.99	223	43.95	-99.83	2735.32	110	52.73	-90.25	-95.35	530.82
macd_hist_neg 12/26/9 th=0.0%	5	5	1.19	223	46.64	-99.95	2897.92	110	56.36	-95.52	-96.50	571.56
macd_hist_neg 12/26/9 th=0.0%	5	6	1.61	223	49.78	-99.98	1002.71	110	57.27	-92.75	-95.87	112.59
macd_hist_neg 12/26/9 th=0.0%	5	8	0.89	223	51.12	-99.98	113.09	110	59.09	-97.92	-97.02	-80.03
macd_hist_neg 12/26/9 th=0.0%	5	10	11.23	223	52.91	-99.99	198.36	110	61.82	-97.55	-87.84	-63.29
macd_hist_neg 12/26/9 th=0.0%	5	15	1.22	223	53.36	-100.00	7.58	110	64.55	-99.97	-96.46	-98.93
macd_hist_neg 12/26/9 th=0.0%	5	-	0.00	154	53.25	-100.00	0.00	74	64.86	-100.00	-100.00	-100.00
macd_hist_neg 12/26/9 th=-0.1%	1	2	652.89	93	32.26	-25.90	1327.33	60	46.67	-22.39	15.96	188.11
macd_hist_neg 12/26/9 th=-0.1%	1	3	608.31	93	41.94	-41.85	1098.43	60	50.00	-24.26	11.50	134.67
macd_hist_neg 12/26/9 th=-0.1%	1	4	552.95	93	46.24	-48.73	1079.02	60	55.00	-30.42	5.75	130.18
macd_hist_neg 12/26/9 th=-0.1%	1	5	503.75	93	48.39	-52.44	1120.24	60	58.33	-36.63	0.42	139.72
macd_hist_neg 12/26/9 th=-0.1%	1	6	502.47	93	50.54	-55.82	943.60	60	58.33	-42.34	0.27	99.04
macd_hist_neg 12/26/9 th=-0.1%	1	8	407.48	93	51.61	-60.76	930.88	60	60.00	-31.05	-10.74	96.13
macd_hist_neg 12/26/9 th=-0.1%	1	10	720.29	93	55.91	-55.02	1215.07	60	65.00	-30.33	22.46	161.79
macd_hist_neg 12/26/9 th=-0.1%	1	15	714.54	93	56.99	-57.56	1388.50	60	68.33	-44.46	21.92	202.53
macd_hist_neg 12/26/9 th=-0.1%	1	-	757.95	93	58.06	-54.60	1058.03	60	68.33	-48.38	25.98	125.33
macd_hist_neg 12/26/9 th=-0.1%	2	2	740.32	93	32.26	-46.35	2906.59	60	46.67	-40.55	24.34	573.74
macd_hist_neg 12/26/9 th=-0.1%	2	3	578.88	93	41.94	-68.40	1954.66	60	50.00	-43.99	8.47	338.26
macd_hist_neg 12/26/9 th=-0.1%	2	4	463.36	93	46.24	-76.13	1853.26	60	55.00	-53.06	-4.14	313.68
macd_hist_neg 12/26/9 th=-0.1%	2	5	371.96	93	48.39	-79.25	1956.26	60	58.33	-61.44	-15.14	338.65
macd_hist_neg 12/26/9 th=-0.1%	2	6	361.12	93	50.54	-82.27	1351.15	60	58.33	-68.46	-16.53	193.71
macd_hist_neg 12/26/9 th=-0.1%	2	8	225.11	93	51.61	-86.31	1204.57	60	60.00	-57.33	-35.79	159.34
macd_hist_neg 12/26/9 th=-0.1%	2	10	696.22	93	55.91	-81.95	1997.20	60	65.00	-54.29	20.17	348.61
macd_hist_neg 12/26/9 th=-0.1%	2	15	642.56	93	56.99	-84.62	2508.95	60	68.33	-73.10	14.94	474.44
macd_hist_neg 12/26/9 th=-0.1%	2	-	654.45	93	58.06	-84.01	1174.88	60	68.33	-78.69	16.12	152.42
macd_hist_neg 12/26/9 th=-0.1%	3	2	738.41	93	32.26	-62.85	5409.06	60	46.67	-55.21	24.16	1220.82
macd_hist_neg 12/26/9 th=-0.1%	3	3	425.61	93	41.94	-84.69	2896.96	60	50.00	-59.58	-8.55	571.32
macd_hist_neg 12/26/9 th=-0.1%	3	4	289.14	93	46.24	-90.24	2600.28	60	55.00	-69.33	-26.22	497.14
macd_hist_neg 12/26/9 th=-0.1%	3	5	196.99	93	48.39	-91.99	2728.07	60	58.33	-77.53	-40.37	529.01
macd_hist_neg 12/26/9 th=-0.1%	3	6	180.70	93	50.54	-93.78	1494.81	60	58.33	-83.72	-43.16	227.71
macd_hist_neg 12/26/9 th=-0.1%	3	8	80.80	93	51.61	-96.02	1100.51	60	60.00	-76.27	-63.64	135.15
macd_hist_neg 12/26/9 th=-0.1%	3	10	433.11	93	55.91	-93.84	2231.51	60	65.00	-72.69	-7.66	405.92
macd_hist_neg 12/26/9 th=-0.1%	3	15	332.97	93	56.99	-95.61	2838.92	60	68.33	-89.32	-20.20	556.76
macd_hist_neg 12/26/9 th=-0.1%	3	-	235.97	93	58.06	-96.76	319.40	60	68.33	-97.70	-34.09	-38.48
macd_hist_neg 12/26/9 th=-0.1%	4	2	654.27	93	32.26	-75.18	8727.91	60	46.67	-66.84	16.10	2118.45
macd_hist_neg 12/26/9 th=-0.1%	4	3	226.97	93	41.94	-93.83	3639.77	60	50.00	-71.56	-35.49	759.75
macd_hist_neg 12/26/9 th=-0.1%	4	4	125.29	93	46.24	-96.77	3027.23	60	55.00	-80.63	-53.62	604.10
macd_hist_neg 12/26/9 th=-0.1%	4	5	69.40	93	48.39	-97.48	3077.25	60	58.33	-87.51	-66.58	616.72
macd_hist_neg 12/26/9 th=-0.1%	4	6	57.98	93	50.54	-98.30	1283.64	60	58.33	-92.13	-69.76	177.84
macd_hist_neg 12/26/9 th=-0.1%	4	8	16.97	93	51.61	-99.15	703.68	60	60.00	-88.23	-84.71	44.83
macd_hist_neg 12/26/9 th=-0.1%	4	10	155.28	93	55.91	-98.39	1646.25	60	65.00	-86.34	-47.75	263.84
macd_hist_neg 12/26/9 th=-0.1%	4	15	80.35	93	56.99	-99.17	1762.15	60	68.33	-96.93	-63.75	291.68
macd_hist_neg 12/26/9 th=-0.1%	4	-	0.00	74	55.41	-100.00	0.00	39	71.79	-100.00	-100.00	-100.00
macd_hist_neg 12/26/9 th=-0.1%	5	2	518.89	93	32.26	-83.98	12376.84	60	46.67	-75.94	2.08	3139.41
macd_hist_neg 12/26/9 th=-0.1%	5	3	65.33	93	41.94	-98.48	3918.08	60	50.00	-80.52	-67.69	831.22
macd_hist_neg 12/26/9 th=-0.1%	5	4	27.80	93	46.24	-99.36	2947.69	60	55.00	-88.21	-79.89	584.07
macd_hist_neg 12/26/9 th=-0.1%	5	5	11.91	93	48.39	-99.53	2819.31	60	58.33	-93.41	-87.44	551.84
macd_hist_neg 12/26/9 th=-0.1%	5	6	8.65	93	50.54	-99.74	849.63	60	58.33	-96.47	-89.48	77.65
macd_hist_neg 12/26/9 th=-0.1%	5	8	1.46	93	51.61	-99.90	304.72	60	60.00	-94.88	-96.08	-41.53
macd_hist_neg 12/26/9 th=-0.1%	5	10	22.11	93	55.91	-99.77	746.35	60	65.00	-94.27	-82.29	54.37
macd_hist_neg 12/26/9 th=-0.1%	5	15	4.70	93	56.99	-99.94	412.40	60	68.33	-99.53	-92.50	-18.84
macd_hist_neg 12/26/9 th=-0.1%	5	-	0.00	71	56.34	-100.00	0.00	39	71.79	-100.00	-100.00	-100.00
macd_hist_neg 12/26/9 th=-0.2%	1	2	627.41	37	32.43	-22.64	860.47	25	52.00	-6.74	13.43	80.11
macd_hist_neg 12/26/9 th=-0.2%	1	3	712.62	37	48.65	-36.44	806.21	25	56.00	-9.35	21.74	67.83
macd_hist_neg 12/26/9 th=-0.2%	1	4	740.31	37	56.76	-41.13	778.70	25	60.00	-12.10	24.34	61.63
macd_hist_neg 12/26/9 th=-0.2%	1	5	660.37	37	56.76	-44.69	736.92	25	60.00	-14.80	16.70	52.26
macd_hist_neg 12/26/9 th=-0.2%	1	6	677.48	37	59.46	-46.98	696.69	25	60.00	-17.44	18.37	43.27
macd_hist_neg 12/26/9 th=-0.2%	1	8	616.49	37	59.46	-49.79	813.11	25	64.00	-19.10	12.33	69.39
macd_hist_neg 12/26/9 th=-0.2%	1	10	1054.80	37	67.57	-31.03	913.32	25	72.00	-17.38	51.34	92.13
macd_hist_neg 12/26/9 th=-0.2%	1	15	996.70	37	67.57	-34.83	1076.88	25	76.00	-15.08	46.66	129.68
macd_hist_neg 12/26/9 th=-0.2%	1	-	1139.39	37	70.27	-25.50	882.86	25	76.00	-30.38	57.96	85.19
macd_hist_neg 12/26/9 th=-0.2%	2	2	733.93	37	32.43	-40.85	1367.49	25	52.00	-13.17	23.74	197.57
macd_hist_neg 12/26/9 th=-0.2%	2	3	867.98	37	48.65	-61.88	1193.18	25	56.00	-18.10	35.82	156.68
macd_hist_neg 12/26/9 th=-0.2%	2	4	922.13	37	56.76	-67.71	1103.87	25	60.00	-23.19	40.46	135.93
macd_hist_neg 12/26/9 th=-0.2%	2	5	725.10	37	56.76	-71.68	980.91	25	60.00	-28.07	22.92	107.58
macd_hist_neg 12/26/9 th=-0.2%	2	6	754.74	37	59.46	-74.12	866.23	25	60.00	-32.73	25.68	81.41
macd_hist_neg 12/26/9 th=-0.2%	2	8	613.88	37	59.46	-77.05	1115.06	25	64.00	-36.20	12.06	138.52
macd_hist_neg 12/26/9 th=-0.2%	2	10	1804.75	37	67.57	-55.33	1401.91	25	72.00	-33.13	103.91	205.69
macd_hist_neg 12/26/9 th=-0.2%	2	15	1580.65	37	67.57	-60.88	1969.88	25	76.00	-30.17	89.44	341.96
macd_hist_neg 12/26/9 th=-0.2%	2	-	1979.14	37	70.27	-51.02	1106.72	25	76.00	-60.77	114.62	136.59
macd_hist_neg 12/26/9 th=-0.2%	3	2	806.75	37	32.43	-55.30	2035.30	25	52.00	-19.29	30.42	357.89
macd_hist_neg 12/26/9 th=-0.2%	3	3	889.53	37	48.65	-79.25	1642.87	25	56.00	-26.27	37.68	263.03
macd_hist_neg 12/26/9 th=-0.2%	3	4	948.57	37	56.76	-84.05	1442.42	25	60.00	-33.30	42.68	215.28
macd_hist_neg 12/26/9 th=-0.2%	3	5	648.51	37	56.76	-87.04	1192.49	25	60.00	-39.88	15.53	156.52
macd_hist_neg 12/26/9 th=-0.2%	3	6	676.18	37	59.46	-88.79	968.84	25	60.00	-46.00	18.24	104.82
macd_hist_neg 12/26/9 th=-0.2%	3	8	480.30	37	59.46	-90.82	1308.66	25	64.00	-51.19	-2.21	183.72
macd_hist_neg 12/26/9 th=-0.2%	3	10	2461.20	37	67.57	-73.75	1827.95	25	72.00	-47.25	142.23	307.56
macd_hist_neg 12/26/9 th=-0.2%	3	15	1936.04	37	67.57	-79.35	3084.10	25	76.00	-45.25	112.01	618.45
macd_hist_neg 12/26/9 th=-0.2%	3	-	2245.39	37	70.27	-76.05	498.45	25	76.00	-91.15	130.20	-0.34
macd_hist_neg 12/26/9 th=-0.2%	4	2	838.35	37	32.43	-66.62	2864.91	25	52.00	-25.13	33.23	563.28
macd_hist_neg 12/26/9 th=-0.2%	4	3	718.68	37	48.65	-90.56	2123.98	25	56.00	-33.87	22.31	379.56
macd_hist_neg 12/26/9 th=-0.2%	4	4	751.98	37	56.76	-93.45	1751.58	25	60.00	-42.49	25.42	289.14
macd_hist_neg 12/26/9 th=-0.2%	4	5	439.80	37	56.76	-95.11	1332.50	25	60.00	-50.32	-6.87	189.32
macd_hist_neg 12/26/9 th=-0.2%	4	6	452.47	37	59.46	-96.03	976.89	25	60.00	-57.40	-5.39	106.66
macd_hist_neg 12/26/9 th=-0.2%	4	8	272.14	37	59.46	-97.06	1316.76	25	64.00	-64.00	-28.66	185.62
macd_hist_neg 12/26/9 th=-0.2%	4	10	2491.60	37	67.57	-87.09	2013.91	25	72.00	-59.73	143.88	352.68
macd_hist_neg 12/26/9 th=-0.2%	4	15	1661.91	37	67.57	-91.39	4059.99	25	76.00	-60.34	94.79	867.83
macd_hist_neg 12/26/9 th=-0.2%	4	-	0.00	28	67.86	-100.00	0.00	16	68.75	-100.00	-100.00	-100.00
macd_hist_neg 12/26/9 th=-0.2%	5	2	827.43	37	32.43	-75.36	3841.39	25	52.00	-30.67	32.26	811.49
macd_hist_neg 12/26/9 th=-0.2%	5	3	340.40	37	48.65	-97.34	2595.16	25	56.00	-40.94	-19.22	495.86
macd_hist_neg 12/26/9 th=-0.2%	5	4	339.65	37	56.76	-98.36	1987.00	25	60.00	-50.78	-19.32	346.13
macd_hist_neg 12/26/9 th=-0.2%	5	5	166.70	37	56.76	-98.89	1372.66	25	60.00	-59.47	-45.65	198.79
macd_hist_neg 12/26/9 th=-0.2%	5	6	166.14	37	59.46	-99.16	885.41	25	60.00	-67.07	-45.75	85.77
macd_hist_neg 12/26/9 th=-0.2%	5	8	81.12	37	59.46	-99.45	1125.03	25	64.00	-74.63	-63.56	140.83
macd_hist_neg 12/26/9 th=-0.2%	5	10	1376.13	37	67.57	-96.11	1831.96	25	72.00	-70.57	75.42	308.53
macd_hist_neg 12/26/9 th=-0.2%	5	15	685.64	37	67.57	-98.06	4187.77	25	76.00	-75.42	19.16	900.89
macd_hist_neg 12/26/9 th=-0.2%	5	-	0.00	28	67.86	-100.00	0.00	16	68.75	-100.00	-100.00	-100.00
macd_hist_pos 12/26/9	1	2	145.88	230	26.96	-76.13	293.92	122	27.05	-62.72	-49.53	-43.78
macd_hist_pos 12/26/9	1	3	176.37	230	36.96	-77.60	246.32	122	33.61	-68.33	-43.92	-53.58
macd_hist_pos 12/26/9	1	4	145.31	230	41.30	-86.39	288.64	122	39.34	-69.33	-49.64	-44.87
macd_hist_pos 12/26/9	1	5	123.66	230	44.35	-88.17	309.09	122	44.26	-70.17	-53.95	-40.63
macd_hist_pos 12/26/9	1	6	105.92	230	46.09	-87.93	433.55	122	46.72	-65.74	-57.75	-14.32
macd_hist_pos 12/26/9	1	8	97.20	230	47.39	-88.74	330.15	122	50.00	-72.39	-59.71	-36.23
macd_hist_pos 12/26/9	1	10	137.09	230	47.83	-85.83	275.10	122	50.82	-71.69	-51.24	-47.67
macd_hist_pos 12/26/9	1	15	119.54	230	47.83	-88.48	233.53	122	54.10	-73.69	-54.81	-56.18
macd_hist_pos 12/26/9	1	-	73.57	230	47.83	-92.85	355.72	122	54.10	-69.36	-65.48	-30.86
macd_hist_pos 12/26/9	2	2	29.74	230	26.96	-95.67	127.64	122	27.05	-88.85	-79.12	-77.23
macd_hist_pos 12/26/9	2	3	39.18	230	36.96	-96.27	83.42	122	33.61	-91.17	-75.67	-85.64
macd_hist_pos 12/26/9	2	4	24.23	230	41.30	-98.70	105.19	122	39.34	-91.90	-81.37	-81.54
macd_hist_pos 12/26/9	2	5	16.46	230	44.35	-99.06	116.00	122	44.26	-92.49	-84.97	-79.47
macd_hist_pos 12/26/9	2	6	11.36	230	46.09	-99.08	209.52	122	46.72	-90.03	-87.77	-61.04
macd_hist_pos 12/26/9	2	8	8.68	230	47.39	-99.26	110.13	122	50.00	-93.79	-89.46	-80.60
macd_hist_pos 12/26/9	2	10	13.98	230	47.83	-98.87	70.22	122	50.82	-93.60	-86.27	-88.09
macd_hist_pos 12/26/9	2	15	9.59	230	47.83	-99.33	39.09	122	54.10	-95.75	-88.86	-93.69
macd_hist_pos 12/26/9	2	-	2.47	230	47.83	-99.82	100.29	122	54.10	-93.38	-94.75	-82.47
macd_hist_pos 12/26/9	3	2	4.23	230	26.96	-99.41	40.85	122	27.05	-97.36	-92.93	-93.38
macd_hist_pos 12/26/9	3	3	5.47	230	36.96	-99.54	19.31	122	33.61	-98.03	-91.85	-97.06
macd_hist_pos 12/26/9	3	4	2.30	230	41.30	-99.91	24.07	122	39.34	-98.22	-94.96	-96.27
macd_hist_pos 12/26/9	3	5	1.16	230	44.35	-99.95	26.15	122	44.26	-98.45	-96.56	-95.92
macd_hist_pos 12/26/9	3	6	0.59	230	46.09	-99.96	56.28	122	46.72	-97.61	-97.62	-90.63
macd_hist_pos 12/26/9	3	8	0.33	230	47.39	-99.98	17.98	122	50.00	-98.92	-98.28	-97.28
macd_hist_pos 12/26/9	3	10	0.51	230	47.83	-99.96	7.74	122	50.82	-99.35	-97.82	-98.91
macd_hist_pos 12/26/9	3	15	0.23	230	47.83	-99.99	1.82	122	54.10	-99.85	-98.61	-99.77
macd_hist_pos 12/26/9	3	-	0.01	230	47.83	-100.00	8.74	122	54.10	-99.26	-99.80	-98.76
macd_hist_pos 12/26/9	4	2	0.41	230	26.96	-99.94	9.37	122	27.05	-99.52	-98.07	-98.66
macd_hist_pos 12/26/9	4	3	0.46	230	36.96	-99.96	2.95	122	33.61	-99.72	-97.92	-99.62
macd_hist_pos 12/26/9	4	4	0.12	230	41.30	-100.00	3.32	122	39.34	-99.73	-99.02	-99.56
macd_hist_pos 12/26/9	4	5	0.04	230	44.35	-100.00	3.38	122	44.26	-99.75	-99.46	-99.56
macd_hist_pos 12/26/9	4	6	0.01	230	46.09	-100.00	8.01	122	46.72	-99.56	-99.70	-98.87
macd_hist_pos 12/26/9	4	8	0.00	230	47.39	-100.00	1.31	122	50.00	-99.89	-99.84	-99.84
macd_hist_pos 12/26/9	4	10	0.01	230	47.83	-100.00	0.32	122	50.82	-99.98	-99.82	-99.97
macd_hist_pos 12/26/9	4	15	0.00	230	47.83	-100.00	0.01	122	54.10	-100.00	-99.93	-100.00
macd_hist_pos 12/26/9	4	-	0.00	161	45.34	-100.00	0.09	122	54.10	-99.99	-100.00	-99.99
macd_hist_pos 12/26/9	5	2	0.02	230	26.96	-100.00	1.42	122	27.05	-99.94	-99.60	-99.83
macd_hist_pos 12/26/9	5	3	0.02	230	36.96	-100.00	0.27	122	33.61	-99.98	-99.62	-99.97
macd_hist_pos 12/26/9	5	4	0.00	230	41.30	-100.00	0.25	122	39.34	-99.98	-99.87	-99.97
macd_hist_pos 12/26/9	5	5	0.00	230	44.35	-100.00	0.22	122	44.26	-99.98	-99.95	-99.98
macd_hist_pos 12/26/9	5	6	0.00	230	46.09	-100.00	0.54	122	46.72	-99.95	-99.98	-99.94
macd_hist_pos 12/26/9	5	8	0.00	230	47.39	-100.00	0.04	122	50.00	-100.00	-99.99	-100.00
macd_hist_pos 12/26/9	5	10	0.00	230	47.83	-100.00	0.00	122	50.82	-100.00	-99.99	-100.00
macd_hist_pos 12/26/9	5	15	0.00	230	47.83	-100.00	0.00	122	54.10	-100.00	-100.00	-100.00
macd_hist_pos 12/26/9	5	-	0.00	67	46.27	-100.00	0.00	86	55.81	-100.00	-100.00	-100.00
macd_hist_pos 13/30/9	1	2	158.76	225	27.11	-75.57	307.40	118	27.12	-59.72	-47.10	-40.98
macd_hist_pos 13/30/9	1	3	189.06	225	37.33	-79.86	262.91	118	33.90	-66.54	-41.72	-50.18
macd_hist_pos 13/30/9	1	4	174.35	225	42.22	-86.97	314.48	118	39.83	-69.33	-44.28	-39.50
macd_hist_pos 13/30/9	1	5	178.00	225	45.78	-86.29	318.32	118	44.07	-70.17	-43.63	-38.70
macd_hist_pos 13/30/9	1	6	164.05	225	48.00	-85.30	433.18	118	46.61	-65.74	-46.13	-14.40
macd_hist_pos 13/30/9	1	8	167.49	225	49.33	-85.69	336.98	118	50.00	-72.39	-45.51	-34.80
macd_hist_pos 13/30/9	1	10	150.21	225	49.33	-87.00	286.97	118	50.85	-71.69	-48.70	-45.22
macd_hist_pos 13/30/9	1	15	128.42	225	49.33	-88.79	257.81	118	54.24	-73.69	-52.98	-51.22
macd_hist_pos 13/30/9	1	-	79.04	225	49.33	-92.76	368.51	118	54.24	-69.36	-64.08	-28.16
macd_hist_pos 13/30/9	2	2	35.47	225	27.11	-95.46	140.61	118	27.12	-86.93	-76.98	-74.72
macd_hist_pos 13/30/9	2	3	45.70	225	37.33	-96.96	95.82	118	33.90	-90.10	-73.50	-83.31
macd_hist_pos 13/30/9	2	4	35.49	225	42.22	-98.79	126.12	118	39.83	-91.90	-76.97	-77.53
macd_hist_pos 13/30/9	2	5	34.36	225	45.78	-98.75	124.23	118	44.07	-92.49	-77.38	-77.89
macd_hist_pos 13/30/9	2	6	27.62	225	48.00	-98.61	210.83	118	46.61	-90.03	-79.96	-60.78
macd_hist_pos 13/30/9	2	8	26.60	225	49.33	-98.77	116.06	118	50.00	-93.79	-80.38	-79.46
macd_hist_pos 13/30/9	2	10	20.00	225	49.33	-99.04	77.68	118	50.85	-93.60	-83.25	-86.71
macd_hist_pos 13/30/9	2	15	13.16	225	49.33	-99.35	49.37	118	54.24	-95.17	-86.72	-91.87
macd_hist_pos 13/30/9	2	-	3.39	225	49.33	-99.81	109.22	118	54.24	-93.38	-93.74	-80.77
macd_hist_pos 13/30/9	3	2	5.57	225	27.11	-99.36	47.75	118	27.12	-96.63	-91.77	-92.16
macd_hist_pos 13/30/9	3	3	7.05	225	37.33	-99.66	24.08	118	33.90	-97.48	-90.61	-96.26
macd_hist_pos 13/30/9	3	4	4.19	225	42.22	-99.92	32.09	118	39.83	-98.22	-92.97	-94.90
macd_hist_pos 13/30/9	3	5	3.54	225	45.78	-99.93	29.42	118	44.07	-98.45	-93.59	-95.36
macd_hist_pos 13/30/9	3	6	2.32	225	48.00	-99.92	57.52	118	46.61	-97.61	-94.94	-90.40
macd_hist_pos 13/30/9	3	8	1.89	225	49.33	-99.94	19.82	118	50.00	-98.92	-95.48	-96.98
macd_hist_pos 13/30/9	3	10	1.07	225	49.33	-99.96	9.27	118	50.85	-99.22	-96.69	-98.67
macd_hist_pos 13/30/9	3	15	0.45	225	49.33	-99.98	2.77	118	54.24	-99.77	-97.96	-99.64
macd_hist_pos 13/30/9	3	-	0.01	225	49.33	-100.00	10.18	118	54.24	-99.17	-99.71	-98.53
macd_hist_pos 13/30/9	4	2	0.60	225	27.11	-99.93	11.71	118	27.12	-99.33	-97.62	-98.29
macd_hist_pos 13/30/9	4	3	0.67	225	37.33	-99.97	4.03	118	33.90	-99.60	-97.45	-99.46
macd_hist_pos 13/30/9	4	4	0.28	225	42.22	-100.00	4.98	118	39.83	-99.69	-98.45	-99.32
macd_hist_pos 13/30/9	4	5	0.18	225	45.78	-100.00	4.03	118	44.07	-99.75	-98.76	-99.46
macd_hist_pos 13/30/9	4	6	0.09	225	48.00	-100.00	8.39	118	46.61	-99.56	-99.16	-98.81
macd_hist_pos 13/30/9	4	8	0.05	225	49.33	-100.00	1.54	118	50.00	-99.87	-99.37	-99.81
macd_hist_pos 13/30/9	4	10	0.02	225	49.33	-100.00	0.42	118	50.85	-99.97	-99.64	-99.95
macd_hist_pos 13/30/9	4	15	0.00	225	49.33	-100.00	0.03	118	54.24	-100.00	-99.86	-100.00
macd_hist_pos 13/30/9	4	-	0.00	160	47.50	-100.00	0.11	118	54.24	-99.99	-100.00	-99.99
macd_hist_pos 13/30/9	5	2	0.04	225	27.11	-100.00	1.91	118	27.12	-99.91	-99.47	-99.76
macd_hist_pos 13/30/9	5	3	0.04	225	37.33	-100.00	0.41	118	33.90	-99.96	-99.50	-99.96
macd_hist_pos 13/30/9	5	4	0.01	225	42.22	-100.00	0.42	118	39.83	-99.97	-99.77	-99.95
macd_hist_pos 13/30/9	5	5	0.00	225	45.78	-100.00	0.29	118	44.07	-99.98	-99.85	-99.97
macd_hist_pos 13/30/9	5	6	0.00	225	48.00	-100.00	0.58	118	46.61	-99.95	-99.92	-99.93
macd_hist_pos 13/30/9	5	8	0.00	225	49.33	-100.00	0.05	118	50.00	-100.00	-99.95	-100.00
macd_hist_pos 13/30/9	5	10	0.00	225	49.33	-100.00	0.01	118	50.85	-100.00	-99.98	-100.00
macd_hist_pos 13/30/9	5	15	0.00	225	49.33	-100.00	0.00	118	54.24	-100.00	-100.00	-100.00
macd_hist_pos 13/30/9	5	-	0.00	65	49.23	-100.00	0.00	82	56.10	-100.00	-100.00	-100.00
