signal	filter	side	exit	lev	sl	train_n	train_final	train_dd	test_n	test_final	test_dd	all_final	all_dd	train_cagr	test_cagr	all_cagr	min_cagr
macd12/26/9<-0.2%	down3d	long	15:55	5	0	26	37410.678	-0.449	15	5110.505	-0.502	382374.919	-0.502	997.122	1132.766	1038.609	997.122
roc10<-2%	down3d	long	12:00	5	10	26	21252.728	-0.507	19	4299.724	-0.733	182761.720	-0.733	701.559	922.843	768.803	701.559
macd12/26/9<-0.2%	down3d	long	15:55	4	0	26	19722.567	-0.359	15	3825.420	-0.412	150894.213	-0.412	668.992	801.478	709.910	668.992
bb78<-1.5sd	down5d	long	15:55	5	15	29	25870.700	-0.514	16	3162.752	-0.759	163645.216	-0.759	793.998	633.974	734.341	633.974
bb78<-1.5sd	down5d	long	15:55	5	0	29	25870.700	-0.514	16	3119.591	-0.762	161411.997	-0.762	793.998	623.156	730.151	623.156
bb78<-1.5sd	down5d	long	15:55	4	0	29	16222.101	-0.426	16	3175.185	-0.612	103016.337	-0.612	589.952	637.092	604.220	589.952
bb78<-1.5sd	down5d	long	15:55	4	15	29	16222.101	-0.426	16	3196.811	-0.609	103717.987	-0.609	589.952	642.519	605.973	589.952
roc10<-2%	down3d	long	15:55	5	10	26	15267.361	-0.507	19	8681.615	-0.706	265090.693	-0.706	567.108	2085.602	895.612	567.108
bb78<-1.5sd	down3d	long	15:55	5	0	31	13028.826	-0.721	19	5782.272	-0.762	150672.440	-0.762	510.904	1308.768	709.474	510.904
bb78<-1.5sd	down3d	long	15:55	5	15	31	13028.826	-0.721	19	5862.273	-0.759	152757.071	-0.759	510.904	1329.842	713.559	510.904
roc10<-2%	down3d	long	12:00	4	10	26	12325.108	-0.405	19	3822.889	-0.624	94235.037	-0.624	492.362	800.833	581.605	492.362
rsi5<30	down3d	long	09:30	5	0	54	12056.944	-0.764	32	2607.456	-0.754	62875.901	-0.764	485.173	495.761	487.699	485.173
roc20<-2%	down3d	long	09:30	5	15	27	11683.935	-0.504	28	6666.222	-0.819	155775.421	-0.819	475.054	1542.863	719.411	475.054
roc20<-2%	down3d	long	09:30	5	10	27	11683.935	-0.504	28	13340.644	-0.638	311742.435	-0.638	475.054	3376.878	956.530	475.054
roc20<-2%	down3d	long	09:30	5	0	27	11683.935	-0.504	28	6666.222	-0.819	155775.421	-0.819	475.054	1542.863	719.411	475.054
roc10<-2%	down3d	long	09:30	5	10	26	10464.122	-0.582	19	2457.365	-0.518	51428.344	-0.582	440.913	458.791	445.983	440.913
roc10<-2%	down3d	long	15:55	4	10	26	10149.692	-0.405	19	7136.288	-0.597	144862.261	-0.597	431.829	1668.397	697.895	431.829
roc10<-2%	down3d	long	10:30	5	10	26	10805.547	-0.508	19	2334.961	-0.731	50461.065	-0.731	450.639	428.774	442.199	428.774
roc20<-2%	down3d	long	15:55	5	0	27	10033.253	-0.635	28	10368.557	-0.840	208060.697	-0.840	428.434	2547.929	811.064	428.434
kelt40<-2.0	down3d	long	15:55	5	10	40	9911.617	-0.732	26	4019.997	-0.725	79689.332	-0.732	424.868	851.127	541.000	424.868
bb78<-1.5sd	down3d	long	15:55	4	15	31	9847.072	-0.602	19	5436.120	-0.609	107059.723	-0.609	422.968	1217.857	614.223	422.968
bb78<-1.5sd	down3d	long	15:55	4	0	31	9847.072	-0.602	19	5399.344	-0.612	106335.467	-0.612	422.968	1208.226	612.449	422.968
kelt40<-2.0	down3d	long	15:55	4	10	40	9421.476	-0.619	26	3790.925	-0.617	71432.219	-0.619	410.298	792.697	515.821	410.298
macd12/26/9<-0.2%	down3d	long	15:55	3	0	26	9370.751	-0.269	15	2648.037	-0.317	49628.186	-0.317	408.771	505.787	438.903	408.771
roc20<-2%	down3d	long	15:55	5	10	27	9185.587	-0.561	28	2552.209	-0.792	46887.080	-0.792	403.166	482.132	427.802	403.166
rsi5<35	<sma10d	long	09:30	5	0	51	9094.916	-0.714	33	2543.187	-0.754	46260.136	-0.754	400.403	479.909	425.205	400.403
bb40<-1.0sd	>sma50d	long	15:55	5	15	50	11065.760	-0.476	42	2216.089	-0.893	49045.412	-0.893	457.961	399.745	436.576	399.745
bb78<-1.5sd	down5d	long	15:55	3	15	29	8939.191	-0.331	16	2557.486	-0.459	45723.709	-0.459	395.629	483.433	422.966	395.629
bb78<-1.5sd	down5d	long	15:55	3	0	29	8939.191	-0.331	16	2548.085	-0.461	45555.643	-0.461	395.629	481.116	422.261	395.629
rsi5<35	down3d	long	09:30	5	0	62	8798.019	-0.764	38	4597.134	-0.754	80891.340	-0.764	391.268	999.505	544.526	391.268
bb40<-1.0sd	down3d	long	15:55	3	0	59	8246.845	-0.732	44	2655.566	-0.567	43800.082	-0.732	373.939	507.649	414.796	373.939
rsi5<30	down3d	long	09:30	4	0	54	8125.298	-0.654	32	2777.039	-0.603	45128.543	-0.654	370.049	537.740	420.462	370.049
roc20<-2%	down3d	long	15:55	4	0	27	8107.439	-0.503	28	9919.564	-0.714	160844.519	-0.714	369.475	2424.239	729.081	369.475
rsi3<15	down5d	long	09:30	5	0	34	7868.143	-0.730	23	2414.001	-0.754	37987.415	-0.754	361.732	448.143	388.632	361.732
macd12/26/9<-0.2%	down3d	long	10:30	5	0	26	14130.290	-0.355	15	2054.124	-0.562	58050.736	-0.562	539.054	360.395	470.757	360.395
roc10<-2%	down3d	long	15:55	5	15	26	7606.731	-0.754	19	9047.564	-0.754	137644.759	-0.754	353.152	2185.325	683.095	353.152
roc20<-2%	down3d	long	15:55	4	10	27	7555.251	-0.440	28	3385.614	-0.666	51158.325	-0.666	351.448	690.018	444.932	351.448
roc10<-2%	none	long	09:30	5	10	34	8191.759	-0.607	30	2012.631	-0.583	32973.982	-0.607	372.179	350.353	363.941	350.353
roc20<-2%	down3d	long	09:30	4	15	27	7291.102	-0.400	28	5696.762	-0.688	83071.343	-0.688	342.617	1286.268	550.835	342.617
roc20<-2%	down3d	long	09:30	4	10	27	7291.102	-0.400	28	8528.414	-0.532	124363.062	-0.532	342.617	2043.954	654.519	342.617
roc20<-2%	down3d	long	09:30	4	0	27	7291.102	-0.400	28	5696.762	-0.688	83071.343	-0.688	342.617	1286.268	550.835	342.617
roc10<-2%	down3d	long	12:00	4	15	26	8220.932	-0.603	19	1972.787	-0.709	32436.300	-0.709	373.112	340.727	361.155	340.727
rsi3<20	down3d	long	09:30	5	0	42	7162.685	-0.624	30	2102.772	-0.754	30122.979	-0.754	338.272	372.189	348.823	338.272
roc10<-2%	down3d	long	10:30	4	10	26	7118.921	-0.405	19	2245.829	-0.619	31975.755	-0.619	336.784	406.996	358.745	336.784
bb40<-1.0sd	>sma50d	long	15:55	4	15	50	7075.417	-0.392	42	4659.527	-0.746	65936.194	-0.746	335.300	1015.639	498.021	335.300
roc10<-2%	none	long	12:00	4	10	34	7031.016	-0.554	30	1943.150	-0.646	27324.631	-0.646	333.782	333.576	333.074	333.576
kelt40<-2.0	down3d	long	15:55	3	10	40	6861.259	-0.493	26	2976.657	-0.491	40847.229	-0.493	327.937	587.418	401.799	327.937
bb20<-1.5sd	>sma50d	long	12:00	5	10	44	6791.955	-0.479	25	3354.312	-0.745	45564.667	-0.745	325.532	682.128	422.299	325.532
roc10<-2%	down3d	long	15:55	4	15	26	6769.915	-0.603	19	8033.306	-0.603	108769.596	-0.603	324.765	1909.775	618.381	324.765
rsi5<35	<sma20d	long	09:30	5	0	50	8265.985	-0.652	36	1904.371	-0.770	31483.010	-0.770	374.549	324.234	356.143	324.234
bb78<-1.5sd	down3d	long	15:55	5	10	31	6736.324	-0.710	19	3116.934	-0.762	41993.354	-0.762	323.594	622.490	406.912	323.594
roc10<-2%	down3d	long	09:30	4	10	26	6730.842	-0.463	19	2091.784	-0.430	28158.936	-0.463	323.402	369.523	337.872	323.402
rsi5<25	down3d	long	09:30	5	0	47	6643.230	-0.764	27	2345.552	-0.754	31164.082	-0.764	320.334	431.366	354.445	320.334
bb40<-1.0sd	down5d	long	15:55	3	0	49	6628.799	-0.720	37	3306.962	-0.729	43842.376	-0.729	319.827	670.204	414.978	319.827
roc20<-2%	down5d	long	15:55	5	0	27	6626.326	-0.678	21	10446.379	-0.762	138442.222	-0.762	319.740	2569.412	684.754	319.740
bb40<-1.0sd	>sma50d	long	12:00	5	10	50	6540.895	-0.558	42	4323.244	-0.758	56555.776	-0.758	316.727	928.890	465.328	316.727
bb40<-1.0sd	none	long	15:55	3	0	106	6524.832	-0.765	78	2364.122	-0.912	30850.993	-0.912	316.159	435.914	352.767	316.159
roc10<-2%	down3d	long	12:00	3	10	26	6466.094	-0.304	19	2901.278	-0.496	37519.878	-0.496	314.075	568.626	386.420	314.075
macd12/26/9<-0.2%	down3d	long	10:30	4	0	26	8407.718	-0.284	15	1859.874	-0.456	31274.593	-0.456	379.049	313.532	355.034	313.532
bb40<-1.5sd	>sma50d	long	15:55	5	0	39	6432.141	-0.348	26	4701.006	-0.828	60475.072	-0.828	312.867	1026.375	479.376	312.867
bb40<-1.5sd	>sma50d	long	15:55	5	15	39	6432.141	-0.348	26	6728.473	-0.754	86556.970	-0.754	312.867	1559.448	560.710	312.867
rsi2<15	down3d	long	12:00	5	0	61	6403.077	-0.768	33	1868.404	-0.912	23927.070	-0.912	311.830	315.582	312.512	311.830
rsi5<35	down3d	long	09:30	4	0	62	6367.291	-0.654	38	4436.718	-0.603	56499.748	-0.654	310.551	958.104	465.123	310.551
bb20<-1.5sd	down3d	long	09:30	5	10	43	6325.445	-0.748	22	5581.182	-0.507	70606.914	-0.748	309.051	1255.900	513.205	309.051
kelt40<-2.0	down3d	long	15:55	4	15	40	6311.017	-0.764	26	4267.437	-0.609	53863.737	-0.764	308.533	914.545	455.317	308.533
bb40<-1.0sd	>sma50d	long	15:55	5	10	50	6301.354	-0.607	42	2489.329	-0.815	31372.288	-0.815	308.186	466.649	355.554	308.186
macd12/26/9<-0.2%	down3d	long	09:30	5	0	26	6299.280	-0.733	15	2886.723	-0.318	36368.557	-0.733	308.111	565.002	380.898	308.111
bb78<-1.5sd	down3d	long	15:55	3	15	31	6288.802	-0.468	19	3930.822	-0.459	49440.325	-0.468	307.734	828.348	438.155	307.734
bb78<-1.5sd	down3d	long	15:55	3	0	31	6288.802	-0.468	19	3916.374	-0.461	49258.597	-0.468	307.734	824.661	437.429	307.734
rsi2<10	down3d	long	12:00	4	0	59	6280.830	-0.658	31	2019.441	-0.829	25367.538	-0.829	307.447	352.000	321.442	307.447
roc10<-2%	none	long	15:55	5	10	34	6229.618	-0.641	30	2416.685	-0.757	30110.042	-0.757	305.600	448.801	348.752	305.600
rsi5<35	<sma10d	long	09:30	4	0	51	6219.539	-0.607	33	2658.394	-0.603	33067.967	-0.607	305.235	508.348	364.425	305.235
rsi14<35	down5d	long	12:00	5	15	37	6178.096	-0.754	23	2090.102	-0.824	25825.699	-0.828	303.734	369.115	324.215	303.734
rsi5<30	<sma10d	long	09:30	4	0	44	8678.062	-0.607	28	1815.825	-0.603	31515.675	-0.607	387.539	302.958	356.316	302.958
kelt20<-1.5	down3d	long	09:30	5	10	39	6105.503	-0.743	21	2089.073	-0.507	25509.683	-0.743	301.094	368.865	322.306	301.094
rsi3<15	<sma20d	long	09:30	5	0	28	6102.647	-0.695	26	1873.003	-0.866	22860.548	-0.866	300.990	316.687	305.679	300.990
bb78<-1.5sd	down3d	long	15:55	4	10	31	6078.934	-0.589	19	2984.882	-0.653	36289.803	-0.653	300.124	589.471	380.516	300.124
bb20<-1.5sd	none	long	09:30	5	10	84	6067.087	-0.844	46	7183.162	-0.749	87161.737	-0.844	299.691	1680.953	562.397	299.691
rsi2<10	down3d	long	15:55	4	0	59	6058.389	-0.737	31	2368.131	-0.821	28694.113	-0.821	299.373	436.896	340.903	299.373
bb20<-1.5sd	down3d	long	15:55	5	10	43	6048.492	-0.687	22	6797.529	-0.706	82229.610	-0.706	299.011	1577.860	548.412	299.011
roc20<-2%	down5d	long	15:55	4	0	27	6038.079	-0.552	21	9226.584	-0.612	111421.683	-0.612	298.629	2234.228	624.749	298.629
rsi2<15	down3d	long	12:00	4	0	61	5998.258	-0.658	33	3603.261	-0.829	43226.577	-0.829	297.168	745.039	412.316	297.168
rsi2<10	down3d	long	09:30	5	0	59	5917.144	-0.861	31	2114.238	-0.789	25020.499	-0.861	294.177	374.972	319.321	294.177
roc10<-2%	down3d	long	15:55	3	10	26	5896.212	-0.304	19	4872.258	-0.472	57455.738	-0.472	293.403	1070.780	468.607	293.403
roc10<-2%	none	long	09:30	4	10	34	5731.873	-0.502	30	1970.319	-0.452	22587.232	-0.502	287.278	340.131	303.895	287.278
bb20<-1.5sd	down3d	long	15:55	4	10	43	5688.095	-0.565	22	5718.835	-0.597	65058.557	-0.597	285.633	1292.073	495.092	285.633
rsi5<35	<sma20d	long	09:30	4	0	50	5679.452	-0.550	36	2148.905	-0.603	24409.204	-0.603	285.308	383.393	315.538	285.308
roc20<-2%	none	long	09:30	5	15	43	5673.207	-0.571	38	1819.718	-0.819	20647.270	-0.819	285.073	303.892	290.824	285.073
roc20<-2%	none	long	09:30	5	0	43	5673.207	-0.571	38	1819.718	-0.819	20647.270	-0.819	285.073	303.892	290.824	285.073
kelt40<-2.0	down3d	long	09:30	5	10	40	5667.197	-0.765	26	2445.953	-0.638	27723.397	-0.765	284.846	455.987	335.379	284.846
rsi14<35	down5d	long	12:00	4	15	37	5657.442	-0.603	23	2128.110	-0.709	24079.320	-0.709	284.478	378.340	313.472	284.478
rsi14<35	down5d	long	15:55	5	15	37	5571.042	-0.754	23	7316.802	-0.560	81524.430	-0.754	281.208	1716.785	546.369	281.208
rsi3>90	>sma20d	short	15:55	5	2	54	5548.679	-0.528	38	2277.298	-0.629	25271.987	-0.629	280.358	414.677	320.860	280.358
macd12/26/9<-0.1%	up1d	long	09:30	5	10	41	5532.091	-0.512	37	5372.687	-0.816	59444.389	-0.816	279.726	1201.248	475.739	279.726
rsi2<15	down3d	long	15:55	4	0	61	5528.610	-0.737	33	4315.056	-0.821	47712.526	-0.821	279.593	926.785	431.187	279.593
roc20<-2%	down3d	long	10:30	5	15	27	7601.904	-0.428	28	1717.888	-0.906	26118.437	-0.906	352.993	279.525	325.970	279.525
roc20<-2%	down3d	long	15:55	3	0	27	5468.442	-0.368	28	6895.702	-0.567	75417.492	-0.567	277.295	1604.061	528.192	277.295
rsi2<15	down3d	long	09:30	5	0	61	5468.432	-0.861	33	3502.310	-0.754	38304.295	-0.861	277.294	719.484	390.121	277.294
rsi3<15	down5d	long	09:30	4	0	34	5452.575	-0.626	23	2450.755	-0.603	26725.858	-0.626	276.687	457.167	329.573	276.687
kelt40<-2.0	down3d	long	15:55	3	15	40	5445.345	-0.604	26	3334.272	-0.459	36312.524	-0.604	276.409	677.080	380.626	276.409
roc20<-2%	down3d	long	10:30	5	10	27	5405.877	-0.507	28	4092.129	-0.777	44243.088	-0.777	274.892	869.583	416.697	274.892
rsi14<35	down5d	long	15:55	4	15	37	5398.628	-0.603	23	5308.883	-0.462	57321.366	-0.603	274.613	1184.557	468.119	274.613
macd12/26/9<-0.1%	up1d	long	10:30	5	10	41	5358.480	-0.507	37	8946.927	-0.757	95883.864	-0.757	273.064	2157.868	585.950	273.064
bb40<-1.0sd	down3d	long	15:55	2	0	59	5348.855	-0.488	44	2165.115	-0.399	23161.775	-0.488	272.692	387.335	307.629	272.692
roc10<-2%	none	long	15:55	4	10	34	5336.435	-0.530	30	2981.444	-0.646	31820.568	-0.646	272.212	588.613	357.928	272.212
roc20<-2%	down3d	long	10:30	4	15	27	5302.274	-0.339	28	2355.389	-0.797	24977.833	-0.797	270.887	433.775	319.059	270.887
roc20<-2%	down3d	long	15:55	3	10	27	5197.093	-0.320	28	3245.522	-0.521	33734.558	-0.521	266.785	654.752	367.833	266.785
bb20<-1.5sd	down3d	long	09:30	5	0	43	5131.419	-0.796	22	2788.876	-0.754	28621.782	-0.796	264.205	540.678	340.496	264.205
rsi3<15	down3d	long	09:30	5	0	37	5123.272	-0.620	27	2351.154	-0.754	24091.206	-0.754	263.884	432.738	313.547	263.884
bb20<-1.5sd	none	long	09:30	4	10	84	5104.878	-0.743	46	5881.955	-0.631	60053.318	-0.743	263.158	1335.030	477.893	263.158
roc10<-2%	down3d	long	12:00	3	15	26	5086.386	-0.453	19	1951.237	-0.569	19849.489	-0.569	262.427	335.527	285.222	262.427
bb40<-1.0sd	none	long	15:55	2	0	106	5084.071	-0.516	78	4832.941	-0.608	49142.035	-0.608	262.336	1060.574	436.963	262.336
rsi3<20	down3d	long	09:30	4	0	42	5081.366	-0.508	30	2347.747	-0.603	23859.528	-0.603	262.229	431.904	312.085	262.229
macd8/18/4<-0.0%	down5d	long	09:30	4	10	92	5036.437	-0.938	50	1708.341	-0.573	17207.900	-0.938	260.447	277.246	265.586	260.447
bb40<-1.0sd	down3d	long	09:30	4	0	59	5559.674	-0.794	44	1630.378	-0.688	18128.745	-0.794	280.776	258.676	272.635	258.676
rsi2<15	down3d	long	15:55	5	0	61	4935.276	-0.847	33	2902.219	-0.910	28646.500	-0.910	256.410	568.860	340.635	256.410
rsi5<25	down3d	long	09:30	4	0	47	4927.032	-0.654	27	2359.469	-0.603	23250.363	-0.654	256.080	434.774	308.199	256.080
bb20<-1.5sd	none	long	09:30	5	0	84	4921.830	-0.874	46	2811.405	-0.875	27674.521	-0.875	255.871	546.273	335.098	255.871
rsi14<35	<sma10d	long	09:30	5	10	34	4904.871	-0.690	22	2911.956	-0.469	28565.534	-0.690	255.190	571.286	340.178	255.190
rsi5<30	<sma10d	long	09:30	3	0	44	4899.365	-0.483	28	1632.610	-0.452	15997.505	-0.483	254.968	259.207	255.947	254.968
bb40<-1.5sd	none	long	09:30	5	10	76	4887.434	-0.648	53	26838.962	-0.638	262347.324	-0.648	254.488	7300.381	891.825	254.488
bb20<-1.5sd	>sma50d	long	12:00	4	10	44	4885.068	-0.400	25	3087.029	-0.624	30160.697	-0.624	254.393	615.003	349.029	254.393
kelt40<-2.0	down3d	long	15:55	5	15	40	4873.890	-0.888	26	4189.448	-0.759	40837.816	-0.888	253.943	894.524	401.757	253.943
rsi2<10	down3d	long	15:55	3	0	59	4869.763	-0.591	31	2503.258	-0.695	24380.547	-0.695	253.776	470.076	315.359	253.776
bb20<-1.5sd	<sma10d	long	09:30	5	10	34	7731.051	-0.685	19	1608.037	-0.644	24863.637	-0.685	357.249	253.368	318.356	253.368
rsi5<30	<sma10d	long	09:30	5	0	44	13925.500	-0.714	28	1607.052	-0.754	44758.014	-0.754	533.897	253.134	418.892	253.134
rsi5<30	down3d	long	09:30	3	0	54	4834.152	-0.522	32	2300.093	-0.452	22237.998	-0.522	252.338	420.247	301.596	252.338
bb20<-1.5sd	down3d	long	09:30	4	10	43	4821.007	-0.628	22	4029.502	-0.405	38852.512	-0.628	251.806	853.558	392.679	251.806
bb40<-1.0sd	down5d	long	15:55	3	15	49	4818.144	-0.756	37	2308.868	-0.704	22248.923	-0.756	251.690	422.392	301.668	251.690
macd12/26/9<-0.1%	>sma50d	long	09:30	5	15	31	4805.200	-0.399	33	4542.261	-0.614	43652.943	-0.614	251.165	985.330	414.161	251.165
macd12/26/9<-0.1%	>sma50d	long	09:30	5	0	31	4805.200	-0.399	33	4542.261	-0.614	43652.943	-0.614	251.165	985.330	414.161	251.165
macd12/26/9<-0.1%	>sma50d	long	09:30	5	10	31	4805.200	-0.399	33	6575.494	-0.507	63193.119	-0.507	251.165	1518.714	488.784	251.165
bb40<-1.0sd	>sma50d	long	12:00	4	10	50	4792.796	-0.454	42	4853.589	-0.647	46524.525	-0.647	250.661	1065.933	426.303	250.661
bb40<-1.0sd	>sma50d	long	12:00	4	15	50	4792.796	-0.454	42	2834.916	-0.725	27174.349	-0.725	250.661	552.115	332.200	250.661
bb40<-1.0sd	>sma50d	long	12:00	4	0	50	4792.796	-0.454	42	1770.720	-0.828	16973.397	-0.828	250.661	292.153	263.753	250.661
rsi3<15	<sma10d	long	09:30	5	0	32	4774.968	-0.595	23	2006.147	-0.866	19158.573	-0.866	249.937	348.786	280.255	249.937
bb20<-1.5sd	>sma50d	long	12:00	4	15	44	4885.068	-0.400	25	1593.050	-0.793	15564.313	-0.793	254.393	249.810	252.385	249.810
bb40<-1.0sd	none	long	15:55	3	15	106	4742.576	-0.795	78	7776.395	-0.838	73760.292	-0.838	248.617	1840.410	523.099	248.617
roc20<-2%	none	long	09:30	5	10	43	4739.602	-0.571	38	4649.392	-0.638	44072.535	-0.638	248.496	1013.017	415.966	248.496
bb40<-1.0sd	>sma50d	long	15:55	4	10	50	4711.368	-0.503	42	3582.160	-0.703	33753.745	-0.703	247.342	739.693	367.930	247.342
roc20<-2%	<sma100d	long	12:00	5	0	29	4689.479	-0.495	14	3074.016	-0.628	28831.068	-0.628	246.445	611.746	341.673	246.445
roc20<-2%	<sma100d	long	12:00	5	15	29	4689.479	-0.495	14	2012.938	-0.756	18879.262	-0.756	246.445	350.428	278.214	246.445
rsi2<10	down3d	long	09:30	4	0	59	4676.676	-0.771	31	2424.825	-0.668	22680.239	-0.771	245.920	450.799	304.503	245.920
bb20<-1.5sd	>sma50d	long	15:55	5	10	44	4665.802	-0.533	25	2759.600	-0.758	25751.496	-0.758	245.473	533.413	323.768	245.473
bb20<-1.5sd	>sma50d	long	15:55	5	15	44	4665.802	-0.533	25	2875.923	-0.851	26836.978	-0.851	245.473	562.314	330.227	245.473
roc10<-2%	down3d	long	15:55	3	15	26	4638.103	-0.453	19	5457.611	-0.453	50625.928	-0.453	244.333	1223.488	442.847	244.333
roc20<-2%	down3d	long	15:55	3	15	27	4634.411	-0.465	28	2056.903	-0.763	19065.067	-0.763	244.181	361.068	279.574	244.181
rsi14<35	down3d	long	09:30	5	10	43	4620.194	-0.775	27	3661.500	-0.545	33833.675	-0.775	243.594	759.808	368.336	243.594
kelt20<-1.5	down3d	long	09:30	4	10	39	4610.327	-0.629	21	1830.572	-0.405	16879.069	-0.629	243.187	306.496	263.011	243.187
macd8/18/4<-0.0%	down5d	long	09:30	3	10	92	4602.764	-0.840	50	1641.791	-0.453	15113.550	-0.840	242.874	261.390	248.612	242.874
rsi3>85	>sma20d	short	15:55	5	2	60	4600.411	-0.526	43	2253.666	-0.682	20735.580	-0.682	242.777	408.908	291.435	242.777
macd8/18/4<-0.0%	none	long	15:55	2	10	203	4591.785	-0.690	115	2656.645	-0.620	24397.483	-0.690	242.420	507.916	315.465	242.420
rsi5<30	down3d	long	10:30	3	0	54	4981.886	-0.355	32	1559.936	-0.649	15542.842	-0.649	258.275	241.959	252.207	241.959
macd12/26/9<-0.2%	down3d	long	09:30	4	0	26	4565.433	-0.619	15	2191.585	-0.253	20011.071	-0.619	241.328	393.776	286.368	241.328
macd12/26/9<-0.2%	down3d	long	15:55	4	15	26	4560.525	-0.708	15	3825.420	-0.412	34891.850	-0.708	241.124	801.478	373.650	241.124
macd12/26/9<-0.2%	down3d	long	15:55	4	10	26	4560.525	-0.708	15	2266.666	-0.597	20674.374	-0.708	241.124	412.081	291.011	241.124
rsi2<15	down3d	long	15:55	3	0	61	4548.558	-0.591	33	3995.088	-0.695	36343.781	-0.695	240.627	844.760	380.777	240.627
rsi2<10	down3d	long	12:00	3	0	59	4538.847	-0.533	31	2271.126	-0.707	20616.588	-0.707	240.223	413.170	290.611	240.223
roc20<-2%	down5d	long	15:55	4	15	27	4535.754	-0.663	21	4555.791	-0.695	41327.895	-0.695	240.094	988.823	403.954	240.094
bb40<-1.0sd	down5d	long	15:55	2	0	49	4524.063	-0.488	37	2352.330	-0.537	21284.178	-0.537	239.607	433.026	295.198	239.607
macd12/26/9<-0.2%	down3d	long	12:00	4	0	26	14743.850	-0.283	15	1549.669	-0.709	45696.179	-0.709	554.312	239.528	422.850	239.528
roc20<-2%	down5d	long	15:55	3	0	27	4514.714	-0.416	21	6153.170	-0.461	55559.613	-0.461	239.218	1406.664	461.659	239.218
macd12/26/9<-0.2%	down3d	long	10:30	3	0	26	4666.520	-0.213	15	1547.754	-0.345	14445.250	-0.345	245.503	239.075	242.883	239.075
bb78<-1.5sd	down3d	long	15:55	3	10	31	4508.311	-0.453	19	2427.385	-0.522	21886.813	-0.522	238.951	451.428	299.261	238.951
roc10<-2%	down3d	long	15:55	5	6	26	4502.041	-0.761	19	2027.378	-0.670	18254.680	-0.835	238.689	353.920	273.581	238.689
kelt40<-1.5	down5d	long	15:55	3	0	46	4485.448	-0.705	31	3397.996	-0.729	30483.070	-0.729	237.995	693.141	350.781	237.995
bb20<-1.5sd	none	long	09:30	4	0	84	4465.374	-0.776	46	3363.851	-0.753	30041.708	-0.776	237.155	684.532	348.379	237.155
roc20<-2%	down5d	long	09:30	5	10	27	12476.460	-0.551	21	1535.979	-0.638	38327.169	-0.638	496.389	236.288	390.228	236.288
rsi5<30	down3d	long	12:00	3	0	54	4443.788	-0.445	32	1612.293	-0.640	14329.375	-0.640	236.249	254.379	241.873	236.249
roc20<-2%	down5d	long	09:30	4	10	27	8003.002	-0.448	21	1535.021	-0.532	24569.559	-0.532	366.108	236.061	316.536	236.061
roc10<-2%	none	long	12:00	3	10	34	4434.930	-0.432	30	1938.625	-0.516	17195.334	-0.516	235.877	332.485	265.488	235.877
roc20<-2%	none	long	09:30	4	15	43	4434.286	-0.461	38	2369.518	-0.688	21014.242	-0.688	235.850	437.236	293.354	235.850
roc20<-2%	none	long	09:30	4	0	43	4434.286	-0.461	38	2369.518	-0.688	21014.242	-0.688	235.850	437.236	293.354	235.850
rsi2<15	down3d	long	12:00	3	0	61	4423.293	-0.533	33	3560.359	-0.707	31497.016	-0.707	235.387	734.171	356.217	235.387
kelt40<-1.5	down3d	long	15:55	3	0	57	4420.974	-0.765	36	6447.256	-0.567	57006.304	-0.765	235.290	1484.628	466.973	235.290
bb40<-1.5sd	>sma50d	long	15:55	4	0	39	4418.553	-0.279	26	5273.726	-0.663	46604.472	-0.663	235.188	1175.367	426.634	235.188
bb40<-1.5sd	>sma50d	long	15:55	4	15	39	4418.553	-0.279	26	6199.819	-0.603	54788.454	-0.603	235.188	1419.012	458.791	235.188
rsi2<15	down3d	long	09:30	4	0	61	4399.283	-0.771	33	3667.795	-0.609	32271.336	-0.771	234.376	761.405	360.294	234.376
macd8/18/4<-0.0%	none	long	15:55	3	10	203	4385.927	-0.855	115	2236.360	-0.803	19617.027	-0.855	233.812	404.687	283.563	233.812
roc20<-2%	down5d	long	10:30	4	15	27	4376.836	-0.425	21	1825.714	-0.655	15981.705	-0.655	233.428	305.331	255.818	233.428
kelt40<-2.0	down3d	long	09:30	4	10	40	4351.076	-0.654	26	2137.605	-0.532	18601.760	-0.654	232.337	380.647	276.168	232.337
bb20<-1.5sd	down3d	long	12:00	5	10	43	4347.551	-0.719	22	7968.658	-0.733	69288.298	-0.733	232.187	1892.303	508.984	232.187
roc20<-2%	down5d	long	15:55	4	10	27	4315.419	-0.613	21	1904.066	-0.647	16433.685	-0.647	230.822	324.160	259.472	230.822
rsi3<15	<sma20d	long	09:30	4	0	28	4298.256	-0.593	26	2097.210	-0.748	18028.693	-0.748	230.091	370.839	271.880	230.091
bb20<-1.5sd	<sma10d	long	09:30	4	10	34	5407.810	-0.575	19	1508.965	-0.538	16320.392	-0.575	274.967	229.901	258.562	229.901
bb40<-1.0sd	down5d	long	15:55	4	15	49	4282.183	-0.892	37	1903.951	-0.845	16306.135	-0.892	229.406	324.132	258.448	229.406
roc10<-2%	none	long	12:00	5	10	34	9674.790	-0.663	30	1502.277	-0.757	29068.422	-0.757	417.869	228.321	343.001	228.321
roc10<-2%	down3d	long	10:30	3	10	26	4246.282	-0.304	19	1896.083	-0.486	16102.602	-0.486	227.870	322.239	256.802	227.870
bb78<-1.5sd	down5d	long	15:55	2	15	29	4241.865	-0.228	16	1732.236	-0.307	14695.825	-0.307	227.680	282.951	245.050	227.680
bb78<-1.5sd	down5d	long	15:55	2	0	29	4241.865	-0.228	16	1728.909	-0.308	14667.593	-0.308	227.680	282.156	244.807	227.680
bb20<-1.5sd	down3d	long	15:55	3	10	43	4235.051	-0.432	22	4020.928	-0.472	34057.675	-0.472	227.388	851.365	369.470	227.388
roc10<-2%	down3d	long	10:30	4	15	26	4748.369	-0.603	19	1497.983	-0.619	14225.955	-0.627	248.853	227.308	240.967	227.308
roc20<-2%	down1d	long	15:55	5	15	29	4273.458	-0.729	21	1495.921	-0.851	12785.511	-0.851	229.033	226.821	227.889	226.821
roc20<-2%	down3d	long	09:30	3	15	27	4218.444	-0.296	28	3877.758	-0.540	32716.213	-0.540	226.675	814.813	362.609	226.675
roc20<-2%	down3d	long	09:30	3	0	27	4218.444	-0.296	28	3877.758	-0.540	32716.213	-0.540	226.675	814.813	362.609	226.675
roc20<-2%	down3d	long	09:30	3	10	27	4218.444	-0.296	28	4925.738	-0.415	41557.898	-0.415	226.675	1084.673	404.980	226.675
bb20<-1.5sd	down3d	long	09:30	4	0	43	4217.065	-0.674	22	2691.604	-0.603	22701.340	-0.674	226.616	516.565	304.641	226.616
macd12/26/9<-0.1%	none	long	09:30	3	0	93	4211.984	-0.811	60	1576.516	-0.694	13280.520	-0.811	226.397	245.889	232.484	226.397
macd12/26/9<-0.2%	down3d	long	12:00	4	10	26	4192.444	-0.718	15	2002.999	-0.624	16794.921	-0.781	225.556	348.025	262.347	225.556
macd12/26/9<-0.2%	down3d	long	12:00	4	15	26	4192.444	-0.718	15	1549.669	-0.709	12993.802	-0.831	225.556	239.528	229.836	225.556
rsi5<30	<sma10d	long	09:30	4	15	44	4188.248	-0.810	28	1815.825	-0.603	15210.248	-0.810	225.375	302.958	249.427	225.375
roc20<-2%	down3d	long	10:30	4	10	27	4176.362	-0.405	28	3942.540	-0.659	32930.952	-0.659	224.862	831.339	363.719	224.862
bb40<-1.0sd	>sma50d	long	15:55	3	15	50	4170.799	-0.303	42	4943.040	-0.563	41232.851	-0.563	224.622	1089.171	403.530	224.622
rsi3>90	>sma20d	short	15:55	4	2	54	4159.602	-0.445	38	2076.864	-0.543	17277.851	-0.543	224.137	365.905	266.130	224.137
rsi14<35	down3d	long	15:55	5	10	43	4126.814	-0.590	27	6212.201	-0.740	51273.196	-0.740	222.717	1422.290	445.379	222.717
rsi14<35	<sma20d	long	09:30	5	10	36	6721.648	-0.507	22	1475.179	-0.690	19831.269	-0.690	323.081	221.926	285.093	221.926
rsi14<35	<sma20d	long	09:30	5	0	36	5452.833	-0.600	22	1475.179	-0.690	16087.810	-0.690	276.697	221.926	256.682	221.926
bb20<-1.5sd	down3d	long	12:00	4	10	43	4102.937	-0.607	22	6317.062	-0.624	51837.021	-0.624	221.679	1450.077	447.569	221.679
rsi2<15	down3d	long	10:30	4	0	61	4100.222	-0.578	33	2355.652	-0.833	19317.394	-0.833	221.561	433.839	281.406	221.561
bb40<-1.0sd	>sma50d	long	10:30	5	10	50	4094.673	-0.552	42	12506.507	-0.663	102420.123	-0.663	221.319	3142.560	602.724	221.319
bb40<-1.0sd	>sma50d	long	10:30	5	0	50	4094.673	-0.552	42	7838.972	-0.813	64196.059	-0.813	221.319	1857.289	492.190	221.319
bb40<-1.0sd	>sma50d	long	10:30	5	15	50	4094.673	-0.552	42	10281.413	-0.754	84198.061	-0.754	221.319	2523.888	554.056	221.319
rsi5<35	<sma100d	long	12:00	5	0	58	4093.447	-0.752	20	3604.274	-0.640	29507.809	-0.752	221.266	745.296	345.443	221.266
kelt40<-1.5	>sma50d	long	15:55	5	0	41	4082.302	-0.430	24	3248.472	-0.828	26522.491	-0.828	220.780	655.494	328.373	220.780
kelt40<-1.5	>sma50d	long	15:55	5	15	41	4082.302	-0.430	24	4649.485	-0.754	37961.202	-0.754	220.780	1013.041	388.508	220.780
roc20<-2%	down3d	long	12:00	4	10	27	4078.949	-0.502	28	1952.612	-0.702	15929.206	-0.702	220.634	335.858	255.390	220.634
roc20<-2%	down5d	long	10:30	5	15	27	5696.257	-0.524	21	1467.748	-0.794	16721.340	-0.794	285.940	220.174	261.765	220.174
rsi5<35	down3d	long	09:30	3	0	62	4050.783	-0.522	38	3307.148	-0.452	26793.075	-0.522	219.403	670.251	329.969	219.403
bb20<-1.5sd	>sma50d	long	10:30	5	10	44	4048.237	-0.528	25	6806.814	-0.676	55111.201	-0.676	219.291	1580.337	459.994	219.291
bb20<-1.5sd	>sma50d	long	10:30	5	0	44	4048.237	-0.528	25	2585.736	-0.877	20935.349	-0.877	219.291	490.401	292.812	219.291
bb20<-1.5sd	>sma50d	long	10:30	5	15	44	4048.237	-0.528	25	3391.392	-0.838	27458.318	-0.838	219.291	691.475	333.849	219.291
bb40<-1.5sd	none	long	09:30	4	10	76	4045.152	-0.552	53	16734.979	-0.532	135391.076	-0.552	219.156	4341.962	678.373	219.156
kelt40<-1.5	>sma100d	long	15:55	5	15	25	4030.556	-0.364	40	1870.701	-0.987	15079.931	-0.987	218.516	316.134	248.327	218.516
kelt40<-1.5	>sma100d	long	15:55	5	0	25	4030.556	-0.364	40	3527.573	-0.976	28436.162	-0.976	218.516	725.874	339.447	218.516
rsi14<35	down3d	long	12:00	5	10	43	4025.224	-0.667	27	7533.627	-0.733	60649.067	-0.733	218.282	1775.032	479.987	218.282
roc20<-2%	down3d	long	12:00	5	10	27	5422.577	-0.607	28	1457.151	-0.819	15803.025	-0.819	275.535	217.677	254.356	217.677
macd12/26/9<-0.1%	up1d	long	10:30	4	10	41	4008.740	-0.405	37	6601.521	-0.646	52927.560	-0.646	217.558	1525.639	451.761	217.558
bb40<-1.0sd	>sma50d	long	09:30	5	10	50	4005.744	-0.546	42	39400.846	-0.544	315659.438	-0.546	217.427	11105.641	961.374	217.427
bb40<-1.0sd	>sma50d	long	09:30	5	15	50	4005.744	-0.546	42	30861.024	-0.614	247242.751	-0.614	217.427	8505.735	870.511	217.427
bb40<-1.0sd	>sma50d	long	09:30	5	0	50	4005.744	-0.546	42	30861.024	-0.614	247242.751	-0.614	217.427	8505.735	870.511	217.427
rsi14<35	down5d	long	12:00	3	15	37	3999.000	-0.453	23	1817.593	-0.569	14537.108	-0.569	217.130	303.382	243.680	217.130
macd12/26/9<-0.2%	down3d	long	15:55	2	0	26	3994.501	-0.179	15	1685.283	-0.217	13463.732	-0.217	216.932	271.747	234.157	216.932
rsi14<35	<sma10d	long	09:30	5	0	34	3979.001	-0.748	22	2911.956	-0.469	23173.347	-0.748	216.248	571.286	307.703	216.248
rsi14<35	down5d	long	15:55	3	15	37	3974.079	-0.453	23	3488.147	-0.356	27724.350	-0.453	216.031	715.904	335.384	216.031
roc10<-2%	down3d	long	09:30	3	10	26	3973.404	-0.343	19	1646.317	-0.334	13082.963	-0.343	216.001	262.467	230.664	216.001
roc20<-2%	down5d	long	15:55	5	15	27	3972.253	-0.807	21	3420.830	-0.869	27176.803	-0.869	215.951	698.902	332.214	215.951
bb78<-1.5sd	down3d	long	09:30	5	0	31	3968.487	-0.405	19	1699.824	-0.819	13491.462	-0.819	215.784	275.214	234.409	215.784
bb78<-1.5sd	down3d	long	09:30	5	15	31	3968.487	-0.405	19	1699.824	-0.819	13491.462	-0.819	215.784	275.214	234.409	215.784
bb78<-1.5sd	down3d	long	09:30	5	10	31	3968.487	-0.405	19	3401.739	-0.638	26999.517	-0.638	215.784	694.085	331.179	215.784
bb40<-1.5sd	none	long	09:30	5	0	76	3964.855	-0.682	53	13411.234	-0.819	106347.205	-0.819	215.624	3396.763	612.478	215.624
macd12/26/9<-0.1%	up1d	long	09:30	4	10	41	3956.730	-0.405	37	4241.497	-0.706	33564.912	-0.706	215.265	907.883	366.970	215.265
roc20<-2%	down1d	long	15:55	4	15	29	3952.922	-0.618	21	2157.767	-0.728	17058.972	-0.728	215.096	385.548	264.424	215.096
rsi14<35	none	long	09:30	5	10	73	3942.934	-0.702	44	1656.872	-0.709	13065.875	-0.709	214.654	264.979	230.505	214.654
roc20<-2%	none	long	09:30	4	10	43	3922.315	-0.467	38	4143.286	-0.532	32502.550	-0.532	213.740	882.688	361.500	213.740
rsi5<30	down3d	long	09:30	4	15	54	3921.471	-0.833	32	2777.039	-0.603	21780.157	-0.833	213.702	537.740	298.547	213.702
roc20<-2%	<sma100d	long	15:55	4	0	29	3887.752	-0.632	14	6180.941	-0.266	48059.927	-0.632	212.202	1414.014	432.601	212.202
bb40<-1.5sd	>sma100d	long	15:55	5	15	25	3880.782	-0.348	37	1480.725	-0.987	11492.742	-0.987	211.891	223.235	215.331	211.891
bb40<-1.5sd	>sma100d	long	15:55	5	0	25	3880.782	-0.348	37	2792.197	-0.976	21671.814	-0.976	211.891	541.502	297.819	211.891
rsi3<15	down3d	long	09:30	4	0	37	3872.867	-0.504	27	2529.444	-0.603	19592.402	-0.603	211.538	476.523	283.387	211.538
kelt40<-2.0	down3d	long	15:55	2	10	40	3870.542	-0.348	26	1969.929	-0.347	15249.388	-0.348	211.434	340.037	249.756	211.434
roc20<-2%	<sma100d	long	15:55	5	0	29	3869.081	-0.758	14	9823.898	-0.333	76018.908	-0.758	211.369	2397.943	530.022	211.369
macd12/26/9<-0.2%	down3d	long	12:00	5	0	26	28328.672	-0.354	15	1428.614	-0.824	80941.494	-0.824	840.193	210.960	544.672	210.960
bb40<-1.0sd	down3d	long	15:55	2	15	59	4023.000	-0.564	44	1428.222	-0.516	11491.474	-0.564	218.185	210.867	215.319	210.867
rsi5<35	<sma10d	long	09:30	3	0	51	3837.790	-0.483	33	2197.019	-0.452	16863.394	-0.483	209.968	395.099	262.888	209.968
rsi5<30	none	long	09:30	4	0	107	3837.269	-0.763	61	3465.133	-0.692	26593.299	-0.763	209.945	710.088	328.791	209.945
roc20<-2%	down5d	long	15:55	3	15	27	3826.144	-0.505	21	3947.373	-0.488	30206.434	-0.505	209.446	832.573	349.278	209.446
bb40<-1.5sd	<sma20d	long	09:30	5	10	32	5051.524	-0.507	27	1421.907	-0.638	14365.596	-0.638	261.046	209.382	242.189	209.382
bb40<-1.0sd	none	long	15:55	2	15	106	3823.850	-0.588	78	5908.333	-0.662	45185.162	-0.662	209.343	1341.986	420.701	209.343
roc10<-2%	none	long	15:55	3	10	34	3821.004	-0.408	30	2778.499	-0.516	21233.314	-0.516	209.215	538.102	294.851	209.215
bb40<-1.0sd	down3d	long	09:30	3	0	59	3820.379	-0.661	44	1788.855	-0.540	13668.210	-0.661	209.187	296.495	236.007	209.187
macd12/26/9<-0.2%	down3d	long	12:00	3	0	26	7160.574	-0.212	15	1420.451	-0.569	20342.490	-0.569	338.201	209.040	288.700	209.040
bb40<-1.0sd	none	long	09:30	4	0	106	3811.723	-0.866	78	2774.804	-0.865	21153.571	-0.866	208.798	537.185	294.308	208.798
bb20<-1.5sd	down3d	long	15:55	4	15	43	3810.196	-0.637	22	6437.682	-0.603	49057.653	-0.637	208.729	1482.085	436.625	208.729
kelt40<-2.0	down3d	long	09:30	4	0	40	3806.004	-0.697	26	1427.865	-0.688	10868.921	-0.697	208.541	210.783	208.950	208.541
bb40<-1.0sd	none	long	15:55	3	10	106	3801.682	-0.766	78	6275.839	-0.768	47717.489	-0.768	208.346	1439.149	431.207	208.346
roc10<-2%	down3d	long	12:00	4	0	26	3799.667	-0.817	19	1489.930	-0.709	11322.478	-0.839	208.255	225.407	213.612	208.255
roc20<-2%	down3d	long	15:55	4	15	27	6090.239	-0.627	28	1416.555	-0.901	17254.320	-0.901	300.537	208.124	265.947	208.124
rsi2>85	>sma20d	short	15:55	5	2	93	3787.358	-0.688	50	2521.767	-0.722	19101.671	-0.722	207.701	474.633	279.841	207.701
roc10<-2%	down3d	long	12:00	5	15	26	10588.849	-0.754	19	1411.682	-0.824	29896.185	-0.842	444.482	206.979	347.582	206.979
rsi3<15	down1d	long	09:30	5	0	35	3765.037	-0.742	22	1439.204	-0.614	10837.310	-0.742	206.693	213.451	208.620	206.693
rsi5<35	<sma100d	long	12:00	4	0	58	3753.882	-0.653	20	2973.918	-0.512	22327.474	-0.653	206.188	586.734	302.187	206.188
rsi2<10	down3d	long	15:55	5	0	59	5537.054	-0.847	31	1407.422	-0.910	15585.945	-0.910	279.915	205.978	252.565	205.978
bb40<-1.5sd	<sma20d	long	09:30	4	10	32	3748.257	-0.405	27	1455.134	-0.532	10908.430	-0.532	205.933	217.202	209.361	205.933
rsi7<25	none	long	09:30	5	10	71	3744.861	-0.756	40	2735.354	-0.727	20487.042	-0.756	205.779	527.401	289.710	205.779
rsi14<35	down3d	long	15:55	4	10	43	3739.317	-0.481	27	5497.754	-0.631	41115.690	-0.631	205.528	1234.011	403.005	205.528
rsi5<35	down3d	long	10:30	4	0	62	3730.879	-0.460	38	1696.778	-0.867	12660.950	-0.867	205.145	274.487	226.715	205.145
roc20<-2%	<sma100d	long	10:30	5	15	29	3712.885	-0.605	14	1816.612	-0.586	13489.742	-0.605	204.327	303.147	234.393	204.327
roc20<-2%	<sma100d	long	10:30	5	0	29	3712.885	-0.605	14	1816.612	-0.586	13489.742	-0.605	204.327	303.147	234.393	204.327
roc10<-2%	none	long	10:30	4	10	34	4715.955	-0.556	30	1400.179	-0.589	13206.363	-0.589	247.529	204.277	231.803	204.277
rsi14<35	down3d	long	09:30	4	10	43	3710.009	-0.666	27	2931.980	-0.436	21755.343	-0.666	204.196	576.275	298.380	204.196
roc20<-1%	down3d	long	09:30	4	0	64	3705.671	-0.769	44	2103.398	-0.853	15589.002	-0.853	203.999	372.341	252.590	203.999
roc10<-2%	down3d	long	09:30	4	0	26	5887.649	-0.531	19	1397.258	-0.603	16453.134	-0.603	293.086	203.591	259.628	203.591
roc10<-2%	down3d	long	09:30	4	15	26	4489.518	-0.642	19	1397.258	-0.603	12546.032	-0.642	238.166	203.591	225.626	203.591
rsi5<30	none	long	09:30	5	0	107	3693.887	-0.849	61	2655.598	-0.816	19618.957	-0.849	203.462	507.657	283.577	203.462
kelt20<-1.5	down3d	long	15:55	4	10	39	3693.663	-0.565	21	3521.901	-0.597	26017.435	-0.597	203.452	724.439	325.366	203.452
rsi14<35	<sma10d	long	09:30	4	10	34	3693.259	-0.580	22	2325.165	-0.389	17174.871	-0.580	203.433	426.377	265.329	203.433
macd8/18/4<-0.0%	none	long	10:30	3	0	203	3678.222	-0.883	115	1765.052	-0.902	12984.503	-0.902	202.747	290.797	229.750	202.747
macd12/26/9<-0.2%	down3d	long	15:55	3	10	26	3670.645	-0.531	15	1859.598	-0.472	13651.845	-0.531	202.401	313.466	235.860	202.401
macd12/26/9<-0.2%	down3d	long	15:55	3	15	26	3670.645	-0.531	15	2648.037	-0.317	19440.004	-0.531	202.401	505.787	282.292	202.401
bb40<-1.5sd	>sma50d	long	15:55	5	10	39	3662.758	-0.610	26	6456.325	-0.706	47295.906	-0.706	202.040	1487.036	429.483	202.040
macd8/18/4<-0.0%	none	long	10:30	2	0	203	3657.906	-0.699	115	2317.006	-0.729	16950.780	-0.729	201.818	424.382	263.575	201.818
bb20<-1.5sd	>sma50d	long	15:55	4	15	44	3652.439	-0.426	25	3037.209	-0.728	22186.435	-0.728	201.567	602.541	301.255	201.567
bb20<-1.5sd	>sma50d	long	15:55	4	10	44	3652.439	-0.426	25	2698.067	-0.647	19709.045	-0.647	201.567	518.165	284.221	201.567
bb20<-1.5sd	none	long	09:30	3	10	84	3636.057	-0.608	46	4046.035	-0.489	29423.228	-0.608	200.816	857.786	344.975	200.816
bb20<-1.5sd	down3d	long	12:00	4	15	43	3629.554	-0.668	22	3259.896	-0.709	23663.936	-0.709	200.517	658.365	310.845	200.517
roc10>+1%	>sma20d	short	15:55	5	2	46	5763.136	-0.401	31	1381.329	-0.726	15921.573	-0.726	288.449	199.852	255.327	199.852
roc20<-2%	down5d	long	15:55	5	10	27	4159.119	-0.735	21	1381.317	-0.758	11490.121	-0.758	224.117	199.849	215.305	199.849
macd12/26/9<-0.1%	none	long	09:30	4	0	93	5105.663	-0.920	60	1381.314	-0.842	14105.045	-0.920	263.189	199.849	239.902	199.849
roc10<-2%	none	long	09:30	3	10	34	3614.991	-0.389	30	1683.594	-0.343	12172.358	-0.389	199.847	271.344	222.039	199.847
rsi3>85	>sma20d	short	15:55	4	2	60	3614.493	-0.444	43	2072.037	-0.596	14978.724	-0.596	199.824	364.735	247.469	199.824
kelt40<-1.5	down3d	long	09:30	4	0	57	3610.444	-0.793	36	1900.319	-0.688	13721.994	-0.793	199.637	323.258	236.491	199.637
roc10<-2%	down3d	long	15:55	4	6	26	3610.181	-0.667	19	1964.631	-0.573	14185.347	-0.738	199.625	338.758	240.610	199.625
macd8/18/4<-0.0%	<sma20d	long	09:30	4	0	91	3610.085	-0.932	50	1942.607	-0.706	14025.954	-0.932	199.621	333.445	239.203	199.621
rsi3<15	<sma10d	long	09:30	4	0	32	3601.034	-0.476	23	2213.244	-0.748	15939.937	-0.748	199.204	399.052	255.477	199.204
roc10<-2%	down3d	long	12:00	3	0	26	3600.082	-0.613	19	1691.747	-0.569	12180.852	-0.613	199.160	273.288	222.121	199.160
rsi14<35	<sma20d	long	09:30	4	10	36	4797.250	-0.405	22	1378.229	-0.593	13223.421	-0.593	250.842	199.125	231.960	199.125
rsi14<35	<sma20d	long	09:30	4	0	36	4196.284	-0.480	22	1378.229	-0.593	11566.885	-0.593	225.721	199.125	216.075	199.125
roc20<-2%	down5d	long	15:55	3	10	27	3591.979	-0.473	21	1983.614	-0.517	14250.197	-0.517	198.786	343.341	241.180	198.786
rsi5<30	down3d	long	15:55	3	0	54	5370.836	-0.763	32	1376.032	-0.612	14780.884	-0.763	273.542	198.610	245.781	198.610
macd8/18/4<-0.0%	down5d	long	09:30	4	8	92	3585.528	-0.926	50	1975.423	-0.557	14165.868	-0.938	198.488	341.363	240.439	198.488
rsi3<20	down3d	long	12:00	3	0	42	3574.848	-0.352	30	1423.106	-0.707	10174.775	-0.707	197.994	209.664	201.570	197.994
kelt40<-1.5	down3d	long	15:55	2	0	57	3553.949	-0.519	36	3739.821	-0.399	26582.272	-0.519	197.026	779.699	328.726	197.026
rsi5<35	<sma20d	long	09:30	3	0	50	3552.673	-0.434	36	1892.964	-0.452	13450.165	-0.452	196.966	321.488	234.034	196.966
bb40<-1.0sd	down3d	long	15:55	4	0	59	3548.179	-0.953	44	2113.063	-0.714	14995.052	-0.953	196.758	374.686	247.608	196.758
rsi3>85	>sma20d	short	12:00	5	2	60	3547.541	-0.508	43	3539.247	-0.594	25111.244	-0.594	196.728	728.828	319.877	196.728
macd12/26/9<-0.1%	up1d	long	10:30	5	8	41	3544.283	-0.573	37	9125.453	-0.722	64686.368	-0.722	196.577	2206.592	493.843	196.577
roc20<-2%	<sma100d	long	12:00	4	0	29	3543.433	-0.401	14	2598.196	-0.502	18413.070	-0.502	196.538	493.475	274.766	196.538
roc20<-2%	<sma100d	long	12:00	4	15	29	3543.433	-0.401	14	2061.854	-0.605	14612.087	-0.605	196.538	362.267	244.329	196.538
rsi7<25	none	long	09:30	5	15	71	3744.861	-0.756	40	1366.836	-0.864	10237.226	-0.864	205.779	196.454	202.247	196.454
rsi7<25	none	long	09:30	5	0	71	3744.861	-0.756	40	1366.836	-0.864	10237.226	-0.864	205.779	196.454	202.247	196.454
roc20<-2%	down5d	long	09:30	3	10	27	4644.224	-0.341	21	1366.553	-0.415	12693.153	-0.415	244.585	196.388	227.020	196.388
bb40<-1.5sd	none	long	09:30	4	0	76	3538.404	-0.552	53	11178.538	-0.688	79108.368	-0.688	196.304	2772.146	539.284	196.304
roc10<-2%	none	long	15:55	4	15	34	3535.789	-0.646	30	2674.058	-0.843	18909.810	-0.843	196.182	512.223	278.438	196.182
roc10>+1%	>sma20d	short	15:55	4	2	46	4304.296	-0.319	31	1365.195	-0.625	11752.409	-0.625	230.349	196.070	217.923	196.070
rsi2<10	down3d	long	10:30	4	0	59	4396.617	-0.578	31	1363.998	-0.849	11993.950	-0.849	234.263	195.789	220.301	195.789
rsi5<35	<sma100d	long	10:30	5	0	58	3519.178	-0.691	20	3393.403	-0.529	23883.973	-0.691	195.409	691.982	312.240	195.409
rsi14<35	down3d	long	12:00	4	10	43	3518.163	-0.529	27	6046.662	-0.624	42546.286	-0.624	195.362	1378.502	409.347	195.362
rsi14<35	none	long	09:30	4	10	73	3510.298	-0.562	44	1779.346	-0.613	12492.071	-0.613	194.995	294.218	225.112	194.995
rsi5<35	down3d	long	12:00	4	0	62	3488.669	-0.573	38	2082.807	-0.805	14532.452	-0.805	193.985	367.346	243.640	193.985
bb40<-1.0sd	>sma50d	long	12:00	5	15	50	6540.895	-0.558	42	1354.338	-0.883	17717.172	-0.883	316.727	193.526	269.513	193.526
kelt20<-1.5	down3d	long	15:55	5	10	39	3468.682	-0.687	21	3700.110	-0.706	25669.007	-0.706	193.049	769.609	323.270	193.049
bb20<-1.5sd	down3d	long	10:30	5	10	43	3452.237	-0.683	22	10912.264	-0.538	75343.436	-0.683	192.277	2698.287	527.966	192.277
bb10>+1.5sd	>sma20d	short	12:00	5	2	56	3931.883	-0.527	38	1348.823	-0.583	10606.828	-0.583	214.164	192.234	206.199	192.234
bb40<-1.0sd	>sma100d	long	15:55	4	15	31	3447.403	-0.392	57	2368.366	-0.944	16329.425	-0.944	192.049	436.954	258.635	192.049
macd8/18/4<-0.0%	none	long	09:30	3	0	203	3446.576	-0.852	115	5745.531	-0.680	39604.821	-0.852	192.010	1299.097	396.153	192.010
bb20<-1.5sd	<sma10d	long	09:30	5	8	34	3441.418	-0.628	19	1854.226	-0.573	12762.330	-0.628	191.768	312.175	227.671	191.768
rsi3<15	down5d	long	09:30	3	0	34	3438.871	-0.501	23	2010.240	-0.452	13825.913	-0.501	191.648	349.775	237.423	191.648
macd8/18/4<-0.0%	down5d	long	09:30	3	8	92	3433.488	-0.819	50	1804.365	-0.443	12390.533	-0.828	191.394	300.211	224.141	191.394
bb20<-1.5sd	>sma50d	long	09:30	5	0	44	3431.447	-0.546	25	7426.686	-0.614	50968.553	-0.614	191.298	1746.287	444.190	191.298
bb20<-1.5sd	>sma50d	long	09:30	5	10	44	3431.447	-0.546	25	9481.789	-0.507	65072.503	-0.546	191.298	2304.074	495.139	191.298
bb20<-1.5sd	>sma50d	long	09:30	5	15	44	3431.447	-0.546	25	7426.686	-0.614	50968.553	-0.614	191.298	1746.287	444.190	191.298
macd8/18/4<-0.0%	down3d	long	09:30	4	0	99	3431.413	-0.889	53	4506.985	-0.622	30930.654	-0.889	191.297	976.224	353.195	191.297
kelt40<-1.5	down5d	long	15:55	2	0	46	3431.241	-0.470	31	2344.887	-0.537	16091.748	-0.537	191.289	431.204	256.714	191.289
rsi3<15	none	long	09:30	3	0	71	3587.397	-0.483	53	1342.020	-0.807	9628.716	-0.807	198.574	190.642	195.537	190.642
kelt40<-2.0	down3d	long	15:55	2	15	40	3416.946	-0.415	26	2138.549	-0.307	14614.608	-0.415	190.614	380.876	244.351	190.614
kelt20<-1.0	>sma50d	long	15:55	5	10	46	3415.329	-0.479	37	1631.948	-0.881	11147.276	-0.881	190.538	259.049	211.825	190.538
bb20<-1.5sd	none	long	09:30	4	15	84	3404.988	-0.829	46	3363.851	-0.753	22907.746	-0.829	190.049	684.532	305.985	190.049
bb40<-1.0sd	down5d	long	09:30	4	10	49	3402.961	-0.875	37	1613.925	-0.568	10984.243	-0.875	189.953	254.766	210.147	189.953
bb40<-1.0sd	down5d	long	15:55	2	15	49	3402.654	-0.564	37	1900.494	-0.516	12933.448	-0.564	189.939	323.300	229.274	189.939
roc20<-2%	down3d	long	10:30	3	15	27	3391.436	-0.250	28	2301.460	-0.646	15610.508	-0.646	189.408	420.581	252.768	189.408
roc20<-2%	down3d	long	10:30	3	0	27	3391.436	-0.250	28	1672.105	-0.743	11341.672	-0.743	189.408	268.606	213.807	189.408
bb78<-1.5sd	down3d	long	15:55	2	0	31	3383.093	-0.321	19	2359.404	-0.308	15964.168	-0.321	189.012	434.758	255.675	189.012
bb78<-1.5sd	down3d	long	15:55	2	15	31	3383.093	-0.321	19	2363.946	-0.307	15994.896	-0.321	189.012	435.871	255.926	189.012
rsi5<30	<sma20d	long	09:30	4	10	44	3372.083	-0.766	31	1770.375	-0.442	11939.705	-0.766	188.490	292.070	219.770	188.490
rsi2>85	>sma20d	short	15:55	4	2	93	3365.282	-0.592	50	2408.581	-0.617	16211.111	-0.617	188.167	446.813	257.681	188.167
kelt20<-1.0	>sma50d	long	12:00	4	10	46	3364.190	-0.452	37	1745.707	-0.790	11745.780	-0.790	188.115	286.170	217.857	188.115
bb20<-1.5sd	down3d	long	15:55	3	15	43	3361.090	-0.453	22	4504.003	-0.453	30276.721	-0.453	187.968	975.454	349.661	187.968
rsi14<35	<sma20d	long	09:30	5	15	36	3348.959	-0.754	22	1475.179	-0.690	9880.628	-0.754	187.390	221.926	198.346	187.390
bb78<-1.5sd	down5d	long	12:00	4	15	29	3347.987	-0.502	16	1531.009	-0.636	10251.599	-0.636	187.344	235.112	202.402	187.344
bb20<-1.5sd	none	long	09:30	3	0	84	3344.182	-0.639	46	2891.637	-0.598	19340.318	-0.639	187.163	566.225	281.572	187.163
macd8/18/4<-0.0%	none	long	10:30	3	15	203	3342.552	-0.894	115	2661.539	-0.834	17792.664	-0.894	187.085	509.126	270.089	187.085
macd12/26/9<-0.1%	up1d	long	09:30	5	8	41	3340.441	-0.705	37	7745.776	-0.735	51748.620	-0.735	186.984	1832.155	447.227	186.984
roc10<-2%	down3d	long	10:30	3	15	26	3340.228	-0.453	19	1491.505	-0.486	9963.930	-0.486	186.974	225.778	199.265	186.974
macd12/26/9<-0.1%	>sma50d	long	09:30	4	10	31	3334.563	-0.319	33	4868.667	-0.405	32469.755	-0.405	186.704	1069.848	361.329	186.704
macd12/26/9<-0.1%	>sma50d	long	09:30	4	0	31	3334.563	-0.319	33	3841.770	-0.491	25621.251	-0.491	186.704	805.642	322.982	186.704
macd12/26/9<-0.1%	>sma50d	long	09:30	4	15	31	3334.563	-0.319	33	3841.770	-0.491	25621.251	-0.491	186.704	805.642	322.982	186.704
bb10>+1.0sd	>sma20d	short	15:55	5	2	94	3332.347	-0.779	50	1516.345	-0.705	10105.976	-0.779	186.598	231.645	200.821	186.598
bb20<-1.5sd	down3d	long	10:30	4	10	43	3315.162	-0.536	22	7644.175	-0.444	50683.353	-0.536	185.777	1804.782	443.073	185.777
roc20<-2%	<sma100d	long	09:30	5	0	29	3315.144	-0.571	14	1696.197	-0.534	11246.273	-0.571	185.776	274.349	212.837	185.776
roc20<-2%	<sma100d	long	09:30	5	15	29	3315.144	-0.571	14	1696.197	-0.534	11246.273	-0.571	185.776	274.349	212.837	185.776
rsi3>90	>sma20d	short	15:55	5	3	54	3311.480	-0.595	38	1329.415	-0.726	8804.660	-0.726	185.600	187.693	186.007	185.600
macd12/26/9<-0.2%	down3d	long	12:00	3	15	26	3291.387	-0.541	15	1420.451	-0.569	9350.507	-0.644	184.637	209.040	192.379	184.637
macd12/26/9<-0.2%	down3d	long	12:00	3	10	26	3291.387	-0.541	15	1661.395	-0.496	10936.588	-0.584	184.637	266.056	209.653	184.637
bb40<-1.0sd	none	long	15:55	2	10	106	3286.140	-0.581	78	4504.791	-0.599	29606.753	-0.599	184.385	975.658	345.990	184.385
bb40<-1.5sd	down3d	long	09:30	5	10	39	3283.887	-0.677	30	9960.097	-0.638	65415.676	-0.677	184.277	2435.387	496.287	184.277
bb78<-1.5sd	down5d	long	12:00	5	15	29	4208.555	-0.601	16	1314.553	-0.780	11064.737	-0.780	226.249	184.219	210.977	184.219
rsi3<20	down3d	long	09:30	3	0	42	3272.555	-0.385	30	2033.271	-0.452	13307.982	-0.452	183.732	355.346	232.736	183.732
roc10>+1%	>sma50d	short	15:55	5	2	34	3271.496	-0.308	37	2333.598	-0.742	15268.710	-0.742	183.681	428.441	249.919	183.681
rsi5<30	<sma10d	long	09:30	3	15	44	3264.679	-0.656	28	1632.610	-0.452	10659.897	-0.656	183.353	259.207	206.760	183.353
rsi5<25	down3d	long	09:30	3	0	47	3260.295	-0.522	27	1929.897	-0.452	12584.064	-0.522	183.141	330.382	225.987	183.141
kelt40<-1.5	down5d	long	15:55	3	15	46	3260.249	-0.743	31	3711.785	-0.704	24202.689	-0.743	183.139	772.575	314.247	183.139
rsi2<10	down3d	long	10:30	3	0	59	3256.578	-0.455	31	1799.932	-0.648	11723.237	-0.648	182.962	299.149	217.634	182.962
bb20<-1.5sd	down3d	long	09:30	3	10	43	3254.976	-0.492	22	2692.741	-0.304	17529.614	-0.492	182.885	516.846	268.075	182.885
rsi14<35	down3d	long	09:30	4	0	43	3245.245	-0.708	27	1681.747	-0.676	10915.365	-0.708	182.415	270.904	209.433	182.415
bb78<-1.5sd	down1d	long	15:55	4	15	39	3242.561	-0.731	17	4098.095	-0.452	26576.644	-0.731	182.286	871.110	328.693	182.286
bb78<-1.5sd	down1d	long	15:55	4	0	39	3242.561	-0.731	17	4098.095	-0.452	26576.644	-0.731	182.286	871.110	328.693	182.286
macd12/26/9<-0.2%	down3d	long	15:55	5	15	26	3241.951	-0.885	15	5110.505	-0.502	33136.016	-0.885	182.256	1132.766	364.775	182.256
macd12/26/9<-0.2%	down3d	long	15:55	5	10	26	3241.951	-0.885	15	2443.243	-0.706	15841.752	-0.892	182.256	455.322	254.674	182.256
rsi2<10	down3d	long	09:30	3	0	59	3238.373	-0.646	31	2131.150	-0.542	13802.917	-0.646	182.083	379.079	237.217	182.083
bb40<-1.0sd	down3d	long	15:55	3	15	59	5994.222	-0.767	44	1304.556	-0.704	15639.600	-0.767	297.019	181.884	253.009	181.884
macd8/18/4<-0.0%	<sma20d	long	09:30	3	0	91	3233.870	-0.831	50	1958.781	-0.524	12668.888	-0.831	181.865	337.346	226.790	181.865
bb20<-1.5sd	>sma50d	long	10:30	4	0	44	3232.900	-0.441	25	2945.950	-0.746	19047.918	-0.746	181.818	579.758	279.449	181.818
bb20<-1.5sd	>sma50d	long	10:30	4	10	44	3232.900	-0.441	25	5006.219	-0.568	32369.207	-0.568	181.818	1105.604	360.805	181.818
bb20<-1.5sd	>sma50d	long	10:30	4	15	44	3232.900	-0.441	25	3339.183	-0.712	21590.484	-0.712	181.818	678.316	297.272	181.818
rsi14<35	<sma10d	long	09:30	4	0	34	3230.594	-0.633	22	2325.165	-0.389	15023.324	-0.633	181.707	426.377	247.848	181.707
rsi5<35	<sma100d	long	09:30	5	0	58	3225.777	-0.765	20	1805.977	-0.534	11651.359	-0.765	181.474	300.597	216.919	181.474
rsi5<30	down3d	long	09:30	3	15	54	3221.225	-0.681	32	2300.093	-0.452	14818.234	-0.681	181.253	420.247	246.100	181.253
bb40<-1.0sd	>sma50d	long	10:30	4	0	50	3220.739	-0.456	42	8102.533	-0.650	52192.282	-0.650	181.229	1928.497	448.941	181.229
bb40<-1.0sd	>sma50d	long	10:30	4	15	50	3220.739	-0.456	42	9184.080	-0.603	59159.044	-0.603	181.229	2222.610	474.725	181.229
bb40<-1.0sd	>sma50d	long	10:30	4	10	50	3220.739	-0.456	42	9623.913	-0.556	61992.219	-0.556	181.229	2343.038	484.660	181.229
macd12/26/9<-0.0%	down5d	long	09:30	3	10	94	3217.867	-0.888	44	1556.527	-0.498	10017.394	-0.888	181.090	241.152	199.852	181.090
macd8/18/4<-0.0%	none	long	10:30	2	15	203	3217.597	-0.735	115	2806.364	-0.649	18059.496	-0.735	181.077	545.020	272.113	181.077
rsi7<25	none	long	09:30	4	10	71	3216.721	-0.661	40	2392.969	-0.606	15395.026	-0.661	181.035	442.984	250.976	181.035
rsi7<25	none	long	09:30	4	0	71	3216.721	-0.661	40	1598.442	-0.737	10283.483	-0.737	181.035	251.090	202.746	181.035
rsi7<25	none	long	09:30	4	15	71	3216.721	-0.661	40	1598.442	-0.737	10283.483	-0.737	181.035	251.090	202.746	181.035
roc20<-2%	<sma100d	long	15:55	3	0	29	3216.455	-0.486	14	3682.241	-0.200	23687.526	-0.486	181.022	765.072	310.995	181.022
bb20<-1.5sd	down3d	long	09:30	4	15	43	3215.645	-0.752	22	2691.604	-0.603	17310.485	-0.752	180.982	516.565	266.383	180.982
roc10<-2%	none	long	10:30	3	10	34	3214.105	-0.442	30	1440.928	-0.467	9262.586	-0.467	180.908	213.857	191.369	180.908
kelt40<-1.5	down3d	long	15:55	3	15	57	3213.386	-0.795	36	4955.309	-0.704	31846.640	-0.795	180.873	1092.361	358.066	180.873
bb40<-1.0sd	none	long	15:55	4	15	106	3204.199	-0.925	78	4408.976	-0.942	28254.478	-0.942	180.427	950.956	338.416	180.427
rsi14<35	<sma20d	long	09:30	4	15	36	3199.799	-0.603	22	1378.229	-0.593	8820.113	-0.603	180.213	199.125	186.191	180.213
bb20<-1.5sd	<sma10d	long	09:30	3	10	34	3432.333	-0.451	19	1296.965	-0.420	8903.233	-0.451	191.340	180.112	187.176	180.112
bb20<-1.5sd	>sma50d	long	12:00	3	0	44	3197.153	-0.313	25	1327.984	-0.690	8491.534	-0.690	180.084	187.359	182.238	180.084
bb20<-1.5sd	>sma50d	long	12:00	3	15	44	3197.153	-0.313	25	1634.185	-0.618	10449.481	-0.618	180.084	259.581	204.527	180.084
bb20<-1.5sd	>sma50d	long	12:00	3	10	44	3197.153	-0.313	25	2429.857	-0.496	15537.248	-0.496	180.084	452.034	252.161	180.084
roc10<-2%	down3d	long	09:30	3	0	26	3654.449	-0.395	19	1296.053	-0.452	9472.720	-0.452	201.659	179.899	193.774	179.899
rsi5<30	none	long	09:30	3	0	107	3178.325	-0.643	61	3106.121	-0.539	19744.525	-0.643	179.168	619.782	284.475	179.168
bb40<-1.0sd	>sma50d	long	12:00	5	4	50	3174.398	-0.545	42	4183.421	-0.664	26559.689	-0.664	178.976	892.978	328.593	178.976
roc10<-2%	down1d	long	15:55	3	15	25	3334.141	-0.474	18	1292.035	-0.582	8615.654	-0.582	186.684	178.962	183.742	178.962
bb20<-1.5sd	down3d	long	12:00	3	10	43	3169.474	-0.477	22	4254.660	-0.496	26970.070	-0.496	178.736	911.263	331.007	178.736
macd8/18/4<-0.0%	down3d	long	09:30	5	0	99	3167.468	-0.954	53	3910.945	-0.800	24775.585	-0.954	178.638	823.276	317.812	178.638
bb40<-1.0sd	>sma50d	long	12:00	3	15	50	3167.056	-0.345	42	3192.827	-0.576	20223.718	-0.576	178.618	641.519	287.867	178.618
bb40<-1.0sd	>sma50d	long	12:00	3	10	50	3167.056	-0.345	42	4058.156	-0.517	25704.814	-0.517	178.618	860.887	323.486	178.618
bb40<-1.0sd	>sma50d	long	12:00	3	0	50	3167.056	-0.345	42	2528.870	-0.630	16018.142	-0.630	178.618	476.382	256.115	178.618
rsi5<30	<sma10d	long	09:30	5	15	44	3166.033	-0.935	28	1607.052	-0.754	10175.961	-0.935	178.568	253.134	201.583	178.568
rsi14<35	down5d	long	10:30	4	15	37	3160.607	-0.603	23	1797.277	-0.564	11360.971	-0.603	178.303	298.512	214.002	178.303
bb40<-1.0sd	>sma50d	long	15:55	3	10	50	3156.041	-0.391	42	3557.469	-0.561	22455.037	-0.561	178.079	733.440	303.027	178.079
bb20<-1.5sd	>sma100d	long	12:00	5	10	29	3155.869	-0.479	34	3131.403	-0.775	19764.591	-0.775	178.071	626.115	284.618	178.071
macd12/26/9<-0.2%	down3d	long	12:00	5	10	26	3155.159	-0.890	15	2167.967	-0.733	13680.559	-0.933	178.036	388.028	236.119	178.036
macd12/26/9<-0.2%	down3d	long	12:00	5	15	26	3155.159	-0.890	15	1428.614	-0.824	9015.011	-0.956	178.036	210.960	188.492	178.036
rsi3>90	>sma20d	short	12:00	5	2	54	3153.309	-0.573	38	2565.524	-0.583	16179.777	-0.583	177.946	485.415	257.428	177.946
bb20<-1.5sd	down3d	long	09:30	5	15	43	3151.557	-0.875	22	2788.876	-0.754	17578.601	-0.875	177.860	540.678	268.452	177.860
bb78<-1.5sd	none	long	15:55	4	0	53	3146.514	-0.779	30	12511.150	-0.612	78733.013	-0.779	177.613	3143.861	538.171	177.613
bb78<-1.5sd	none	long	15:55	4	15	53	3146.514	-0.779	30	12596.364	-0.609	79269.268	-0.779	177.613	3167.742	539.760	177.613
roc20<-2%	down1d	long	15:55	3	15	29	3134.557	-0.486	21	2102.354	-0.582	13179.893	-0.582	177.027	372.087	231.559	177.027
bb20<-1.5sd	down5d	long	15:55	4	15	33	3132.137	-0.682	21	2002.125	-0.683	12541.859	-0.683	176.908	347.814	225.586	176.908
roc10<-2%	down3d	long	09:30	3	15	26	3125.576	-0.483	19	1296.053	-0.452	8101.825	-0.483	176.586	179.899	177.422	176.586
rsi5<30	down3d	long	15:55	2	0	54	3115.084	-0.582	32	1354.522	-0.443	8438.898	-0.582	176.070	193.569	181.596	176.070
rsi5<20	>sma50d	long	09:30	5	10	27	3114.723	-0.399	24	2567.362	-0.507	15993.240	-0.507	176.053	485.868	255.912	176.053
rsi5<20	>sma50d	long	09:30	5	15	27	3114.723	-0.399	24	2010.906	-0.614	12526.832	-0.614	176.053	349.936	225.443	176.053
rsi5<20	>sma50d	long	09:30	5	0	27	3114.723	-0.399	24	2010.906	-0.614	12526.832	-0.614	176.053	349.936	225.443	176.053
bb20<-1.5sd	down5d	long	10:30	3	15	33	3339.373	-0.569	21	1279.448	-0.509	8545.111	-0.569	186.933	176.026	182.889	176.026
bb40<-1.0sd	none	long	09:30	3	0	106	3113.744	-0.745	78	3296.496	-0.702	20528.887	-0.745	176.004	667.570	290.001	176.004
rsi2<15	down3d	long	10:30	3	0	61	3112.077	-0.455	33	2749.734	-0.648	17114.765	-0.648	175.922	530.966	264.860	175.922
rsi3<20	<sma10d	long	09:30	3	0	36	3319.447	-0.358	28	1278.919	-0.602	8490.604	-0.602	185.982	175.903	182.227	175.903
kelt20<-1.5	down3d	long	09:30	3	10	39	3108.649	-0.495	21	1485.426	-0.304	9235.337	-0.495	175.754	224.344	191.055	175.754
kelt40<-1.5	>sma50d	long	15:55	4	15	41	3105.182	-0.355	24	4494.641	-0.603	27913.357	-0.603	175.583	973.039	336.470	175.583
kelt40<-1.5	>sma50d	long	15:55	4	0	41	3105.182	-0.355	24	3823.258	-0.663	23743.821	-0.663	175.583	800.927	311.352	175.583
bb20<-1.5sd	down5d	long	10:30	4	15	33	4557.937	-0.716	21	1277.286	-0.672	11643.574	-0.716	241.017	175.522	216.841	175.522
kelt20<-1.5	none	long	09:30	5	10	73	3102.180	-0.811	43	1457.222	-0.810	9041.132	-0.811	175.435	217.694	188.797	175.435
kelt10>+1.0	>sma20d	short	15:55	5	2	54	3101.855	-0.794	41	2431.010	-0.629	15081.281	-0.794	175.419	452.318	248.339	175.419
rsi3<35	none	long	09:30	4	0	135	3098.883	-0.907	84	1424.476	-0.859	8828.572	-0.907	175.272	209.986	186.291	175.272
roc10<-2%	down3d	long	12:00	5	8	26	3098.304	-0.861	19	1750.731	-0.814	10848.592	-0.951	175.244	287.371	208.738	175.244
rsi2<15	down3d	long	09:30	3	0	61	3097.595	-0.646	33	2930.293	-0.481	18153.720	-0.646	175.209	575.855	272.823	175.209
kelt20<-1.5	down3d	long	15:55	3	10	39	3094.170	-0.432	21	2799.505	-0.472	17324.289	-0.472	175.040	543.317	266.490	175.040
bb20<-1.5sd	down3d	long	12:00	5	15	43	3093.769	-0.830	22	2616.265	-0.824	16188.235	-0.830	175.020	497.937	257.496	175.020
bb10>+1.5sd	>sma20d	short	12:00	4	2	56	3093.008	-0.441	38	1295.850	-0.499	8016.146	-0.499	174.983	179.852	176.343	174.983
rsi5<30	down5d	long	09:30	4	10	47	4033.082	-0.819	30	1274.571	-0.459	10280.900	-0.819	218.627	174.889	202.718	174.889
rsi5<35	down5d	long	09:30	4	0	54	10938.353	-0.626	36	1274.081	-0.603	27872.685	-0.626	454.386	174.775	336.236	174.775
rsi5<35	down5d	long	09:30	4	15	54	5279.121	-0.819	36	1274.081	-0.603	13452.051	-0.819	269.987	174.775	234.051	174.775
roc20<-2%	down3d	long	15:55	2	0	27	3086.182	-0.236	28	3720.390	-0.399	22963.604	-0.399	174.646	774.761	306.348	174.646
rsi5<35	down5d	long	09:30	3	0	54	5990.733	-0.501	36	1272.975	-0.452	15252.109	-0.501	296.891	174.518	249.779	174.518
rsi5<35	down5d	long	09:30	3	15	54	3991.910	-0.668	36	1272.975	-0.452	10163.204	-0.668	216.818	174.518	201.444	174.518
roc20<-2%	<sma100d	long	10:30	4	15	29	3076.656	-0.498	14	1695.383	-0.469	10432.222	-0.498	174.175	274.155	204.343	174.175
roc20<-2%	<sma100d	long	10:30	4	0	29	3076.656	-0.498	14	1695.383	-0.469	10432.222	-0.498	174.175	274.155	204.343	174.175
roc20<-2%	none	long	09:30	3	0	43	3076.628	-0.345	38	2219.824	-0.540	13659.149	-0.540	174.173	400.655	235.926	174.173
roc20<-2%	none	long	09:30	3	15	43	3076.628	-0.345	38	2219.824	-0.540	13659.149	-0.540	174.173	400.655	235.926	174.173
rsi5<35	down3d	long	09:30	4	15	62	3073.013	-0.833	38	4436.718	-0.603	27268.183	-0.833	173.994	958.104	332.746	173.994
roc10<-2%	none	long	15:55	5	15	34	3072.737	-0.787	30	1371.370	-0.940	8427.716	-0.940	173.981	197.517	181.459	173.981
roc10<-2%	down3d	long	12:00	2	10	26	3071.186	-0.203	19	1896.506	-0.349	11649.045	-0.349	173.904	322.340	216.896	173.904
bb40<-1.0sd	>sma100d	long	10:30	5	15	31	3070.725	-0.550	57	4595.292	-0.922	28221.757	-0.922	173.881	999.029	338.230	173.881
bb40<-1.0sd	>sma100d	long	10:30	5	10	31	3070.725	-0.550	57	6639.899	-0.905	40778.603	-0.905	173.881	1535.854	401.490	173.881
rsi5<35	<sma100d	long	10:30	4	0	58	3068.967	-0.592	20	2748.952	-0.423	16872.884	-0.592	173.794	530.773	262.962	173.794
rsi5<20	>sma50d	long	09:30	5	8	27	3068.706	-0.408	24	2999.463	-0.424	18408.943	-0.424	173.781	593.111	274.735	173.781
bb40<-1.0sd	down3d	long	09:30	4	10	59	3067.513	-0.886	44	4255.286	-0.532	26106.297	-0.886	173.722	911.424	325.898	173.722
kelt40<-1.5	down3d	long	15:55	3	10	57	3063.831	-0.721	36	3704.502	-0.667	22699.940	-0.721	173.540	770.725	304.632	173.540
bb20<-1.5sd	down3d	long	12:00	3	15	43	3062.015	-0.486	22	2861.445	-0.569	17523.576	-0.569	173.450	558.712	268.029	173.450
roc10<-2%	none	long	12:00	3	15	34	3331.216	-0.460	30	1267.703	-0.661	8445.983	-0.661	186.544	173.289	181.682	173.289
macd8/18/4<-0.0%	<sma20d	long	09:30	4	10	91	3058.080	-0.942	50	3208.239	-0.573	19622.105	-0.942	173.255	645.387	283.600	173.255
bb20<-1.5sd	>sma50d	long	10:30	5	4	44	3055.085	-0.452	25	3316.713	-0.619	20265.678	-0.619	173.106	672.658	288.162	173.106
kelt20>+2.0	>sma20d	short	15:55	5	2	28	3295.350	-0.540	25	1264.885	-0.532	8336.479	-0.540	184.827	172.633	180.339	172.633
bb40<-1.0sd	down5d	long	09:30	3	10	49	3042.683	-0.734	37	1443.791	-0.453	8786.000	-0.734	172.490	214.531	185.785	172.490
rsi2<20	down3d	long	12:00	4	0	65	3038.508	-0.658	37	2134.363	-0.829	12970.555	-0.829	172.282	379.859	229.620	172.282
bb20<-1.5sd	down5d	long	10:30	4	8	33	3036.697	-0.546	21	1306.378	-0.591	7934.149	-0.591	172.192	182.310	175.304	172.192
bb20<-1.5sd	>sma100d	long	10:30	5	10	29	3030.697	-0.528	34	6614.289	-0.793	40091.815	-0.793	171.894	1529.037	398.379	171.894
bb20<-1.5sd	>sma100d	long	10:30	5	15	29	3030.697	-0.528	34	2774.292	-0.838	16816.077	-0.838	171.894	537.058	262.514	171.894
bb10>+1.0sd	>sma20d	short	15:55	4	2	94	3026.140	-0.686	50	1523.997	-0.597	9223.655	-0.686	171.667	233.454	190.920	171.667
rsi3<15	down1d	long	09:30	4	0	35	3025.510	-0.634	22	1451.563	-0.491	8783.438	-0.634	171.635	216.361	185.754	171.635
bb20<-1.5sd	none	long	09:30	5	15	84	3022.834	-0.922	46	2811.405	-0.875	16996.822	-0.922	171.502	546.273	263.937	171.502
macd8/18/4<-0.0%	<sma20d	long	09:30	3	10	91	3022.360	-0.842	50	2646.758	-0.453	15998.913	-0.842	171.478	505.471	255.959	171.478
kelt40<-1.5	>sma50d	long	12:00	5	10	41	3019.444	-0.572	24	1465.700	-0.758	8851.199	-0.758	171.333	219.692	186.560	171.333
kelt40<-1.5	>sma50d	long	12:00	5	15	41	3019.444	-0.572	24	1849.671	-0.824	11169.955	-0.824	171.333	311.081	212.058	171.333
kelt40<-1.5	>sma50d	long	12:00	5	0	41	3019.444	-0.572	24	1849.671	-0.824	11169.955	-0.824	171.333	311.081	212.058	171.333
macd12/26/9<-0.1%	none	long	09:30	5	2	93	3018.565	-0.541	60	7464.488	-0.674	45064.080	-0.674	171.289	1756.444	420.189	171.289
roc20<-2%	down5d	long	10:30	3	15	27	3018.343	-0.322	21	1746.638	-0.506	10543.903	-0.506	171.278	286.393	205.533	171.278
roc20<-2%	down5d	long	10:30	3	0	27	3018.343	-0.322	21	1269.004	-0.641	7660.577	-0.641	171.278	173.592	171.788	171.278
macd12/26/9<-0.2%	down3d	long	09:30	3	0	26	3007.150	-0.486	15	1610.234	-0.188	9684.427	-0.486	170.719	253.890	196.162	170.719
bb78<-1.5sd	none	long	15:55	3	0	53	3002.607	-0.657	30	7452.763	-0.461	44755.445	-0.657	170.492	1753.293	418.881	170.492
bb78<-1.5sd	none	long	15:55	3	15	53	3002.607	-0.657	30	7480.259	-0.459	44920.559	-0.657	170.492	1760.683	419.582	170.492
rsi5<35	<sma10d	long	09:30	4	15	51	3001.704	-0.810	33	2658.394	-0.603	15959.423	-0.810	170.447	508.348	255.636	170.447
roc10<-2%	down3d	long	15:55	2	10	26	2999.081	-0.203	19	2784.006	-0.331	16698.918	-0.331	170.316	539.469	261.587	170.316
macd8/18/4<-0.0%	>sma100d	long	09:30	5	10	56	2998.777	-0.571	85	3345.542	-0.774	20065.070	-0.774	170.300	679.918	286.750	170.300
bb20<-1.5sd	down3d	long	09:30	3	0	43	2993.691	-0.533	22	2119.845	-0.452	12692.318	-0.533	170.046	376.333	227.012	170.046
roc10<-2%	none	long	15:55	3	15	34	2992.897	-0.496	30	2900.736	-0.700	17363.208	-0.700	170.006	568.491	266.792	170.006
kelt20<-1.0	>sma50d	long	12:00	5	10	46	4272.178	-0.537	37	1253.487	-0.881	10710.240	-0.881	228.978	169.979	207.290	169.979
macd12/26/9<-0.0%	down5d	long	09:30	4	10	94	2991.443	-0.966	44	1724.458	-0.614	10317.237	-0.966	169.933	281.093	203.110	169.933
roc20<-2%	down3d	long	15:55	2	10	27	2988.409	-0.203	28	2330.735	-0.369	13930.380	-0.369	169.781	427.740	238.354	169.781
macd12/26/9<-0.1%	none	long	09:30	3	10	93	2987.496	-0.866	60	2322.493	-0.591	13876.876	-0.866	169.735	425.724	237.878	169.735
rsi5<35	down5d	long	09:30	4	10	54	2985.654	-0.819	36	1907.379	-0.459	11389.550	-0.819	169.643	324.958	214.291	169.643
kelt40<-2.0	down3d	long	09:30	3	10	40	2979.631	-0.520	26	1707.232	-0.415	10173.843	-0.520	169.341	276.981	201.560	169.341
macd8/18/4<-0.0%	>sma50d	long	09:30	5	0	85	2978.883	-0.597	68	2557.567	-0.876	15237.387	-0.876	169.303	483.453	249.655	169.303
macd8/18/4<-0.0%	>sma50d	long	09:30	5	10	85	2978.883	-0.597	68	5929.182	-0.757	35324.676	-0.757	169.303	1347.485	375.794	169.303
macd8/18/4<-0.0%	>sma50d	long	09:30	5	15	85	2978.883	-0.597	68	2557.567	-0.876	15237.387	-0.876	169.303	483.453	249.655	169.303
rsi2<10	down3d	long	15:55	2	0	59	2977.447	-0.412	31	1920.126	-0.521	11434.146	-0.521	169.231	328.027	214.741	169.231
roc6>+1%	>sma100d	short	15:55	5	2	28	2976.296	-0.372	48	1268.334	-0.783	7549.876	-0.783	169.174	173.436	170.343	169.174
bb20<-1.5sd	down3d	long	15:55	5	15	43	2974.256	-0.807	22	7084.060	-0.754	42139.614	-0.807	169.071	1654.416	407.558	169.071
kelt40<-1.5	>sma100d	long	15:55	4	15	25	2969.066	-0.299	40	3388.657	-0.944	20122.291	-0.944	168.810	690.785	287.153	168.810
kelt40<-1.5	>sma100d	long	15:55	4	0	25	2969.066	-0.299	40	5327.220	-0.913	31633.731	-0.913	168.810	1189.352	356.942	168.810
bb20<-1.5sd	>sma50d	long	12:00	5	4	44	2966.837	-0.531	25	2678.951	-0.624	15896.018	-0.624	168.698	513.433	255.118	168.698
roc6<-1%	down3d	long	09:30	4	0	48	2962.670	-0.827	26	1282.832	-0.694	7601.217	-0.827	168.489	176.815	171.015	168.489
bb20<-1.0sd	>sma50d	long	09:30	5	0	55	2960.341	-0.546	46	5044.013	-0.675	29863.997	-0.675	168.372	1115.442	347.405	168.372
bb20<-1.0sd	>sma50d	long	09:30	5	10	55	2960.341	-0.546	46	7591.868	-0.613	44949.042	-0.613	168.372	1790.701	419.702	168.372
bb20<-1.0sd	>sma50d	long	09:30	5	15	55	2960.341	-0.546	46	5044.013	-0.675	29863.997	-0.675	168.372	1115.442	347.405	168.372
macd8/18/4<-0.0%	none	long	09:30	4	0	203	2947.968	-0.944	115	5328.219	-0.835	31414.839	-0.944	167.748	1189.613	355.781	167.748
rsi5<25	down3d	long	10:30	3	0	47	2947.694	-0.322	27	1482.457	-0.631	8739.660	-0.631	167.735	223.643	185.232	167.735
bb78<-1.5sd	down3d	long	09:30	4	15	31	2946.428	-0.325	19	1827.601	-0.688	10769.787	-0.688	167.671	305.783	207.915	167.671
bb78<-1.5sd	down3d	long	09:30	4	10	31	2946.428	-0.325	19	2736.034	-0.532	16123.054	-0.532	167.671	527.570	256.968	167.671
bb78<-1.5sd	down3d	long	09:30	4	0	31	2946.428	-0.325	19	1827.601	-0.688	10769.787	-0.688	167.671	305.783	207.915	167.671
kelt20<-1.0	<sma10d	long	09:30	5	0	40	2945.468	-0.886	32	1277.314	-0.819	7524.574	-0.886	167.622	175.529	170.010	167.622
rsi14<35	down3d	long	09:30	5	0	43	3748.061	-0.817	27	1243.040	-0.845	9317.975	-0.845	205.924	167.548	192.006	167.548
bb40<-1.5sd	>sma50d	long	15:55	4	10	39	2942.219	-0.503	26	5507.532	-0.597	32408.732	-0.597	167.459	1236.575	361.011	167.459
rsi3<20	<sma10d	long	09:30	4	0	36	5246.734	-0.481	28	1241.697	-0.748	13029.712	-0.748	268.726	167.236	230.170	167.236
roc10>+1%	>sma20d	short	15:55	3	2	46	2961.033	-0.239	31	1241.457	-0.511	7351.992	-0.511	168.407	167.180	167.725	167.180
bb40<-1.5sd	>sma50d	long	12:00	5	0	39	2936.452	-0.571	26	3793.405	-0.824	22278.302	-0.824	167.167	793.328	301.862	167.167
bb40<-1.5sd	>sma50d	long	12:00	5	10	39	2936.452	-0.571	26	7755.937	-0.733	45549.869	-0.733	167.167	1834.894	422.237	167.167
bb40<-1.5sd	>sma50d	long	12:00	5	15	39	2936.452	-0.571	26	3793.405	-0.824	22278.302	-0.824	167.167	793.328	301.862	167.167
bb40<-1.0sd	>sma50d	long	09:30	4	0	50	2936.253	-0.452	42	18059.291	-0.491	106053.298	-0.491	167.157	4722.997	611.756	167.157
bb40<-1.0sd	>sma50d	long	09:30	4	15	50	2936.253	-0.452	42	18059.291	-0.491	106053.298	-0.491	167.157	4722.997	611.756	167.157
bb40<-1.0sd	>sma50d	long	09:30	4	10	50	2936.253	-0.452	42	21093.347	-0.451	123870.805	-0.452	167.157	5604.259	653.424	167.157
rsi3<20	down3d	long	15:55	4	0	42	2936.071	-0.686	30	2260.815	-0.821	13275.826	-0.821	167.148	410.653	232.441	167.148
bb78<-1.5sd	down1d	long	15:55	5	15	39	2935.159	-0.831	17	5701.097	-0.545	33467.245	-0.831	167.102	1287.408	366.472	167.102
bb78<-1.5sd	down1d	long	15:55	5	0	39	2935.159	-0.831	17	5701.097	-0.545	33467.245	-0.831	167.102	1287.408	366.472	167.102
kelt40<-2.0	down3d	long	15:55	3	0	40	2934.596	-0.786	26	3322.017	-0.461	19497.554	-0.786	167.074	673.994	282.706	167.074
rsi3<35	none	long	09:30	3	0	135	2925.839	-0.797	84	2028.009	-0.733	11867.252	-0.797	166.631	354.073	219.058	166.631
bb40<-1.5sd	none	long	09:30	3	10	76	2921.393	-0.439	53	8877.710	-0.415	51870.559	-0.439	166.406	2138.998	447.699	166.406
roc20<-2%	<sma100d	long	15:55	4	15	29	2920.446	-0.724	14	3326.251	-0.605	19428.275	-0.724	166.358	675.060	282.207	166.358
rsi14<35	down5d	long	10:30	5	15	37	2915.681	-0.754	23	1952.800	-0.657	11387.486	-0.754	166.117	335.904	214.270	166.117
roc20<-2%	down5d	long	09:30	5	8	27	2914.625	-0.636	21	1437.755	-0.651	8381.035	-0.785	166.063	213.110	180.887	166.063
roc20<-1%	down5d	long	09:30	3	0	55	3074.486	-0.582	35	1236.528	-0.591	7603.373	-0.591	174.067	166.034	171.043	166.034
macd12/26/9<-0.1%	up1d	long	10:30	4	8	41	2913.838	-0.449	37	6567.654	-0.606	38274.153	-0.606	166.023	1516.629	389.980	166.023
rsi3<15	down3d	long	12:00	3	0	37	2910.950	-0.352	27	1486.424	-0.640	8653.812	-0.640	165.877	224.579	184.202	165.877
rsi5<35	<sma100d	long	12:00	3	0	58	2908.514	-0.531	20	2191.182	-0.384	12746.168	-0.531	165.753	393.678	227.519	165.753
rsi3<20	down1d	long	10:30	3	0	40	2902.613	-0.441	26	1236.346	-0.593	7177.265	-0.593	165.454	165.992	165.376	165.454
kelt40<-2.0	down3d	long	09:30	4	15	40	2902.197	-0.769	26	1427.865	-0.688	8287.894	-0.769	165.433	210.783	179.739	165.433
macd12/26/9<-0.2%	none	long	12:00	4	10	37	2901.482	-0.876	25	1901.044	-0.624	11031.688	-0.905	165.397	323.433	210.637	165.397
rsi5<35	<sma100d	long	09:30	4	0	58	2898.004	-0.660	20	1542.489	-0.442	8940.278	-0.660	165.220	237.828	187.613	165.220
macd8/18/4<-0.0%	down3d	long	09:30	3	0	99	2897.272	-0.774	53	3695.844	-0.452	21415.728	-0.774	165.183	768.526	296.091	165.183
macd8/18/4<-0.0%	down5d	long	09:30	2	10	92	2896.334	-0.671	50	1322.189	-0.318	7659.001	-0.671	165.135	186.004	171.768	165.135
roc20<-2%	down3d	long	10:30	3	10	27	2891.868	-0.304	28	3135.075	-0.518	18132.442	-0.518	164.908	627.035	272.663	164.908
roc20<-1%	down3d	long	09:30	3	0	64	2885.494	-0.623	44	2237.101	-0.728	12910.285	-0.728	164.584	404.867	229.058	164.584
macd12/26/9<-0.0%	down3d	long	09:30	3	0	100	2885.460	-0.794	53	1279.972	-0.507	7386.616	-0.794	164.582	176.148	168.186	164.582
macd12/26/9<-0.1%	none	long	09:30	4	10	93	2885.330	-0.955	60	2620.663	-0.744	15122.959	-0.955	164.575	499.023	248.691	164.575
kelt20<-1.5	none	long	09:30	4	10	73	2885.287	-0.706	43	1599.499	-0.711	9230.027	-0.711	164.573	251.341	190.993	164.573
bb78<-1.5sd	down1d	long	15:55	3	15	39	2883.924	-0.600	17	2751.640	-0.351	15871.044	-0.600	164.504	531.439	254.914	164.504
bb78<-1.5sd	down1d	long	15:55	3	0	39	2883.924	-0.600	17	2751.640	-0.351	15871.044	-0.600	164.504	531.439	254.914	164.504
rsi3<20	<sma100d	long	09:30	5	0	44	2883.122	-0.703	14	2374.606	-0.611	13692.560	-0.703	164.463	438.483	236.227	164.463
roc10<-2%	down3d	long	09:30	5	0	26	8488.857	-0.661	19	1227.928	-0.754	20847.404	-0.754	381.610	164.035	292.207	164.035
roc10<-2%	down3d	long	09:30	5	15	26	5213.590	-0.792	19	1227.928	-0.754	12803.821	-0.792	267.431	164.035	228.061	164.035
rsi3>90	>sma20d	short	15:55	3	2	54	2869.453	-0.352	38	1727.265	-0.440	9912.607	-0.440	163.766	281.764	198.700	163.766
rsi2>90	>sma20d	short	15:55	5	2	91	2866.786	-0.738	45	1526.427	-0.785	8751.878	-0.785	163.630	234.029	185.378	163.630
rsi3<20	down3d	long	10:30	3	0	42	2864.992	-0.363	30	1422.696	-0.648	8152.028	-0.648	163.539	209.568	178.050	163.539
macd12/26/9<-0.0%	down5d	long	09:30	3	0	94	4485.208	-0.845	44	1225.367	-0.498	10992.051	-0.845	237.985	163.440	210.227	163.440
bb20<-1.5sd	none	long	09:30	3	15	84	2860.211	-0.692	46	2891.637	-0.598	16541.381	-0.692	163.294	566.225	260.334	163.294
rsi14<35	down3d	long	15:55	3	10	43	2859.376	-0.367	27	3989.996	-0.502	22817.793	-0.502	163.252	843.459	305.401	163.252
rsi5<35	<sma100d	long	15:55	4	0	58	2859.091	-0.686	20	3064.733	-0.643	17524.700	-0.686	163.237	609.424	268.038	163.237
bb40>+2.0sd	>sma20d	short	15:55	5	2	27	6859.295	-0.549	21	1224.221	-0.532	16794.584	-0.549	327.869	163.174	262.344	163.174
bb40<-1.5sd	>sma100d	long	15:55	4	15	25	2851.420	-0.279	37	2847.370	-0.944	16238.094	-0.944	162.845	555.211	257.899	162.845
bb40<-1.5sd	>sma100d	long	15:55	4	0	25	2851.420	-0.279	37	4476.276	-0.913	25527.485	-0.913	162.845	968.302	322.414	162.845
kelt20<-1.5	down3d	long	09:30	4	15	39	3075.120	-0.753	21	1222.775	-0.603	7520.360	-0.753	174.099	162.838	169.955	162.838
kelt20<-1.5	down3d	long	09:30	4	0	39	4032.778	-0.676	21	1222.775	-0.603	9862.361	-0.676	218.614	162.838	198.144	162.838
bb40<-1.5sd	>sma50d	long	15:55	3	0	39	2848.862	-0.209	26	4039.526	-0.497	23016.102	-0.497	162.714	856.121	306.688	162.714
bb40<-1.5sd	>sma50d	long	15:55	3	15	39	2848.862	-0.209	26	4396.338	-0.453	25049.119	-0.453	162.714	947.701	319.496	162.714
kelt40<-2.0	down3d	long	09:30	5	0	40	4597.426	-0.809	26	1222.225	-0.819	11238.177	-0.819	242.654	162.710	212.754	162.710
bb40<-1.0sd	down3d	long	15:55	2	10	59	3838.792	-0.502	44	1222.131	-0.497	9383.014	-0.502	210.013	162.688	192.751	162.688
rsi2<15	down3d	long	15:55	2	0	61	2845.776	-0.412	33	2656.570	-0.521	15120.006	-0.521	162.556	507.897	248.666	162.556
rsi3>90	>sma20d	short	15:55	4	3	54	2845.534	-0.495	38	1370.100	-0.639	7797.331	-0.639	162.544	197.219	173.556	162.544
roc20<-2%	none	long	09:30	3	10	43	2839.395	-0.358	38	3106.022	-0.415	17638.442	-0.415	162.229	619.757	268.911	162.229
rsi5<35	down3d	long	10:30	3	0	62	2838.968	-0.355	38	2280.393	-0.689	12947.925	-0.689	162.207	415.433	229.409	162.207
rsi14<35	down5d	long	12:00	3	0	37	2830.443	-0.613	23	1817.593	-0.569	10289.187	-0.613	161.770	303.382	202.808	161.770
bb20<-1.5sd	down5d	long	10:30	5	8	33	3487.096	-0.649	21	1217.429	-0.690	8490.584	-0.690	193.911	161.596	182.226	161.596
bb20<-1.5sd	>sma100d	long	15:55	5	10	29	2825.697	-0.533	34	3074.354	-0.776	17374.383	-0.776	161.526	611.831	266.878	161.526
bb20<-1.5sd	>sma100d	long	15:55	5	15	29	2825.697	-0.533	34	3471.018	-0.851	19616.085	-0.851	161.526	711.575	283.557	161.526
rsi3>85	>sma20d	short	12:00	4	2	60	2824.429	-0.423	43	2969.478	-0.508	16774.155	-0.508	161.461	585.626	262.183	161.461
kelt40<-2.0	down3d	long	09:30	5	15	40	2823.595	-0.883	26	1222.225	-0.819	6902.136	-0.883	161.418	162.710	161.603	161.418
roc20<-2%	down3d	long	15:55	2	15	27	2820.855	-0.302	28	1860.847	-0.558	10498.359	-0.558	161.277	313.766	205.049	161.277
kelt20<-1.0	>sma50d	long	15:55	4	10	46	2819.031	-0.374	37	2255.078	-0.790	12714.267	-0.790	161.183	409.253	227.219	161.183
kelt20<-1.0	>sma50d	long	15:55	4	15	46	2819.031	-0.374	37	2354.935	-0.843	13277.267	-0.843	161.183	433.664	232.454	161.183
rsi5<35	down3d	long	12:00	3	0	62	2816.807	-0.445	38	2523.845	-0.676	14218.370	-0.676	161.069	475.144	240.900	161.069
macd8/18/4<-0.0%	down5d	long	09:30	3	15	92	4201.676	-0.901	50	1215.037	-0.527	10210.380	-0.901	225.953	161.041	201.956	161.041
macd8/18/4<-0.0%	down5d	long	09:30	3	0	92	7349.016	-0.826	50	1215.037	-0.527	17858.647	-0.826	344.565	161.041	270.592	161.041
rsi3<20	down3d	long	15:55	5	0	42	2815.516	-0.809	30	1320.824	-0.910	7437.603	-0.910	161.003	185.685	168.863	161.003
rsi3<15	<sma20d	long	09:30	3	0	28	2807.832	-0.475	26	1846.107	-0.602	10367.119	-0.602	160.607	310.225	203.646	160.607
rsi5<30	>sma50d	long	09:30	5	0	47	2806.843	-0.577	33	2904.256	-0.702	16303.578	-0.702	160.556	569.368	258.427	160.556
rsi5<30	>sma50d	long	09:30	5	15	47	2806.843	-0.577	33	2904.256	-0.702	16303.578	-0.702	160.556	569.368	258.427	160.556
rsi5<30	>sma50d	long	09:30	5	10	47	2806.843	-0.577	33	3855.194	-0.604	21641.850	-0.604	160.556	809.062	297.618	160.556
rsi2<20	down3d	long	12:00	3	0	65	2805.549	-0.533	37	2578.411	-0.707	14467.719	-0.707	160.489	488.593	243.079	160.489
bb40<-1.0sd	down5d	long	15:55	4	0	49	2803.685	-0.944	37	3279.983	-0.869	18392.077	-0.944	160.393	663.416	274.609	160.393
bb20<-1.5sd	<sma10d	long	09:30	4	8	34	2801.994	-0.524	19	1661.764	-0.477	9312.507	-0.524	160.306	266.144	191.943	160.306
bb20<-1.5sd	down1d	long	09:30	5	10	48	2792.468	-0.824	21	1711.798	-0.606	9560.278	-0.824	159.814	278.071	194.765	159.814
roc20<-2%	down3d	long	12:00	3	10	27	2788.642	-0.389	28	1992.550	-0.554	11113.015	-0.554	159.617	345.500	211.474	159.617
rsi14<35	<sma20d	long	12:00	5	10	36	2781.896	-0.662	22	6298.101	-0.509	35041.330	-0.662	159.268	1445.049	374.392	159.268
macd8/18/4<-0.0%	none	long	15:55	2	15	203	2780.453	-0.760	115	4454.036	-0.754	24768.481	-0.760	159.193	962.568	317.769	159.193
roc20<-2%	<sma100d	long	15:55	4	10	29	2778.579	-0.682	14	2788.731	-0.407	15497.418	-0.682	159.096	540.642	251.830	159.096
rsi3<15	down3d	long	12:00	4	0	37	4056.412	-0.450	27	1206.141	-0.773	9785.213	-0.773	219.649	158.976	197.287	158.976
roc20<-2%	down5d	long	15:55	2	0	27	2774.212	-0.276	21	3308.216	-0.308	18355.385	-0.308	158.870	670.520	274.335	158.870
roc20<-2%	<sma100d	long	09:30	5	10	29	2769.591	-0.571	14	1696.197	-0.534	9395.542	-0.571	158.631	274.349	192.894	158.631
macd12/26/9<-0.0%	down5d	long	15:55	3	4	94	2927.558	-0.857	44	1204.618	-0.505	7053.180	-0.857	166.718	158.623	163.686	158.623
bb40<-1.0sd	down3d	long	09:30	3	10	59	2767.886	-0.755	44	3104.514	-0.415	17185.880	-0.755	158.542	619.380	265.415	158.542
roc10<-2%	none	long	09:30	3	0	34	3324.807	-0.438	30	1203.238	-0.464	8001.069	-0.464	186.238	158.303	176.153	158.303
roc10<-2%	none	long	09:30	3	15	34	2843.640	-0.519	30	1203.238	-0.464	6843.152	-0.519	162.447	158.303	160.782	158.303
rsi5<30	down5d	long	09:30	5	10	47	2759.547	-0.939	30	1227.867	-0.552	6776.716	-0.939	158.110	164.021	159.851	158.110
macd12/26/9<-0.1%	up1d	long	09:30	5	15	41	2756.280	-0.757	37	2367.737	-0.919	13052.295	-0.919	157.940	436.800	230.379	157.940
bb78<-1.5sd	down3d	long	15:55	2	10	31	2754.659	-0.307	19	1692.926	-0.370	9326.869	-0.370	157.856	273.569	192.108	157.856
macd8/18/4<-0.0%	none	long	12:00	2	10	203	2754.084	-0.708	115	2464.535	-0.624	13575.072	-0.708	157.826	460.553	235.167	157.826
rsi5<30	<sma20d	long	09:30	3	10	44	2753.986	-0.601	31	1520.827	-0.343	8376.670	-0.601	157.821	232.705	180.833	157.821
macd8/18/4<-0.0%	none	long	12:00	2	15	203	2753.089	-0.776	115	2633.929	-0.723	14502.881	-0.776	157.774	502.300	243.384	157.774
kelt40<-1.5	down3d	long	09:30	3	0	57	2745.811	-0.660	36	1965.403	-0.540	10793.249	-0.660	157.396	338.944	208.160	157.396
rsi2<25	down3d	long	12:00	4	0	68	2744.005	-0.743	39	1335.786	-0.863	7330.804	-0.863	157.302	189.183	167.442	157.302
roc20<-2%	<sma100d	long	09:30	4	15	29	2743.146	-0.461	14	1473.544	-0.442	8084.294	-0.461	157.257	221.541	177.202	157.257
roc20<-2%	<sma100d	long	09:30	4	0	29	2743.146	-0.461	14	1473.544	-0.442	8084.294	-0.461	157.257	221.541	177.202	157.257
rsi5<30	down3d	long	09:30	5	15	54	2741.207	-0.946	32	2607.456	-0.754	14295.154	-0.946	157.156	495.761	241.574	157.156
rsi5<35	<sma20d	long	09:30	4	10	50	2741.045	-0.783	36	3217.046	-0.442	17636.138	-0.783	157.148	647.599	268.893	157.148
rsi5<35	<sma20d	long	09:30	4	15	50	2741.045	-0.783	36	2148.905	-0.603	11780.489	-0.783	157.148	383.393	218.201	157.148
kelt40<-2.0	down3d	long	09:30	3	0	40	2740.448	-0.558	26	1344.009	-0.540	7366.371	-0.558	157.117	191.108	167.917	157.117
rsi5<30	<sma20d	long	09:30	3	15	44	2753.986	-0.601	31	1197.262	-0.452	6594.485	-0.601	157.821	156.917	157.269	156.917
rsi5<30	<sma20d	long	09:30	3	0	44	4132.957	-0.402	31	1197.262	-0.452	9896.465	-0.452	222.983	156.917	198.521	156.917
macd8/18/4<-0.0%	<sma20d	long	09:30	5	0	91	2734.372	-0.980	50	1378.517	-0.856	7538.754	-0.980	156.800	199.193	170.197	156.800
rsi14<35	<sma20d	long	09:30	3	0	36	2873.742	-0.360	22	1196.090	-0.477	6874.511	-0.477	163.985	156.645	161.219	156.645
rsi14<35	<sma20d	long	09:30	3	10	36	3124.558	-0.304	22	1196.090	-0.477	7474.509	-0.477	176.536	156.645	169.351	156.645
macd8/18/4<-0.0%	down5d	long	09:30	5	10	92	2729.467	-0.986	50	1471.580	-0.678	8033.255	-0.986	156.544	221.078	176.559	156.544
macd12/26/9<-0.1%	up1d	long	10:30	3	10	41	2728.139	-0.304	37	4233.321	-0.516	23098.178	-0.516	156.475	905.783	307.218	156.475
bb40<-1.5sd	down3d	long	09:30	4	10	39	2726.008	-0.563	30	6658.725	-0.532	36303.471	-0.563	156.364	1540.867	380.582	156.364
roc20<-2%	<sma100d	long	15:55	3	15	29	2725.891	-0.565	14	2512.847	-0.454	13699.496	-0.565	156.357	472.437	236.289	156.357
roc20<-1%	down5d	long	09:30	4	0	55	4002.539	-0.724	35	1194.676	-0.734	9563.471	-0.734	217.286	156.317	194.801	156.317
macd12/26/9<-0.1%	up1d	long	09:30	5	0	41	2723.711	-0.760	37	2367.737	-0.919	12898.066	-0.919	156.244	436.800	228.944	156.244
rsi3<15	down5d	long	10:30	3	0	34	2723.295	-0.343	23	1210.261	-0.714	6591.793	-0.714	156.222	159.932	157.231	156.222
bb40<-1.0sd	>sma10d	long	15:55	4	15	59	2722.602	-0.791	41	1942.572	-0.802	10577.701	-0.802	156.186	333.437	205.891	156.186
kelt20<-1.0	<sma10d	long	09:30	4	0	40	2719.822	-0.796	32	1539.156	-0.688	8372.460	-0.796	156.041	237.040	180.781	156.041
rsi3<35	>sma50d	long	09:30	5	0	66	2719.201	-0.557	51	3246.299	-0.885	17654.675	-0.885	156.008	654.947	269.035	156.008
rsi3<35	>sma50d	long	09:30	5	15	66	2719.201	-0.557	51	3246.299	-0.885	17654.675	-0.885	156.008	654.947	269.035	156.008
rsi3<35	>sma50d	long	09:30	5	10	66	2719.201	-0.557	51	7525.860	-0.765	40928.649	-0.765	156.008	1772.943	402.165	156.008
bb20<-1.5sd	down5d	long	15:55	3	15	33	2714.242	-0.534	21	1810.612	-0.519	9828.877	-0.534	155.749	301.708	197.773	155.749
roc6>+1%	>sma20d	short	15:55	5	2	43	2712.568	-0.613	35	1309.433	-0.697	7103.855	-0.697	155.661	183.023	164.378	155.661
bb40<-1.5sd	>sma50d	long	09:30	5	0	39	2710.999	-0.546	26	35290.724	-0.271	191346.260	-0.546	155.579	9847.968	783.537	155.579
bb40<-1.5sd	>sma50d	long	09:30	5	10	39	2710.999	-0.546	26	35290.724	-0.271	191346.260	-0.546	155.579	9847.968	783.537	155.579
bb40<-1.5sd	>sma50d	long	09:30	5	15	39	2710.999	-0.546	26	35290.724	-0.271	191346.260	-0.546	155.579	9847.968	783.537	155.579
macd8/18/4<-0.0%	>sma10d	long	15:55	3	10	113	3849.019	-0.674	67	1189.163	-0.771	9154.220	-0.771	210.472	155.039	190.116	155.039
rsi5<30	down3d	long	12:00	4	0	54	6684.175	-0.573	32	1189.088	-0.777	15896.144	-0.777	321.770	155.022	255.119	155.022
rsi5<35	down3d	long	09:30	3	15	62	2699.229	-0.681	38	3307.148	-0.452	17853.498	-0.681	154.963	670.251	270.552	154.963
bb40<-1.5sd	none	long	09:30	4	15	76	2698.144	-0.654	53	11178.538	-0.688	60322.618	-0.688	154.906	2772.146	478.841	154.906
kelt20<-1.5	down3d	long	12:00	4	10	39	2693.866	-0.530	21	3718.749	-0.624	20035.625	-0.624	154.681	774.344	286.542	154.681
macd12/26/9<-0.1%	up1d	long	12:00	5	10	41	2692.709	-0.640	37	7864.338	-0.772	42352.745	-0.772	154.621	1864.134	408.497	154.621
macd12/26/9<-0.0%	down5d	long	15:55	3	3	94	3337.294	-0.797	44	1187.202	-0.654	7924.080	-0.797	186.834	154.585	175.176	154.585
roc10<-2%	down3d	long	12:00	2	15	26	2689.842	-0.302	19	1520.840	-0.404	8181.637	-0.404	154.470	232.708	178.420	154.470
bb40<-1.5sd	none	long	09:30	3	0	76	2686.885	-0.439	53	6988.925	-0.540	37556.880	-0.540	154.315	1628.969	386.595	154.315
bb10<-1.0sd	none	long	09:30	4	0	120	2686.398	-0.808	70	1668.648	-0.802	8965.305	-0.808	154.289	267.783	187.908	154.289
bb40<-1.0sd	down5d	long	10:30	3	0	49	2859.464	-0.655	37	1185.751	-0.742	6781.226	-0.742	163.256	154.248	159.915	154.248
rsi14<35	none	long	09:30	3	10	73	2682.198	-0.448	44	1614.945	-0.497	8663.204	-0.497	154.068	255.009	184.315	154.068
rsi14<35	<sma20d	long	12:00	4	10	36	2682.126	-0.518	22	4677.878	-0.407	25093.312	-0.518	154.065	1020.388	319.767	154.065
rsi7<30	>sma50d	long	09:30	5	0	36	2680.685	-0.493	32	1315.604	-0.772	7053.438	-0.772	153.989	184.465	163.690	153.989
rsi7<30	>sma50d	long	09:30	5	10	36	2680.685	-0.493	32	1746.371	-0.697	9362.941	-0.697	153.989	286.329	192.522	153.989
rsi7<30	>sma50d	long	09:30	5	15	36	2680.685	-0.493	32	1315.604	-0.772	7053.438	-0.772	153.989	184.465	163.690	153.989
rsi2>90	>sma20d	short	15:55	4	2	91	2679.894	-0.643	45	1543.776	-0.693	8274.314	-0.693	153.947	238.133	179.571	153.947
bb20<-1.5sd	down3d	long	10:30	4	15	43	2679.115	-0.704	22	5098.718	-0.603	27320.100	-0.704	153.906	1129.693	333.048	153.906
rsi5<35	down5d	long	09:30	3	10	54	2675.141	-0.668	36	1617.002	-0.357	8651.415	-0.668	153.697	255.497	184.173	153.697
macd12/26/9<-0.1%	up1d	long	10:30	4	15	41	2673.857	-0.603	37	4090.667	-0.781	21875.716	-0.781	153.629	869.208	299.187	153.629
kelt40<-1.5	down3d	long	15:55	2	15	57	2673.009	-0.591	36	3194.898	-0.516	17079.982	-0.591	153.585	642.038	264.588	153.585
macd12/26/9<-0.1%	up1d	long	09:30	4	8	41	2672.490	-0.590	37	5446.659	-0.623	29112.278	-0.623	153.557	1220.618	343.246	153.557
rsi5<30	<sma100d	long	09:30	5	0	53	2672.078	-0.765	18	1695.379	-0.534	9060.369	-0.765	153.536	274.154	189.022	153.536
rsi5<30	<sma20d	long	09:30	4	15	44	3372.083	-0.766	31	1182.565	-0.603	7975.417	-0.766	188.490	153.510	175.828	153.510
rsi5<30	<sma20d	long	09:30	4	0	44	6986.965	-0.514	31	1182.565	-0.603	16525.086	-0.603	332.271	153.510	260.203	153.510
macd12/26/9<-0.1%	up1d	long	10:30	5	15	41	2669.781	-0.754	37	3980.824	-0.892	21255.860	-0.892	153.415	841.116	295.005	153.415
rsi5<30	down5d	long	09:30	3	10	47	3332.678	-0.668	30	1181.936	-0.357	7878.023	-0.668	186.614	153.365	174.589	153.365
rsi3>80	>sma20d	short	15:55	5	2	70	2667.060	-0.684	48	1395.597	-0.688	7444.284	-0.688	153.271	203.201	168.951	153.271
roc10>+1%	>sma20d	short	12:00	5	2	46	2665.026	-0.456	31	1230.223	-0.712	6557.152	-0.712	153.164	164.568	156.735	153.164
rsi2<10	down3d	long	12:00	2	0	59	2664.775	-0.383	31	1796.252	-0.535	9573.213	-0.535	153.151	298.267	194.911	153.151
bb40<-1.5sd	down3d	long	09:30	5	0	39	2664.003	-0.738	30	4976.988	-0.819	26517.421	-0.819	153.110	1097.999	328.343	153.110
rsi3<15	down3d	long	09:30	3	0	37	2662.200	-0.381	27	2126.356	-0.452	11321.567	-0.452	153.015	377.914	213.603	153.015
macd5/18/4<-0.0%	>sma50d	long	09:30	5	15	90	2658.124	-0.663	68	1242.789	-0.876	6606.974	-0.876	152.800	167.490	157.448	152.800
macd5/18/4<-0.0%	>sma50d	long	09:30	5	0	90	2658.124	-0.663	68	1242.789	-0.876	6606.974	-0.876	152.800	167.490	157.448	152.800
macd5/18/4<-0.0%	>sma50d	long	09:30	5	10	90	2658.124	-0.663	68	2881.144	-0.757	15316.879	-0.757	152.800	563.613	250.323	152.800
rsi3>85	>sma20d	short	15:55	4	3	60	3531.127	-0.522	43	1178.956	-0.712	8326.086	-0.712	195.965	152.674	180.211	152.674
bb20<-1.5sd	down5d	long	15:55	5	15	33	2654.344	-0.815	21	1731.954	-0.827	9194.404	-0.827	152.600	282.884	190.582	152.600
rsi14<35	down3d	long	12:00	3	10	43	2653.724	-0.398	27	4101.299	-0.496	21767.431	-0.496	152.568	871.931	298.462	152.568
macd8/18/4<-0.0%	down3d	long	15:55	3	10	99	2651.877	-0.773	53	1916.566	-0.733	10164.994	-0.773	152.470	327.170	201.464	152.470
rsi14<35	down3d	long	09:30	3	10	43	2651.649	-0.533	27	2144.801	-0.327	11374.521	-0.533	152.458	382.396	214.139	152.458
bb40>+2.0sd	up5d	short	15:55	5	2	25	2650.218	-0.642	21	1591.980	-0.474	8438.185	-0.642	152.382	249.556	181.587	152.382
rsi5<30	down3d	long	10:30	2	0	54	2647.509	-0.244	32	1423.906	-0.434	7539.609	-0.434	152.239	209.852	170.208	152.239
roc10<-2%	down3d	long	12:00	4	8	26	2643.433	-0.772	19	1858.539	-0.700	9825.846	-0.884	152.023	313.211	197.739	152.023
rsi2>85	>sma20d	short	15:55	3	2	93	2640.869	-0.479	50	2038.602	-0.489	10767.360	-0.489	151.888	356.636	207.889	151.888
macd12/26/9<-0.2%	none	long	12:00	3	10	37	2640.477	-0.739	25	1729.218	-0.496	9131.920	-0.770	151.867	282.230	189.857	151.867
macd5/18/4>+0.1%	>sma20d	short	15:55	4	2	60	3517.775	-0.405	39	1175.446	-0.584	8269.911	-0.584	195.344	151.862	179.517	151.862
bb20<-1.5sd	down1d	long	15:55	4	15	48	2639.808	-0.743	21	2988.877	-0.728	15780.122	-0.743	151.832	590.468	254.167	151.832
macd12/26/9<-0.1%	up1d	long	09:30	4	15	41	2639.166	-0.603	37	2611.230	-0.819	13782.936	-0.819	151.798	496.693	237.038	151.798
macd8/18/4<-0.0%	none	long	09:30	2	0	203	2637.991	-0.679	115	3830.205	-0.474	20208.091	-0.679	151.735	802.696	287.757	151.735
macd5/18/4<-0.0%	<sma20d	long	09:30	4	0	81	2637.746	-0.944	52	1317.402	-0.706	6949.943	-0.944	151.722	184.885	162.265	151.722
rsi2<25	down3d	long	12:00	3	0	68	2635.878	-0.586	39	1846.662	-0.743	9735.154	-0.743	151.623	310.358	196.729	151.623
rsi3<15	down3d	long	10:30	4	0	37	3103.582	-0.468	27	1174.408	-0.884	7289.742	-0.884	175.504	151.621	166.892	151.621
bb20<-1.5sd	down3d	long	10:30	3	10	43	2635.666	-0.386	22	4724.548	-0.343	24904.662	-0.386	151.612	1032.472	318.609	151.612
bb20<-1.5sd	>sma50d	long	09:30	4	0	44	2635.470	-0.452	25	5307.343	-0.491	27974.688	-0.491	151.602	1184.154	336.821	151.602
bb20<-1.5sd	>sma50d	long	09:30	4	15	44	2635.470	-0.452	25	5307.343	-0.491	27974.688	-0.491	151.602	1184.154	336.821	151.602
bb20<-1.5sd	>sma50d	long	09:30	4	10	44	2635.470	-0.452	25	6199.004	-0.405	32674.582	-0.452	151.602	1418.796	362.393	151.602
bb20<-1.5sd	down1d	long	15:55	3	15	48	2634.879	-0.602	21	2376.153	-0.582	12521.750	-0.602	151.570	438.862	225.395	151.570
rsi2<15	down3d	long	12:00	2	0	61	2634.261	-0.383	33	2451.417	-0.535	12915.348	-0.535	151.538	457.329	229.105	151.538
bb40<-1.0sd	<sma20d	long	09:30	4	0	44	2633.704	-0.758	36	1265.228	-0.688	6664.470	-0.758	151.508	172.713	158.266	151.508
rsi3<15	down5d	long	09:30	4	10	34	2631.548	-0.819	23	3668.936	-0.405	19309.966	-0.819	151.394	761.695	281.353	151.394
rsi3<15	down5d	long	09:30	4	15	34	2631.548	-0.819	23	2450.755	-0.603	12898.563	-0.819	151.394	457.167	228.948	151.394
kelt10>+1.0	>sma20d	short	15:55	4	2	54	2631.143	-0.712	41	2207.076	-0.543	11614.266	-0.712	151.372	397.549	216.549	151.372
roc10<-2%	down3d	long	15:55	2	15	26	2626.690	-0.302	19	3022.307	-0.302	15877.326	-0.302	151.136	598.817	254.965	151.136
macd12/26/9<-0.1%	up1d	long	09:30	4	0	41	2623.707	-0.606	37	2611.230	-0.819	13702.202	-0.819	150.978	496.693	236.313	150.978
macd8/18/4<-0.0%	>sma10d	long	15:55	2	10	113	2623.320	-0.492	67	1202.599	-0.598	6309.602	-0.598	150.957	158.154	153.141	150.957
macd12/26/9<-0.1%	up1d	long	09:30	3	10	41	2623.295	-0.304	37	2954.497	-0.565	15501.035	-0.565	150.956	581.889	251.860	150.956
macd12/26/9<-0.1%	none	long	09:30	2	0	93	2622.295	-0.628	60	1358.295	-0.493	7123.700	-0.628	150.903	194.453	164.649	150.903
roc6<-1%	none	long	09:30	4	0	70	2619.097	-0.859	45	1702.458	-0.781	8917.805	-0.859	150.733	275.842	187.348	150.733
roc20<-1%	<sma20d	long	09:30	4	0	53	2617.522	-0.733	34	1414.579	-0.734	7405.384	-0.734	150.649	207.660	168.436	150.649
roc20<-2%	down3d	long	10:30	4	0	27	5302.274	-0.339	28	1169.942	-0.899	12406.706	-0.899	270.887	150.587	224.296	150.587
bb40>+2.0sd	>sma20d	short	15:55	4	2	27	4747.413	-0.466	21	1169.793	-0.451	11106.981	-0.466	248.814	150.553	211.412	150.553
rsi14<35	down5d	long	12:00	4	0	37	2614.837	-0.817	23	2128.110	-0.709	11129.322	-0.827	150.506	378.340	211.641	150.506
kelt20<-1.5	down3d	long	09:30	3	0	39	2859.110	-0.536	21	1169.393	-0.452	6686.846	-0.536	163.238	150.460	158.584	150.460
kelt40<-1.5	down5d	long	15:55	4	15	46	2613.927	-0.884	31	4191.310	-0.845	21911.555	-0.884	150.458	895.002	299.426	150.458
roc10<-2%	down3d	long	15:55	3	6	26	2611.704	-0.547	19	1697.488	-0.459	8866.671	-0.607	150.340	274.657	186.743	150.340
bb40<-1.0sd	>sma50d	long	10:30	5	4	50	2610.304	-0.450	42	4080.532	-0.664	21302.855	-0.664	150.265	866.614	295.325	150.265
rsi5<35	<sma100d	long	15:55	3	0	58	2608.160	-0.550	20	2416.754	-0.483	12606.563	-0.550	150.151	448.818	226.200	150.151
rsi14<35	down5d	long	10:30	3	15	37	2606.406	-0.482	23	1514.088	-0.454	7892.658	-0.482	150.058	231.112	174.776	150.058
macd12/26/9<-0.0%	down5d	long	15:55	3	6	94	3377.574	-0.901	44	1166.729	-0.668	7881.428	-0.901	188.751	149.844	174.633	149.844
rsi3>85	>sma20d	short	15:55	3	2	60	2601.306	-0.352	43	1732.218	-0.489	9012.058	-0.489	149.786	282.947	188.457	149.786
bb20<-1.5sd	down3d	long	15:55	5	4	43	2598.111	-0.771	22	2089.268	-0.506	10856.303	-0.771	149.616	368.913	208.818	149.616
kelt20<-1.5	down3d	long	12:00	5	10	39	2598.068	-0.647	21	4167.198	-0.733	21653.327	-0.733	149.613	888.818	297.695	149.613
rsi3<15	none	long	09:30	4	10	71	2596.171	-0.808	53	2390.648	-0.829	12413.065	-0.829	149.512	442.415	224.357	149.512
kelt40<-2.0	down3d	long	15:55	2	0	40	2593.511	-0.556	26	2134.440	-0.308	11071.389	-0.556	149.370	379.878	211.046	149.370
macd8/18/4<-0.0%	down3d	long	15:55	2	0	99	2590.267	-0.573	53	2524.727	-0.535	13079.433	-0.573	149.197	475.362	230.631	149.197
bb20<-1.5sd	>sma50d	long	15:55	3	15	44	2588.182	-0.333	25	2487.879	-0.582	12878.165	-0.582	149.086	466.293	228.758	149.086
bb20<-1.5sd	>sma50d	long	15:55	3	10	44	2588.182	-0.333	25	2221.043	-0.517	11496.924	-0.517	149.086	400.952	215.373	149.086
roc10<-2%	down3d	long	10:30	5	15	26	5383.700	-0.755	19	1163.359	-0.754	12526.350	-0.809	274.038	149.064	225.439	149.064
rsi3>85	>sma20d	short	12:00	5	3	60	2586.480	-0.488	43	2260.406	-0.693	11692.987	-0.693	148.995	410.553	217.333	148.995
roc40<-2%	>sma50d	long	12:00	5	10	30	2585.546	-0.807	19	1418.806	-0.763	7336.780	-0.807	148.945	208.653	167.522	148.945
kelt40<-1.5	down5d	long	15:55	2	15	46	2580.717	-0.549	31	2453.475	-0.516	12663.452	-0.549	148.687	457.835	226.739	148.687
macd12/26/9<-0.1%	down3d	long	09:30	4	10	52	2580.522	-0.858	28	1328.740	-0.477	6857.687	-0.858	148.676	187.535	160.985	148.676
bb40<-1.5sd	<sma10d	long	09:30	5	10	32	2577.582	-0.703	26	2544.267	-0.638	13116.112	-0.703	148.519	480.175	230.970	148.519
macd8/18/4<-0.0%	>sma50d	long	09:30	4	0	85	2576.205	-0.490	68	3174.406	-0.768	16355.841	-0.768	148.445	636.897	258.848	148.445
macd8/18/4<-0.0%	>sma50d	long	09:30	4	15	85	2576.205	-0.490	68	3174.406	-0.768	16355.841	-0.768	148.445	636.897	258.848	148.445
macd8/18/4<-0.0%	>sma50d	long	09:30	4	10	85	2576.205	-0.490	68	5379.893	-0.646	27719.420	-0.646	148.445	1203.134	335.356	148.445
rsi14<35	<sma100d	long	12:00	5	10	39	2571.156	-0.601	16	1592.921	-0.545	8191.297	-0.601	148.175	249.780	178.540	148.175
macd8/18/4<-0.0%	>sma10d	long	12:00	4	3	113	2568.148	-0.694	67	2446.722	-0.583	12567.090	-0.694	148.014	456.176	225.826	148.014
macd8/18/4<-0.0%	none	long	10:30	2	10	203	2566.071	-0.655	115	3229.318	-0.590	16573.316	-0.655	147.902	650.681	260.588	147.902
rsi3<20	down5d	long	15:55	4	0	39	2565.118	-0.686	29	1347.679	-0.867	6913.913	-0.867	147.851	191.967	161.767	147.851
macd12/26/9<-0.0%	down5d	long	09:30	3	15	94	2564.342	-0.911	44	1225.367	-0.498	6284.519	-0.911	147.810	163.440	152.772	147.810
bb40<-1.0sd	down3d	long	15:55	3	10	59	5715.243	-0.690	44	1157.363	-0.667	13229.226	-0.690	286.654	147.677	232.013	147.677
bb40<-1.5sd	<sma20d	long	09:30	3	10	32	2560.608	-0.304	27	1319.632	-0.415	6758.123	-0.415	147.609	185.406	159.590	147.609
bb20<-1.5sd	down3d	long	09:30	3	15	43	2560.443	-0.600	22	2119.845	-0.452	10855.482	-0.600	147.600	376.333	208.810	147.600
roc20<-2%	<sma100d	long	15:55	3	10	29	2559.063	-0.537	14	2121.932	-0.305	10860.317	-0.537	147.526	376.840	208.860	147.526
roc10>+1%	>sma50d	short	15:55	4	2	34	2558.856	-0.248	37	2173.380	-0.655	11122.733	-0.655	147.515	389.345	211.574	147.515
rsi3<15	down3d	long	15:55	4	0	37	2558.445	-0.686	27	1557.731	-0.751	7970.738	-0.751	147.493	241.437	175.769	147.493
rsi14<35	down5d	long	12:00	3	10	37	5083.749	-0.420	23	1156.559	-0.496	11759.308	-0.496	262.323	147.491	217.991	147.491
kelt20>+2.0	>sma20d	short	15:55	4	2	28	2557.845	-0.453	25	1232.157	-0.451	6303.332	-0.453	147.461	165.018	153.049	147.461
rsi5<35	<sma10d	long	09:30	3	15	51	2557.301	-0.656	33	2197.019	-0.452	11236.880	-0.656	147.432	395.099	212.741	147.432
bb78<-1.5sd	down5d	long	12:00	4	0	29	3347.987	-0.502	16	1156.281	-0.725	7742.431	-0.725	187.344	147.427	172.848	147.427
bb20<-1.5sd	down3d	long	15:55	2	10	43	2557.087	-0.291	22	2392.948	-0.331	12237.950	-0.331	147.420	442.979	222.673	147.420
bb20<-1.5sd	down1d	long	09:30	4	10	48	2556.668	-0.724	21	1628.247	-0.487	8325.775	-0.724	147.398	258.170	180.207	147.398
rsi5<30	down3d	long	09:30	2	0	54	2555.168	-0.367	32	1601.604	-0.301	8184.733	-0.367	147.317	251.841	178.458	147.317
bb40<-1.0sd	>sma50d	long	12:00	4	4	50	2553.363	-0.455	42	3562.614	-0.571	18193.292	-0.571	147.220	734.742	273.121	147.220
macd12/26/9<-0.1%	none	long	09:30	4	2	93	2553.190	-0.456	60	5355.330	-0.580	27346.348	-0.580	147.211	1196.705	333.200	147.211
bb20<-1.5sd	none	long	15:55	3	10	84	2552.425	-0.659	46	5791.706	-0.558	29565.789	-0.659	147.170	1311.251	345.763	147.170
bb78<-1.5sd	none	long	15:55	5	0	53	2551.025	-0.866	30	16193.230	-0.762	82618.659	-0.866	147.094	4186.778	549.534	147.094
bb78<-1.5sd	none	long	15:55	5	15	53	2551.025	-0.866	30	16417.272	-0.759	83761.731	-0.866	147.094	4250.905	552.812	147.094
kelt40<-1.5	down3d	long	15:55	2	10	57	2550.615	-0.513	36	2501.165	-0.497	12759.022	-0.513	147.072	469.561	227.640	147.072
macd8/18/4<-0.0%	none	long	15:55	2	0	203	2546.749	-0.772	115	2540.671	-0.802	12940.902	-0.802	146.864	479.289	229.344	146.864
bb40<-1.5sd	>sma50d	long	10:30	5	0	39	2545.007	-0.539	26	15745.131	-0.538	80142.935	-0.539	146.771	4058.734	542.335	146.771
bb40<-1.5sd	>sma50d	long	10:30	5	15	39	2545.007	-0.539	26	15745.131	-0.538	80142.935	-0.539	146.771	4058.734	542.335	146.771
bb40<-1.5sd	>sma50d	long	10:30	5	10	39	2545.007	-0.539	26	15745.131	-0.538	80142.935	-0.539	146.771	4058.734	542.335	146.771
rsi3>90	>sma20d	short	12:00	4	2	54	2544.350	-0.488	38	2269.832	-0.499	11550.496	-0.499	146.735	412.854	215.911	146.735
rsi14<35	<sma10d	long	09:30	3	10	34	2543.265	-0.456	22	1748.644	-0.303	8894.531	-0.456	146.677	286.872	187.073	146.677
kelt40<-3.0	none	long	09:30	5	0	34	2539.749	-0.509	20	1615.418	-0.614	8205.513	-0.614	146.487	255.121	178.717	146.487
kelt40<-3.0	none	long	09:30	5	10	34	2539.749	-0.509	20	1615.418	-0.614	8205.513	-0.614	146.487	255.121	178.717	146.487
kelt40<-3.0	none	long	09:30	5	15	34	2539.749	-0.509	20	1615.418	-0.614	8205.513	-0.614	146.487	255.121	178.717	146.487
macd12/26/9<-0.0%	down5d	long	09:30	4	0	94	5199.531	-0.941	44	1151.894	-0.624	11978.615	-0.941	266.880	146.413	220.151	146.413
macd12/26/9<-0.0%	down5d	long	15:55	4	3	94	3206.203	-0.909	44	1151.659	-0.766	7384.903	-0.909	180.524	146.358	168.163	146.358
rsi5<30	<sma20d	long	10:30	3	0	44	2536.632	-0.355	31	1342.167	-0.716	6809.168	-0.716	146.320	190.677	160.307	146.320
roc20<-2%	down5d	long	15:55	2	15	27	2535.706	-0.338	21	2559.397	-0.307	12979.754	-0.338	146.270	483.904	229.705	146.270
rsi3>85	>sma20d	short	15:55	3	3	60	2645.932	-0.407	43	1150.994	-0.600	6090.905	-0.600	152.156	146.205	149.890	146.205
bb10<-1.0sd	none	long	09:30	3	0	120	2533.438	-0.670	70	1927.488	-0.640	9766.343	-0.670	146.147	329.801	197.077	146.147
roc20<-2%	down5d	long	09:30	4	8	27	2532.845	-0.497	21	1452.782	-0.547	7359.344	-0.645	146.115	216.648	167.823	146.115
roc10<-2%	down1d	long	15:55	4	15	25	4312.728	-0.635	18	1150.604	-0.728	9924.479	-0.728	230.708	146.114	198.831	146.114
rsi3<20	<sma10d	long	09:30	4	15	36	2532.204	-0.749	28	1241.697	-0.748	6288.463	-0.749	146.081	167.236	152.830	146.081
rsi14<35	<sma20d	long	09:30	5	8	36	3036.957	-0.433	22	1150.026	-0.748	6985.158	-0.748	172.205	145.981	162.752	145.981
roc10<-2%	none	long	10:30	3	15	34	2528.293	-0.465	30	1168.454	-0.555	5908.386	-0.555	145.870	150.243	147.121	145.870
kelt40<-1.5	>sma50d	long	12:00	4	15	41	2524.518	-0.468	24	2150.993	-0.709	10860.441	-0.709	145.666	383.901	208.862	145.666
kelt40<-1.5	>sma50d	long	12:00	4	10	41	2524.518	-0.468	24	1638.410	-0.647	8272.388	-0.647	145.666	260.586	179.547	145.666
kelt40<-1.5	>sma50d	long	12:00	4	0	41	2524.518	-0.468	24	2150.993	-0.709	10860.441	-0.709	145.666	383.901	208.862	145.666
rsi14<35	<sma20d	long	15:55	5	4	36	3027.542	-0.502	22	1148.605	-0.641	6954.898	-0.641	171.737	145.652	162.334	145.652
roc6<-1%	none	long	09:30	5	0	70	2523.996	-0.931	45	1148.896	-0.903	5799.618	-0.931	145.638	145.720	145.444	145.638
bb40<-1.0sd	>sma50d	long	15:55	3	0	50	4170.799	-0.303	42	1148.462	-0.912	9580.008	-0.912	224.622	145.619	194.988	145.619
rsi7<35	<sma100d	long	12:00	5	0	56	2521.925	-0.728	16	1189.998	-0.669	6002.169	-0.792	145.526	155.233	148.550	145.526
rsi5<30	down3d	long	12:00	2	0	54	2517.941	-0.305	32	1472.429	-0.469	7414.979	-0.469	145.310	221.278	168.563	145.310
rsi5<30	<sma10d	long	09:30	2	0	44	2517.735	-0.341	28	1255.647	-0.301	6322.776	-0.341	145.299	170.482	153.334	145.299
macd5/18/4<-0.0%	<sma20d	long	09:30	3	0	81	2513.765	-0.857	52	1478.752	-0.524	7434.467	-0.857	145.084	222.769	168.821	145.084
rsi14<35	<sma20d	long	09:30	4	8	36	2511.849	-0.328	22	1151.071	-0.650	5782.632	-0.650	144.981	146.222	145.181	144.981
kelt10>+1.0	>sma10d	short	15:55	5	2	59	2792.916	-0.794	39	1145.070	-0.681	6396.170	-0.794	159.838	144.836	154.408	144.836
bb40<-1.0sd	none	long	12:00	3	0	106	2507.941	-0.747	78	2492.537	-0.815	12502.271	-0.815	144.769	467.438	225.209	144.769
roc10<-2%	down3d	long	15:55	3	0	26	2499.559	-0.705	19	5437.551	-0.455	27182.957	-0.705	144.315	1218.232	332.250	144.315
bb20<-1.5sd	>sma100d	long	12:00	4	10	29	2497.535	-0.400	34	3321.111	-0.659	16589.181	-0.659	144.205	673.765	260.715	144.205
bb20<-1.5sd	>sma100d	long	12:00	4	15	29	2497.535	-0.400	34	1721.306	-0.725	8598.043	-0.725	144.205	280.341	183.530	144.205
macd8/18/4<-0.0%	down3d	long	15:55	2	10	99	2496.697	-0.589	53	1788.918	-0.556	8932.770	-0.589	144.159	296.510	187.525	144.159
macd8/18/4<-0.0%	>sma10d	long	12:00	5	3	113	2492.328	-0.796	67	2571.855	-0.673	12819.814	-0.796	143.922	486.976	228.211	143.922
macd12/26/9<-0.2%	none	long	15:55	4	10	37	2491.596	-0.871	25	2013.914	-0.597	10035.721	-0.871	143.882	350.664	200.053	143.882
rsi2>75	>sma20d	short	15:55	4	2	108	2490.567	-0.738	54	2900.959	-0.651	14450.064	-0.738	143.826	568.547	242.925	143.826
macd12/26/9<-0.2%	none	long	10:30	4	0	37	2490.220	-0.834	25	1365.356	-0.650	6800.071	-0.860	143.808	196.107	160.179	143.808
rsi3<20	down3d	long	15:55	3	0	42	2490.176	-0.550	30	2431.520	-0.695	12109.825	-0.695	143.805	452.443	221.432	143.805
rsi3<15	<sma10d	long	09:30	3	0	32	2488.013	-0.354	23	1921.502	-0.602	9561.444	-0.602	143.688	328.359	194.779	143.688
bb40>+2.0sd	>sma20d	short	12:00	5	2	27	3123.027	-0.549	21	1139.959	-0.532	7120.245	-0.549	176.461	143.655	164.602	143.655
rsi5<30	<sma100d	long	09:30	4	0	53	2487.124	-0.660	18	1456.100	-0.442	7243.002	-0.660	143.639	217.429	166.264	143.639
rsi7<35	<sma100d	long	12:00	4	0	56	2485.245	-0.616	16	1206.371	-0.543	5996.252	-0.650	143.537	159.030	148.461	143.537
macd8/18/4<-0.0%	<sma10d	long	09:30	4	0	88	2483.752	-0.910	48	2279.748	-0.706	11324.660	-0.910	143.456	415.276	213.634	143.456
macd12/26/9<-0.2%	down3d	long	12:00	2	0	26	3224.394	-0.142	15	1139.041	-0.404	7345.432	-0.404	181.407	143.443	167.637	143.443
rsi5<35	down3d	long	15:55	3	0	62	2482.549	-0.763	38	3278.753	-0.654	16279.330	-0.763	143.390	663.107	258.232	143.390
macd5/18/4>+0.1%	>sma20d	short	15:55	3	2	60	2558.231	-0.318	39	1138.741	-0.463	5826.327	-0.463	147.482	143.374	145.858	143.374
bb20<-1.5sd	>sma50d	long	12:00	5	3	44	2481.482	-0.503	25	3088.423	-0.521	15327.733	-0.521	143.332	615.351	250.413	143.332
bb40<-1.0sd	>sma100d	long	15:55	5	10	31	2713.426	-0.564	57	1138.318	-0.949	6177.483	-0.949	155.706	143.276	151.186	143.276
roc20<-2%	<sma100d	long	12:00	3	0	29	2476.829	-0.302	14	1973.300	-0.377	9775.052	-0.377	143.079	340.850	197.174	143.079
roc20<-2%	<sma100d	long	12:00	3	15	29	2476.829	-0.302	14	1729.371	-0.454	8566.714	-0.454	143.079	282.267	183.151	143.079
rsi14<35	down5d	long	12:00	4	10	37	8481.834	-0.532	23	1137.093	-0.624	19289.272	-0.624	381.388	142.993	281.203	142.993
rsi14<35	down3d	long	09:30	4	15	43	2474.601	-0.777	27	2051.541	-0.605	10153.493	-0.777	142.958	359.769	201.339	142.958
kelt20<-1.5	down3d	long	15:55	4	15	39	2474.216	-0.672	21	3964.598	-0.603	19618.546	-0.672	142.937	836.971	283.574	142.937
bb40<-1.0sd	down5d	long	09:30	3	15	49	2593.423	-0.774	37	1136.616	-0.540	5895.453	-0.774	149.366	142.883	146.922	142.883
bb40<-1.0sd	down5d	long	09:30	3	0	49	4550.555	-0.603	37	1136.616	-0.540	10344.471	-0.603	240.710	142.883	203.403	142.883
macd8/18/4<-0.0%	down3d	long	10:30	3	0	99	2472.367	-0.749	53	1269.533	-0.818	6277.500	-0.818	142.836	173.715	152.668	142.836
roc20<-1%	down5d	long	15:55	2	0	55	2470.986	-0.542	35	4150.927	-0.534	20513.769	-0.542	142.760	884.646	289.896	142.760
rsi5<30	<sma100d	long	10:30	5	0	53	2469.488	-0.737	18	2509.607	-0.529	12394.889	-0.737	142.679	471.639	224.183	142.679
rsi14<35	<sma10d	long	09:30	4	15	34	2463.429	-0.720	22	2325.165	-0.389	11455.757	-0.720	142.348	426.377	214.959	142.348
macd8/18/4<-0.0%	none	long	10:30	3	10	203	2462.354	-0.828	115	3743.060	-0.776	18433.479	-0.828	142.289	780.523	274.918	142.289
macd12/26/9<-0.2%	none	long	15:55	3	10	37	2461.204	-0.737	25	1827.954	-0.472	8997.935	-0.737	142.227	305.868	188.291	142.227
bb40<-1.0sd	none	long	15:55	4	10	106	2459.168	-0.903	78	5122.727	-0.877	25195.296	-0.903	142.115	1135.952	320.392	142.115
macd12/26/9<-0.0%	down5d	long	15:55	4	4	94	2486.899	-0.943	44	1133.106	-0.626	5635.838	-0.943	143.627	142.072	142.882	142.072
rsi14<35	<sma20d	long	09:30	3	15	36	2457.853	-0.453	22	1196.090	-0.477	5879.629	-0.477	142.043	156.645	146.679	142.043
bb10>+1.5sd	>sma20d	short	15:55	4	2	56	6036.253	-0.371	38	1132.497	-0.543	13672.071	-0.543	298.562	141.932	236.042	141.932
kelt20<-1.5	down3d	long	15:55	3	15	39	2455.646	-0.487	21	3135.837	-0.453	15401.012	-0.487	141.923	627.226	251.026	141.923
rsi5<30	<sma100d	long	12:00	4	0	53	2455.629	-0.686	18	2247.025	-0.512	11035.719	-0.686	141.922	407.288	210.678	141.922
rsi3<20	<sma100d	long	09:30	4	0	44	2454.345	-0.602	14	1941.766	-0.516	9531.528	-0.602	141.852	333.243	194.440	141.852
bb78<-1.0sd	>sma50d	long	09:30	5	15	42	2454.056	-0.551	21	6971.962	-0.396	34219.174	-0.551	141.836	1624.435	370.284	141.836
bb78<-1.0sd	>sma50d	long	09:30	5	0	42	2454.056	-0.551	21	6971.962	-0.396	34219.174	-0.551	141.836	1624.435	370.284	141.836
bb78<-1.0sd	>sma50d	long	09:30	5	10	42	2454.056	-0.551	21	6971.962	-0.396	34219.174	-0.551	141.836	1624.435	370.284	141.836
rsi3<20	down3d	long	09:30	4	15	42	2452.394	-0.763	30	2347.747	-0.603	11515.202	-0.763	141.745	431.904	215.557	141.745
rsi5<30	<sma20d	long	09:30	5	10	44	2451.943	-0.913	31	1835.212	-0.565	8999.673	-0.913	141.720	307.610	188.312	141.720
roc10<-2%	none	long	12:00	2	10	34	2451.160	-0.298	30	1540.714	-0.364	7553.075	-0.364	141.677	237.408	170.385	141.677
bb40<-1.5sd	>sma50d	long	12:00	4	10	39	2446.328	-0.467	26	6165.193	-0.624	30164.172	-0.624	141.413	1409.846	349.048	141.413
bb40<-1.5sd	>sma50d	long	12:00	4	15	39	2446.328	-0.467	26	3953.854	-0.709	19344.851	-0.709	141.413	834.228	281.605	141.413
bb40<-1.5sd	>sma50d	long	12:00	4	0	39	2446.328	-0.467	26	3953.854	-0.709	19344.851	-0.709	141.413	834.228	281.605	141.413
kelt20<-1.5	down3d	long	09:30	3	15	39	2445.339	-0.603	21	1169.393	-0.452	5719.124	-0.603	141.359	150.460	144.191	141.359
rsi14<35	<sma10d	long	09:30	5	15	34	2443.777	-0.845	22	2911.956	-0.469	14232.343	-0.845	141.273	571.286	241.023	141.273
roc20<-2%	down5d	long	10:30	4	10	27	2442.165	-0.573	21	1264.415	-0.623	6175.822	-0.623	141.185	172.523	151.161	141.185
bb40<-1.0sd	down1d	long	15:55	2	0	66	2768.351	-0.645	34	1128.715	-0.703	6249.360	-0.703	158.566	141.059	152.253	141.059
rsi14<35	down3d	long	09:30	3	0	43	2438.794	-0.570	27	1569.853	-0.507	7657.100	-0.570	141.000	244.309	171.743	141.000
macd12/26/9<-0.1%	down3d	long	09:30	3	10	52	2438.649	-0.706	28	1180.069	-0.374	5755.551	-0.706	140.992	152.932	144.759	140.992
kelt10>+1.0	>sma10d	short	15:55	4	2	59	2437.011	-0.712	39	1187.759	-0.594	5789.163	-0.712	140.902	154.714	145.282	140.902
bb20<-1.5sd	none	long	12:00	3	10	84	2436.412	-0.662	46	7209.482	-0.544	35130.533	-0.662	140.869	1688.006	374.834	140.869
rsi14<35	<sma100d	long	12:00	4	10	39	2435.697	-0.439	16	1539.462	-0.436	7499.329	-0.439	140.830	237.112	169.678	140.830
bb40<-1.5sd	none	long	09:30	5	15	76	2435.090	-0.804	53	13411.234	-0.819	65315.117	-0.819	140.796	3396.763	495.951	140.796
roc20<-1%	down5d	long	15:55	3	0	55	2435.020	-0.772	35	7515.841	-0.726	36602.442	-0.772	140.793	1770.249	382.028	140.793
roc10<-2%	none	long	09:30	4	0	34	5013.825	-0.565	30	1126.812	-0.634	11299.276	-0.634	259.548	140.620	213.376	140.620
roc10<-2%	none	long	09:30	4	15	34	3823.199	-0.668	30	1126.812	-0.634	8616.053	-0.668	209.314	140.620	183.747	140.620
rsi7<25	none	long	09:30	3	15	71	2431.124	-0.542	40	1482.088	-0.579	7206.281	-0.579	140.579	223.556	165.769	140.579
rsi7<25	none	long	09:30	3	0	71	2431.124	-0.542	40	1482.088	-0.579	7206.281	-0.579	140.579	223.556	165.769	140.579
rsi7<25	none	long	09:30	3	10	71	2431.124	-0.542	40	1882.629	-0.465	9153.807	-0.542	140.579	319.002	190.111	140.579
bb20<-1.5sd	>sma50d	long	10:30	4	4	44	2429.622	-0.375	25	2597.485	-0.525	12621.813	-0.525	140.496	493.300	226.345	140.496
bb10>+1.0sd	>sma20d	short	15:55	3	2	94	2429.508	-0.565	50	1386.396	-0.479	6736.521	-0.565	140.490	201.041	159.286	140.490
rsi5<30	<sma100d	long	12:00	5	0	53	2429.467	-0.802	18	2553.623	-0.640	12407.885	-0.802	140.488	482.481	224.308	140.488
roc20<-2%	<sma100d	long	15:55	5	10	29	2428.490	-0.800	14	3296.557	-0.509	16011.311	-0.800	140.434	667.585	256.060	140.434
roc20<-2%	<sma100d	long	09:30	4	10	29	2426.429	-0.467	14	1473.544	-0.442	7150.903	-0.467	140.321	221.541	165.019	140.321
macd8/18/4<-0.0%	<sma10d	long	09:30	3	0	88	2425.816	-0.790	48	2185.511	-0.524	10603.296	-0.790	140.287	392.297	206.162	140.287
rsi5<35	<sma100d	long	15:55	5	0	58	2423.744	-0.796	20	2948.084	-0.804	14290.799	-0.804	140.173	580.290	241.536	140.173
bb78<-1.5sd	down5d	long	12:00	3	0	29	2422.056	-0.392	16	1241.770	-0.555	6015.272	-0.555	140.080	167.253	148.749	140.080
bb78<-1.5sd	down5d	long	12:00	3	15	29	2422.056	-0.392	16	1432.240	-0.487	6937.931	-0.487	140.080	211.812	162.099	140.080
bb20<-1.5sd	>sma50d	long	12:00	4	4	44	2422.041	-0.446	25	2216.226	-0.531	10735.583	-0.531	140.079	399.778	207.556	140.079
macd12/26/9<-0.0%	down5d	long	15:55	2	6	94	2675.824	-0.761	44	1122.981	-0.460	6009.800	-0.761	153.733	139.736	148.666	139.736
bb20<-1.5sd	>sma50d	long	10:30	5	2	44	2415.799	-0.417	25	5775.038	-0.388	27902.663	-0.417	139.736	1306.863	336.408	139.736
rsi14<35	none	long	09:30	3	0	73	2466.891	-0.465	44	1122.689	-0.536	5539.104	-0.536	142.537	139.669	141.346	139.669
roc20<-2%	down5d	long	15:55	2	10	27	2413.356	-0.321	21	1611.379	-0.365	7777.664	-0.365	139.601	254.162	173.303	139.601
kelt20<-1.0	>sma50d	long	12:00	3	15	46	2410.302	-0.356	37	1458.650	-0.661	7031.572	-0.661	139.433	218.030	163.390	139.433
kelt20<-1.0	>sma50d	long	12:00	3	0	46	2410.302	-0.356	37	1164.830	-0.678	5615.183	-0.678	139.433	149.404	142.555	139.433
kelt20<-1.0	>sma50d	long	12:00	3	10	46	2410.302	-0.356	37	1822.367	-0.664	8784.906	-0.664	139.433	304.527	185.772	139.433
bb20<-1.5sd	none	long	12:00	4	10	84	2409.080	-0.797	46	10348.730	-0.681	49861.840	-0.797	139.365	2542.457	439.831	139.365
macd12/26/9<-0.1%	none	long	09:30	3	15	93	2408.131	-0.892	60	1576.516	-0.694	7592.913	-0.892	139.313	245.889	170.906	139.313
macd12/26/9<-0.2%	down3d	long	10:30	2	0	26	2407.050	-0.142	15	1179.411	-0.236	5677.803	-0.236	139.253	152.780	143.543	139.253
rsi3<20	<sma20d	long	09:30	3	0	32	2794.342	-0.475	30	1119.488	-0.602	6256.464	-0.602	159.911	138.930	152.358	138.930
macd12/26/9<-0.0%	down5d	long	09:30	3	8	94	2400.407	-0.852	44	1493.365	-0.548	7169.369	-0.852	138.887	226.217	165.269	138.887
rsi2>75	>sma20d	short	15:55	5	2	108	2395.833	-0.820	54	3160.837	-0.753	15145.677	-0.820	138.634	633.493	248.883	138.634
macd8/18/4<-0.0%	down5d	long	09:30	2	15	92	2839.201	-0.747	50	1118.092	-0.342	6348.977	-0.747	162.219	138.608	153.718	138.608
macd8/18/4<-0.0%	down5d	long	09:30	2	0	92	3832.935	-0.659	50	1118.092	-0.342	8571.150	-0.659	209.751	138.608	183.204	138.608
rsi3<15	none	long	09:30	3	15	71	2390.453	-0.656	53	1342.020	-0.807	6416.071	-0.807	138.336	190.642	154.697	138.336
rsi3<15	none	long	09:30	3	10	71	2390.453	-0.656	53	2259.709	-0.674	10803.455	-0.674	138.336	410.383	208.267	138.336
rsi14<35	down5d	long	15:55	2	15	37	2390.374	-0.302	23	2064.570	-0.243	9870.190	-0.302	138.332	362.926	198.231	138.332
bb40<-1.0sd	>sma100d	long	10:30	4	15	31	2388.176	-0.455	57	6229.478	-0.836	29754.182	-0.836	138.210	1426.866	346.802	138.210
bb40<-1.0sd	>sma100d	long	10:30	4	0	31	2388.176	-0.455	57	2729.848	-0.919	13038.718	-0.919	138.210	526.037	230.253	138.210
bb40<-1.0sd	>sma100d	long	10:30	4	10	31	2388.176	-0.455	57	6713.848	-0.828	32067.707	-0.828	138.210	1555.551	359.228	138.210
rsi14<35	<sma20d	long	15:55	4	4	36	2605.521	-0.401	22	1115.840	-0.526	5814.692	-0.526	150.011	138.089	145.678	138.089
bb10>+1.5sd	>sma20d	short	15:55	5	2	56	8485.687	-0.452	38	1115.752	-0.629	18935.844	-0.629	381.510	138.069	278.629	138.069
bb40<-1.5sd	down3d	long	09:30	4	0	39	2384.513	-0.618	30	4447.858	-0.688	21211.947	-0.688	138.007	960.975	294.706	138.007
kelt20<-1.5	down3d	long	12:00	4	15	39	2383.057	-0.686	21	1919.046	-0.709	9146.393	-0.709	137.927	327.767	190.025	137.927
bb40<-1.0sd	<sma20d	long	15:55	3	0	44	2382.750	-0.777	36	4768.069	-0.782	22722.228	-0.782	137.910	1043.749	304.778	137.910
bb20<-1.5sd	down3d	long	15:55	4	4	43	2382.123	-0.672	22	1838.391	-0.424	8758.546	-0.672	137.875	308.373	185.457	137.875
rsi5<25	down3d	long	09:30	4	15	47	2377.908	-0.833	27	2359.469	-0.603	11221.203	-0.833	137.641	434.774	212.581	137.641
bb20<-1.5sd	none	long	15:55	4	10	84	2377.460	-0.797	46	7501.545	-0.712	35669.254	-0.797	137.616	1766.405	377.489	137.616
bb20<-1.5sd	>sma50d	long	10:30	5	3	44	2374.335	-0.518	25	3651.296	-0.514	17338.796	-0.518	137.443	757.219	266.603	137.443
macd12/26/9<-0.2%	none	long	10:30	3	0	37	2370.253	-0.668	25	1408.128	-0.488	6675.242	-0.668	137.216	206.144	158.419	137.216
macd12/26/9<-0.2%	down3d	long	10:30	4	15	26	2369.854	-0.752	15	1859.874	-0.456	8815.260	-0.752	137.194	313.532	186.133	137.194
macd12/26/9<-0.2%	down3d	long	10:30	4	10	26	2369.854	-0.752	15	1859.874	-0.456	8815.260	-0.752	137.194	313.532	186.133	137.194
bb20<-1.5sd	>sma100d	long	10:30	4	15	29	2369.027	-0.441	34	3590.778	-0.712	17013.304	-0.712	137.148	741.876	264.066	137.148
bb20<-1.5sd	>sma100d	long	10:30	4	0	29	2369.027	-0.441	34	1573.532	-0.804	7455.479	-0.804	137.148	245.181	169.099	137.148
bb20<-1.5sd	>sma100d	long	10:30	4	10	29	2369.027	-0.441	34	5536.842	-0.683	26233.859	-0.683	137.148	1244.263	326.659	137.148
rsi5<30	<sma10d	long	09:30	4	10	44	2368.701	-0.810	28	2718.404	-0.405	12878.176	-0.810	137.130	523.201	228.758	137.130
macd5/18/4<-0.0%	>sma50d	long	09:30	4	15	90	2368.472	-0.558	68	1795.001	-0.768	8502.817	-0.768	137.117	297.967	182.375	137.117
macd5/18/4<-0.0%	>sma50d	long	09:30	4	10	90	2368.472	-0.558	68	3042.117	-0.646	14410.336	-0.646	137.117	603.768	242.579	137.117
macd5/18/4<-0.0%	>sma50d	long	09:30	4	0	90	2368.472	-0.558	68	1795.001	-0.768	8502.817	-0.768	137.117	297.967	182.375	137.117
rsi3<25	<sma10d	long	09:30	3	0	43	2695.163	-0.589	30	1111.369	-0.602	5990.640	-0.602	154.749	137.058	148.375	137.058
rsi5<35	<sma20d	long	09:30	3	10	50	2367.315	-0.623	36	2404.545	-0.343	11384.630	-0.623	137.053	445.823	214.241	137.053
rsi5<35	<sma20d	long	09:30	3	15	50	2367.315	-0.623	36	1892.964	-0.452	8962.484	-0.623	137.053	321.488	187.875	137.053
rsi3>80	>sma20d	short	15:55	4	2	70	2364.534	-0.592	48	1428.608	-0.596	6755.987	-0.596	136.898	210.958	159.560	136.898
rsi5<35	<sma100d	long	10:30	3	0	58	2364.221	-0.475	20	2045.283	-0.317	9671.003	-0.475	136.881	358.254	196.012	136.881
rsi5<20	>sma50d	long	09:30	4	15	27	2364.145	-0.319	24	1767.444	-0.491	8356.987	-0.491	136.877	291.369	180.591	136.877
rsi5<20	>sma50d	long	09:30	4	10	27	2364.145	-0.319	24	2064.383	-0.405	9761.004	-0.405	136.877	362.880	197.018	136.877
rsi5<20	>sma50d	long	09:30	4	0	27	2364.145	-0.319	24	1767.444	-0.491	8356.987	-0.491	136.877	291.369	180.591	136.877
bb20<-1.5sd	down3d	long	10:30	3	15	43	2360.260	-0.531	22	3716.444	-0.453	17543.545	-0.531	136.661	773.758	268.183	136.661
bb20<-1.0sd	>sma50d	long	09:30	4	10	55	2358.557	-0.454	46	6015.375	-0.518	28375.209	-0.518	136.566	1370.237	339.101	136.566
bb20<-1.0sd	>sma50d	long	09:30	4	0	55	2358.557	-0.454	46	4626.276	-0.528	21822.670	-0.528	136.566	1007.039	298.832	136.566
bb20<-1.0sd	>sma50d	long	09:30	4	15	55	2358.557	-0.454	46	4626.276	-0.528	21822.670	-0.528	136.566	1007.039	298.832	136.566
macd8/18/4<-0.0%	none	long	12:00	3	10	203	2357.966	-0.867	115	2213.851	-0.808	10440.371	-0.867	136.533	399.199	204.430	136.533
roc6>+1%	>sma100d	short	15:55	4	2	28	2355.842	-0.308	48	1383.151	-0.688	6516.970	-0.688	136.415	200.280	156.157	136.415
roc40<-2%	>sma50d	long	12:00	4	10	30	2353.146	-0.699	19	1544.445	-0.653	7268.609	-0.699	136.264	238.291	166.608	136.264
bb20<-1.0sd	>sma50d	long	12:00	5	2	55	2352.973	-0.582	46	3486.017	-0.574	16405.004	-0.582	136.255	715.365	259.242	136.255
roc6<-1%	down3d	long	09:30	3	0	48	2352.371	-0.702	26	1282.133	-0.523	6032.107	-0.702	136.221	176.652	149.004	136.221
roc10<-2%	none	long	10:30	5	10	34	6110.605	-0.654	30	1107.291	-0.727	13532.437	-0.727	301.280	136.118	234.781	136.118
macd5/18/4<-0.0%	<sma20d	long	09:30	3	10	81	2349.353	-0.867	52	1998.129	-0.490	9388.622	-0.867	136.053	346.848	192.815	136.053
rsi14<35	down5d	long	12:00	2	15	37	2349.298	-0.302	23	1348.903	-0.404	6337.950	-0.404	136.050	192.253	153.557	136.050
bb40<-1.0sd	>sma100d	long	15:55	3	15	31	2349.189	-0.303	57	3706.927	-0.850	17416.547	-0.850	136.044	771.341	267.204	136.044
bb40<-1.0sd	>sma100d	long	15:55	3	0	31	2349.189	-0.303	57	1259.404	-0.912	5917.158	-0.912	136.044	171.356	147.255	136.044
rsi3<20	down1d	long	10:30	4	0	40	4058.840	-0.560	26	1106.602	-0.746	8983.042	-0.746	219.755	135.960	188.116	135.960
roc10<-1%	>sma50d	long	09:30	5	15	30	2347.482	-0.399	33	10331.716	-0.614	48507.037	-0.614	135.948	2537.763	434.411	135.948
roc10<-1%	>sma50d	long	09:30	5	10	30	2347.482	-0.399	33	14956.457	-0.507	70220.030	-0.507	135.948	3834.091	511.972	135.948
roc10<-1%	>sma50d	long	09:30	5	0	30	2347.482	-0.399	33	10331.716	-0.614	48507.037	-0.614	135.948	2537.763	434.411	135.948
bb40<-1.0sd	down3d	long	10:30	3	0	59	2346.964	-0.655	44	1441.629	-0.741	6766.901	-0.741	135.920	214.022	159.714	135.920
kelt20<-1.0	>sma50d	long	09:30	5	15	46	2345.329	-0.546	37	5298.414	-0.655	24853.052	-0.655	135.828	1181.820	318.291	135.828
kelt20<-1.0	>sma50d	long	09:30	5	10	46	2345.329	-0.546	37	7974.775	-0.543	37406.944	-0.546	135.828	1893.956	385.883	135.828
kelt20<-1.0	>sma50d	long	09:30	5	0	46	2345.329	-0.546	37	5298.414	-0.655	24853.052	-0.655	135.828	1181.820	318.291	135.828
kelt40<-2.0	down3d	long	09:30	3	15	40	2343.850	-0.622	26	1344.009	-0.540	6300.308	-0.622	135.746	191.108	153.004	135.746
rsi3<15	<sma20d	long	10:30	4	0	28	2343.482	-0.432	26	1467.205	-0.918	6876.737	-0.918	135.725	220.046	161.250	135.725
macd8/18/4<-0.0%	none	long	12:00	2	0	203	2343.191	-0.809	115	2837.545	-0.719	13297.823	-0.809	135.709	552.768	232.643	135.709
macd8/18/4<-0.0%	>sma100d	long	09:30	4	0	56	2342.216	-0.474	85	1538.096	-0.787	7205.109	-0.787	135.655	236.789	165.753	135.655
macd8/18/4<-0.0%	>sma100d	long	09:30	4	15	56	2342.216	-0.474	85	1538.096	-0.787	7205.109	-0.787	135.655	236.789	165.753	135.655
macd8/18/4<-0.0%	>sma100d	long	09:30	4	10	56	2342.216	-0.474	85	3902.429	-0.653	18280.664	-0.653	135.655	821.104	273.776	135.655
rsi14<35	none	long	09:30	4	15	73	2341.393	-0.708	44	1147.482	-0.650	5373.411	-0.708	135.609	145.393	138.676	135.609
roc6>+1%	>sma20d	short	15:55	4	2	43	2340.292	-0.526	35	1318.078	-0.594	6169.378	-0.594	135.547	185.043	151.065	135.547
bb40<-1.0sd	<sma20d	long	15:55	2	0	44	2339.893	-0.537	36	2906.841	-0.598	13603.395	-0.598	135.525	570.012	235.423	135.525
rsi5<20	>sma50d	long	09:30	4	8	27	2339.477	-0.326	24	2294.964	-0.339	10738.032	-0.339	135.501	418.993	207.582	135.501
rsi14<35	<sma10d	long	09:30	3	0	34	2339.110	-0.499	22	1748.644	-0.303	8180.544	-0.499	135.481	286.872	178.406	135.481
rsi2<10	>sma100d	long	09:30	5	10	37	2338.840	-0.295	50	1257.304	-0.828	5881.268	-0.828	135.466	170.867	146.704	135.466
bb20<-1.5sd	>sma50d	long	10:30	3	0	44	2337.492	-0.344	25	2431.412	-0.593	11366.813	-0.593	135.391	452.416	214.061	135.391
bb20<-1.5sd	>sma50d	long	10:30	3	10	44	2337.492	-0.344	25	3302.242	-0.447	15437.925	-0.447	135.391	669.016	251.334	135.391
bb20<-1.5sd	>sma50d	long	10:30	3	15	44	2337.492	-0.344	25	2597.623	-0.565	12143.845	-0.565	135.391	493.334	221.762	135.391
roc20<-1%	<sma20d	long	09:30	5	0	53	2634.761	-0.842	34	1103.622	-0.858	5815.562	-0.858	151.564	135.273	145.691	135.273
macd12/26/9<-0.1%	up1d	long	12:00	4	10	41	2332.781	-0.527	37	6456.692	-0.653	30124.094	-0.653	135.127	1487.134	348.829	135.127
macd12/26/9<-0.1%	up1d	long	10:30	5	2	41	2332.595	-0.461	37	11596.380	-0.463	54099.308	-0.463	135.117	2888.333	456.205	135.117
rsi3>90	>sma20d	short	15:55	3	5	54	2360.394	-0.475	38	1102.922	-0.603	5206.660	-0.603	136.668	135.112	135.935	135.112
rsi5<15	none	long	09:30	4	10	43	2332.408	-0.785	35	1732.900	-0.696	8083.659	-0.785	135.106	283.110	177.194	135.106
macd8/18/4<-0.0%	down5d	long	09:30	2	8	92	2331.533	-0.647	50	1397.709	-0.312	6517.610	-0.647	135.057	203.697	156.167	135.057
kelt40<-1.5	>sma50d	long	09:30	5	15	41	2331.457	-0.551	24	10039.351	-0.271	46812.632	-0.551	135.053	2457.195	427.495	135.053
kelt40<-1.5	>sma50d	long	09:30	5	0	41	2331.457	-0.551	24	10039.351	-0.271	46812.632	-0.551	135.053	2457.195	427.495	135.053
kelt40<-1.5	>sma50d	long	09:30	5	10	41	2331.457	-0.551	24	10039.351	-0.271	46812.632	-0.551	135.053	2457.195	427.495	135.053
macd12/26/9<-0.0%	down5d	long	09:30	2	10	94	2330.425	-0.724	44	1225.522	-0.359	5711.975	-0.724	134.995	163.476	144.079	134.995
macd8/18/4<-0.0%	>sma50d	long	15:55	3	10	85	2329.752	-0.496	68	1192.354	-0.711	5555.779	-0.711	134.958	155.779	141.612	134.958
bb20<-1.5sd	>sma100d	long	15:55	4	15	29	2328.397	-0.426	34	4479.974	-0.728	20862.314	-0.728	134.882	969.256	292.310	134.882
bb20<-1.5sd	>sma100d	long	15:55	4	10	29	2328.397	-0.426	34	3353.168	-0.647	15615.008	-0.647	134.882	681.839	252.805	134.882
rsi3<20	down3d	long	12:00	4	0	42	5300.525	-0.450	30	1101.681	-0.829	11678.979	-0.829	270.819	134.826	217.194	134.826
bb20<-1.5sd	>sma50d	long	12:00	5	15	44	6791.955	-0.479	25	1101.285	-0.916	14959.762	-0.916	325.532	134.735	247.308	134.735
macd5/18/4>+0.1%	>sma20d	short	12:00	5	2	60	2473.050	-0.478	39	1101.234	-0.611	5446.814	-0.611	142.873	134.723	139.865	134.723
kelt40<-1.5	>sma50d	long	15:55	5	10	41	2324.651	-0.675	24	1460.674	-0.758	6791.114	-0.758	134.672	218.507	160.054	134.672
bb40<-1.0sd	down3d	long	12:00	2	0	59	2324.628	-0.427	44	1124.053	-0.514	5226.012	-0.514	134.671	139.983	136.256	134.671
macd8/18/4<-0.0%	none	long	15:55	3	3	203	2324.013	-0.831	115	2243.910	-0.539	10429.753	-0.831	134.636	406.528	204.317	134.636
bb10>+1.5sd	>sma10d	short	12:00	5	2	58	2645.050	-0.544	37	1100.840	-0.602	5823.554	-0.602	152.109	134.632	145.815	134.632
kelt40<-1.5	down3d	long	15:55	4	15	57	2323.493	-0.924	36	5184.344	-0.845	24091.569	-0.924	134.607	1152.024	313.549	134.607
rsi5<30	down3d	long	10:30	4	15	54	2321.258	-0.814	32	2155.346	-0.684	10006.229	-0.814	134.482	384.959	199.730	134.482
bb40<-1.0sd	>sma50d	long	12:00	5	6	50	2319.454	-0.684	42	10119.263	-0.646	46942.335	-0.684	134.381	2479.198	428.029	134.381
roc20<-2%	<sma100d	long	15:55	5	15	29	2319.380	-0.855	14	3586.476	-0.756	16636.802	-0.855	134.376	740.786	261.094	134.376
bb20<-1.5sd	down5d	long	10:30	3	8	33	2319.131	-0.429	21	1239.019	-0.473	5746.896	-0.473	134.362	166.613	144.624	134.362
macd5/18/4>+0.1%	>sma20d	short	15:55	5	2	60	4424.839	-0.483	39	1099.425	-0.685	9729.556	-0.685	235.453	134.306	196.667	134.306
bb20<-1.0sd	>sma50d	long	12:00	5	3	55	2317.354	-0.553	46	2006.977	-0.662	9301.752	-0.662	134.263	348.986	191.820	134.263
rsi3<15	down3d	long	10:30	3	0	37	2316.003	-0.363	27	1552.468	-0.717	7191.040	-0.717	134.187	240.191	165.563	134.187
macd12/26/9<-0.0%	none	long	09:30	3	0	223	2314.889	-0.885	111	3254.983	-0.632	15069.850	-0.885	134.124	657.130	248.242	134.124
roc10<-2%	down3d	long	12:00	5	6	26	2313.217	-0.780	19	1237.335	-0.670	5724.448	-0.862	134.030	166.221	144.274	134.030
bb40>+2.0sd	>sma20d	short	12:00	4	2	27	2418.318	-0.466	21	1098.205	-0.451	5311.616	-0.466	139.874	134.025	137.667	134.025
kelt10>+1.0	>sma20d	short	15:55	5	3	54	2312.563	-0.869	41	1357.885	-0.796	6280.389	-0.869	133.994	194.357	152.711	133.994
roc10<-2%	none	long	15:55	2	10	34	2311.680	-0.278	30	2018.391	-0.364	9331.747	-0.364	133.944	351.746	192.164	133.944
rsi5<30	>sma50d	long	09:30	4	10	47	2310.596	-0.463	33	3156.528	-0.474	14586.924	-0.474	133.883	632.413	244.111	133.883
rsi5<30	>sma50d	long	09:30	4	15	47	2310.596	-0.463	33	2633.979	-0.561	12172.125	-0.561	133.883	502.313	222.036	133.883
rsi5<30	>sma50d	long	09:30	4	0	47	2310.596	-0.463	33	2633.979	-0.561	12172.125	-0.561	133.883	502.313	222.036	133.883
kelt40<-1.5	down3d	long	15:55	4	10	57	2309.701	-0.873	36	4178.963	-0.793	19304.316	-0.873	133.833	891.835	281.312	133.833
bb40<-1.0sd	>sma50d	long	10:30	3	10	50	2309.174	-0.352	42	6096.515	-0.436	28155.831	-0.436	133.803	1391.679	337.855	133.803
bb40<-1.0sd	>sma50d	long	10:30	3	0	50	2309.174	-0.352	42	5726.384	-0.488	26446.441	-0.488	133.803	1294.059	327.922	133.803
bb40<-1.0sd	>sma50d	long	10:30	3	15	50	2309.174	-0.352	42	6117.839	-0.453	28254.312	-0.453	133.803	1397.318	338.415	133.803
kelt20<-1.5	none	long	09:30	3	10	73	2307.087	-0.572	43	1490.168	-0.584	6875.897	-0.584	133.686	225.463	161.238	133.686
bb40<-1.0sd	>sma100d	long	12:00	5	10	31	2306.449	-0.528	57	1667.021	-0.957	7689.795	-0.957	133.650	267.395	172.167	133.650
rsi5<30	<sma100d	long	10:30	4	0	53	2305.486	-0.633	18	2151.814	-0.423	9921.954	-0.633	133.596	384.100	198.803	133.596
roc20<-2%	<sma100d	long	10:30	3	0	29	2303.946	-0.381	14	1434.160	-0.352	6608.454	-0.381	133.509	212.264	157.469	133.509
roc20<-2%	<sma100d	long	10:30	3	15	29	2303.946	-0.381	14	1434.160	-0.352	6608.454	-0.381	133.509	212.264	157.469	133.509
macd12/26/9<-0.1%	up1d	long	10:30	5	6	41	2303.152	-0.501	37	8069.674	-0.752	37171.366	-0.752	133.465	1919.609	384.760	133.465
rsi14<35	down3d	long	09:30	5	15	43	2301.941	-0.888	27	1958.371	-0.756	9016.112	-0.888	133.397	337.248	188.504	133.397
bb20<-1.5sd	>sma50d	long	12:00	5	6	44	2301.712	-0.627	25	7399.578	-0.610	34063.393	-0.627	133.384	1739.005	369.499	133.384
bb20<-1.5sd	>sma100d	long	10:30	5	4	29	2301.363	-0.452	34	5485.505	-0.509	25248.275	-0.509	133.364	1230.800	320.715	133.364
roc10<-2%	down3d	long	10:30	2	10	26	2301.059	-0.203	19	1406.854	-0.336	6474.506	-0.336	133.347	205.844	155.545	133.347
bb40<-1.5sd	none	long	09:30	3	15	76	2298.038	-0.503	53	6988.925	-0.540	32121.637	-0.540	133.177	1628.969	359.511	133.177
rsi5<30	>sma100d	long	09:30	5	10	28	2295.659	-0.370	43	2080.530	-0.728	9552.374	-0.728	133.043	366.794	194.676	133.043
bb40<-1.0sd	>sma100d	long	15:55	4	10	31	2295.551	-0.460	57	2299.976	-0.889	10559.427	-0.889	133.037	420.218	205.697	133.037
bb40<-1.0sd	none	long	09:30	5	0	106	3677.731	-0.939	78	1093.886	-0.968	8046.041	-0.968	202.724	133.031	176.720	133.031
rsi3<35	>sma100d	long	09:30	5	10	44	2295.400	-0.318	64	1560.806	-0.911	7165.349	-0.911	133.028	242.166	165.215	133.028
kelt20<-1.5	down3d	long	12:00	3	10	39	2294.955	-0.405	21	2833.728	-0.496	13006.556	-0.496	133.003	551.819	229.955	133.003
rsi2<25	down3d	long	09:30	4	0	68	2294.781	-0.771	39	3766.303	-0.609	17285.681	-0.771	132.993	786.433	266.191	132.993
rsi3<35	>sma50d	long	09:30	4	0	66	2294.104	-0.459	51	3709.867	-0.768	17021.644	-0.768	132.955	772.088	264.132	132.955
rsi3<35	>sma50d	long	09:30	4	15	66	2294.104	-0.459	51	3709.867	-0.768	17021.644	-0.768	132.955	772.088	264.132	132.955
rsi3<35	>sma50d	long	09:30	4	10	66	2294.104	-0.459	51	6287.378	-0.646	28847.805	-0.646	132.955	1442.207	341.767	132.955
roc10>+1%	up1d	short	15:55	5	2	48	2292.962	-0.798	27	1358.399	-0.635	6229.516	-0.798	132.891	194.477	151.959	132.891
kelt40<-1.5	>sma100d	long	10:30	5	10	25	2292.355	-0.463	40	2483.168	-0.905	11384.608	-0.905	132.857	465.134	214.241	132.857
kelt40<-1.5	>sma100d	long	10:30	5	15	25	2292.355	-0.463	40	3449.243	-0.922	15813.781	-0.922	132.857	706.075	254.444	132.857
rsi3<15	down5d	long	09:30	3	10	34	2291.483	-0.668	23	2553.516	-0.304	11702.675	-0.668	132.807	482.454	217.430	132.807
rsi3<15	down5d	long	09:30	3	15	34	2291.483	-0.668	23	2010.240	-0.452	9212.863	-0.668	132.807	349.775	190.795	132.807
macd12/26/9<-0.0%	down3d	long	15:55	2	0	100	2291.439	-0.672	53	1394.038	-0.417	6388.707	-0.672	132.805	202.835	154.299	132.805
roc20<-1%	none	long	09:30	4	0	102	2288.619	-0.807	67	1180.479	-0.896	5403.334	-0.896	132.646	153.027	139.162	132.646
roc20<-2%	down5d	long	09:30	2	10	27	2446.295	-0.231	21	1091.666	-0.288	5341.074	-0.288	141.411	132.520	138.149	132.520
bb78<-1.0sd	down5d	long	09:30	4	0	53	2300.628	-0.798	25	1091.438	-0.688	5021.986	-0.798	133.323	132.467	132.834	132.467
bb40<-1.0sd	<sma100d	long	15:55	3	10	51	2293.207	-0.785	21	1091.279	-0.466	5005.059	-0.785	132.905	132.431	132.547	132.431
bb40<-1.5sd	<sma20d	long	09:30	5	8	32	2282.366	-0.466	27	1330.978	-0.626	6075.557	-0.626	132.293	188.059	149.659	132.293
rsi5<25	down3d	long	10:30	4	0	47	4274.174	-0.413	27	1090.416	-0.832	9321.259	-0.832	229.063	132.232	192.044	132.232
macd12/26/9<-0.2%	down3d	long	15:55	2	15	26	2280.352	-0.354	15	1685.283	-0.217	7686.077	-0.354	132.179	271.747	172.119	132.179
macd12/26/9<-0.2%	down3d	long	15:55	2	10	26	2280.352	-0.354	15	1359.643	-0.331	6200.929	-0.354	132.179	194.769	151.535	132.179
rsi5<35	down3d	long	09:30	2	0	62	2280.065	-0.367	38	2057.242	-0.301	9381.290	-0.367	132.163	361.150	192.732	132.163
roc10<-2%	down3d	long	12:00	2	0	26	2279.034	-0.408	19	1415.132	-0.404	6450.268	-0.408	132.104	207.789	155.194	132.104
macd8/18/4<-0.0%	>sma10d	long	15:55	2	15	113	2276.848	-0.489	67	1211.873	-0.697	5518.501	-0.697	131.981	160.306	141.017	131.981
rsi5<30	down3d	long	10:30	3	15	54	2274.798	-0.659	32	2147.072	-0.517	9768.310	-0.659	131.865	382.947	197.099	131.865
kelt40<-1.5	>sma100d	long	15:55	5	10	25	2295.184	-0.638	40	1088.797	-0.949	4997.980	-0.949	133.016	131.860	132.426	131.860
macd8/18/4<-0.0%	down5d	long	09:30	4	2	92	3412.053	-0.560	50	1088.104	-0.501	7425.339	-0.560	190.383	131.700	168.700	131.700
rsi5<35	<sma100d	long	09:30	3	0	58	2269.401	-0.531	20	1257.520	-0.343	5707.634	-0.531	131.559	170.918	144.011	131.559
rsi5<30	>sma100d	long	10:30	5	10	28	2268.780	-0.569	43	1281.680	-0.807	5815.703	-0.807	131.524	176.547	145.693	131.524
rsi5<30	<sma100d	long	15:55	4	0	53	2268.721	-0.696	18	2081.051	-0.643	9442.651	-0.696	131.521	366.920	193.432	131.521
rsi14<35	<sma20d	long	15:55	4	10	36	2267.138	-0.483	22	4214.876	-0.456	19111.411	-0.483	131.431	901.049	279.911	131.431
bb20<-1.5sd	down1d	long	09:30	5	0	48	2265.346	-0.857	21	1340.779	-0.692	6074.657	-0.857	131.330	190.352	149.646	131.330
kelt40<-1.5	none	long	15:55	2	0	92	2265.340	-0.585	57	4304.498	-0.598	19502.302	-0.598	131.329	924.070	282.740	131.329
rsi5<35	down3d	long	15:55	4	0	62	2264.397	-0.884	38	2688.635	-0.790	12176.277	-0.884	131.276	515.830	222.077	131.276
rsi3>85	>sma20d	short	12:00	4	3	60	2263.401	-0.404	43	2110.197	-0.603	9552.445	-0.603	131.219	373.991	194.677	131.219
rsi3>85	>sma20d	short	15:55	5	3	60	4216.565	-0.622	43	1085.931	-0.795	9157.801	-0.795	226.594	131.200	190.157	131.200
bb40<-1.0sd	>sma50d	long	15:55	2	0	50	2258.538	-0.207	42	2328.481	-0.608	10517.927	-0.608	130.943	427.189	205.257	130.943
bb40<-1.0sd	>sma50d	long	15:55	2	15	50	2258.538	-0.207	42	3342.028	-0.363	15096.195	-0.363	130.943	679.033	248.465	130.943
roc20<-2%	down3d	long	09:30	2	15	27	2258.227	-0.193	28	2252.060	-0.376	10171.327	-0.376	130.926	408.516	201.532	130.926
roc20<-2%	down3d	long	09:30	2	10	27	2258.227	-0.193	28	2570.281	-0.288	11608.556	-0.288	130.926	486.588	216.492	130.926
roc20<-2%	down3d	long	09:30	2	0	27	2258.227	-0.193	28	2252.060	-0.376	10171.327	-0.376	130.926	408.516	201.532	130.926
rsi14<35	down5d	long	15:55	3	10	37	5052.069	-0.304	23	1084.622	-0.545	10959.168	-0.545	261.068	130.899	209.887	130.899
bb20<-1.5sd	down3d	long	15:55	2	15	43	2257.417	-0.302	22	2597.776	-0.302	11728.526	-0.302	130.880	493.372	217.686	130.880
rsi2<10	down3d	long	09:30	4	10	59	2257.080	-0.889	31	3724.543	-0.660	16813.185	-0.889	130.861	775.816	262.491	130.861
rsi2<10	down3d	long	09:30	4	15	59	2257.080	-0.889	31	2424.825	-0.668	10946.047	-0.889	130.861	450.799	209.751	130.861
rsi3>75	>sma20d	short	15:55	4	2	83	3107.766	-0.661	51	1084.259	-0.651	6739.248	-0.661	175.710	130.816	159.324	130.816
kelt20<-1.0	>sma50d	long	10:30	5	0	46	2255.310	-0.528	37	1601.126	-0.895	7222.073	-0.895	130.760	251.727	165.982	130.760
kelt20<-1.0	>sma50d	long	10:30	5	15	46	2255.310	-0.528	37	2100.000	-0.862	9472.304	-0.862	130.760	371.516	193.769	130.760
kelt20<-1.0	>sma50d	long	10:30	5	10	46	2255.310	-0.528	37	2780.049	-0.834	12539.748	-0.834	130.760	538.487	225.566	130.760
macd8/18/4<-0.0%	down5d	long	12:00	3	15	92	2253.803	-0.920	50	1127.948	-0.806	5084.345	-0.920	130.675	140.882	133.889	130.675
bb10>+1.5sd	>sma20d	short	12:00	3	2	56	2253.444	-0.345	38	1161.218	-0.400	5233.478	-0.400	130.654	148.569	136.380	130.654
bb20<-1.5sd	down3d	long	10:30	5	15	43	2252.248	-0.853	22	5436.869	-0.754	24490.354	-0.853	130.586	1218.054	316.044	130.586
bb10>+1.5sd	>sma10d	short	12:00	4	2	58	2251.693	-0.452	37	1097.979	-0.517	4944.624	-0.517	130.555	133.973	131.514	130.555
roc20<-1%	down3d	long	09:30	5	0	64	3913.353	-0.875	44	1083.080	-0.939	8476.945	-0.939	213.341	130.544	182.060	130.544
macd12/26/9<-0.0%	down5d	long	15:55	2	4	94	2296.826	-0.699	44	1083.007	-0.361	4974.955	-0.699	133.108	130.527	132.033	130.527
rsi5<35	none	long	09:30	4	0	125	2249.417	-0.752	72	5490.411	-0.635	24700.446	-0.752	130.425	1232.086	317.348	130.425
bb20<-1.5sd	none	long	12:00	3	15	84	2247.602	-0.604	46	7010.801	-0.579	31514.978	-0.604	130.322	1634.818	356.312	130.322
bb20<-1.5sd	>sma50d	long	12:00	5	2	44	2247.372	-0.471	25	5172.711	-0.397	23250.011	-0.471	130.309	1148.989	308.197	130.309
macd8/18/4<-0.0%	>sma10d	long	12:00	3	3	113	2246.095	-0.566	67	2041.665	-0.473	9171.548	-0.566	130.236	357.378	190.317	130.236
bb40<-1.0sd	down3d	long	09:30	2	0	59	2245.844	-0.485	44	1449.863	-0.376	6512.333	-0.485	130.222	215.961	156.091	130.222
bb20<-1.5sd	>sma50d	long	10:30	5	5	44	2242.248	-0.519	25	5841.454	-0.596	26195.980	-0.596	130.017	1324.355	326.433	130.017
rsi5<35	<sma50d	long	10:30	4	0	52	2239.613	-0.544	31	2138.924	-0.860	9580.722	-0.860	129.867	380.967	194.996	129.867
rsi2<30	down3d	long	09:30	4	0	74	2239.326	-0.771	40	4342.472	-0.609	19448.419	-0.771	129.851	933.836	282.352	129.851
rsi5<25	none	long	09:30	4	0	87	2238.840	-0.736	50	2873.120	-0.671	12864.912	-0.736	129.823	561.616	228.634	129.823
bb20<-1.5sd	down3d	long	15:55	5	3	43	2237.834	-0.847	22	1487.491	-0.447	6657.519	-0.847	129.766	224.831	158.168	129.766
macd8/18/4<-0.0%	none	long	15:55	2	3	203	2237.789	-0.670	115	1857.705	-0.393	8314.304	-0.670	129.763	313.011	180.065	129.763
rsi2<35	>sma100d	long	09:30	5	10	53	2237.358	-0.463	72	1100.126	-0.908	4922.748	-0.908	129.739	134.468	131.138	129.739
bb20<-1.5sd	down1d	long	09:30	4	0	48	2236.386	-0.758	21	1394.041	-0.561	6235.229	-0.758	129.683	202.835	152.043	129.683
macd8/18/4<-0.0%	down3d	long	15:55	3	0	99	2236.311	-0.791	53	2909.363	-0.710	13012.481	-0.791	129.679	570.640	230.010	129.679
macd5/18/4<-0.0%	<sma20d	long	09:30	4	10	81	2234.418	-0.953	52	2175.705	-0.613	9722.870	-0.953	129.571	389.911	196.592	129.571
macd8/18/4<-0.0%	down5d	long	10:30	2	15	92	2531.122	-0.782	50	1078.561	-0.548	5459.938	-0.782	146.022	129.505	140.077	129.505
roc20<-2%	<sma50d	long	15:55	4	0	25	2231.845	-0.687	22	3892.926	-0.714	17376.811	-0.714	129.424	818.680	266.897	129.424
bb40<-1.0sd	down5d	long	09:30	4	0	49	6972.701	-0.745	37	1078.060	-0.688	15033.984	-0.745	331.781	129.390	247.938	129.390
bb40<-1.0sd	down5d	long	09:30	4	15	49	2566.070	-0.906	37	1078.060	-0.688	5532.756	-0.906	147.902	129.390	141.245	129.390
rsi2<15	down1d	long	12:00	3	0	69	2231.119	-0.752	33	3043.096	-0.677	13579.017	-0.752	129.383	604.013	235.203	129.383
rsi3<15	down3d	long	15:55	3	0	37	2230.738	-0.550	27	1750.833	-0.612	7811.300	-0.612	129.361	287.396	173.735	129.361
bb78<-1.5sd	none	long	15:55	2	0	53	2229.683	-0.491	30	3657.282	-0.308	16309.158	-0.491	129.301	758.738	258.472	129.301
bb78<-1.5sd	none	long	15:55	2	15	53	2229.683	-0.491	30	3664.322	-0.307	16340.550	-0.491	129.301	760.524	258.725	129.301
bb20<-1.0sd	down5d	long	09:30	4	10	52	3151.699	-0.893	35	1077.591	-0.614	6792.488	-0.893	177.867	129.282	160.073	129.282
rsi5<25	<sma20d	long	09:30	4	8	37	2229.125	-0.766	27	1085.635	-0.625	4840.032	-0.766	129.269	131.132	129.708	129.269
rsi3>75	>sma20d	short	15:55	3	2	83	2439.715	-0.544	51	1077.190	-0.523	5256.074	-0.544	141.050	129.190	136.753	129.190
roc6<-1%	none	long	09:30	3	0	70	2227.510	-0.742	45	1763.926	-0.611	7858.326	-0.742	129.177	290.527	174.338	129.177
rsi14<35	down3d	long	15:55	4	15	43	2226.087	-0.603	27	6492.264	-0.605	28904.683	-0.605	129.096	1496.585	342.086	129.096
rsi2>75	>sma20d	short	15:55	3	2	108	2224.595	-0.625	54	2353.429	-0.522	10470.855	-0.625	129.010	433.295	204.755	129.010
roc20<-2%	down5d	long	09:30	3	15	27	5032.253	-0.286	21	1075.811	-0.540	10827.501	-0.540	260.281	128.873	208.518	128.873
roc20<-2%	down5d	long	09:30	3	0	27	5032.253	-0.286	21	1075.811	-0.540	10827.501	-0.540	260.281	128.873	208.518	128.873
rsi5<30	down3d	long	09:30	4	10	54	2217.823	-0.833	32	4265.547	-0.432	18920.455	-0.833	128.623	914.060	278.516	128.623
rsi2>90	>sma20d	short	15:55	3	2	91	2217.432	-0.523	45	1409.234	-0.572	6249.762	-0.572	128.601	206.404	152.259	128.601
rsi3<20	down5d	long	15:55	3	0	39	2217.415	-0.550	29	1788.442	-0.726	7931.436	-0.726	128.600	296.396	175.270	128.600
kelt20<-1.5	down3d	long	12:00	3	15	39	2217.146	-0.507	21	1905.806	-0.569	8450.900	-0.569	128.584	324.579	181.742	128.584
macd8/18/4<-0.0%	>sma10d	long	15:55	3	15	113	2980.472	-0.671	67	1074.466	-0.884	6404.834	-0.884	169.383	128.564	154.534	128.564
macd12/26/9<-0.1%	>sma50d	long	09:30	3	10	31	2216.172	-0.239	33	3216.444	-0.304	14256.386	-0.304	128.529	647.448	241.234	128.529
macd12/26/9<-0.1%	>sma50d	long	09:30	3	0	31	2216.172	-0.239	33	2773.387	-0.368	12292.606	-0.368	128.529	536.834	223.201	128.529
macd12/26/9<-0.1%	>sma50d	long	09:30	3	15	31	2216.172	-0.239	33	2773.387	-0.368	12292.606	-0.368	128.529	536.834	223.201	128.529
rsi5<35	down5d	long	09:30	2	15	54	2362.814	-0.482	36	1073.862	-0.301	5074.671	-0.482	136.803	128.425	133.726	128.425
rsi5<35	down5d	long	09:30	2	0	54	2935.517	-0.356	36	1073.862	-0.301	6304.679	-0.356	167.120	128.425	153.068	128.425
macd12/26/9<-0.0%	down5d	long	09:30	2	0	94	2819.600	-0.666	44	1073.793	-0.359	6055.332	-0.666	161.213	128.409	149.355	128.409
rsi5<15	none	long	09:30	3	0	43	3140.776	-0.424	35	1073.486	-0.679	6743.156	-0.679	177.332	128.338	159.379	128.338
rsi3>90	>sma20d	short	15:55	4	5	54	2913.417	-0.588	38	1073.430	-0.718	6254.698	-0.718	166.002	128.325	152.332	128.325
rsi3<20	<sma10d	long	09:30	3	15	36	2211.905	-0.572	28	1278.919	-0.602	5657.693	-0.602	128.284	175.903	143.226	128.284
rsi3>90	>sma20d	short	15:55	3	3	54	2210.521	-0.383	38	1277.416	-0.528	5647.509	-0.528	128.205	175.553	143.066	128.205
bb40<-1.5sd	>sma100d	long	15:55	5	10	25	2209.896	-0.564	37	2632.312	-0.896	11634.274	-0.896	128.169	501.901	216.749	128.169
rsi3<15	down1d	long	09:30	3	0	35	2209.507	-0.504	22	1291.793	-0.368	5708.454	-0.504	128.147	178.905	144.024	128.147
bb40<-1.0sd	>sma10d	long	15:55	3	15	59	2209.094	-0.674	41	2312.689	-0.642	10217.895	-0.674	128.123	423.326	202.037	128.123
bb40<-1.0sd	>sma100d	long	09:30	5	0	31	2207.853	-0.250	57	5550.176	-0.845	24507.945	-0.845	128.052	1247.762	316.153	128.052
bb40<-1.0sd	>sma100d	long	09:30	5	10	31	2207.853	-0.250	57	14180.743	-0.689	62617.985	-0.689	128.052	3614.068	486.815	128.052
bb40<-1.0sd	>sma100d	long	09:30	5	15	31	2207.853	-0.250	57	5550.176	-0.845	24507.945	-0.845	128.052	1247.762	316.153	128.052
bb20<-1.5sd	none	long	09:30	2	10	84	2207.459	-0.437	46	2368.570	-0.330	10457.039	-0.437	128.029	437.004	204.608	128.029
kelt40<-1.5	>sma50d	long	15:55	3	0	41	2205.073	-0.277	24	3102.082	-0.497	13680.632	-0.497	127.893	618.771	236.119	127.893
kelt40<-1.5	>sma50d	long	15:55	3	15	41	2205.073	-0.277	24	3376.089	-0.453	14889.045	-0.453	127.893	687.616	246.705	127.893
roc10>+1%	>sma20d	short	12:00	4	2	46	2204.766	-0.378	31	1227.623	-0.622	5413.241	-0.622	127.875	163.964	139.322	127.875
macd12/26/9<-0.0%	>sma50d	long	09:30	5	0	94	2203.616	-0.531	66	5181.184	-0.626	22834.681	-0.626	127.809	1151.200	305.510	127.809
macd12/26/9<-0.0%	>sma50d	long	09:30	5	15	94	2203.616	-0.531	66	5181.184	-0.626	22834.681	-0.626	127.809	1151.200	305.510	127.809
macd12/26/9<-0.0%	>sma50d	long	09:30	5	10	94	2203.616	-0.531	66	7798.329	-0.613	34369.045	-0.613	127.809	1846.325	371.038	127.809
macd12/26/9<-0.2%	down3d	long	09:30	4	15	26	2203.392	-0.816	15	2191.585	-0.253	9657.840	-0.816	127.796	393.776	195.864	127.796
macd12/26/9<-0.2%	down3d	long	09:30	4	10	26	2203.392	-0.816	15	2191.585	-0.253	9657.840	-0.816	127.796	393.776	195.864	127.796
rsi3>85	>sma10d	short	12:00	5	2	65	2202.223	-0.654	43	1133.618	-0.595	4992.958	-0.654	127.729	142.191	132.340	127.729
rsi5<30	down3d	long	10:30	4	0	54	8235.312	-0.460	32	1070.579	-0.843	17633.102	-0.843	373.571	127.670	268.870	127.670
bb40<-1.5sd	<sma10d	long	09:30	4	10	32	2200.335	-0.595	26	2273.968	-0.532	10006.981	-0.595	127.621	413.864	199.738	127.621
bb20<-1.5sd	>sma50d	long	10:30	5	6	44	2199.939	-0.581	25	9924.111	-0.603	43664.886	-0.603	127.598	2425.490	414.213	127.598
macd8/18/4<-0.0%	down5d	long	09:30	5	2	92	4318.252	-0.658	50	1070.158	-0.595	9242.426	-0.658	230.943	127.573	191.137	127.573
macd8/18/4<-0.0%	none	long	15:55	1	10	203	2198.277	-0.419	115	1612.725	-0.351	7090.433	-0.419	127.502	254.482	164.195	127.502
roc20<-2%	<sma100d	long	15:55	2	0	29	2197.115	-0.326	14	2058.660	-0.133	9046.227	-0.326	127.436	361.494	188.857	127.436
roc10<-2%	none	long	15:55	4	6	34	2195.316	-0.659	30	1084.421	-0.767	4761.291	-0.767	127.332	130.853	128.332	127.332
rsi5<30	none	long	10:30	3	0	107	2195.136	-0.699	61	3008.217	-0.716	13206.893	-0.716	127.322	595.297	231.808	127.322
rsi14<35	<sma20d	long	12:00	3	10	36	2194.070	-0.367	22	3120.593	-0.305	13693.602	-0.367	127.261	623.407	236.236	127.261
bb20<-1.5sd	down1d	long	12:00	4	10	48	2191.660	-0.805	21	1480.001	-0.727	6487.319	-0.805	127.122	223.064	155.730	127.122
macd8/18/4<-0.0%	down3d	long	12:00	3	0	99	2191.569	-0.722	53	3159.082	-0.679	13846.690	-0.722	127.117	633.053	237.608	127.117
rsi3<10	>sma50d	long	09:30	5	0	31	2190.449	-0.546	24	1192.187	-0.614	5222.850	-0.614	127.052	155.740	136.204	127.052
rsi3<10	>sma50d	long	09:30	5	15	31	2190.449	-0.546	24	1192.187	-0.614	5222.850	-0.614	127.052	155.740	136.204	127.052
rsi3<10	>sma50d	long	09:30	5	10	31	2190.449	-0.546	24	1522.088	-0.507	6668.110	-0.546	127.052	233.003	158.318	127.052
rsi5<30	down3d	long	15:55	3	15	54	2189.390	-0.754	32	1409.489	-0.626	6171.843	-0.754	126.991	206.463	151.102	126.991
macd8/18/4<-0.0%	<sma20d	long	09:30	2	0	91	2188.858	-0.654	50	1542.776	-0.342	6753.835	-0.654	126.961	237.896	159.530	126.961
rsi5<20	>sma50d	long	09:30	5	6	27	2188.223	-0.358	24	2999.463	-0.424	13126.987	-0.424	126.924	593.111	231.071	126.924
rsi5<30	<sma10d	long	09:30	3	10	44	2187.794	-0.656	28	2073.829	-0.304	9074.224	-0.656	126.900	365.169	189.184	126.900
rsi5<30	>sma50d	long	15:55	4	10	47	2509.763	-0.511	33	1066.587	-0.707	5353.761	-0.707	144.868	126.753	138.356	126.753
rsi5<30	<sma100d	long	15:55	3	0	53	2184.176	-0.559	18	1794.986	-0.483	7841.131	-0.559	126.691	297.963	174.118	126.691
rsi7<15	none	long	09:30	5	10	27	2237.685	-0.628	21	1066.134	-0.507	4771.343	-0.628	129.757	126.649	128.508	126.649
rsi14<35	<sma10d	long	09:30	5	8	34	2183.365	-0.701	22	2237.740	-0.575	9771.607	-0.701	126.645	405.023	197.136	126.645
rsi5<30	none	long	12:00	3	0	107	2182.147	-0.680	61	1714.821	-0.782	7483.984	-0.782	126.574	278.792	169.476	126.574
bb40<-1.0sd	none	long	12:00	2	0	106	2182.072	-0.577	78	2732.088	-0.637	11923.223	-0.637	126.570	526.592	219.608	126.570
bb10>+1.5sd	>sma20d	short	15:55	3	2	56	3903.755	-0.283	38	1065.566	-0.440	8319.421	-0.440	212.915	126.518	180.128	126.518
rsi3<20	down3d	long	09:30	3	15	42	2180.659	-0.590	30	2033.271	-0.452	8867.740	-0.590	126.488	355.346	186.756	126.488
macd8/18/4<-0.0%	down5d	long	12:00	2	15	92	2178.283	-0.780	50	1268.438	-0.603	5526.033	-0.780	126.352	173.460	141.137	126.352
bb40<-1.0sd	down1d	long	15:55	3	15	66	2178.022	-0.868	34	3038.469	-0.645	13235.706	-0.868	126.336	602.856	232.073	126.336
bb40<-1.0sd	down3d	long	09:30	3	15	59	2177.286	-0.807	44	1982.637	-0.540	8633.534	-0.807	126.294	343.105	183.958	126.294
rsi5<30	<sma50d	long	10:30	4	0	47	2174.755	-0.589	28	1349.548	-0.860	5869.875	-0.860	126.148	192.404	146.529	126.148
bb20<-1.0sd	>sma50d	long	12:00	5	4	55	2172.871	-0.670	46	1517.740	-0.735	6595.704	-0.735	126.039	231.975	157.287	126.039
roc20<-1%	<sma20d	long	09:30	3	0	53	2172.621	-0.593	34	1401.235	-0.591	6088.704	-0.593	126.025	204.525	149.857	126.025
rsi5<25	down3d	long	09:30	3	15	47	2172.489	-0.681	27	1929.897	-0.452	8385.359	-0.681	126.017	330.382	180.940	126.017
rsi5<30	none	long	10:30	4	0	107	2172.060	-0.815	61	2008.272	-0.907	8724.175	-0.907	125.992	349.299	185.046	125.992
rsi2>85	>sma20d	short	12:00	5	2	93	2169.351	-0.762	50	2835.977	-0.686	12304.461	-0.762	125.836	552.379	223.315	125.836
bb10>+1.5sd	>sma20d	short	12:00	4	3	56	2239.185	-0.505	38	1062.587	-0.551	4758.658	-0.551	129.843	125.834	128.285	125.834
macd12/26/9<-0.1%	none	long	10:30	5	2	93	2168.770	-0.643	60	8419.980	-0.661	36522.000	-0.661	125.802	2014.513	381.640	125.802
rsi2>80	>sma20d	short	15:55	4	2	99	2168.530	-0.663	54	2900.959	-0.651	12581.632	-0.663	125.788	568.547	225.964	125.788
kelt20<-1.0	>sma50d	long	15:55	5	15	46	3415.329	-0.479	37	1062.253	-0.940	7255.889	-0.940	190.538	125.757	166.437	125.757
bb20<-1.5sd	down3d	long	12:00	3	0	43	2167.257	-0.636	22	2480.908	-0.569	10753.530	-0.636	125.715	464.578	207.744	125.715
rsi7<35	>sma100d	long	10:30	4	4	33	2167.010	-0.229	51	1093.326	-0.581	4738.496	-0.581	125.701	132.902	127.930	125.701
macd12/26/9<-0.1%	up1d	long	10:30	3	8	41	2166.335	-0.347	37	4174.703	-0.470	18087.611	-0.470	125.661	890.742	272.325	125.661
rsi3<20	down5d	long	09:30	4	10	39	2164.506	-0.821	29	1373.045	-0.481	5943.931	-0.821	125.556	197.910	147.664	125.556
roc20<-1%	none	long	09:30	3	0	102	2164.276	-0.657	67	1672.631	-0.740	7240.072	-0.740	125.542	268.732	166.225	125.542
bb40<-1.0sd	down3d	long	12:00	3	10	59	2163.651	-0.691	44	1636.859	-0.685	7083.183	-0.691	125.506	260.217	164.096	125.506
roc10<-1%	down5d	long	15:55	3	0	46	2163.370	-0.727	31	1868.676	-0.807	8085.278	-0.807	125.490	315.647	177.214	125.490
roc10<-2%	down3d	long	09:30	2	10	26	2163.137	-0.223	19	1200.863	-0.229	5195.265	-0.229	125.477	157.752	135.746	125.477
macd8/18/4<-0.0%	none	long	15:55	2	4	203	2162.392	-0.700	115	1162.979	-0.463	5029.630	-0.700	125.433	148.976	132.964	125.433
rsi2<15	down1d	long	12:00	4	0	69	2161.955	-0.872	33	2695.028	-0.860	11653.059	-0.872	125.408	517.412	216.936	125.408
kelt40<-1.5	down3d	long	09:30	5	0	57	3979.364	-0.888	36	1060.482	-0.850	8440.089	-0.888	216.264	125.351	181.610	125.351
rsi2>80	>sma20d	short	15:55	5	2	99	2159.931	-0.760	54	3160.837	-0.753	13654.377	-0.760	125.291	633.493	235.883	125.291
rsi3>80	>sma20d	short	12:00	5	2	70	2159.900	-0.687	48	2174.086	-0.604	9391.616	-0.687	125.289	389.517	192.850	125.289
rsi5<30	down3d	long	09:30	3	10	54	2158.674	-0.681	32	2969.950	-0.324	12822.308	-0.681	125.218	585.744	228.235	125.218
macd8/18/4<-0.0%	none	long	09:30	3	10	203	2158.626	-0.862	115	10756.970	-0.545	46440.556	-0.862	125.215	2655.279	425.955	125.215
rsi2<10	down3d	long	09:30	3	15	59	2157.882	-0.764	31	2131.150	-0.542	9197.539	-0.764	125.172	379.079	190.618	125.172
rsi2<10	down3d	long	09:30	3	10	59	2157.882	-0.764	31	2751.806	-0.535	11876.144	-0.764	125.172	531.480	219.145	125.172
rsi2<20	down3d	long	15:55	3	0	65	2156.130	-0.783	37	3642.002	-0.695	15705.258	-0.783	125.071	754.861	253.551	125.071
bb40<-1.5sd	>sma50d	long	15:55	3	10	39	2155.733	-0.391	26	3924.811	-0.472	16921.686	-0.472	125.048	826.814	263.347	125.048
rsi5<35	none	long	09:30	3	0	125	2154.630	-0.630	72	4508.326	-0.476	19427.552	-0.630	124.984	976.570	282.202	124.984
macd12/26/9<-0.1%	none	long	09:30	2	10	93	2153.015	-0.694	60	1687.382	-0.403	7265.918	-0.694	124.890	272.247	166.572	124.890
bb20<-1.0sd	down5d	long	09:30	3	10	52	2808.263	-0.769	35	1058.455	-0.498	5944.839	-0.769	160.629	124.885	147.678	124.885
kelt20<-1.0	<sma10d	long	09:30	3	0	40	2152.720	-0.669	32	1461.179	-0.540	6291.017	-0.669	124.873	218.626	152.867	124.873
rsi3<30	>sma50d	long	09:30	4	10	60	2151.464	-0.443	45	1221.207	-0.717	5254.765	-0.717	124.800	162.474	136.732	124.800
rsi3>75	>sma20d	short	12:00	5	2	83	2150.158	-0.779	51	1533.728	-0.612	6595.514	-0.779	124.725	235.755	157.284	124.725
rsi5<35	<sma10d	long	09:30	2	0	51	2147.283	-0.341	33	1542.470	-0.301	6624.240	-0.341	124.558	237.824	157.694	124.558
roc20<-2%	down1d	long	15:55	3	10	29	2324.711	-0.545	21	1057.008	-0.664	4914.477	-0.664	134.675	124.553	130.996	124.553
roc20<-2%	<sma50d	long	15:55	3	0	25	2146.513	-0.548	22	2933.583	-0.567	12593.949	-0.567	124.513	576.675	226.081	124.513
macd12/26/9<-0.1%	up1d	long	10:30	3	15	41	2146.020	-0.453	37	3178.550	-0.636	13642.465	-0.636	124.484	637.936	235.775	124.484
bb40<-1.0sd	>sma100d	long	10:30	5	4	31	2145.741	-0.450	57	3857.763	-0.798	16555.520	-0.798	124.468	809.717	260.446	124.468
kelt10>+1.0	>sma20d	short	15:55	4	3	54	2143.686	-0.796	41	1409.681	-0.697	6043.830	-0.796	124.349	206.509	149.181	124.349
rsi14<35	down5d	long	15:55	3	0	37	2141.704	-0.705	23	3488.147	-0.356	14941.161	-0.705	124.234	715.904	247.150	124.234
bb40<-1.0sd	>sma50d	long	10:30	4	4	50	2139.129	-0.367	42	3399.200	-0.571	14542.652	-0.571	124.084	693.444	243.728	124.084
bb40>+2.0sd	up1d	short	15:55	5	2	26	2670.475	-0.682	17	1054.961	-0.474	5634.491	-0.708	153.451	124.083	142.861	124.083
bb40>+2.0sd	>sma20d	short	15:55	3	2	27	3085.242	-0.371	21	1054.849	-0.358	6508.930	-0.371	174.599	124.057	156.042	124.057
macd12/26/9<-0.0%	down5d	long	15:55	2	3	94	2418.560	-0.625	44	1054.722	-0.499	5101.816	-0.625	139.888	124.028	134.184	124.028
rsi3>90	>sma10d	short	12:00	4	2	55	2136.535	-0.552	37	1080.633	-0.499	4617.619	-0.552	123.933	129.981	125.783	123.933
macd5/18/4>+0.1%	>sma20d	short	12:00	4	2	60	2134.857	-0.386	39	1161.016	-0.515	4957.209	-0.515	123.835	148.522	131.730	123.835
rsi5<30	none	long	15:55	2	0	107	2132.534	-0.582	61	1326.011	-0.773	5655.524	-0.773	123.700	186.897	143.192	123.700
bb40<-1.0sd	none	long	15:55	1	0	106	2132.099	-0.282	78	2261.227	-0.341	9642.320	-0.341	123.675	410.753	195.690	123.675
kelt20>+2.0	>sma20d	short	15:55	5	3	28	2131.696	-0.689	25	1094.573	-0.632	4666.592	-0.689	123.651	133.189	126.657	123.651
macd12/26/9<-0.2%	down3d	long	10:30	3	15	26	2130.798	-0.580	15	1547.754	-0.345	6595.901	-0.580	123.599	239.075	157.290	123.599
macd12/26/9<-0.2%	down3d	long	10:30	3	10	26	2130.798	-0.580	15	1547.754	-0.345	6595.901	-0.580	123.599	239.075	157.290	123.599
macd12/26/9<-0.0%	down5d	long	09:30	4	8	94	2129.661	-0.948	44	1632.070	-0.669	6951.510	-0.949	123.533	259.078	162.287	123.533
bb40<-1.5sd	down5d	long	12:00	3	15	34	2370.971	-0.474	27	1052.436	-0.682	4990.590	-0.682	137.256	123.504	132.300	123.504
macd8/18/4<-0.0%	<sma20d	long	09:30	2	10	91	2127.764	-0.664	50	1824.394	-0.318	7763.759	-0.664	123.422	305.014	173.124	123.422
bb40>+2.0sd	up5d	short	15:55	4	2	25	2127.420	-0.556	21	1439.165	-0.398	6123.418	-0.556	123.402	213.442	150.378	123.402
macd8/18/4<-0.0%	down3d	long	10:30	2	0	99	2126.649	-0.533	53	1456.650	-0.600	6195.568	-0.600	123.357	217.559	151.455	123.357
rsi5<30	none	long	09:30	2	0	107	2125.425	-0.481	61	2122.407	-0.367	9022.034	-0.481	123.286	376.955	188.574	123.286
macd5/18/4<-0.0%	down3d	long	09:30	4	0	95	2124.174	-0.899	54	2357.498	-0.622	10015.474	-0.899	123.213	434.292	199.831	123.213
rsi2<15	down3d	long	09:30	4	15	61	2123.203	-0.889	33	3667.795	-0.609	15574.949	-0.889	123.156	761.405	252.473	123.156
bb40<-1.5sd	>sma50d	long	10:30	4	10	39	2122.229	-0.443	26	9732.399	-0.444	41308.754	-0.444	123.099	2372.811	403.869	123.099
bb40<-1.5sd	>sma50d	long	10:30	4	15	39	2122.229	-0.443	26	9732.399	-0.444	41308.754	-0.444	123.099	2372.811	403.869	123.099
bb40<-1.5sd	>sma50d	long	10:30	4	0	39	2122.229	-0.443	26	9732.399	-0.444	41308.754	-0.444	123.099	2372.811	403.869	123.099
kelt20<-1.5	none	long	09:30	3	0	73	2121.891	-0.607	43	1065.000	-0.622	4519.627	-0.622	123.080	126.388	124.016	123.080
bb20<-1.5sd	<sma20d	long	09:30	4	8	34	2125.651	-0.546	22	1050.395	-0.646	4465.549	-0.646	123.299	123.035	123.030	123.035
rsi3<20	down3d	long	12:00	2	0	42	2120.998	-0.244	30	1301.110	-0.535	5519.303	-0.535	123.028	181.080	141.030	123.028
macd12/26/9<-0.0%	down5d	long	10:30	3	3	94	2871.360	-0.690	44	1050.330	-0.633	6031.753	-0.690	163.864	123.020	148.999	123.020
roc20<-2%	down5d	long	12:00	3	15	27	2912.181	-0.271	21	1049.746	-0.620	6114.099	-0.620	165.939	122.886	150.239	122.886
bb40<-1.0sd	<sma20d	long	09:30	3	0	44	2118.259	-0.622	36	1281.942	-0.540	5430.969	-0.622	122.868	176.608	139.609	122.868
bb40<-1.5sd	>sma50d	long	09:30	4	10	39	2118.178	-0.452	26	17059.917	-0.218	72271.879	-0.452	122.863	4435.236	518.463	122.863
bb40<-1.5sd	>sma50d	long	09:30	4	15	39	2118.178	-0.452	26	17059.917	-0.218	72271.879	-0.452	122.863	4435.236	518.463	122.863
bb40<-1.5sd	>sma50d	long	09:30	4	0	39	2118.178	-0.452	26	17059.917	-0.218	72271.879	-0.452	122.863	4435.236	518.463	122.863
rsi5<30	none	long	09:30	3	15	107	2117.869	-0.687	61	3106.121	-0.539	13156.714	-0.687	122.845	619.782	231.345	122.845
macd8/18/4<-0.0%	none	long	12:00	3	15	203	2117.182	-0.918	115	2065.153	-0.904	8744.609	-0.918	122.805	363.067	185.291	122.805
roc10<-2%	down3d	long	15:55	5	8	26	2116.421	-0.871	19	2975.537	-0.800	12594.978	-0.946	122.760	587.138	226.091	122.760
roc10<-2%	down1d	long	15:55	2	15	25	2115.630	-0.310	18	1142.728	-0.411	4835.178	-0.411	122.714	144.294	129.623	122.714
bb40<-1.0sd	<sma100d	long	15:55	3	15	51	2173.994	-0.812	21	1048.900	-0.631	4560.606	-0.812	126.104	122.692	124.758	122.692
macd12/26/9<-0.0%	down3d	long	09:30	3	10	100	2114.568	-0.849	53	2258.043	-0.409	9549.570	-0.849	122.652	409.976	194.644	122.652
kelt20<-1.0	>sma50d	long	15:55	3	10	46	2114.461	-0.289	37	2287.002	-0.664	9671.554	-0.664	122.646	417.048	196.018	122.646
kelt20<-1.0	>sma50d	long	15:55	3	15	46	2114.461	-0.289	37	2744.115	-0.700	11604.646	-0.700	122.646	529.573	216.453	122.646
rsi3<15	none	long	09:30	2	0	71	2112.095	-0.345	53	1264.567	-0.602	5341.771	-0.602	122.508	172.559	138.160	122.508
roc20<-2%	down1d	long	15:55	2	15	29	2111.720	-0.338	21	1598.328	-0.411	6750.442	-0.411	122.486	251.063	159.482	122.486
roc20<-2%	down1d	long	15:55	2	0	29	2111.720	-0.338	21	1116.127	-0.669	4713.894	-0.669	122.486	138.155	127.496	122.486
rsi7<30	>sma50d	long	09:30	4	10	36	2111.428	-0.402	32	1647.588	-0.577	6957.526	-0.577	122.468	262.769	162.370	122.468
rsi7<30	>sma50d	long	09:30	4	0	36	2111.428	-0.402	32	1374.837	-0.647	5805.740	-0.647	122.468	198.330	145.539	122.468
rsi7<30	>sma50d	long	09:30	4	15	36	2111.428	-0.402	32	1374.837	-0.647	5805.740	-0.647	122.468	198.330	145.539	122.468
kelt20<-1.5	>sma50d	long	12:00	4	10	36	2314.582	-0.463	23	1047.915	-0.639	4850.969	-0.639	134.107	122.466	129.898	122.466
rsi14<35	none	long	09:30	3	15	73	2109.882	-0.542	44	1244.307	-0.497	5250.682	-0.542	122.378	167.843	136.664	122.378
bb10<-1.0sd	<sma100d	long	09:30	4	0	59	2109.600	-0.802	15	1121.453	-0.516	4731.637	-0.802	122.362	139.383	127.810	122.362
bb40<-1.0sd	down5d	long	10:30	2	0	49	2109.514	-0.437	37	1148.468	-0.548	4845.418	-0.548	122.357	145.621	129.801	122.357
kelt20<-1.0	>sma50d	long	12:00	4	15	46	3364.190	-0.452	37	1047.246	-0.805	7046.269	-0.805	188.115	122.313	163.591	122.313
kelt40<-3.0	none	long	09:30	4	0	34	2107.159	-0.423	20	1476.383	-0.516	6221.948	-0.516	122.219	222.210	151.847	122.219
kelt40<-3.0	none	long	09:30	4	15	34	2107.159	-0.423	20	1476.383	-0.516	6221.948	-0.516	122.219	222.210	151.847	122.219
kelt40<-3.0	none	long	09:30	4	10	34	2107.159	-0.423	20	1476.383	-0.516	6221.948	-0.516	122.219	222.210	151.847	122.219
roc10>+1%	up1d	short	15:55	4	2	48	2106.431	-0.714	27	1290.816	-0.543	5438.029	-0.714	122.176	178.677	139.723	122.176
rsi2<25	down3d	long	09:30	5	0	68	2106.287	-0.861	39	3559.417	-0.754	14994.309	-0.861	122.168	733.933	247.601	122.168
rsi3<35	none	long	09:30	2	0	135	2104.933	-0.621	84	1837.966	-0.553	7737.590	-0.621	122.088	308.271	172.786	122.088
bb20<-1.5sd	none	long	09:30	2	0	84	2104.343	-0.463	46	1964.011	-0.413	8265.904	-0.463	122.054	338.608	179.467	122.054
rsi5<30	<sma100d	long	12:00	3	0	53	2103.956	-0.539	18	1769.401	-0.384	7445.483	-0.539	122.031	291.837	168.967	122.031
roc10<-2%	down3d	long	10:30	3	0	26	2102.144	-0.655	19	1083.639	-0.602	4555.930	-0.655	121.925	130.673	124.673	121.925
rsi3<25	down3d	long	09:30	4	0	53	2101.039	-0.822	33	2034.151	-0.603	8547.662	-0.822	121.860	355.559	182.920	121.860
roc10<-2%	down3d	long	15:55	4	8	26	2099.404	-0.786	19	2940.365	-0.694	12346.025	-0.880	121.764	578.365	223.714	121.764
roc156<-1%	>sma10d	long	12:00	4	3	58	2098.398	-0.768	26	2445.188	-0.422	10261.956	-0.768	121.705	455.799	202.514	121.705
macd12/26/9<-0.0%	down5d	long	10:30	5	2	94	2097.291	-0.753	44	2897.849	-0.768	12155.267	-0.768	121.640	567.772	221.873	121.640
kelt20<-1.5	down3d	long	09:30	5	15	39	3041.974	-0.872	21	1043.895	-0.754	6351.000	-0.872	172.455	121.544	153.748	121.544
kelt20<-1.5	down3d	long	09:30	5	0	39	4952.995	-0.791	21	1043.895	-0.754	10340.809	-0.791	257.120	121.544	203.363	121.544
bb20<-1.5sd	>sma50d	long	12:00	4	0	44	4885.068	-0.400	25	1043.683	-0.864	10196.923	-0.864	254.393	121.496	201.810	121.496
rsi14<35	down3d	long	15:55	3	15	43	2094.350	-0.453	27	4609.115	-0.454	19306.196	-0.454	121.468	1002.602	281.325	121.468
bb20<-1.5sd	>sma50d	long	15:55	5	3	44	2093.526	-0.475	25	2756.919	-0.487	11543.362	-0.487	121.419	532.748	215.840	121.419
rsi5<15	none	long	09:30	3	10	43	2092.848	-0.616	35	1502.042	-0.551	6287.092	-0.616	121.380	228.266	152.809	121.380
rsi5<15	none	long	09:30	3	15	43	2092.848	-0.616	35	1073.486	-0.679	4493.285	-0.679	121.380	128.338	123.536	121.380
rsi2<20	down3d	long	09:30	4	0	65	2092.257	-0.771	37	3581.638	-0.609	14987.414	-0.771	121.345	739.560	247.543	121.345
macd8/18/4<-0.0%	<sma20d	long	09:30	3	8	91	2091.925	-0.806	50	2908.848	-0.439	12170.181	-0.806	121.325	570.512	222.018	121.325
roc10<-1%	down3d	long	09:30	4	0	53	2091.415	-0.852	32	3199.644	-0.603	13383.570	-0.852	121.296	643.230	233.427	121.296
bb40<-1.5sd	<sma10d	long	09:30	5	0	32	2091.024	-0.759	26	1271.352	-0.819	5316.852	-0.819	121.273	174.139	137.752	121.273
rsi7<35	<sma100d	long	12:00	3	0	56	2090.612	-0.483	16	1097.940	-0.414	4590.733	-0.483	121.248	133.964	125.300	121.248
roc20<-1%	down3d	long	09:30	3	10	64	2090.556	-0.727	44	3179.920	-0.717	13295.602	-0.727	121.245	638.280	232.622	121.245
roc10<-2%	none	long	12:00	2	15	34	2090.435	-0.317	30	1241.776	-0.479	5191.704	-0.479	121.238	167.254	135.687	121.238
bb40<-1.0sd	down3d	long	12:00	3	15	59	2090.293	-0.757	44	1132.742	-0.655	4735.528	-0.757	121.230	141.988	127.878	121.230
rsi5<30	down5d	long	09:30	4	8	47	2089.695	-0.821	30	1417.854	-0.453	5925.763	-0.821	121.194	208.429	147.387	121.194
bb20<-1.5sd	down1d	long	12:00	3	10	48	2089.332	-0.676	21	1430.240	-0.594	5976.494	-0.676	121.173	211.342	148.160	121.173
kelt20<-1.5	down3d	long	15:55	2	10	39	2088.698	-0.291	21	1882.041	-0.331	7862.033	-0.331	121.136	318.861	174.385	121.136
macd12/26/9<-0.0%	down5d	long	09:30	2	15	94	2088.585	-0.752	44	1073.793	-0.359	4485.415	-0.752	121.129	128.409	123.393	121.129
rsi3>85	>sma20d	short	12:00	3	2	60	2088.516	-0.330	43	2266.996	-0.408	9469.316	-0.408	121.125	412.162	193.735	121.125
rsi3<30	>sma50d	long	09:30	5	10	60	2522.023	-0.536	45	1041.958	-0.827	5255.683	-0.827	145.531	121.100	136.747	121.100
bb20<-1.0sd	>sma50d	long	15:55	3	15	55	2320.500	-0.374	46	1041.942	-0.700	4835.652	-0.700	134.439	121.096	129.632	121.096
rsi7<35	<sma100d	long	10:30	4	0	56	2141.555	-0.556	16	1041.896	-0.517	4462.554	-0.719	124.225	121.086	122.975	121.086
rsi2<10	down3d	long	12:00	3	15	59	2086.299	-0.786	31	2619.485	-0.707	10930.060	-0.786	120.995	498.732	209.585	120.995
rsi14<35	down3d	long	09:30	3	15	43	2085.851	-0.632	27	1739.911	-0.454	7258.393	-0.632	120.969	284.785	166.471	120.969
rsi5<30	>sma50d	long	12:00	3	10	47	2084.018	-0.343	33	1127.262	-0.580	4698.467	-0.580	120.861	140.723	127.223	120.861
bb40<-1.0sd	down5d	long	09:30	5	10	49	2082.681	-0.966	37	1586.705	-0.666	6609.200	-0.966	120.782	248.305	157.480	120.782
bb40<-1.0sd	down1d	long	15:55	2	15	66	2082.142	-0.698	34	2098.037	-0.471	8736.823	-0.698	120.750	371.040	185.198	120.750
bb40<-1.0sd	none	long	09:30	3	10	106	2081.973	-0.830	78	6712.739	-0.566	27951.489	-0.830	120.740	1555.255	336.688	120.740
rsi3<30	down3d	long	09:30	4	0	62	2080.261	-0.841	36	1547.292	-0.606	6437.543	-0.841	120.640	238.965	155.009	120.640
bb20<-1.5sd	<sma10d	long	09:30	3	8	34	2080.260	-0.408	19	1380.893	-0.371	5745.232	-0.408	120.640	199.750	144.598	120.640
rsi14<35	<sma20d	long	15:55	5	10	36	2079.421	-0.598	22	5254.856	-0.564	21854.110	-0.598	120.590	1170.436	299.042	120.590
bb20<-1.5sd	>sma100d	long	10:30	5	3	29	2078.753	-0.379	34	3717.201	-0.624	15454.287	-0.624	120.551	773.951	251.471	120.551
rsi5<25	none	long	09:30	5	0	87	2078.198	-0.847	50	2335.843	-0.850	9708.691	-0.850	120.518	428.990	196.434	120.518
bb78<-1.5sd	down1d	long	15:55	2	15	39	2077.612	-0.436	17	1713.303	-0.242	7119.155	-0.436	120.484	278.430	164.587	120.484
bb78<-1.5sd	down1d	long	15:55	2	0	39	2077.612	-0.436	17	1713.303	-0.242	7119.155	-0.436	120.484	278.430	164.587	120.484
macd12/26/9<-0.2%	none	long	12:00	3	15	37	2077.063	-0.794	25	1614.474	-0.569	6706.730	-0.845	120.451	254.897	158.865	120.451
kelt40<-1.5	>sma100d	long	15:55	3	15	25	2076.748	-0.231	40	3413.183	-0.850	14176.641	-0.850	120.433	696.972	240.534	120.433
kelt40<-1.5	>sma100d	long	15:55	3	0	25	2076.748	-0.231	40	4585.931	-0.798	19047.644	-0.798	120.433	996.610	279.447	120.433
bb40<-1.5sd	<sma20d	long	09:30	3	0	32	2355.062	-0.360	27	1038.873	-0.540	4893.219	-0.540	136.371	120.393	130.629	120.393
roc10<-2%	down3d	long	09:30	5	8	26	2075.924	-0.870	19	2361.030	-0.614	9802.640	-0.928	120.384	435.157	197.481	120.384
bb40<-1.0sd	down5d	long	10:30	3	15	49	2074.662	-0.743	37	1632.050	-0.645	6771.905	-0.743	120.310	259.074	159.784	120.310
rsi3<15	<sma20d	long	09:30	4	10	28	2074.445	-0.804	26	2932.277	-0.647	12165.693	-0.804	120.297	576.349	221.974	120.297
rsi3<15	<sma20d	long	09:30	4	15	28	2074.445	-0.804	26	2097.210	-0.748	8701.095	-0.804	120.297	370.839	184.770	120.297
macd12/26/9<-0.0%	none	long	09:30	2	0	223	2074.345	-0.715	111	2618.637	-0.453	10863.915	-0.715	120.291	498.523	208.898	120.291
bb40<-1.0sd	down3d	long	15:55	1	0	59	2073.360	-0.248	44	1239.033	-0.210	5137.924	-0.248	120.233	166.616	134.789	120.233
macd8/18/4<-0.0%	down3d	long	12:00	2	0	99	2071.405	-0.519	53	2514.802	-0.506	10418.347	-0.519	120.118	472.918	204.195	120.118
bb20<-1.5sd	>sma50d	long	12:00	4	3	44	2071.150	-0.419	25	2454.130	-0.435	10165.741	-0.435	120.103	457.996	201.472	120.103
bb40<-1.0sd	>sma50d	long	12:00	4	6	50	2068.464	-0.585	42	8112.898	-0.547	33562.483	-0.585	119.944	1931.302	366.957	119.944
bb78<-1.5sd	down3d	long	09:30	3	10	31	2068.333	-0.244	19	2029.198	-0.415	8394.114	-0.415	119.936	354.361	181.047	119.936
bb78<-1.5sd	down3d	long	09:30	3	0	31	2068.333	-0.244	19	1597.474	-0.540	6608.218	-0.540	119.936	250.860	157.466	119.936
bb78<-1.5sd	down3d	long	09:30	3	15	31	2068.333	-0.244	19	1597.474	-0.540	6608.218	-0.540	119.936	250.860	157.466	119.936
bb20<-1.0sd	none	long	09:30	4	0	118	2068.291	-0.871	82	1838.429	-0.853	7604.809	-0.871	119.934	308.382	171.062	119.934
rsi3>90	>sma10d	short	12:00	5	2	55	2539.153	-0.645	37	1036.848	-0.583	5265.434	-0.645	146.455	119.929	136.907	119.929
rsi5<35	<sma10d	long	09:30	5	15	51	2067.775	-0.935	33	2543.187	-0.754	10517.476	-0.935	119.904	479.909	205.252	119.904
kelt40<-1.5	>sma50d	long	15:55	4	10	41	2067.673	-0.571	24	1690.906	-0.647	6992.481	-0.647	119.898	273.087	162.852	119.898
rsi5<25	down3d	long	15:55	2	0	47	2204.551	-0.389	27	1036.538	-0.443	4570.203	-0.443	127.863	119.858	124.931	119.858
roc10<-2%	none	long	09:30	2	10	34	2066.177	-0.268	30	1270.607	-0.236	5250.598	-0.268	119.809	173.966	136.663	119.809
bb20<-1.5sd	none	long	10:30	3	10	84	2064.853	-0.560	46	10777.351	-0.603	44507.288	-0.603	119.731	2660.921	417.825	119.731
bb10>+1.5sd	>sma20d	short	12:00	5	3	56	2545.771	-0.598	38	1035.921	-0.639	5274.434	-0.639	146.812	119.716	137.056	119.716
kelt20<-1.0	down3d	long	09:30	3	0	54	2064.513	-0.717	40	1166.927	-0.540	4818.272	-0.717	119.711	149.890	129.329	119.711
roc20<-2%	<sma100d	long	09:30	3	0	29	2064.349	-0.345	14	1219.125	-0.343	5033.402	-0.345	119.701	161.990	133.028	119.701
roc20<-2%	<sma100d	long	09:30	3	15	29	2064.349	-0.345	14	1219.125	-0.343	5033.402	-0.345	119.701	161.990	133.028	119.701
rsi2<15	down3d	long	09:30	3	15	61	2064.075	-0.764	33	2930.293	-0.481	12096.686	-0.764	119.685	575.855	221.304	119.685
macd12/26/9<-0.1%	up1d	long	09:30	3	15	41	2063.547	-0.453	37	2209.138	-0.675	9117.321	-0.675	119.654	398.051	189.687	119.654
bb40>+2.0sd	up5d	short	15:55	5	3	25	2062.779	-0.731	21	1242.185	-0.539	5124.706	-0.731	119.608	167.349	134.568	119.608
roc10<-1%	down5d	long	15:55	2	0	46	2062.423	-0.496	31	1696.014	-0.606	6995.795	-0.606	119.587	274.305	162.898	119.587
bb40<-1.0sd	>sma50d	long	15:55	5	3	50	2062.288	-0.421	42	4975.705	-0.597	20522.668	-0.597	119.579	1097.665	289.958	119.579
roc10<-2%	down3d	long	09:30	2	0	26	2062.092	-0.259	19	1052.187	-0.301	4339.413	-0.301	119.568	123.447	120.701	119.568
roc40<-2%	>sma10d	long	10:30	5	4	35	2061.885	-0.758	16	1212.837	-0.600	5001.461	-0.758	119.556	160.530	132.485	119.556
bb40<-1.0sd	none	long	09:30	2	0	106	2061.592	-0.563	78	2483.893	-0.507	10241.549	-0.563	119.538	465.312	202.293	119.538
macd12/26/9<-0.1%	up1d	long	10:30	4	6	41	2061.335	-0.392	37	5872.290	-0.645	24209.516	-0.645	119.523	1332.482	314.290	119.523
bb40<-1.0sd	>sma100d	long	10:30	5	3	31	2059.588	-0.337	57	2743.697	-0.738	11301.770	-0.738	119.420	529.470	213.402	119.420
roc20<-2%	none	long	15:55	3	0	43	2112.746	-0.581	38	1034.601	-0.912	4371.698	-0.912	122.546	119.413	121.301	119.413
macd8/18/4<-0.0%	down5d	long	09:30	4	15	92	3891.642	-0.972	50	1034.410	-0.709	8051.107	-0.972	212.375	119.370	176.784	119.370
macd8/18/4<-0.0%	down5d	long	09:30	4	0	92	10512.695	-0.925	50	1034.410	-0.709	21748.874	-0.925	442.305	119.370	298.337	119.370
bb20<-1.5sd	down3d	long	15:55	4	3	43	2058.595	-0.765	22	1377.671	-0.366	5672.132	-0.765	119.361	198.994	143.454	119.361
macd12/26/9<-0.1%	up1d	long	09:30	3	0	41	2056.980	-0.454	37	2209.138	-0.675	9088.304	-0.675	119.266	398.051	189.349	119.266
rsi5<30	down3d	long	09:30	2	15	54	2056.669	-0.490	32	1601.604	-0.301	6587.937	-0.490	119.247	251.841	157.176	119.247
roc156<-1%	>sma10d	long	12:00	5	3	58	2056.539	-0.866	26	3130.773	-0.503	12877.112	-0.866	119.239	625.957	228.748	119.239
roc20<-1%	down5d	long	09:30	3	10	55	2055.724	-0.721	35	1229.362	-0.593	5054.458	-0.721	119.191	164.368	133.385	119.191
rsi7<35	<sma100d	long	10:30	5	0	56	2286.099	-0.658	16	1033.476	-0.625	4725.259	-0.845	132.504	119.156	127.697	119.156
macd12/26/9<-0.2%	down3d	long	12:00	2	10	26	2055.003	-0.363	15	1244.029	-0.349	5112.967	-0.366	119.149	167.778	134.371	119.149
macd12/26/9<-0.2%	down3d	long	12:00	2	15	26	2055.003	-0.363	15	1139.041	-0.404	4681.465	-0.420	119.149	143.443	126.922	119.149
bb20<-1.5sd	down5d	long	10:30	2	15	33	2053.599	-0.401	21	1084.648	-0.336	4454.866	-0.401	119.065	130.905	122.834	119.065
bb40<-1.5sd	down3d	long	09:30	3	10	39	2052.891	-0.436	30	4046.838	-0.415	16615.432	-0.436	119.023	857.992	260.924	119.023
bb20<-1.5sd	down1d	long	09:30	3	10	48	2051.561	-0.593	21	1396.828	-0.363	5731.354	-0.593	118.945	203.490	144.382	118.945
kelt10>+1.0	>sma20d	short	15:55	3	2	54	2051.396	-0.601	41	1820.451	-0.440	7468.931	-0.601	118.935	304.068	169.277	118.935
rsi2<10	down3d	long	10:30	2	0	59	2050.565	-0.316	31	1530.711	-0.447	6277.647	-0.447	118.886	235.042	152.670	118.886
bb20<-1.5sd	>sma50d	long	12:00	4	6	44	2048.388	-0.533	25	5367.745	-0.503	21990.448	-0.533	118.757	1199.954	299.952	118.757
bb40<-1.0sd	down3d	long	09:30	4	15	59	2046.053	-0.924	44	1988.877	-0.688	8138.692	-0.924	118.618	344.612	177.884	118.618
rsi3<20	down5d	long	09:30	3	10	39	2045.981	-0.670	29	1275.171	-0.373	5217.949	-0.670	118.614	175.029	136.123	118.614
bb20<-1.5sd	none	long	10:30	4	10	84	2045.284	-0.718	46	19002.885	-0.735	77732.610	-0.735	118.573	4995.878	535.189	118.573
roc20<-1%	down3d	long	09:30	4	10	64	2044.579	-0.873	44	4115.396	-0.835	16828.506	-0.873	118.531	875.541	262.612	118.531
macd12/26/9<-0.1%	none	long	10:30	4	2	93	2044.153	-0.554	60	6114.012	-0.565	24995.956	-0.565	118.506	1396.306	319.170	118.506
bb20<-1.5sd	down3d	long	12:00	2	10	43	2043.872	-0.332	22	2457.140	-0.349	10044.158	-0.349	118.489	458.735	200.146	118.489
rsi5<30	>sma50d	long	10:30	5	10	47	2043.212	-0.575	33	1082.875	-0.756	4425.088	-0.756	118.450	130.497	122.287	118.450
roc10<-2%	down3d	long	12:00	4	6	26	2043.187	-0.676	19	1283.264	-0.573	5243.896	-0.766	118.448	176.916	136.552	118.448
rsi5<30	down3d	long	12:00	3	15	54	2042.605	-0.670	32	1859.596	-0.640	7596.841	-0.670	118.414	313.465	170.957	118.414
bb20<-1.5sd	down3d	long	12:00	2	15	43	2042.587	-0.311	22	1970.422	-0.404	8049.517	-0.404	118.413	340.156	176.764	118.413
rsi3<25	down3d	long	09:30	5	0	53	2041.819	-0.906	33	1751.957	-0.754	7154.359	-0.906	118.367	287.665	165.066	118.367
bb40<-1.0sd	>sma50d	long	09:30	3	10	50	2041.681	-0.351	42	9988.398	-0.350	40786.235	-0.351	118.359	2443.173	401.525	118.359
bb40<-1.0sd	>sma50d	long	09:30	3	15	50	2041.681	-0.351	42	9067.771	-0.368	37026.982	-0.368	118.359	2190.841	384.069	118.359
bb40<-1.0sd	>sma50d	long	09:30	3	0	50	2041.681	-0.351	42	9067.771	-0.368	37026.982	-0.368	118.359	2190.841	384.069	118.359
macd12/26/9<-0.0%	down5d	long	10:30	4	2	94	2040.126	-0.652	44	2565.986	-0.680	10469.870	-0.680	118.266	485.529	204.745	118.266
bb40<-1.0sd	down5d	long	09:30	2	10	49	2039.228	-0.543	37	1145.135	-0.320	4670.382	-0.543	118.213	144.851	126.725	118.213
rsi3<20	<sma20d	long	09:30	4	10	32	2037.679	-0.804	30	1427.965	-0.647	5819.470	-0.804	118.121	210.807	145.752	118.121
roc20<-2%	down5d	long	10:30	3	10	27	2037.011	-0.448	21	1310.111	-0.499	5337.420	-0.499	118.081	183.182	138.089	118.081
roc20<-1%	up1d	long	10:30	5	8	35	2034.545	-0.558	35	1313.021	-0.857	5342.804	-0.857	117.935	183.861	138.177	117.935
roc20<-1%	up1d	long	10:30	5	10	35	2034.545	-0.558	35	1372.557	-0.860	5585.059	-0.860	117.935	197.795	142.078	117.935
rsi2<15	down3d	long	12:00	3	15	61	2033.184	-0.786	33	4106.468	-0.707	16698.412	-0.786	117.854	873.255	261.583	117.854
rsi2>85	>sma20d	short	12:00	4	2	93	2031.734	-0.675	50	2605.842	-0.597	10588.755	-0.675	117.768	495.363	206.008	117.768
rsi3<25	<sma10d	long	09:30	4	0	43	3676.094	-0.730	30	1027.314	-0.748	7553.007	-0.748	202.650	117.744	170.384	117.744
roc78<-3%	>sma10d	long	15:55	4	10	28	2030.567	-0.684	14	1552.035	-0.447	6303.023	-0.684	117.698	240.088	153.044	117.698
rsi5<30	<sma20d	long	09:30	2	0	44	2238.516	-0.279	31	1026.970	-0.301	4597.780	-0.301	129.805	117.665	125.427	117.665
rsi5<35	<sma20d	long	09:30	2	0	50	2029.180	-0.304	36	1403.929	-0.301	5697.649	-0.304	117.616	205.157	143.854	117.616
roc10<-2%	down3d	long	12:00	3	8	26	2028.009	-0.648	19	1692.646	-0.569	6865.402	-0.772	117.546	273.502	161.092	117.546
rsi14<35	<sma20d	long	15:55	3	10	36	2027.651	-0.369	22	2981.396	-0.345	12090.462	-0.369	117.525	588.601	221.243	117.525
rsi5<30	<sma10d	long	09:30	2	15	44	2026.539	-0.469	28	1255.647	-0.301	5089.238	-0.469	117.458	170.482	133.972	117.458
rsi2<25	down3d	long	09:30	3	0	68	2024.803	-0.646	39	3020.052	-0.481	12230.021	-0.646	117.355	598.254	222.597	117.355
bb40<-1.0sd	>sma50d	long	09:30	5	6	50	2024.116	-0.478	42	43756.003	-0.487	177134.418	-0.487	117.314	12449.882	758.906	117.314
bb40<-1.0sd	>sma50d	long	10:30	5	6	50	2023.895	-0.601	42	11599.243	-0.648	46951.306	-0.648	117.301	2889.130	428.066	117.301
roc20<-2%	down5d	long	09:30	4	15	27	9047.616	-0.376	21	1025.355	-0.688	18554.038	-0.688	398.957	117.295	275.814	117.295
roc20<-2%	down5d	long	09:30	4	0	27	9047.616	-0.376	21	1025.355	-0.688	18554.038	-0.688	398.957	117.295	275.814	117.295
kelt40<-1.5	down5d	long	15:55	2	10	46	2521.008	-0.518	31	1025.234	-0.497	5169.243	-0.518	145.476	117.267	135.313	117.267
rsi2<30	down3d	long	09:30	5	0	74	2023.086	-0.861	40	4240.066	-0.754	17156.037	-0.861	117.253	907.515	265.182	117.253
rsi5<30	<sma100d	long	09:30	3	0	53	2020.053	-0.531	18	1197.806	-0.343	4839.263	-0.531	117.072	157.043	129.694	117.072
rsi5<30	down5d	long	09:30	3	8	47	2019.861	-0.670	30	1266.920	-0.353	5118.004	-0.670	117.060	173.107	134.455	117.060
roc10<-2%	none	long	15:55	2	15	34	2019.626	-0.339	30	2175.543	-0.512	8787.565	-0.512	117.046	389.872	185.803	117.046
kelt40<-2.0	down1d	long	15:55	3	15	49	2018.740	-0.748	23	1520.802	-0.453	6140.208	-0.748	116.993	232.699	150.629	116.993
macd8/18/4<-0.0%	down5d	long	09:30	3	2	92	2459.202	-0.444	50	1023.958	-0.393	5036.241	-0.444	142.117	116.975	133.076	116.975
kelt40<-1.5	down3d	long	12:00	3	0	57	2017.490	-0.642	36	2333.930	-0.701	9417.361	-0.701	116.919	428.522	193.143	116.919
bb20<-1.5sd	none	long	15:55	3	15	84	2017.072	-0.632	46	11525.443	-0.582	46495.308	-0.632	116.894	2868.584	426.182	116.894
kelt20<-1.0	>sma50d	long	10:30	4	15	46	2016.533	-0.441	37	2684.239	-0.731	10825.713	-0.731	116.862	514.742	208.499	116.862
kelt20<-1.0	>sma50d	long	10:30	4	0	46	2016.533	-0.441	37	2368.134	-0.763	9550.842	-0.763	116.862	436.897	194.659	116.862
kelt20<-1.0	>sma50d	long	10:30	4	10	46	2016.533	-0.441	37	2970.701	-0.736	11981.033	-0.736	116.862	585.932	220.175	116.862
rsi5<30	>sma50d	long	12:00	4	10	47	2698.670	-0.445	33	1023.248	-0.711	5522.814	-0.711	154.933	116.813	141.086	116.813
roc10<-2%	down3d	long	10:30	2	15	26	2015.340	-0.302	19	1232.167	-0.336	4966.469	-0.336	116.790	165.020	131.888	116.790
macd8/18/4<-0.0%	none	long	15:55	3	4	203	2014.675	-0.857	115	1026.016	-0.639	4134.178	-0.857	116.751	117.447	116.818	116.751
bb40<-1.5sd	<sma20d	long	09:30	3	15	32	2014.236	-0.453	27	1038.873	-0.540	4185.071	-0.540	116.725	120.393	117.792	116.725
kelt40<-1.5	down5d	long	09:30	3	10	46	2014.212	-0.790	31	1230.154	-0.415	4955.582	-0.790	116.723	164.552	131.702	116.723
bb78<-1.0sd	>sma50d	long	09:30	4	0	42	2010.067	-0.457	21	4602.271	-0.317	18501.746	-0.457	116.475	1000.833	275.426	116.475
bb78<-1.0sd	>sma50d	long	09:30	4	10	42	2010.067	-0.457	21	4602.271	-0.317	18501.746	-0.457	116.475	1000.833	275.426	116.475
bb78<-1.0sd	>sma50d	long	09:30	4	15	42	2010.067	-0.457	21	4602.271	-0.317	18501.746	-0.457	116.475	1000.833	275.426	116.475
macd5/18/4<-0.0%	down3d	long	09:30	3	0	95	2009.815	-0.789	54	2289.081	-0.452	9201.261	-0.789	116.460	417.556	190.661	116.460
rsi5<30	>sma50d	long	15:55	3	10	47	2009.611	-0.397	33	1155.795	-0.560	4645.397	-0.560	116.448	147.315	126.280	116.448
rsi3<20	<sma20d	long	09:30	4	0	32	4222.077	-0.593	30	1021.303	-0.748	8624.042	-0.748	226.831	116.368	183.843	116.368
rsi3<20	<sma20d	long	09:30	4	15	32	2037.679	-0.804	30	1021.303	-0.748	4162.177	-0.804	118.121	116.368	117.355	116.368
roc20<-2%	<sma100d	long	15:55	2	15	29	2008.224	-0.384	14	1656.276	-0.303	6652.347	-0.384	116.365	264.837	158.094	116.365
macd12/26/9<-0.0%	down3d	long	09:30	2	0	100	2008.177	-0.604	53	1191.409	-0.338	4785.119	-0.604	116.362	155.560	128.749	116.362
roc40<-2%	>sma10d	long	10:30	4	4	35	2007.367	-0.638	16	1122.273	-0.507	4505.629	-0.638	116.314	139.573	123.761	116.314
bb20<-1.5sd	<sma10d	long	09:30	3	15	34	2699.956	-0.568	19	1021.028	-0.544	5513.463	-0.568	155.001	116.305	140.936	116.305
bb20<-1.5sd	<sma10d	long	09:30	3	0	34	3156.811	-0.495	19	1021.028	-0.544	6446.386	-0.544	178.117	116.305	155.138	116.305
bb78<-1.0sd	down5d	long	09:30	3	0	53	2006.389	-0.661	25	1121.443	-0.540	4500.100	-0.661	116.255	139.381	123.661	116.255
macd12/26/9<-0.0%	>sma100d	long	09:30	5	0	66	2004.912	-0.427	83	1321.687	-0.890	5299.732	-0.890	116.167	185.886	137.472	116.167
macd12/26/9<-0.0%	>sma100d	long	09:30	5	15	66	2004.912	-0.427	83	1321.687	-0.890	5299.732	-0.890	116.167	185.886	137.472	116.167
macd12/26/9<-0.0%	>sma100d	long	09:30	5	10	66	2004.912	-0.427	83	3981.054	-0.750	15963.327	-0.750	116.167	841.174	255.668	116.167
macd12/26/9<-0.0%	down5d	long	10:30	3	4	94	2004.755	-0.766	44	1192.003	-0.497	4779.350	-0.766	116.158	155.698	128.648	116.158
bb20<-1.5sd	none	long	15:55	2	10	84	2004.078	-0.476	46	3374.376	-0.383	13525.023	-0.476	116.117	687.184	234.714	116.117
macd12/26/9<-0.2%	down3d	long	09:30	3	10	26	2003.807	-0.658	15	1610.234	-0.188	6453.194	-0.658	116.101	253.890	155.236	116.101
macd12/26/9<-0.2%	down3d	long	09:30	3	15	26	2003.807	-0.658	15	1610.234	-0.188	6453.194	-0.658	116.101	253.890	155.236	116.101
rsi2<20	down3d	long	12:00	2	0	65	2002.277	-0.383	37	2056.002	-0.535	8233.372	-0.535	116.009	360.850	179.064	116.009
rsi3>90	>sma10d	short	15:55	4	2	55	3228.727	-0.548	37	1019.580	-0.543	6583.888	-0.548	181.616	115.973	157.118	115.973
rsi5<25	<sma10d	long	09:30	4	8	41	2001.138	-0.812	24	1474.056	-0.361	5899.581	-0.812	115.941	221.662	146.986	115.941
macd8/18/4<-0.0%	>sma50d	long	09:30	3	15	85	2001.050	-0.375	68	2838.714	-0.626	11360.820	-0.626	115.936	553.059	214.001	115.936
macd8/18/4<-0.0%	>sma50d	long	09:30	3	10	85	2001.050	-0.375	68	3933.264	-0.516	15741.319	-0.516	115.936	828.971	253.848	115.936
macd8/18/4<-0.0%	>sma50d	long	09:30	3	0	85	2001.050	-0.375	68	2838.714	-0.626	11360.820	-0.626	115.936	553.059	214.001	115.936
rsi14<35	<sma10d	long	09:30	3	15	34	2000.594	-0.572	22	1748.644	-0.303	6996.653	-0.572	115.909	286.872	162.910	115.909
rsi14<35	<sma100d	long	15:55	4	10	39	2000.494	-0.518	16	1895.822	-0.436	7585.158	-0.518	115.903	322.176	170.805	115.903
rsi5<35	down3d	long	09:30	5	15	62	2000.274	-0.946	38	4597.134	-0.754	18391.055	-0.946	115.889	999.505	274.601	115.889
rsi14<35	<sma100d	long	12:00	3	10	39	2000.046	-0.322	16	1338.307	-0.327	5353.352	-0.327	115.876	189.773	138.349	115.876
macd12/26/9<-0.0%	down5d	long	10:30	4	3	94	2764.357	-0.847	44	1019.063	-0.746	5634.110	-0.847	158.359	115.855	142.855	115.855
rsi2<30	down3d	long	09:30	3	0	74	1999.671	-0.646	40	3366.558	-0.481	13464.013	-0.646	115.853	685.214	234.160	115.853
macd8/18/4<-0.0%	>sma50d	long	12:00	2	10	85	2204.585	-0.338	68	1019.026	-0.553	4493.057	-0.553	127.865	115.846	123.532	115.846
kelt40<-1.5	none	long	15:55	3	0	92	1998.991	-0.810	57	6647.835	-0.782	26577.926	-0.810	115.812	1537.967	328.701	115.812
macd12/26/9<-0.2%	<sma20d	long	12:00	4	10	26	1998.868	-0.868	13	2295.000	-0.407	9174.808	-0.868	115.805	419.002	190.354	115.805
bb40<-1.5sd	>sma100d	long	15:55	3	0	25	1998.457	-0.209	37	4075.386	-0.798	16288.968	-0.798	115.780	865.297	258.309	115.780
bb40<-1.5sd	>sma100d	long	15:55	3	15	25	1998.457	-0.209	37	3033.198	-0.850	12123.434	-0.850	115.780	601.539	221.564	115.780
bb20<-1.0sd	none	long	09:30	3	0	118	1998.409	-0.751	82	2206.127	-0.696	8817.489	-0.751	115.778	397.318	186.160	115.778
rsi2<15	down3d	long	10:30	2	0	61	1998.367	-0.316	33	2051.265	-0.447	8198.360	-0.447	115.775	359.703	178.628	115.775
kelt40<-1.5	>sma100d	long	09:30	5	0	25	1998.155	-0.245	40	3156.188	-0.845	12613.106	-0.845	115.762	632.328	226.262	115.762
kelt40<-1.5	>sma100d	long	09:30	5	15	25	1998.155	-0.245	40	3156.188	-0.845	12613.106	-0.845	115.762	632.328	226.262	115.762
kelt40<-1.5	>sma100d	long	09:30	5	10	25	1998.155	-0.245	40	6316.257	-0.689	25241.725	-0.689	115.762	1449.863	320.675	115.762
rsi14<35	down3d	long	12:00	4	15	43	1997.728	-0.720	27	3273.356	-0.709	13078.546	-0.784	115.737	661.749	230.623	115.737
rsi5<35	<sma20d	long	10:30	4	0	50	1997.220	-0.481	36	2034.409	-0.901	8126.326	-0.901	115.706	355.622	177.729	115.706
bb20<-1.0sd	>sma50d	long	12:00	4	3	55	1996.539	-0.467	46	1876.183	-0.570	7491.743	-0.570	115.665	317.452	169.578	115.665
kelt40<-1.5	down5d	long	09:30	4	10	46	1995.762	-0.910	31	1314.170	-0.532	5245.542	-0.910	115.619	184.130	136.579	115.619
bb20<-1.5sd	>sma100d	long	09:30	5	10	29	1994.525	-0.444	34	3414.961	-0.648	13622.452	-0.648	115.545	697.421	235.595	115.545
bb20<-1.5sd	>sma100d	long	09:30	5	15	29	1994.525	-0.444	34	1336.576	-0.822	5331.668	-0.822	115.545	189.368	137.995	115.545
bb20<-1.5sd	>sma100d	long	09:30	5	0	29	1994.525	-0.444	34	1336.576	-0.822	5331.668	-0.822	115.545	189.368	137.995	115.545
roc10<-2%	down3d	long	15:55	2	0	26	1993.695	-0.470	19	3016.501	-0.303	12027.969	-0.470	115.495	597.367	220.634	115.495
macd8/18/4<-0.0%	none	long	09:30	2	10	203	1993.382	-0.688	115	5450.246	-0.364	21728.848	-0.688	115.476	1221.558	298.203	115.476
rsi5<25	none	long	09:30	3	0	87	1992.731	-0.597	50	2546.822	-0.476	10150.264	-0.597	115.437	480.805	201.303	115.437
kelt40<-1.5	down3d	long	09:30	4	10	57	1992.039	-0.886	36	4959.832	-0.532	19760.356	-0.886	115.396	1093.537	284.588	115.396
rsi14<35	down5d	long	12:00	2	0	37	1990.500	-0.408	23	1348.903	-0.404	5369.984	-0.408	115.303	192.253	138.620	115.303
bb40<-1.0sd	<sma10d	long	09:30	4	0	45	1989.844	-0.818	37	2306.799	-0.688	9180.340	-0.818	115.264	421.886	190.419	115.264
kelt40<-1.5	down3d	long	09:30	3	10	57	1989.355	-0.754	36	3410.908	-0.415	13571.015	-0.754	115.234	696.398	235.130	115.234
macd8/18/4<-0.0%	down3d	long	15:55	2	15	99	1988.825	-0.636	53	2510.932	-0.544	9987.606	-0.636	115.203	471.965	199.525	115.203
rsi14<25	none	long	09:30	5	15	27	1987.023	-0.360	16	1026.909	-0.775	4080.982	-0.775	115.094	117.651	115.792	115.094
rsi14<25	none	long	09:30	5	10	27	1987.023	-0.360	16	1919.976	-0.579	7630.072	-0.579	115.094	327.991	171.391	115.094
bb20<-1.5sd	<sma10d	long	09:30	2	10	34	1985.922	-0.313	19	1026.739	-0.292	4078.048	-0.313	115.028	117.612	115.735	115.028
rsi3<30	down3d	long	09:30	5	0	62	1985.577	-0.920	36	1230.828	-0.784	4887.805	-0.936	115.007	164.709	130.536	115.007
bb20<-1.5sd	down5d	long	12:00	4	8	33	1984.758	-0.546	21	1098.330	-0.546	4359.837	-0.603	114.958	134.054	121.081	114.958
rsi14<35	<sma20d	long	15:55	3	4	36	2037.354	-0.296	22	1014.924	-0.397	4135.520	-0.397	118.102	114.908	116.844	114.908
rsi5<25	<sma20d	long	09:30	3	8	37	1983.020	-0.601	27	1022.575	-0.503	4055.573	-0.601	114.854	116.659	115.299	114.854
rsi3<15	<sma50d	long	09:30	5	0	29	1982.331	-0.703	21	1018.535	-0.885	4038.147	-0.885	114.812	115.734	114.959	114.812
rsi3<15	down5d	long	09:30	2	0	34	1982.218	-0.356	23	1428.422	-0.301	5662.887	-0.356	114.805	210.914	143.308	114.805
roc20<-2%	down3d	long	10:30	2	15	27	1982.050	-0.163	28	1745.721	-0.458	6920.212	-0.458	114.795	286.173	161.854	114.795
roc20<-2%	down3d	long	10:30	2	0	27	1982.050	-0.163	28	1496.215	-0.535	5931.147	-0.535	114.795	226.890	147.469	114.795
roc20<-1%	down5d	long	09:30	2	0	55	1981.961	-0.412	35	1066.833	-0.422	4228.843	-0.422	114.790	126.809	118.624	114.790
bb20<-1.5sd	none	long	12:00	4	15	84	1981.066	-0.732	46	8616.795	-0.725	34140.883	-0.732	114.736	2067.974	369.890	114.736
rsi2<15	<sma10d	long	09:30	4	0	49	1981.007	-0.852	31	1276.283	-0.748	5056.653	-0.852	114.733	175.289	133.422	114.733
macd12/26/9<-0.0%	>sma50d	long	09:30	4	0	94	1979.205	-0.441	66	4990.535	-0.518	19754.587	-0.518	114.624	1101.523	284.546	114.624
macd12/26/9<-0.0%	>sma50d	long	09:30	4	10	94	1979.205	-0.441	66	6489.008	-0.518	25686.158	-0.518	114.624	1495.720	323.374	114.624
macd12/26/9<-0.0%	>sma50d	long	09:30	4	15	94	1979.205	-0.441	66	4990.535	-0.518	19754.587	-0.518	114.624	1101.523	284.546	114.624
macd12/26/9<-0.2%	none	long	15:55	2	0	37	1979.136	-0.510	25	1106.715	-0.608	4380.680	-0.608	114.620	135.986	121.468	114.620
kelt40<-1.5	>sma100d	long	15:55	4	10	25	1977.037	-0.533	40	1610.361	-0.889	6367.487	-0.889	114.494	253.920	153.989	114.494
kelt20<-1.0	>sma100d	long	10:30	5	10	30	1976.981	-0.541	52	1607.128	-0.953	6354.522	-0.953	114.490	253.152	153.799	114.490
kelt20<-1.0	>sma100d	long	10:30	5	15	30	1976.981	-0.541	52	1022.003	-0.965	4040.961	-0.965	114.490	116.528	115.014	114.490
rsi2<10	down3d	long	09:30	2	0	59	1975.878	-0.479	31	1550.191	-0.390	6125.977	-0.479	114.424	239.652	150.417	114.424
bb40<-1.0sd	>sma100d	long	12:00	4	15	31	1975.357	-0.440	57	1501.569	-0.914	5932.269	-0.914	114.392	228.154	147.486	114.392
bb40<-1.0sd	>sma100d	long	12:00	4	10	31	1975.357	-0.440	57	2705.753	-0.903	10689.652	-0.903	114.392	520.068	207.073	114.392
rsi3>75	>sma20d	short	12:00	4	2	83	1975.047	-0.694	51	1543.600	-0.526	6097.364	-0.694	114.374	238.091	149.987	114.374
bb20<-1.5sd	<sma20d	long	09:30	5	8	34	2474.534	-0.659	22	1012.513	-0.771	5010.994	-0.771	142.954	114.356	132.648	114.356
roc10<-1%	down3d	long	09:30	5	0	53	1974.613	-0.927	32	3315.342	-0.754	13093.035	-0.927	114.348	672.313	230.757	114.348
bb40<-1.0sd	>sma50d	long	15:55	5	4	50	1974.109	-0.546	42	4246.629	-0.680	16766.618	-0.680	114.317	909.200	262.123	114.317
macd12/26/9<-0.1%	none	long	09:30	3	2	93	1973.995	-0.360	60	3486.635	-0.468	13765.198	-0.468	114.310	715.522	236.879	114.310
rsi5<25	<sma20d	long	09:30	5	2	37	1973.623	-0.445	27	1128.784	-0.676	4455.588	-0.676	114.288	141.075	122.848	114.288
roc20<-2%	down5d	long	09:30	3	8	27	1973.269	-0.367	21	1311.100	-0.430	5174.304	-0.488	114.267	183.413	135.397	114.267
macd12/26/9<-0.1%	up1d	long	09:30	3	8	41	1970.740	-0.457	37	3480.354	-0.487	13717.743	-0.487	114.114	713.934	236.453	114.114
macd8/18/4<-0.0%	down3d	long	09:30	2	0	99	1970.636	-0.592	53	2360.781	-0.301	9304.479	-0.592	114.108	435.096	191.851	114.108
macd8/18/4<-0.0%	none	long	09:30	3	15	203	1970.522	-0.915	115	5745.531	-0.680	22643.387	-0.915	114.101	1299.097	304.263	114.101
bb20<-1.0sd	down3d	long	09:30	4	0	66	1970.508	-0.860	43	2300.196	-0.688	9065.107	-0.872	114.100	420.272	189.078	114.100
rsi14<35	down5d	long	12:00	2	10	37	2682.363	-0.294	23	1011.210	-0.349	5424.862	-0.349	154.077	114.058	139.511	114.058
roc10<-2%	none	long	09:30	2	0	34	1969.660	-0.302	30	1053.584	-0.301	4150.404	-0.302	114.049	123.767	117.130	114.049
bb40<-1.0sd	>sma50d	long	12:00	5	5	50	1969.347	-0.649	42	4036.867	-0.700	15899.983	-0.700	114.030	855.441	255.151	114.030
bb40<-1.5sd	up1d	long	10:30	5	10	31	1968.257	-0.463	27	10894.189	-0.715	42885.135	-0.715	113.964	2693.279	410.830	113.964
bb40<-1.5sd	up1d	long	10:30	5	8	31	1968.257	-0.463	27	9254.197	-0.758	36429.284	-0.758	113.964	2241.778	381.192	113.964
bb40<-1.5sd	up1d	long	10:30	5	15	31	1968.257	-0.463	27	5427.864	-0.858	21366.867	-0.858	113.964	1215.695	295.759	113.964
bb20<-1.0sd	>sma50d	long	12:00	4	2	55	1967.982	-0.498	46	2860.591	-0.486	11259.180	-0.498	113.948	558.499	212.968	113.948
bb40>+2.0sd	up1d	short	15:55	4	2	26	2144.760	-0.595	17	1010.044	-0.398	4332.602	-0.609	124.411	113.791	120.574	113.791
bb20<-1.5sd	>sma50d	long	12:00	5	5	44	1963.573	-0.614	25	4790.492	-0.596	18812.960	-0.614	113.681	1049.563	277.727	113.681
macd8/18/4<-0.0%	down5d	long	15:55	2	15	92	1963.169	-0.771	50	1698.767	-0.648	6669.934	-0.771	113.657	274.962	158.344	113.657
bb20<-1.5sd	>sma50d	long	10:30	4	3	44	1962.782	-0.426	25	2777.914	-0.428	10904.879	-0.428	113.634	537.957	209.324	113.634
bb40<-1.5sd	<sma20d	long	09:30	4	8	32	1962.594	-0.358	27	1377.174	-0.521	5405.669	-0.521	113.622	198.878	139.200	113.622
rsi3<15	none	long	09:30	4	0	71	5379.273	-0.602	53	1008.885	-0.928	10854.133	-0.928	273.867	113.526	208.796	113.526
rsi3<15	none	long	09:30	4	15	71	2596.171	-0.808	53	1008.885	-0.928	5238.474	-0.928	149.512	113.526	136.462	113.526
rsi5<25	<sma20d	long	10:30	3	0	37	1959.678	-0.292	27	1060.804	-0.765	4157.670	-0.765	113.446	125.425	117.269	113.446
bb20<-1.5sd	down3d	long	09:30	2	10	43	1959.049	-0.341	22	1668.170	-0.203	6536.056	-0.341	113.408	267.669	156.432	113.408
bb20<-1.5sd	down1d	long	15:55	2	15	48	1959.035	-0.427	21	1619.035	-0.411	6343.490	-0.427	113.407	255.980	153.638	113.407
bb20<-1.5sd	<sma10d	long	09:30	4	15	34	3607.046	-0.717	19	1007.950	-0.691	7271.445	-0.717	199.481	113.312	166.647	113.312
bb20<-1.5sd	<sma10d	long	09:30	4	0	34	4730.358	-0.628	19	1007.950	-0.691	9535.928	-0.691	248.118	113.312	194.490	113.312
macd12/26/9<-0.0%	down5d	long	15:55	3	5	94	2801.893	-0.878	44	1007.886	-0.605	5647.978	-0.878	160.301	113.298	143.073	113.298
roc6<-2%	none	long	09:30	4	10	25	2089.086	-0.735	18	1007.662	-0.493	4210.186	-0.735	121.159	113.246	118.270	113.246
rsi5>85	>sma50d	short	15:55	4	8	31	1955.308	-0.456	27	1107.975	-0.753	4332.867	-0.753	113.182	136.276	120.579	113.182
bb20<-1.5sd	down3d	long	15:55	3	4	43	1954.917	-0.545	22	1503.493	-0.332	5878.407	-0.545	113.158	228.609	146.660	113.158
bb20<-1.5sd	>sma50d	long	10:30	4	2	44	1954.827	-0.346	25	3963.817	-0.317	15497.150	-0.346	113.153	836.772	251.827	113.153
rsi3>90	>sma50d	short	15:55	5	2	42	1954.068	-0.530	33	3321.834	-0.561	12982.181	-0.561	113.107	673.948	229.728	113.107
macd8/18/4<-0.0%	none	long	09:30	2	15	203	1954.060	-0.762	115	3830.205	-0.474	14968.901	-0.762	113.106	802.696	247.386	113.106
roc20<-1%	down5d	long	09:30	4	10	55	1953.401	-0.865	35	1247.813	-0.722	4874.960	-0.865	113.066	168.659	130.314	113.066
roc20<-2%	down5d	long	10:30	5	10	27	2498.610	-0.688	21	1006.616	-0.738	5030.281	-0.738	144.263	113.007	132.975	113.007
macd5/18/4<-0.0%	down3d	long	12:00	3	0	95	1950.579	-0.777	54	1938.166	-0.732	7561.090	-0.777	112.895	332.375	170.490	112.895
bb20<-1.0sd	<sma20d	long	09:30	4	0	50	1948.661	-0.777	37	1340.786	-0.688	5225.472	-0.777	112.779	190.353	136.247	112.779
rsi3<35	>sma50d	long	12:00	4	10	66	1948.353	-0.632	51	1130.627	-0.902	4405.719	-0.902	112.761	141.500	121.931	112.761
bb40<-2.0sd	>sma50d	long	09:30	5	15	25	1947.565	-0.546	16	8113.961	-0.238	31604.936	-0.546	112.713	1931.589	356.789	112.713
bb40<-2.0sd	>sma50d	long	09:30	5	10	25	1947.565	-0.546	16	8113.961	-0.238	31604.936	-0.546	112.713	1931.589	356.789	112.713
bb40<-2.0sd	>sma50d	long	09:30	5	0	25	1947.565	-0.546	16	8113.961	-0.238	31604.936	-0.546	112.713	1931.589	356.789	112.713
kelt10>+1.0	>sma10d	short	15:55	3	2	59	1947.457	-0.601	39	1127.001	-0.487	4389.570	-0.601	112.706	140.663	121.632	112.706
roc10<-2%	none	long	10:30	2	10	34	1947.383	-0.313	30	1228.176	-0.331	4783.461	-0.331	112.702	164.093	128.720	112.702
rsi3<15	down5d	long	15:55	3	0	34	1944.080	-0.550	23	1074.286	-0.726	4176.995	-0.726	112.501	128.522	117.638	112.501
bb20<-1.5sd	>sma50d	long	10:30	4	6	44	1943.822	-0.488	25	6526.794	-0.503	25373.854	-0.503	112.486	1505.763	321.481	112.486
macd12/26/9<-0.1%	none	long	09:30	2	15	93	1942.434	-0.724	60	1358.295	-0.493	5276.795	-0.724	112.401	194.453	137.095	112.401
rsi3<20	down5d	long	09:30	3	0	39	4581.786	-0.505	29	1003.871	-0.452	9199.041	-0.505	242.006	112.379	190.635	112.379
rsi3<20	down5d	long	09:30	3	15	39	3053.062	-0.670	29	1003.871	-0.452	6129.758	-0.670	173.006	112.379	150.473	112.379
bb20<-1.5sd	down5d	long	10:30	5	15	33	4838.832	-0.841	21	1003.858	-0.817	9715.003	-0.841	252.527	112.377	196.504	112.377
macd8/18/4<-0.0%	<sma20d	long	09:30	4	8	91	1941.460	-0.921	50	3709.815	-0.556	14404.918	-0.921	112.342	772.075	242.532	112.342
bb40>+2.0sd	>sma20d	short	12:00	5	3	27	1941.178	-0.639	21	1154.272	-0.582	4481.292	-0.639	112.325	146.962	123.318	112.325
rsi2<10	>sma100d	long	10:30	4	10	37	2323.074	-0.479	50	1003.392	-0.848	4661.908	-0.848	134.583	112.270	126.574	112.270
bb20<-1.5sd	>sma50d	long	10:30	4	5	44	1940.185	-0.433	25	4113.557	-0.504	15962.120	-0.504	112.265	875.070	255.658	112.265
bb40<-1.0sd	down5d	long	09:30	2	0	49	2532.485	-0.433	37	1003.358	-0.376	5081.981	-0.433	146.096	112.262	133.850	112.262
rsi2<10	down1d	long	15:55	2	0	68	1939.740	-0.599	29	1629.653	-0.669	6322.206	-0.669	112.238	258.504	153.326	112.238
rsi5<25	down3d	long	09:30	2	0	47	1938.862	-0.367	27	1377.229	-0.301	5340.514	-0.367	112.185	198.891	138.139	112.185
bb40<-1.0sd	none	long	10:30	3	0	106	1938.684	-0.742	78	4928.476	-0.790	19109.516	-0.790	112.174	1085.385	279.898	112.174
bb20<-1.0sd	>sma50d	long	12:00	4	4	55	1938.616	-0.578	46	1534.134	-0.643	5948.191	-0.643	112.170	235.851	147.729	112.170
macd8/18/4<-0.0%	>sma50d	long	10:30	3	10	85	1937.759	-0.557	68	1169.146	-0.723	4531.047	-0.723	112.118	150.403	124.223	112.118
rsi2<25	down3d	long	12:00	2	0	68	1937.349	-0.417	39	1662.645	-0.565	6442.245	-0.565	112.093	266.353	155.077	112.093
bb40<-1.0sd	<sma10d	long	09:30	5	0	45	1936.781	-0.905	37	2067.779	-0.819	8009.670	-0.905	112.058	363.703	176.262	112.058
macd8/18/4<-0.0%	down5d	long	09:30	5	8	92	1936.353	-0.982	50	1823.846	-0.658	7063.218	-0.987	112.032	304.882	163.823	112.032
macd12/26/9<-0.2%	none	long	15:55	3	15	37	1936.042	-0.794	25	3084.101	-0.453	11941.900	-0.794	112.013	614.270	219.791	112.013
kelt20<-1.0	>sma50d	long	09:30	4	15	46	1935.441	-0.452	37	4636.994	-0.506	17949.255	-0.506	111.977	1009.810	271.279	111.977
kelt20<-1.0	>sma50d	long	09:30	4	0	46	1935.441	-0.452	37	4636.994	-0.506	17949.255	-0.506	111.977	1009.810	271.279	111.977
kelt20<-1.0	>sma50d	long	09:30	4	10	46	1935.441	-0.452	37	6029.311	-0.408	23338.752	-0.452	111.977	1373.918	308.767	111.977
rsi3>85	>sma10d	short	12:00	4	2	65	1935.401	-0.558	43	1179.081	-0.508	4563.989	-0.558	111.974	152.703	124.819	111.974
macd12/26/9<-0.2%	none	long	12:00	4	15	37	1935.308	-0.917	25	1576.031	-0.709	6100.212	-0.951	111.969	245.774	150.030	111.969
bb20<-1.5sd	none	long	09:30	2	15	84	1933.362	-0.507	46	1964.011	-0.413	7594.287	-0.507	111.850	338.608	170.924	111.850
rsi3<20	<sma20d	long	10:30	4	0	32	1932.498	-0.609	30	1247.558	-0.918	4821.807	-0.918	111.798	168.599	129.390	111.798
rsi5<35	down3d	long	15:55	2	0	62	1931.836	-0.582	38	2536.008	-0.479	9798.304	-0.582	111.757	478.140	197.433	111.757
bb20<-1.0sd	<sma10d	long	09:30	4	0	51	1931.110	-0.798	34	1829.068	-0.688	7064.261	-0.798	111.713	306.135	163.838	111.713
macd12/26/9<-0.0%	none	long	15:55	2	10	223	1928.638	-0.879	111	3231.590	-0.566	12465.136	-0.879	111.563	651.252	224.855	111.563
rsi2<10	down1d	long	12:00	3	0	68	1927.811	-0.752	29	3244.390	-0.658	12509.140	-0.752	111.512	654.468	225.275	111.512
bb20<-1.5sd	down1d	long	12:00	3	15	48	1927.420	-0.580	21	1768.093	-0.579	6815.716	-0.580	111.489	291.524	160.398	111.489
rsi3<20	<sma10d	long	09:30	2	0	36	1926.663	-0.234	28	1095.419	-0.429	4221.007	-0.429	111.443	133.384	118.475	111.443
bb40<-1.0sd	>sma50d	long	12:00	5	3	50	1926.098	-0.419	42	4380.305	-0.597	16873.792	-0.597	111.408	943.573	262.970	111.408
kelt40<-1.5	>sma50d	long	10:30	5	0	41	1925.951	-0.641	24	5032.548	-0.538	19384.886	-0.641	111.399	1112.457	281.894	111.399
kelt40<-1.5	>sma50d	long	10:30	5	15	41	1925.951	-0.641	24	5032.548	-0.538	19384.886	-0.641	111.399	1112.457	281.894	111.399
kelt40<-1.5	>sma50d	long	10:30	5	10	41	1925.951	-0.641	24	3050.038	-0.663	11748.448	-0.663	111.399	605.749	217.884	111.399
macd12/26/9<-0.0%	down5d	long	09:30	4	15	94	1924.788	-0.978	44	1151.894	-0.624	4434.304	-0.978	111.328	146.413	122.457	111.328
bb40<-1.5sd	<sma10d	long	09:30	4	0	32	1924.693	-0.646	26	1518.952	-0.688	5847.032	-0.688	111.322	232.261	146.177	111.322
kelt40<-1.0	down5d	long	09:30	3	0	60	2216.916	-0.633	38	999.214	-0.649	4430.348	-0.649	128.571	111.315	122.384	111.315
kelt40<-1.5	>sma50d	long	12:00	3	15	41	1924.408	-0.358	24	1948.918	-0.569	7501.027	-0.569	111.305	334.967	169.700	111.305
kelt40<-1.5	>sma50d	long	12:00	3	10	41	1924.408	-0.358	24	1532.786	-0.517	5899.413	-0.517	111.305	235.533	146.983	111.305
kelt40<-1.5	>sma50d	long	12:00	3	0	41	1924.408	-0.358	24	1948.918	-0.569	7501.027	-0.569	111.305	334.967	169.700	111.305
rsi3<20	down3d	long	10:30	4	0	42	4100.211	-0.468	30	998.962	-0.833	8191.910	-0.833	221.560	111.257	178.548	111.257
rsi3>90	>sma10d	short	15:55	3	2	55	2365.582	-0.438	37	998.917	-0.440	4726.043	-0.440	136.957	111.247	127.711	111.247
kelt40<-1.0	>sma50d	long	09:30	5	0	56	1922.855	-0.578	39	37377.846	-0.614	143744.386	-0.614	111.210	10485.220	695.634	111.210
kelt40<-1.0	>sma50d	long	09:30	5	15	56	1922.855	-0.578	39	37377.846	-0.614	143744.386	-0.614	111.210	10485.220	695.634	111.210
kelt40<-1.0	>sma50d	long	09:30	5	10	56	1922.855	-0.578	39	47720.994	-0.544	183521.142	-0.578	111.210	13683.155	770.124	111.210
roc20<-1%	up1d	long	09:30	5	10	35	1922.250	-0.461	35	1085.864	-0.868	4174.603	-0.868	111.174	131.185	117.592	111.174
roc20<-1%	up1d	long	09:30	5	8	35	1922.250	-0.461	35	1565.484	-0.809	6018.504	-0.809	111.174	243.274	148.798	111.174
rsi3<20	down3d	long	09:30	2	0	42	1921.804	-0.257	30	1477.318	-0.301	5678.229	-0.301	111.146	222.431	143.549	111.146
macd12/26/9<-0.1%	up1d	long	10:30	4	2	41	1921.017	-0.386	37	7352.132	-0.387	28247.144	-0.387	111.098	1726.266	338.374	111.098
macd8/18/4<-0.0%	up1d	long	10:30	4	10	106	1920.974	-0.731	75	5041.432	-0.651	19368.918	-0.731	111.096	1114.770	281.779	111.096
rsi3>80	>sma20d	short	12:00	4	2	70	1920.063	-0.597	48	2033.830	-0.515	7810.166	-0.597	111.040	355.482	173.720	111.040
rsi2<15	down3d	long	09:30	2	0	61	1919.950	-0.479	33	1927.934	-0.336	7403.072	-0.479	111.033	329.909	168.405	111.033
rsi5<35	down5d	long	09:30	5	0	54	17805.436	-0.730	36	997.883	-0.754	35535.500	-0.754	626.557	111.011	376.832	111.011
rsi5<35	down5d	long	09:30	5	15	54	4048.156	-0.939	36	997.883	-0.754	8079.176	-0.939	219.288	111.011	177.137	111.011
kelt40<-1.5	down5d	long	12:00	3	0	46	1919.235	-0.703	31	1212.778	-0.724	4655.211	-0.724	110.990	160.516	126.455	110.990
macd12/26/9<-0.0%	down3d	long	15:55	3	0	100	1917.608	-0.865	53	1198.062	-0.601	4594.828	-0.865	110.890	157.102	125.374	110.890
rsi14<35	<sma100d	long	15:55	5	10	39	1916.761	-0.633	16	2011.050	-0.547	7709.403	-0.633	110.839	349.971	172.421	110.839
rsi14<35	down5d	long	15:55	2	10	37	2729.262	-0.203	23	997.082	-0.387	5442.597	-0.387	156.533	110.828	139.797	110.828
rsi3>90	>sma20d	short	12:00	3	2	54	1916.101	-0.389	38	1836.986	-0.400	7039.702	-0.400	110.798	308.035	163.501	110.798
roc10>+1%	up1d	short	12:00	5	2	48	1915.551	-0.717	27	1047.800	-0.659	4014.231	-0.717	110.765	122.440	114.492	110.765
rsi5<35	<sma100d	long	12:00	2	0	58	1915.481	-0.382	20	1469.968	-0.256	5631.391	-0.382	110.760	220.698	142.812	110.760
kelt40<-1.5	down5d	long	15:55	3	10	46	3202.186	-0.716	31	996.714	-0.667	6383.327	-0.716	180.329	110.744	154.220	110.744
rsi14<35	<sma10d	long	09:30	4	8	34	1913.619	-0.588	22	1922.459	-0.481	7357.710	-0.588	110.647	328.589	167.801	110.647
bb40<-1.5sd	down5d	long	15:55	4	10	34	1913.046	-0.691	27	1532.319	-0.718	5862.792	-0.718	110.612	235.422	146.420	110.612
rsi2>80	>sma20d	short	15:55	3	2	99	1912.936	-0.542	54	2353.429	-0.522	9003.919	-0.542	110.605	433.295	188.361	110.605
bb20<-1.0sd	<sma20d	long	09:30	5	0	50	1911.862	-0.873	37	1039.181	-0.822	3973.540	-0.873	110.539	120.463	113.693	110.539
roc20<-2%	<sma100d	long	15:55	2	10	29	1911.326	-0.368	14	1461.260	-0.204	5585.887	-0.368	110.506	218.645	142.091	110.506
kelt20<-1.0	>sma50d	long	12:00	5	4	46	1909.799	-0.530	37	2703.381	-0.584	10325.830	-0.584	110.413	519.480	203.202	110.413
rsi3>80	>sma20d	short	15:55	3	2	70	1908.818	-0.479	48	1321.537	-0.489	5045.148	-0.489	110.353	185.851	133.227	110.353
rsi7<35	>sma100d	long	10:30	5	2	33	1908.577	-0.276	51	1203.433	-0.807	4593.688	-0.807	110.338	158.348	125.353	110.338
bb20<-1.5sd	down3d	long	15:55	4	5	43	1908.021	-0.742	22	2834.017	-0.424	10814.731	-0.742	110.304	551.891	208.385	110.304
kelt40<-1.0	>sma50d	long	12:00	5	10	56	1907.923	-0.721	39	2611.963	-0.758	9966.846	-0.758	110.298	496.874	199.297	110.298
rsi2<10	down3d	long	15:55	3	15	59	1907.549	-0.755	31	2423.289	-0.705	9245.088	-0.755	110.276	450.422	191.167	110.276
rsi14<35	<sma20d	long	09:30	3	8	36	1907.084	-0.246	22	1057.313	-0.529	4032.767	-0.529	110.247	124.623	114.854	110.247
bb20<-1.5sd	>sma50d	long	09:30	3	0	44	1906.913	-0.351	25	3393.435	-0.368	12941.972	-0.368	110.237	691.990	229.354	110.237
bb20<-1.5sd	>sma50d	long	09:30	3	15	44	1906.913	-0.351	25	3393.435	-0.368	12941.972	-0.368	110.237	691.990	229.354	110.237
bb20<-1.5sd	>sma50d	long	09:30	3	10	44	1906.913	-0.351	25	3737.961	-0.304	14255.937	-0.351	110.237	779.227	241.230	110.237
rsi5<30	>sma100d	long	10:30	4	10	28	1906.674	-0.479	43	1611.076	-0.681	6143.594	-0.681	110.222	254.090	150.680	110.222
rsi5<30	>sma100d	long	10:30	4	15	28	1906.674	-0.479	43	1064.881	-0.752	4060.761	-0.752	110.222	126.361	115.400	110.222
bb40<-1.0sd	>sma50d	long	12:00	3	4	50	1906.600	-0.355	42	2686.023	-0.460	10242.343	-0.460	110.217	515.183	202.302	110.217
rsi5<25	down3d	long	15:55	3	0	47	3579.738	-0.550	27	994.384	-0.612	7119.268	-0.612	198.220	110.211	164.588	110.211
macd12/26/9<-0.1%	up1d	long	12:00	5	8	41	1905.250	-0.745	37	8213.693	-0.783	31298.281	-0.783	110.135	1958.587	355.160	110.135
roc20<-2%	<sma100d	long	09:30	3	10	29	1905.171	-0.358	14	1219.125	-0.343	4645.284	-0.358	110.130	161.990	126.278	110.130
roc78<-3%	>sma10d	long	15:55	5	10	28	1904.406	-0.788	14	1636.122	-0.551	6231.680	-0.788	110.083	260.042	151.991	110.083
rsi2<10	<sma10d	long	09:30	4	0	47	1904.101	-0.852	28	1329.234	-0.603	5061.989	-0.852	110.064	187.651	133.512	110.064
rsi5<30	<sma100d	long	10:30	3	0	53	1903.787	-0.507	18	1697.390	-0.317	6462.937	-0.507	110.045	274.633	155.377	110.045
bb20<-1.5sd	>sma50d	long	12:00	2	0	44	1903.754	-0.218	25	1199.268	-0.468	4566.222	-0.468	110.043	157.382	124.859	110.043
bb20<-1.5sd	>sma50d	long	12:00	2	10	44	1903.754	-0.218	25	1657.857	-0.349	6312.302	-0.349	110.043	265.213	153.180	110.043
bb20<-1.5sd	>sma50d	long	12:00	2	15	44	1903.754	-0.218	25	1329.463	-0.411	5061.941	-0.411	110.043	187.705	133.511	110.043
kelt40<-1.5	<sma10d	long	09:30	4	0	45	1902.761	-0.817	32	2004.973	-0.688	7629.971	-0.817	109.982	348.502	171.390	109.982
bb40<-1.0sd	>sma50d	long	15:55	2	10	50	1902.560	-0.270	42	2549.991	-0.393	9703.021	-0.393	109.970	481.586	196.370	109.970
rsi2<30	down3d	long	12:00	3	0	74	1901.907	-0.655	40	1240.729	-0.743	4719.502	-0.743	109.930	167.011	127.595	109.930
bb40<-1.0sd	down3d	long	10:30	3	10	59	1901.515	-0.674	44	2475.037	-0.645	9412.636	-0.674	109.906	463.134	193.089	109.906
macd12/26/9<-0.2%	<sma20d	long	12:00	3	10	26	1900.861	-0.733	13	1713.305	-0.305	6513.507	-0.733	109.866	278.430	156.108	109.866
rsi5<30	down3d	long	12:00	4	15	54	1900.659	-0.823	32	1574.448	-0.773	5984.976	-0.823	109.854	245.399	148.289	109.854
roc6<-1%	down3d	long	09:30	5	0	48	3140.327	-0.910	26	992.754	-0.841	6235.146	-0.910	177.310	109.839	152.042	109.839
roc40<-2%	>sma50d	long	12:00	4	15	30	1899.425	-0.757	19	4853.491	-0.507	18437.687	-0.757	109.778	1065.908	274.949	109.778
bb40<-1.5sd	>sma100d	long	15:55	4	10	25	1898.699	-0.460	37	3195.165	-0.813	12133.313	-0.813	109.733	642.105	221.660	109.733
roc20<-2%	none	long	09:30	2	0	43	1898.247	-0.227	38	1645.299	-0.376	6246.366	-0.376	109.706	262.225	152.208	109.706
roc20<-2%	none	long	09:30	2	15	43	1898.247	-0.227	38	1645.299	-0.376	6246.366	-0.376	109.706	262.225	152.208	109.706
roc78<-3%	>sma10d	long	12:00	4	10	28	1897.725	-0.724	14	1723.402	-0.436	6541.087	-0.724	109.674	280.841	156.504	109.674
bb40<-1.0sd	down3d	long	09:30	2	10	59	1896.272	-0.565	44	1955.538	-0.288	7416.465	-0.565	109.585	336.564	168.583	109.585
rsi2<15	down1d	long	15:55	2	0	69	1895.909	-0.599	33	1663.035	-0.736	6305.925	-0.736	109.562	266.446	153.087	109.562
bb20<-1.5sd	down3d	long	15:55	5	5	43	1895.479	-0.835	22	3507.255	-0.512	13295.855	-0.835	109.536	720.734	232.625	109.536
kelt20<-1.5	>sma50d	long	09:30	5	10	36	1895.265	-0.546	23	3815.271	-0.507	14461.901	-0.546	109.523	798.893	243.028	109.523
kelt20<-1.5	>sma50d	long	09:30	5	15	36	1895.265	-0.546	23	2988.341	-0.614	11327.399	-0.614	109.523	590.334	213.662	109.523
kelt20<-1.5	>sma50d	long	09:30	5	0	36	1895.265	-0.546	23	2988.341	-0.614	11327.399	-0.614	109.523	590.334	213.662	109.523
roc10>+1%	>sma50d	short	15:55	3	2	34	1895.244	-0.187	37	1823.673	-0.543	6912.612	-0.543	109.522	304.841	161.748	109.522
rsi5<35	down3d	long	12:00	2	0	62	1895.045	-0.305	38	2023.819	-0.502	7670.455	-0.502	109.509	353.059	171.916	109.509
roc10<-2%	down3d	long	09:30	2	15	26	1894.544	-0.319	19	1052.187	-0.301	3986.829	-0.319	109.479	123.447	113.954	109.479
bb40<-1.0sd	down3d	long	09:30	5	10	59	1894.446	-0.969	44	4965.146	-0.638	18812.399	-0.969	109.472	1094.919	277.723	109.472
rsi5<15	none	long	09:30	4	0	43	4832.756	-0.554	35	991.034	-0.826	9578.850	-0.826	252.281	109.446	194.975	109.446
rsi5<15	none	long	09:30	4	15	43	2332.408	-0.785	35	991.034	-0.826	4622.991	-0.826	135.106	109.446	125.879	109.446
bb40<-1.0sd	>sma50d	long	12:00	2	0	50	1893.981	-0.236	42	2123.273	-0.404	8042.877	-0.404	109.444	377.165	176.681	109.444
bb40<-1.0sd	>sma50d	long	12:00	2	15	50	1893.981	-0.236	42	2385.354	-0.404	9035.630	-0.404	109.444	441.117	188.733	109.444
bb40<-1.0sd	>sma50d	long	12:00	2	10	50	1893.981	-0.236	42	2610.356	-0.365	9887.926	-0.365	109.444	496.477	198.427	109.444
rsi3<20	<sma100d	long	09:30	3	0	44	1893.892	-0.483	14	1508.998	-0.408	5715.757	-0.483	109.438	229.909	144.138	109.438
roc20<-1%	down3d	long	09:30	2	0	64	1892.500	-0.438	44	1714.732	-0.551	6490.259	-0.551	109.353	278.771	155.772	109.353
bb10<-1.0sd	<sma100d	long	09:30	5	0	59	1891.736	-0.894	15	1222.837	-0.611	4626.570	-0.894	109.306	162.852	125.943	109.306
rsi7<35	>sma100d	long	10:30	5	5	33	1890.931	-0.327	51	1500.149	-0.732	5673.355	-0.732	109.257	227.819	143.473	109.257
kelt40<-1.0	>sma50d	long	12:00	4	10	56	1890.594	-0.619	39	3161.958	-0.647	11955.955	-0.647	109.236	633.774	219.929	109.236
kelt40<-1.0	>sma50d	long	12:00	4	15	56	1890.594	-0.619	39	1846.857	-0.738	6983.313	-0.738	109.236	310.405	162.726	109.236
kelt40<-1.0	>sma50d	long	12:00	4	0	56	1890.594	-0.619	39	1153.567	-0.837	4361.854	-0.837	109.236	146.800	121.118	109.236
bb40<-1.0sd	down5d	long	15:55	1	0	49	1890.579	-0.248	37	1253.283	-0.295	4738.859	-0.295	109.235	169.931	127.937	109.235
macd12/26/9<-0.1%	none	long	09:30	4	15	93	1890.040	-0.970	60	1381.314	-0.842	5221.476	-0.970	109.202	199.849	136.181	109.202
macd5/18/4<-0.0%	<sma10d	long	09:30	3	0	83	1889.922	-0.807	50	1649.918	-0.524	6236.432	-0.807	109.195	263.324	152.061	109.195
rsi5<35	<sma100d	long	15:55	2	0	58	1888.599	-0.389	20	1625.146	-0.322	6138.498	-0.389	109.113	257.433	150.604	109.113
rsi14<35	down3d	long	12:00	3	15	43	1888.599	-0.530	27	2844.558	-0.569	10744.458	-0.569	109.113	554.512	207.649	109.113
macd5/18/4<-0.0%	>sma50d	long	09:30	3	10	90	1888.576	-0.437	68	2571.844	-0.516	9714.245	-0.516	109.112	486.974	196.496	109.112
macd5/18/4<-0.0%	>sma50d	long	09:30	3	0	90	1888.576	-0.437	68	1856.151	-0.626	7010.962	-0.626	109.112	312.637	163.107	109.112
macd5/18/4<-0.0%	>sma50d	long	09:30	3	15	90	1888.576	-0.437	68	1856.151	-0.626	7010.962	-0.626	109.112	312.637	163.107	109.112
rsi7<15	none	long	09:30	4	10	27	1888.233	-0.529	21	1035.739	-0.405	3911.434	-0.529	109.091	119.674	112.463	109.091
bb40<-1.5sd	down3d	long	09:30	3	0	39	1888.100	-0.481	30	3185.849	-0.540	12030.404	-0.540	109.083	639.768	220.658	109.083
kelt40<-1.5	<sma20d	long	09:30	4	0	41	1887.624	-0.760	33	1759.068	-0.688	6640.917	-0.760	109.053	289.365	157.932	109.053
bb40<-1.0sd	down3d	long	10:30	2	0	59	1887.150	-0.437	44	1410.762	-0.547	5324.637	-0.547	109.024	206.762	137.880	109.024
rsi2<20	down3d	long	09:30	5	0	65	1886.965	-0.861	37	3343.500	-0.754	12618.132	-0.861	109.013	679.404	226.310	109.013
bb20<-1.5sd	down1d	long	09:30	3	0	48	1886.877	-0.626	21	1268.083	-0.421	4785.431	-0.626	109.008	173.378	128.755	109.008
rsi5<30	>sma50d	long	10:30	4	10	47	1885.975	-0.479	33	1240.595	-0.635	4679.463	-0.635	108.952	166.980	126.886	108.952
kelt20>+2.0	>sma20d	short	15:55	3	2	28	1885.554	-0.355	25	1119.900	-0.358	4223.266	-0.358	108.926	139.025	118.518	108.926
rsi14<35	down5d	long	09:30	4	0	37	10101.692	-0.537	23	988.392	-0.614	19968.858	-0.614	430.432	108.843	286.069	108.843
rsi14<35	down5d	long	09:30	4	10	37	11548.393	-0.470	23	988.392	-0.614	22828.673	-0.614	471.341	108.843	305.471	108.843
rsi14<35	down5d	long	09:30	4	15	37	7702.858	-0.647	23	988.392	-0.614	15226.882	-0.647	356.322	108.843	249.567	108.843
macd12/26/9<-0.2%	<sma20d	long	10:30	4	0	26	1883.903	-0.785	13	1928.505	-0.250	7266.235	-0.785	108.825	330.046	166.577	108.825
kelt20<-1.5	down3d	long	09:30	2	10	39	1883.738	-0.344	21	1119.044	-0.203	4215.971	-0.344	108.814	138.828	118.380	108.814
rsi2<20	down3d	long	09:30	3	0	65	1882.959	-0.646	37	2907.835	-0.481	10950.665	-0.646	108.766	570.259	209.799	108.766
rsi2<10	>sma100d	long	09:30	4	10	37	1882.637	-0.242	50	1574.179	-0.717	5927.216	-0.717	108.747	245.335	147.409	108.747
kelt40<-1.5	>sma50d	long	09:30	4	0	41	1881.827	-0.457	24	6106.372	-0.218	22982.272	-0.457	108.697	1394.286	306.469	108.697
kelt40<-1.5	>sma50d	long	09:30	4	15	41	1881.827	-0.457	24	6106.372	-0.218	22982.272	-0.457	108.697	1394.286	306.469	108.697
kelt40<-1.5	>sma50d	long	09:30	4	10	41	1881.827	-0.457	24	6106.372	-0.218	22982.272	-0.457	108.697	1394.286	306.469	108.697
bb20<-1.5sd	down5d	long	15:55	2	15	33	1880.772	-0.371	21	1376.733	-0.342	5178.643	-0.371	108.632	198.774	135.469	108.632
macd8/18/4<-0.0%	none	long	12:00	3	3	203	1880.378	-0.836	115	1928.760	-0.541	7253.598	-0.836	108.608	330.108	166.407	108.608
rsi14<35	down5d	long	15:55	4	10	37	8093.812	-0.405	23	987.147	-0.677	15979.568	-0.677	369.037	108.559	255.801	108.559
rsi5<35	<sma20d	long	09:30	5	10	50	1879.314	-0.921	36	3811.085	-0.541	14324.447	-0.921	108.542	797.828	241.830	108.542
rsi5<35	<sma20d	long	09:30	5	15	50	1879.314	-0.921	36	1904.371	-0.770	7157.822	-0.921	108.542	324.234	165.113	108.542
bb10>+1.5sd	>sma10d	short	15:55	4	2	58	4089.974	-0.460	37	986.937	-0.594	8073.095	-0.594	221.114	108.511	177.061	108.511
rsi5<30	down5d	long	09:30	2	10	47	2118.583	-0.482	30	986.756	-0.247	4181.051	-0.482	122.887	108.470	117.716	108.470
macd8/18/4<-0.0%	>sma100d	long	10:30	3	10	56	1877.778	-0.482	85	1224.383	-0.727	4598.238	-0.727	108.447	163.211	125.435	108.447
macd5/18/4<-0.0%	>sma100d	long	09:30	4	10	59	1877.568	-0.427	87	1449.131	-0.744	5441.683	-0.744	108.435	215.788	139.782	108.435
rsi5<35	down5d	long	09:30	5	10	54	1876.324	-0.939	36	1996.994	-0.552	7494.018	-0.939	108.358	346.574	169.608	108.358
macd12/26/9<-0.0%	down5d	long	09:30	2	8	94	1875.979	-0.676	44	1192.649	-0.399	4474.769	-0.676	108.337	155.847	123.198	108.337
rsi5<25	<sma10d	long	09:30	3	8	41	1875.839	-0.658	24	1268.415	-0.273	4758.686	-0.658	108.328	173.455	128.286	108.328
macd12/26/9<-0.0%	<sma20d	long	09:30	3	0	93	1875.514	-0.875	46	1574.135	-0.612	5904.625	-0.875	108.308	245.324	147.063	108.308
rsi3<20	down5d	long	10:30	2	0	39	1919.644	-0.255	29	985.986	-0.516	3785.485	-0.516	111.015	108.294	109.931	108.294
rsi5<30	<sma10d	long	10:30	2	0	44	1874.600	-0.244	28	1002.134	-0.506	3757.203	-0.506	108.252	111.983	109.355	108.252
bb40<-1.5sd	up1d	long	12:00	5	15	31	1874.516	-0.504	27	1902.132	-0.900	7131.155	-0.900	108.246	323.695	164.750	108.246
bb40<-1.5sd	up1d	long	12:00	5	10	31	1874.516	-0.504	27	4155.862	-0.782	15580.460	-0.782	108.246	885.911	252.519	108.246
macd8/18/4<-0.0%	none	long	15:55	2	5	203	1873.974	-0.737	115	2740.862	-0.549	10272.610	-0.737	108.213	528.767	202.629	108.213
bb10<-1.0sd	none	long	09:30	2	0	120	1873.485	-0.502	70	1612.187	-0.453	6040.817	-0.502	108.183	254.354	149.136	108.183
roc40<-2%	>sma50d	long	12:00	3	10	30	1872.948	-0.566	19	1437.438	-0.523	5384.493	-0.566	108.150	213.036	138.856	108.150
rsi2<10	down5d	long	09:30	3	10	50	1872.939	-0.831	30	1027.905	-0.588	3850.408	-0.831	108.149	117.879	111.243	108.149
bb40<-1.0sd	down5d	long	09:30	2	15	49	1872.788	-0.581	37	1003.358	-0.376	3758.155	-0.581	108.140	112.262	109.374	108.140
roc20<-2%	<sma50d	long	15:55	5	0	25	1872.628	-0.799	22	4097.209	-0.840	15345.092	-0.840	108.130	870.884	250.559	108.130
roc20<-1%	down3d	long	15:55	2	0	64	1871.916	-0.542	44	4554.214	-0.540	17050.211	-0.542	108.086	988.416	264.355	108.086
bb20<-1.5sd	none	long	12:00	2	10	84	1871.743	-0.481	46	3853.703	-0.382	14426.282	-0.481	108.075	808.682	242.718	108.075
bb20<-1.5sd	>sma50d	long	12:00	4	2	44	1871.389	-0.396	25	3660.870	-0.325	13701.825	-0.396	108.053	759.648	236.310	108.053
roc10>+1%	>sma50d	short	12:00	5	2	34	1871.335	-0.345	37	2078.157	-0.742	7777.853	-0.742	108.050	366.218	173.305	108.050
macd12/26/9<-0.0%	down5d	long	15:55	2	5	94	2317.939	-0.728	44	984.912	-0.427	4565.932	-0.728	134.296	108.048	124.854	108.048
rsi3<20	down1d	long	09:30	3	0	40	2503.567	-0.507	26	984.907	-0.383	4931.561	-0.507	144.532	108.047	131.290	108.047
rsi3<15	<sma20d	long	09:30	3	10	28	1870.992	-0.650	26	2243.464	-0.517	8395.004	-0.650	108.029	406.419	181.058	108.029
rsi3<15	<sma20d	long	09:30	3	15	28	1870.992	-0.650	26	1846.107	-0.602	6908.103	-0.650	108.029	310.225	161.686	108.029
bb10<-1.0sd	<sma100d	long	09:30	3	0	59	1917.202	-0.670	15	984.797	-0.408	3776.109	-0.670	110.866	108.022	109.740	108.022
rsi14<35	down3d	long	15:55	2	10	43	1870.122	-0.248	27	2413.532	-0.354	9027.198	-0.354	107.975	448.028	188.634	107.975
rsi14<35	down5d	long	09:30	5	15	37	9698.411	-0.795	23	984.546	-0.710	19097.068	-0.795	418.571	107.965	279.807	107.965
rsi14<35	down5d	long	09:30	5	10	37	19465.543	-0.589	23	984.546	-0.710	38329.454	-0.710	663.413	107.965	390.239	107.965
rsi14<35	down5d	long	09:30	5	0	37	15791.120	-0.667	23	984.546	-0.710	31094.177	-0.710	579.716	107.965	354.071	107.965
rsi3>75	>sma20d	short	15:55	5	2	83	3535.451	-0.752	51	984.536	-0.753	6961.560	-0.753	196.167	107.963	162.426	107.963
rsi3<15	down3d	long	09:30	4	10	37	1869.142	-0.761	27	3885.240	-0.405	14524.128	-0.761	107.915	816.720	243.568	107.915
rsi3<15	down3d	long	09:30	4	15	37	1869.142	-0.761	27	2529.444	-0.603	9455.780	-0.761	107.915	476.523	193.581	107.915
roc10<-1%	>sma50d	long	09:30	4	0	30	1868.141	-0.319	33	7652.516	-0.491	28591.954	-0.491	107.853	1807.028	340.327	107.853
roc10<-1%	>sma50d	long	09:30	4	15	30	1868.141	-0.319	33	7652.516	-0.491	28591.954	-0.491	107.853	1807.028	340.327	107.853
roc10<-1%	>sma50d	long	09:30	4	10	30	1868.141	-0.319	33	9698.017	-0.405	36234.521	-0.405	107.853	2363.372	380.247	107.853
kelt20<-1.0	<sma20d	long	09:30	3	0	41	2043.231	-0.617	35	984.033	-0.540	4021.214	-0.617	118.451	107.848	114.629	107.848
bb20<-1.0sd	<sma10d	long	09:30	5	0	51	1868.053	-0.891	34	1573.086	-0.819	5877.215	-0.891	107.847	245.076	146.642	107.847
rsi3<15	<sma10d	long	10:30	3	0	32	1867.551	-0.334	23	1088.907	-0.787	4067.179	-0.787	107.817	131.885	115.524	107.817
bb20<-1.5sd	down3d	long	09:30	2	0	43	1867.537	-0.372	22	1461.638	-0.301	5459.326	-0.372	107.816	218.734	140.067	107.816
kelt40<-1.5	<sma20d	long	09:30	5	0	41	1866.993	-0.861	33	1453.097	-0.819	5425.843	-0.861	107.782	216.722	139.526	107.782
roc20<-2%	down5d	long	10:30	2	15	27	1866.503	-0.216	21	1378.026	-0.347	5144.179	-0.347	107.752	199.078	134.894	107.752
roc20<-2%	down5d	long	10:30	2	0	27	1866.503	-0.216	21	1181.073	-0.440	4408.952	-0.440	107.752	153.165	121.990	107.752
kelt40<-1.5	>sma100d	long	10:30	4	15	25	1866.349	-0.382	40	3658.599	-0.836	13656.444	-0.836	107.742	759.072	235.901	107.742
kelt40<-1.5	>sma100d	long	10:30	4	0	25	1866.349	-0.382	40	1817.258	-0.919	6783.274	-0.919	107.742	303.302	159.944	107.742
kelt40<-1.5	>sma100d	long	10:30	4	10	25	1866.349	-0.382	40	2630.056	-0.828	9817.204	-0.828	107.742	501.343	197.643	107.742
bb40<-1.5sd	>sma50d	long	12:00	3	10	39	1865.591	-0.357	26	4161.012	-0.496	15525.488	-0.496	107.695	887.231	252.063	107.695
bb40<-1.5sd	>sma50d	long	12:00	3	15	39	1865.591	-0.357	26	3167.576	-0.569	11818.801	-0.569	107.695	635.184	218.580	107.695
bb40<-1.5sd	>sma50d	long	12:00	3	0	39	1865.591	-0.357	26	3167.576	-0.569	11818.801	-0.569	107.695	635.184	218.580	107.695
macd5/18/4<-0.0%	none	long	09:30	3	0	198	1865.452	-0.887	116	1552.281	-0.681	5791.410	-0.887	107.687	240.147	145.317	107.687
roc6>+1%	>sma20d	short	15:55	3	2	43	1865.433	-0.424	35	1216.519	-0.469	4538.669	-0.469	107.686	161.385	124.361	107.686
rsi2>70	>sma20d	short	15:55	4	2	113	1864.931	-0.738	58	2091.876	-0.709	7802.407	-0.738	107.655	369.545	173.621	107.655
roc40>+2%	>sma20d	short	12:00	4	2	34	1992.027	-0.409	34	983.076	-0.607	3916.630	-0.607	115.395	107.630	112.567	107.630
rsi3<20	<sma20d	long	09:30	3	10	32	1862.002	-0.650	30	1360.447	-0.517	5066.311	-0.650	107.474	194.957	133.585	107.474
rsi3<20	<sma20d	long	09:30	3	15	32	1862.002	-0.650	30	1119.488	-0.602	4168.979	-0.650	107.474	138.930	117.485	107.474
roc10<-2%	down3d	long	09:30	4	8	26	1860.366	-0.784	19	2016.699	-0.515	7503.594	-0.860	107.372	351.337	169.734	107.372
bb40<-1.0sd	none	long	09:30	4	10	106	1860.275	-0.935	78	9352.408	-0.708	34796.106	-0.935	107.367	2268.645	373.173	107.367
macd8/18/4<-0.0%	none	long	12:00	2	3	203	1859.625	-0.665	115	1657.741	-0.395	6165.550	-0.665	107.326	265.186	151.008	107.326
roc10<-2%	none	long	15:55	3	6	34	1859.340	-0.538	30	1144.228	-0.650	4255.018	-0.650	107.309	144.641	119.119	107.309
rsi5<25	<sma10d	long	09:30	5	2	41	2015.625	-0.569	24	981.430	-0.474	3956.388	-0.569	116.807	107.254	113.355	107.254
macd12/26/9<-0.0%	down3d	long	09:30	4	0	100	3271.418	-0.908	53	981.295	-0.676	6420.453	-0.908	183.677	107.223	154.761	107.223
bb40<-1.5sd	>sma100d	long	10:30	5	10	25	1857.814	-0.463	37	8785.154	-0.806	32642.361	-0.806	107.214	2113.783	362.226	107.214
bb40<-1.5sd	>sma100d	long	10:30	5	15	25	1857.814	-0.463	37	7395.785	-0.903	27479.984	-0.903	107.214	1737.987	333.975	107.214
bb78<-1.5sd	none	long	09:30	5	0	53	1857.089	-0.706	30	1036.787	-0.819	3850.809	-0.819	107.169	119.914	111.251	107.169
bb78<-1.5sd	none	long	09:30	5	15	53	1857.089	-0.706	30	1036.787	-0.819	3850.809	-0.819	107.169	119.914	111.251	107.169
roc6<-2%	none	long	09:30	3	10	25	1916.614	-0.563	18	980.940	-0.357	3760.167	-0.563	110.830	107.142	109.415	107.142
rsi5<35	none	long	09:30	5	0	125	1856.569	-0.841	72	4511.224	-0.775	16750.795	-0.841	107.137	977.318	261.998	107.137
rsi3<35	>sma100d	long	09:30	4	10	44	1856.426	-0.259	64	2078.704	-0.834	7717.918	-0.834	107.128	366.351	172.532	107.128
macd12/26/9<-0.1%	down3d	long	10:30	3	10	52	1856.350	-0.735	28	1072.311	-0.480	3981.169	-0.735	107.124	128.068	113.843	107.124
rsi5<35	down3d	long	10:30	2	0	62	1855.146	-0.244	38	1879.213	-0.477	6972.427	-0.477	107.049	318.180	162.576	107.049
rsi2<10	down3d	long	15:55	3	10	59	1854.909	-0.760	31	1588.682	-0.711	5893.719	-0.760	107.034	248.774	146.896	107.034
macd8/18/4<-0.0%	down5d	long	12:00	2	0	92	1853.967	-0.813	50	1300.217	-0.593	4821.117	-0.813	106.976	180.871	129.378	106.976
rsi5<35	<sma50d	long	10:30	3	0	52	1853.056	-0.431	31	2362.979	-0.678	8757.467	-0.678	106.920	435.634	185.444	106.920
rsi5<30	<sma20d	long	10:30	4	0	44	3507.257	-0.460	31	979.892	-0.883	6873.469	-0.883	194.853	106.903	161.205	106.903
bb20<-1.5sd	>sma100d	long	12:00	3	0	29	1852.156	-0.313	34	1378.510	-0.658	5106.430	-0.658	106.864	199.191	134.261	106.864
bb20<-1.5sd	>sma100d	long	12:00	3	10	29	1852.156	-0.313	34	2793.126	-0.520	10346.607	-0.520	106.864	541.733	203.426	106.864
bb20<-1.5sd	>sma100d	long	12:00	3	15	29	1852.156	-0.313	34	1956.560	-0.579	7247.707	-0.579	106.864	336.811	166.327	106.864
rsi5<30	none	long	09:30	4	15	107	1851.961	-0.836	61	3465.133	-0.692	12834.587	-0.836	106.852	710.088	228.350	106.852
roc10>+1%	>sma20d	short	15:55	2	2	46	1851.898	-0.159	31	1028.748	-0.374	3810.272	-0.374	106.848	118.072	110.433	106.848
bb40<-1.5sd	none	long	09:30	2	10	76	1851.764	-0.309	53	4022.184	-0.288	14896.274	-0.309	106.840	851.687	246.767	106.840
bb40<-1.0sd	down3d	long	12:00	4	10	59	1850.991	-0.839	44	1393.898	-0.808	5160.185	-0.839	106.792	202.802	135.162	106.792
bb20<-1.5sd	none	long	10:30	3	15	84	1849.092	-0.664	46	11302.490	-0.596	41798.688	-0.664	106.674	2806.577	406.050	106.674
rsi5>85	>sma50d	short	15:55	5	8	31	2326.866	-0.544	27	978.860	-0.857	4555.351	-0.857	134.796	106.667	124.663	106.667
macd8/18/4<-0.0%	<sma20d	long	09:30	3	15	91	1848.911	-0.904	50	1958.781	-0.524	7243.223	-0.904	106.663	337.346	166.267	106.663
kelt20<-1.5	down3d	long	12:00	5	15	39	1848.816	-0.841	21	1368.172	-0.824	5058.995	-0.877	106.657	196.767	133.462	106.657
rsi5>85	>sma50d	short	15:55	5	10	31	1938.585	-0.608	27	978.700	-0.857	3794.588	-0.857	112.168	106.631	110.116	106.631
macd12/26/9<-0.1%	up1d	long	09:30	5	6	41	1848.399	-0.656	37	7533.084	-0.743	27848.287	-0.743	106.631	1774.886	336.096	106.631
macd8/18/4<-0.0%	>sma10d	long	15:55	4	3	113	1846.915	-0.699	67	3503.559	-0.570	12941.548	-0.699	106.539	719.800	229.350	106.539
rsi14<35	<sma10d	long	12:00	5	10	34	1845.662	-0.739	22	5206.823	-0.509	19220.071	-0.739	106.461	1157.892	280.701	106.461
macd8/18/4<-0.0%	down5d	long	15:55	3	2	92	1844.902	-0.431	50	984.867	-0.442	3633.966	-0.442	106.414	108.038	106.813	106.414
kelt20<-1.5	down3d	long	15:55	2	15	39	1843.920	-0.302	21	2043.138	-0.302	7534.764	-0.302	106.353	357.735	170.144	106.353
rsi3<15	down3d	long	12:00	2	0	37	1843.272	-0.244	27	1317.225	-0.469	4856.007	-0.469	106.312	184.844	129.985	106.312
roc10>+1%	>sma20d	short	12:00	5	3	46	1841.010	-0.640	31	1073.538	-0.749	3952.789	-0.749	106.172	128.350	113.283	106.172
bb20<-1.5sd	>sma100d	long	10:30	4	4	29	1840.356	-0.375	34	4112.841	-0.426	15138.184	-0.426	106.131	874.887	248.820	106.131
roc10<-1%	down3d	long	09:30	3	0	53	1840.264	-0.734	32	2480.290	-0.452	9128.776	-0.734	106.125	464.426	189.820	106.125
kelt40<-1.5	<sma10d	long	09:30	5	0	45	1839.213	-0.905	32	1752.286	-0.819	6445.657	-0.905	106.060	287.743	155.127	106.060
rsi5<25	<sma20d	long	09:30	4	10	37	2229.125	-0.766	27	975.925	-0.671	4350.918	-0.766	129.269	105.998	120.915	105.998
rsi3<10	none	long	09:30	3	0	59	1884.278	-0.582	39	975.875	-0.667	3677.639	-0.667	108.848	105.986	107.720	105.986
macd12/26/9<-0.0%	down3d	long	09:30	4	10	100	1837.581	-0.948	53	2627.801	-0.518	9657.593	-0.948	105.959	500.786	195.861	105.959
rsi2<35	>sma100d	long	09:30	4	10	53	1837.017	-0.372	72	1701.166	-0.788	6250.142	-0.788	105.924	275.534	152.264	105.924
bb20<-1.5sd	>sma50d	long	12:00	3	4	44	1836.863	-0.352	25	1715.553	-0.422	6302.474	-0.422	105.914	278.967	153.036	105.914
rsi5<35	down5d	long	09:30	2	10	54	1836.712	-0.482	36	1225.601	-0.247	4502.150	-0.482	105.905	163.494	123.698	105.905
roc6<-1%	down3d	long	12:00	3	0	48	1836.304	-0.722	26	1446.523	-0.730	5312.511	-0.730	105.879	215.174	137.681	105.879
bb10<-1.0sd	down3d	long	09:30	4	0	61	1836.148	-0.853	32	1202.404	-0.603	4415.585	-0.853	105.869	158.109	122.112	105.869
bb20>+2.0sd	>sma20d	short	15:55	5	2	37	3369.443	-0.615	22	975.140	-0.557	6571.354	-0.615	188.365	105.819	156.938	105.819
rsi5<35	down3d	long	09:30	2	15	62	1835.237	-0.490	38	2057.242	-0.301	7551.053	-0.490	105.813	361.150	170.358	105.813
macd12/26/9<-0.2%	none	long	12:00	2	10	37	1835.134	-0.553	25	1339.803	-0.349	4917.438	-0.564	105.806	190.123	131.047	105.806
rsi3<20	down1d	long	10:30	2	0	40	1835.031	-0.307	26	1102.879	-0.417	4047.633	-0.417	105.800	135.102	115.144	105.800
bb40<-1.0sd	<sma20d	long	15:55	3	10	44	1834.685	-0.778	36	1725.043	-0.768	6329.821	-0.778	105.778	281.233	153.438	105.778
macd5/18/4<-0.0%	down3d	long	12:00	2	0	95	1833.005	-0.575	54	1835.219	-0.552	6727.931	-0.575	105.674	307.611	159.165	105.674
kelt40<-2.0	down3d	long	09:30	2	10	40	1832.137	-0.364	26	1248.162	-0.288	4573.608	-0.364	105.620	168.740	124.992	105.620
kelt20>+2.0	>sma20d	short	15:55	4	3	28	1831.870	-0.596	25	1105.176	-0.528	4049.079	-0.596	105.603	135.631	115.172	105.603
macd12/26/9<-0.2%	<sma20d	long	10:30	3	0	26	1831.538	-0.608	13	1493.342	-0.188	5470.225	-0.608	105.582	226.212	140.242	105.582
bb20>+2.0sd	>sma20d	short	15:55	4	2	37	2725.032	-0.521	22	973.943	-0.474	5308.055	-0.521	156.313	105.546	137.608	105.546
roc20<-1%	down5d	long	15:55	2	10	55	1830.649	-0.609	35	1733.534	-0.497	6346.986	-0.609	105.527	283.261	153.689	105.527
rsi3<25	down5d	long	09:30	3	10	46	1830.377	-0.770	32	1126.546	-0.446	4124.007	-0.770	105.510	140.558	116.623	105.510
macd8/18/4<-0.0%	down5d	long	15:55	4	2	92	2199.128	-0.541	50	973.665	-0.545	4282.429	-0.545	127.551	105.482	119.635	105.482
rsi2<20	down3d	long	15:55	2	0	65	1829.587	-0.580	37	2711.226	-0.521	9920.849	-0.580	105.461	521.423	198.790	105.461
roc10<-2%	down1d	long	15:55	3	10	25	4256.667	-0.331	18	973.517	-0.517	8287.878	-0.517	228.315	105.449	179.739	105.449
macd5/18/4<-0.0%	<sma20d	long	09:30	2	0	81	1829.324	-0.695	52	1286.342	-0.347	4706.272	-0.695	105.444	177.634	127.361	105.444
macd5/18/4<-0.0%	down3d	long	15:55	2	0	95	1828.993	-0.585	54	1790.896	-0.518	6551.072	-0.585	105.424	296.984	156.648	105.424
bb20<-1.0sd	>sma50d	long	10:30	5	2	55	1828.510	-0.539	46	4909.897	-0.574	17955.592	-0.574	105.394	1080.557	271.327	105.394
macd8/18/4<-0.0%	down5d	long	15:55	2	0	92	1827.613	-0.782	50	1635.644	-0.667	5978.647	-0.782	105.338	259.928	148.193	105.338
bb40<-1.0sd	none	long	15:55	1	15	106	1827.433	-0.326	78	2328.866	-0.390	8511.690	-0.390	105.326	427.283	182.483	105.326
rsi3<25	<sma20d	long	09:30	3	0	40	2410.693	-0.664	32	972.825	-0.602	4690.365	-0.664	139.454	105.291	127.080	105.291
rsi5<30	<sma100d	long	15:55	5	0	53	1826.785	-0.805	18	1837.508	-0.804	6713.463	-0.805	105.286	308.161	158.960	105.286
macd12/26/9<-0.1%	up1d	long	12:00	3	10	41	1826.712	-0.404	37	4426.374	-0.516	16171.415	-0.516	105.281	955.438	257.360	105.281
bb40<-1.5sd	down5d	long	15:55	3	10	34	1826.465	-0.554	27	1692.628	-0.589	6183.052	-0.589	105.266	273.498	151.269	105.266
macd12/26/9<-0.0%	none	long	15:55	2	0	223	1825.505	-0.890	111	1798.057	-0.836	6564.727	-0.890	105.206	298.699	156.844	105.206
bb40<-1.0sd	>sma10d	long	15:55	4	10	59	1825.048	-0.860	41	3188.371	-0.597	11637.859	-0.860	105.178	640.400	216.784	105.178
rsi3<15	down1d	long	10:30	3	0	35	3099.839	-0.323	22	972.144	-0.599	6026.981	-0.599	175.320	105.136	148.926	105.136
rsi5<25	down3d	long	10:30	2	0	47	1824.232	-0.224	27	1318.891	-0.415	4811.925	-0.415	105.127	185.233	129.218	105.127
bb40<-1.5sd	<sma20d	long	09:30	4	15	32	2500.113	-0.603	27	971.992	-0.688	4860.180	-0.688	144.345	105.101	130.058	105.101
bb40<-1.5sd	<sma20d	long	09:30	4	0	32	3278.702	-0.480	27	971.992	-0.688	6373.744	-0.688	184.028	105.101	154.080	105.101
kelt20<-1.0	>sma100d	long	10:30	5	4	30	1823.744	-0.451	52	2746.565	-0.840	10018.060	-0.840	105.096	530.181	199.860	105.096
roc40<-3%	none	long	15:55	2	0	46	1823.706	-0.553	26	2730.333	-0.534	9958.650	-0.553	105.094	526.157	199.207	105.094
rsi2<15	<sma10d	long	09:30	3	0	49	1823.161	-0.719	31	1325.122	-0.602	4831.823	-0.719	105.060	186.690	129.565	105.060
rsi5<30	>sma100d	long	09:30	4	0	28	1823.086	-0.296	43	1189.868	-0.691	4338.464	-0.691	105.055	155.203	120.683	105.055
rsi5<30	>sma100d	long	09:30	4	15	28	1823.086	-0.296	43	1189.868	-0.691	4338.464	-0.691	105.055	155.203	120.683	105.055
rsi5<30	>sma100d	long	09:30	4	10	28	1823.086	-0.296	43	2134.697	-0.597	7783.474	-0.597	105.055	379.940	173.377	105.055
bb40>+2.0sd	up3d	short	15:55	5	2	25	7452.768	-0.448	21	971.681	-0.481	14483.427	-0.481	348.038	105.030	243.215	105.030
bb20<-1.5sd	>sma50d	long	15:55	4	3	44	1821.962	-0.393	25	2237.182	-0.403	8152.119	-0.403	104.985	404.887	178.051	104.985
bb20<-1.5sd	none	long	12:00	2	15	84	1821.452	-0.442	46	3943.292	-0.409	14365.033	-0.442	104.953	831.531	242.184	104.953
bb10>+1.0sd	>sma20d	short	12:00	5	2	94	1821.447	-0.794	50	3090.648	-0.602	11258.902	-0.794	104.953	615.908	212.966	104.953
bb20<-1.5sd	down5d	long	12:00	3	15	33	3257.307	-0.569	21	971.297	-0.569	6327.622	-0.569	182.997	104.942	153.405	104.942
rsi3<30	down3d	long	09:30	3	0	62	1821.045	-0.718	36	1499.303	-0.481	5460.599	-0.718	104.928	227.619	140.087	104.928
rsi5<30	none	long	12:00	2	0	107	1821.027	-0.505	61	1780.970	-0.577	6486.388	-0.577	104.927	294.607	155.716	104.927
rsi7<25	none	long	10:30	4	0	71	1820.965	-0.808	40	997.418	-0.915	3632.528	-0.915	104.923	110.905	106.783	104.923
rsi7<25	none	long	10:30	4	15	71	1820.965	-0.808	40	2008.055	-0.830	7313.197	-0.830	104.923	349.247	167.206	104.923
bb10>+1.5sd	up5d	short	15:55	5	2	57	1820.212	-0.536	41	1716.176	-0.732	6247.607	-0.732	104.876	279.116	152.227	104.876
roc20<-2%	<sma50d	long	15:55	3	15	25	1819.133	-0.617	22	1369.064	-0.763	4981.019	-0.763	104.808	196.976	132.137	104.808
bb40<-1.5sd	<sma100d	long	09:30	5	10	34	3480.569	-0.529	16	970.522	-0.534	6755.935	-0.538	193.606	104.766	159.559	104.766
bb40<-1.5sd	<sma100d	long	09:30	5	0	34	2823.558	-0.618	16	970.522	-0.534	5480.648	-0.625	161.416	104.766	140.410	104.766
bb40<-1.5sd	down3d	long	09:30	4	15	39	1818.266	-0.709	30	4447.858	-0.688	16174.776	-0.709	104.754	960.975	257.387	104.754
macd8/18/4<-0.0%	up1d	long	10:30	3	10	106	1818.238	-0.603	75	4303.772	-0.516	15650.560	-0.603	104.752	923.883	253.099	104.752
rsi3<25	down3d	long	09:30	3	0	53	1817.197	-0.696	33	1829.489	-0.452	6649.086	-0.696	104.687	306.236	158.048	104.687
rsi7<25	>sma50d	long	09:30	5	15	28	1816.833	-0.546	24	6533.774	-0.271	23741.549	-0.546	104.665	1507.619	311.338	104.665
rsi7<25	>sma50d	long	09:30	5	10	28	1816.833	-0.546	24	6533.774	-0.271	23741.549	-0.546	104.665	1507.619	311.338	104.665
rsi7<25	>sma50d	long	09:30	5	0	28	1816.833	-0.546	24	6533.774	-0.271	23741.549	-0.546	104.665	1507.619	311.338	104.665
rsi5<35	down5d	long	10:30	3	0	54	1961.272	-0.492	36	969.952	-0.748	3804.679	-0.748	113.542	104.636	110.320	104.636
roc156<-1%	>sma10d	long	12:00	3	3	58	1815.752	-0.636	26	1807.776	-0.333	6564.945	-0.636	104.597	301.029	156.847	104.597
rsi5<30	down3d	long	15:55	2	15	54	1815.398	-0.573	32	1370.864	-0.453	4977.327	-0.573	104.575	197.398	132.074	104.575
rsi5<30	down3d	long	15:55	3	10	54	1815.390	-0.711	32	2198.301	-0.633	7981.548	-0.711	104.574	395.412	175.906	104.574
kelt20<-1.5	none	long	09:30	3	15	73	1814.811	-0.664	43	1065.000	-0.622	3865.545	-0.664	104.538	126.388	111.547	104.538
macd12/26/9<-0.2%	down3d	long	15:55	4	4	26	1814.596	-0.855	15	1449.763	-0.322	5261.469	-0.866	104.525	215.937	136.842	104.525
macd8/18/4<-0.0%	none	long	15:55	1	0	203	1814.398	-0.463	115	1818.871	-0.490	6600.314	-0.490	104.512	303.689	157.353	104.512
rsi14<35	down5d	long	15:55	2	0	37	1814.328	-0.470	23	2064.570	-0.243	7491.617	-0.470	104.508	362.926	169.576	104.508
bb40<-1.0sd	none	long	10:30	2	0	106	1813.455	-0.577	78	3799.349	-0.604	13779.899	-0.604	104.453	794.840	237.011	104.453
bb40>+2.0sd	up3d	short	15:55	4	2	25	5017.898	-0.375	21	968.943	-0.401	9724.117	-0.401	259.710	104.406	196.606	104.406
rsi3<30	<sma20d	long	09:30	3	10	49	1816.318	-0.756	35	968.850	-0.559	3519.480	-0.756	104.632	104.384	104.401	104.384
bb20<-1.5sd	<sma10d	long	10:30	4	10	34	1812.280	-0.558	19	2208.430	-0.409	8004.587	-0.558	104.380	397.879	176.197	104.380
bb20<-1.0sd	down5d	long	09:30	5	10	52	1986.385	-0.970	35	968.814	-0.710	3848.875	-0.970	115.056	104.376	111.212	104.376
macd8/18/4<-0.0%	>sma50d	long	15:55	3	15	85	1811.748	-0.612	68	1333.667	-0.818	4832.536	-0.818	104.346	188.688	129.577	104.346
bb20<-1.5sd	>sma50d	long	10:30	3	4	44	1811.412	-0.291	25	1913.081	-0.417	6930.755	-0.417	104.325	326.331	162.000	104.325
bb20<-1.5sd	down3d	long	15:55	3	0	43	1811.353	-0.705	22	4487.447	-0.455	16256.706	-0.705	104.322	971.183	258.049	104.322
macd8/18/4<-0.0%	none	long	10:30	1	0	203	1811.350	-0.409	115	1470.122	-0.430	5325.811	-0.430	104.321	220.734	137.899	104.321
kelt40<-1.5	down5d	long	09:30	3	0	46	3012.401	-0.686	31	968.432	-0.540	5834.609	-0.686	170.981	104.289	145.986	104.289
macd12/26/9<-0.2%	down3d	long	09:30	2	0	26	1810.697	-0.336	15	1140.461	-0.124	4130.057	-0.336	104.281	143.771	116.739	104.281
bb40<-1.0sd	>sma50d	long	15:55	4	3	50	1810.303	-0.347	42	4122.648	-0.507	14926.483	-0.507	104.256	877.399	247.025	104.256
roc20<-2%	none	long	09:30	2	10	43	1810.299	-0.244	38	1984.207	-0.288	7184.018	-0.288	104.256	343.484	165.468	104.256
kelt40<-2.0	down1d	long	15:55	2	15	49	1810.233	-0.567	23	1203.519	-0.302	4357.298	-0.567	104.251	158.368	121.034	104.251
bb78<-1.5sd	none	long	15:55	3	10	53	1809.690	-0.770	30	2045.316	-0.589	7402.773	-0.770	104.217	358.262	168.401	104.217
roc10<-2%	none	long	09:30	2	15	34	1809.623	-0.359	30	1053.584	-0.301	3813.177	-0.359	104.213	123.767	110.492	104.213
bb40<-1.0sd	<sma20d	long	09:30	5	0	44	2790.505	-0.860	36	968.053	-0.820	5402.712	-0.860	159.713	104.203	139.152	104.203
rsi3>85	>sma20d	short	12:00	3	3	60	1809.105	-0.312	43	1775.725	-0.492	6424.946	-0.492	104.181	293.351	154.826	104.181
rsi5<35	down3d	long	09:30	3	10	62	1808.863	-0.681	38	4270.291	-0.324	15448.741	-0.681	104.166	915.278	251.424	104.166
bb40<-1.0sd	>sma50d	long	10:30	4	6	50	1807.867	-0.502	42	8605.425	-0.550	31114.933	-0.550	104.103	2064.882	354.182	104.103
roc10<-2%	down3d	long	10:30	5	8	26	1807.153	-0.872	19	2004.696	-0.807	7245.582	-0.954	104.058	348.435	166.299	104.058
rsi2<25	down3d	long	10:30	3	0	68	1806.472	-0.685	39	1927.277	-0.648	6963.141	-0.685	104.016	329.750	162.448	104.016
roc10<-2%	down3d	long	15:55	3	8	26	1805.912	-0.666	19	2463.749	-0.569	8898.631	-0.768	103.981	460.360	187.121	103.981
macd12/26/9<-0.2%	none	long	15:55	2	10	37	1804.745	-0.553	25	1401.906	-0.331	5060.165	-0.553	103.908	204.682	133.481	103.908
rsi5<30	<sma50d	long	10:30	3	0	47	1803.370	-0.475	28	1659.257	-0.678	5984.511	-0.678	103.821	265.547	148.282	103.821
bb20<-1.5sd	down1d	long	12:00	4	15	48	1802.275	-0.718	21	1847.525	-0.725	6659.497	-0.725	103.753	310.566	158.196	103.753
rsi2>85	>sma20d	short	15:55	2	2	93	1802.093	-0.344	50	1507.546	-0.354	5433.478	-0.354	103.741	229.566	139.650	103.741
bb20<-1.5sd	>sma50d	long	12:00	5	8	44	1801.933	-0.489	25	4942.766	-0.660	17813.063	-0.660	103.731	1089.100	270.245	103.731
rsi5<30	<sma20d	long	09:30	2	15	44	1801.794	-0.420	31	1026.970	-0.301	3700.779	-0.420	103.722	117.665	108.198	103.722
rsi5<30	<sma20d	long	09:30	2	10	44	1801.794	-0.420	31	1172.083	-0.236	4223.706	-0.420	103.722	151.083	118.527	103.722
rsi3>90	>sma20d	short	15:55	2	2	54	1801.610	-0.248	38	1296.323	-0.317	4670.938	-0.317	103.711	179.962	126.735	103.711
roc20<-2%	down3d	long	10:30	2	10	27	1801.001	-0.203	28	2073.727	-0.356	7469.570	-0.356	103.673	365.145	169.286	103.673
rsi5<25	down3d	long	12:00	3	0	47	2724.900	-0.296	27	965.605	-0.640	5262.356	-0.640	156.306	103.645	136.857	103.645
rsi14<35	<sma20d	long	09:30	2	10	36	1862.140	-0.203	22	965.484	-0.341	3595.733	-0.341	107.482	103.617	106.013	103.617
rsi3<10	>sma50d	long	09:30	4	15	31	1800.030	-0.452	24	1165.646	-0.491	4196.395	-0.491	103.612	149.593	118.008	103.612
rsi3<10	>sma50d	long	09:30	4	10	31	1800.030	-0.452	24	1361.481	-0.405	4901.412	-0.452	103.612	195.199	130.771	103.612
rsi3<10	>sma50d	long	09:30	4	0	31	1800.030	-0.452	24	1165.646	-0.491	4196.395	-0.491	103.612	149.593	118.008	103.612
bb20<-1.5sd	down1d	long	12:00	5	10	48	1799.669	-0.894	21	1273.144	-0.829	4582.476	-0.894	103.589	174.557	125.152	103.589
roc6<-1%	<sma20d	long	09:30	4	10	42	1804.520	-0.861	26	965.333	-0.638	3483.927	-0.861	103.893	103.583	103.643	103.583
bb10>+1.5sd	>sma20d	short	12:00	3	3	56	1799.489	-0.399	38	1009.558	-0.446	3633.376	-0.446	103.578	113.680	106.800	103.578
bb40<-1.0sd	down5d	long	10:30	4	15	49	1799.266	-0.886	37	1609.007	-0.781	5790.064	-0.886	103.564	253.599	145.296	103.564
rsi7<20	none	long	09:30	5	10	40	1799.148	-0.707	27	988.739	-0.678	3557.773	-0.707	103.556	108.922	105.213	103.556
rsi2>85	>sma10d	short	15:55	4	2	100	1799.117	-0.763	48	1467.621	-0.557	5280.844	-0.763	103.554	220.145	137.161	103.554
bb40<-1.0sd	>sma50d	long	12:00	4	5	50	1799.031	-0.552	42	3581.416	-0.606	12886.156	-0.606	103.549	739.504	228.832	103.549
rsi3<15	<sma20d	long	10:30	3	0	28	1797.789	-0.334	26	1768.906	-0.787	6360.239	-0.787	103.471	291.719	153.883	103.471
kelt10>+1.0	>sma20d	short	15:55	3	3	54	1797.496	-0.689	41	1316.809	-0.565	4733.919	-0.689	103.453	184.746	127.850	103.453
macd8/18/4<-0.0%	<sma10d	long	09:30	2	0	88	1796.253	-0.599	48	1651.181	-0.342	5931.876	-0.599	103.374	263.624	147.480	103.374
roc78<-3%	>sma10d	long	15:55	3	10	28	1796.121	-0.554	14	1336.617	-0.338	4801.451	-0.554	103.366	189.378	129.035	103.366
bb40<-1.0sd	>sma50d	long	10:30	5	5	50	1795.804	-0.547	42	3970.802	-0.596	14261.564	-0.596	103.346	838.556	241.279	103.346
kelt20<-1.5	down3d	long	09:30	2	0	39	1795.744	-0.374	21	980.497	-0.301	3521.445	-0.374	103.342	107.041	104.443	103.342
rsi5<30	<sma10d	long	10:30	3	0	44	3093.534	-0.355	28	964.212	-0.716	5965.646	-0.716	175.009	103.327	147.995	103.327
rsi2>70	>sma20d	short	15:55	3	2	113	1795.426	-0.625	58	1846.516	-0.583	6630.566	-0.625	103.322	310.323	157.784	103.322
bb40<-1.0sd	<sma20d	long	15:55	2	10	44	1795.394	-0.579	36	1445.372	-0.599	5190.025	-0.599	103.320	214.903	135.659	103.320
macd8/18/4<-0.0%	>sma10d	long	15:55	3	3	113	1794.689	-0.580	67	2731.949	-0.461	9805.995	-0.580	103.276	526.558	197.519	103.276
rsi5<25	>sma50d	long	09:30	5	15	38	1794.677	-0.577	27	2896.696	-0.614	10397.267	-0.614	103.275	567.485	203.969	103.275
rsi5<25	>sma50d	long	09:30	5	10	38	1794.677	-0.577	27	3698.266	-0.507	13274.385	-0.577	103.275	769.141	232.428	103.275
rsi5<25	>sma50d	long	09:30	5	0	38	1794.677	-0.577	27	2896.696	-0.614	10397.267	-0.614	103.275	567.485	203.969	103.275
macd5/18/4<-0.0%	<sma10d	long	09:30	4	0	83	1794.646	-0.918	50	1546.038	-0.706	5549.182	-0.918	103.273	238.668	141.507	103.273
rsi2<10	down5d	long	09:30	4	10	50	1794.223	-0.932	30	1009.578	-0.709	3622.815	-0.932	103.247	113.684	106.580	103.247
rsi3<20	down3d	long	10:30	2	0	42	1794.209	-0.249	30	1305.305	-0.447	4683.979	-0.447	103.246	182.059	126.966	103.246
macd8/18/4<-0.0%	down3d	long	10:30	3	15	99	1793.806	-0.818	53	2156.018	-0.691	7734.959	-0.818	103.221	385.122	172.752	103.221
kelt40<-1.5	down3d	long	09:30	2	0	57	1793.388	-0.484	36	1524.633	-0.376	5468.517	-0.484	103.194	233.604	140.215	103.194
bb40<-1.0sd	up1d	long	10:30	5	8	40	1793.116	-0.528	43	4045.134	-0.839	14506.792	-0.839	103.177	857.556	243.418	103.177
bb40<-1.0sd	up1d	long	10:30	5	10	40	1793.116	-0.528	43	5150.477	-0.842	18470.809	-0.842	103.177	1143.188	275.196	103.177
macd12/26/9<-0.2%	none	long	12:00	5	10	37	1792.926	-0.965	25	1743.917	-0.733	6253.431	-0.978	103.165	285.742	152.313	103.165
rsi2<15	down1d	long	10:30	4	0	69	1792.681	-0.805	33	2942.734	-0.769	10550.764	-0.805	103.150	578.956	205.605	103.150
roc20<-2%	down5d	long	12:00	2	15	27	1791.829	-0.179	21	1054.669	-0.423	3779.573	-0.423	103.096	124.016	109.811	103.096
roc20<-2%	down5d	long	12:00	2	0	27	1791.829	-0.179	21	968.373	-0.470	3470.319	-0.470	103.096	104.276	103.351	103.096
bb20<-1.5sd	>sma50d	long	12:00	4	5	44	1791.765	-0.522	25	3576.321	-0.504	12815.855	-0.522	103.092	738.213	228.174	103.092
bb20<-1.0sd	down3d	long	09:30	5	0	66	1791.670	-0.935	43	1939.831	-0.819	6951.075	-0.945	103.086	332.776	162.281	103.086
macd8/18/4<-0.0%	down5d	long	10:30	3	15	92	3128.320	-0.924	50	963.094	-0.750	6025.733	-0.924	176.721	103.073	148.907	103.073
bb40<-1.5sd	up1d	long	12:00	5	0	31	1874.516	-0.504	27	962.970	-0.949	3610.207	-0.949	108.246	103.044	106.316	103.044
roc6<-1%	<sma100d	long	12:00	3	0	45	1790.762	-0.769	16	1192.370	-0.597	4270.501	-0.805	103.029	155.782	119.410	103.029
roc20<-2%	none	long	15:55	3	15	43	1790.517	-0.581	38	1909.479	-0.763	6837.908	-0.763	103.014	325.463	160.709	103.014
kelt20>+2.0	>sma20d	short	12:00	5	2	28	1790.211	-0.548	25	1055.449	-0.532	3778.953	-0.548	102.994	124.195	109.798	102.994
rsi3<20	down1d	long	09:30	4	0	40	3514.300	-0.637	26	962.717	-0.521	6766.555	-0.637	195.182	102.987	159.709	102.987
macd12/26/9<-0.0%	down5d	long	15:55	4	6	94	2654.530	-0.966	44	962.615	-0.819	5110.581	-0.966	152.610	102.964	134.331	102.964
roc20<-2%	down3d	long	12:00	2	15	27	2098.312	-0.142	28	962.403	-0.535	4038.842	-0.535	121.700	102.915	114.973	102.915
rsi3<15	down5d	long	09:30	5	10	34	1788.862	-0.939	23	4830.971	-0.507	17283.884	-0.939	102.909	1060.063	266.177	102.909
rsi3<15	down5d	long	09:30	5	15	34	1788.862	-0.939	23	2414.001	-0.754	8636.631	-0.939	102.909	448.143	183.995	102.909
rsi7<35	>sma100d	long	10:30	5	4	33	2788.641	-0.282	51	962.355	-0.675	5367.324	-0.675	159.617	102.904	138.577	102.904
macd12/26/9<-0.1%	up1d	long	12:00	4	8	41	1788.723	-0.637	37	6493.706	-0.672	23230.883	-0.672	102.901	1496.968	308.074	102.901
macd8/18/4<-0.0%	none	long	15:55	1	15	203	1788.504	-0.478	115	2186.314	-0.455	7820.465	-0.478	102.887	392.493	173.853	102.887
rsi2<10	down1d	long	12:00	4	0	68	1787.069	-0.872	29	3168.791	-0.820	11325.695	-0.872	102.797	635.488	213.645	102.797
macd5/18/4<-0.0%	up1d	long	10:30	4	10	104	1786.759	-0.739	75	1654.291	-0.658	5911.641	-0.739	102.777	264.365	147.170	102.777
bb20<-1.0sd	down3d	long	09:30	3	0	66	1786.003	-0.737	43	2064.528	-0.540	7374.506	-0.744	102.729	362.915	168.025	102.729
rsi5<15	none	long	09:30	2	0	43	1863.661	-0.286	35	961.578	-0.486	3584.109	-0.486	107.576	102.727	105.769	102.727
rsi2<10	down3d	long	12:00	4	15	59	1785.967	-0.903	31	2673.902	-0.829	9551.003	-0.903	102.727	512.184	194.661	102.727
bb40>+2.0sd	>sma20d	short	12:00	3	2	27	1785.295	-0.371	21	1000.570	-0.358	3572.628	-0.371	102.685	111.625	105.527	102.685
rsi5<25	<sma10d	long	09:30	4	10	41	1784.543	-0.810	24	1338.517	-0.405	4777.281	-0.810	102.637	189.822	128.612	102.637
kelt40<-2.0	down3d	long	12:00	4	10	40	1783.501	-0.673	26	3802.274	-0.624	13562.717	-0.673	102.572	795.585	235.055	102.572
rsi2<15	down1d	long	10:30	3	0	69	1783.050	-0.674	33	2656.306	-0.599	9472.651	-0.674	102.543	507.832	193.773	102.543
roc20<-1%	down5d	long	15:55	3	10	55	1782.898	-0.798	35	2005.714	-0.667	7151.964	-0.798	102.534	348.681	165.033	102.534
rsi2<15	down3d	long	15:55	3	15	61	1781.729	-0.755	33	3867.462	-0.705	13781.539	-0.755	102.460	812.188	237.025	102.460
rsi7<35	<sma100d	long	10:30	3	0	56	1781.537	-0.440	16	972.232	-0.401	3464.136	-0.551	102.448	105.156	103.218	102.448
rsi5<20	>sma50d	long	09:30	4	6	27	1781.384	-0.290	24	2294.964	-0.339	8176.426	-0.339	102.438	418.993	178.355	102.438
rsi14<35	<sma10d	long	12:00	4	10	34	1781.012	-0.609	22	4161.236	-0.407	14822.423	-0.609	102.415	887.289	246.136	102.415
rsi5<35	<sma50d	long	09:30	3	0	52	2064.084	-0.531	31	960.157	-0.618	3963.689	-0.618	119.686	102.404	113.499	102.404
macd12/26/9<-0.0%	down5d	long	12:00	3	4	94	1780.198	-0.791	44	1153.549	-0.441	4107.093	-0.791	102.363	146.795	116.297	102.363
rsi5<15	down3d	long	15:55	3	0	26	2527.975	-0.514	15	959.860	-0.583	4853.004	-0.583	145.853	102.336	129.933	102.336
bb40<-1.0sd	>sma50d	long	09:30	5	4	50	1779.744	-0.375	42	12511.259	-0.593	44533.682	-0.593	102.335	3143.891	417.938	102.335
macd12/26/9<-0.0%	down5d	long	15:55	2	10	94	1779.206	-0.868	44	1828.846	-0.445	6507.786	-0.868	102.301	306.082	156.025	102.301
bb20<-1.5sd	down5d	long	10:30	3	10	33	3619.866	-0.452	21	959.683	-0.518	6947.850	-0.518	200.071	102.296	162.237	102.296
bb40<-1.0sd	down5d	long	10:30	3	10	49	1779.938	-0.741	37	959.598	-0.646	3416.052	-0.741	102.347	102.276	102.180	102.276
bb40<-1.0sd	>sma50d	long	15:55	4	4	50	1778.307	-0.458	42	3733.280	-0.584	13277.838	-0.584	102.244	778.037	232.459	102.244
macd5/18/4<-0.0%	<sma20d	long	09:30	2	10	81	1778.265	-0.704	52	1521.150	-0.347	5410.016	-0.704	102.241	232.781	139.270	102.241
bb10>+1.5sd	>sma10d	short	15:55	3	2	58	2909.568	-0.358	37	959.439	-0.486	5583.104	-0.486	165.807	102.240	142.047	102.240
bb40<-1.0sd	>sma100d	long	15:55	3	10	31	1777.630	-0.352	57	2875.451	-0.785	10222.976	-0.785	102.201	562.196	202.092	102.201
bb20<-1.5sd	>sma100d	long	15:55	3	15	29	1777.604	-0.333	34	3769.209	-0.582	13400.326	-0.582	102.200	787.172	233.580	102.200
bb20<-1.5sd	>sma100d	long	15:55	3	10	29	1777.604	-0.333	34	2852.924	-0.517	10142.739	-0.517	102.200	556.592	201.222	102.200
rsi3<35	>sma50d	long	09:30	3	0	66	1777.322	-0.357	51	3108.054	-0.626	11048.029	-0.626	102.182	620.266	210.805	102.182
rsi3<35	>sma50d	long	09:30	3	15	66	1777.322	-0.357	51	3108.054	-0.626	11048.029	-0.626	102.182	620.266	210.805	102.182
rsi3<35	>sma50d	long	09:30	3	10	66	1777.322	-0.357	51	4306.456	-0.516	15307.921	-0.516	102.182	924.573	250.247	102.182
bb40<-1.0sd	down3d	long	15:55	1	15	59	1777.087	-0.313	44	1029.191	-0.282	3657.924	-0.313	102.167	118.174	107.311	102.167
bb20<-1.5sd	down1d	long	15:55	5	15	48	1775.813	-0.853	21	3002.947	-0.851	10665.346	-0.853	102.087	593.981	206.817	102.087
bb10>+1.5sd	>sma10d	short	12:00	3	2	58	1775.308	-0.352	37	1022.955	-0.416	3632.121	-0.416	102.055	116.746	106.774	102.055
rsi14<35	<sma20d	long	09:30	2	0	36	1775.155	-0.240	22	965.484	-0.341	3427.767	-0.341	102.045	103.617	102.434	102.045
rsi5<30	down5d	long	10:30	3	15	47	1774.630	-0.700	30	986.941	-0.609	3502.911	-0.700	102.012	108.512	104.048	102.012
bb40<-1.0sd	none	long	09:30	3	15	106	1774.564	-0.855	78	3653.597	-0.669	12967.085	-0.855	102.008	757.803	229.588	102.008
rsi2<10	>sma100d	long	10:30	3	10	37	1774.325	-0.378	50	1227.369	-0.722	4355.504	-0.722	101.992	163.905	121.000	101.992
rsi3<15	down3d	long	09:30	3	15	37	1773.950	-0.588	27	2126.356	-0.452	7544.098	-0.588	101.969	377.914	170.267	101.969
rsi3<15	down3d	long	09:30	3	10	37	1773.950	-0.588	27	2745.616	-0.304	9741.170	-0.588	101.969	529.945	196.797	101.969
rsi14<35	<sma100d	long	15:55	3	10	39	1773.917	-0.393	16	1593.918	-0.327	5654.956	-0.393	101.967	250.017	143.183	101.967
macd8/18/4<-0.0%	down5d	long	10:30	4	2	92	3412.865	-0.532	50	958.093	-0.545	6539.684	-0.545	190.422	101.933	156.484	101.933
bb20<-1.5sd	down3d	long	10:30	2	10	43	1773.238	-0.258	22	2576.486	-0.236	9137.448	-0.258	101.924	488.119	189.921	101.924
rsi14<35	none	long	09:30	2	10	73	1772.608	-0.322	44	1261.717	-0.358	4473.060	-0.358	101.884	171.895	123.167	101.884
bb40<-1.5sd	up1d	long	09:30	5	0	31	1772.568	-0.278	27	3432.514	-0.819	12168.730	-0.819	101.881	701.851	222.004	101.881
bb40<-1.5sd	up1d	long	09:30	5	15	31	1772.568	-0.278	27	3432.514	-0.819	12168.730	-0.819	101.881	701.851	222.004	101.881
bb40<-1.5sd	up1d	long	09:30	5	10	31	1772.568	-0.278	27	6869.250	-0.638	24352.427	-0.638	101.881	1596.998	315.184	101.881
bb40<-1.5sd	up1d	long	09:30	5	8	31	1772.568	-0.278	27	8247.950	-0.566	29240.108	-0.566	101.881	1967.866	343.958	101.881
bb10<-1.5sd	<sma100d	long	09:30	5	0	39	1772.271	-0.765	12	1573.384	-0.534	5576.925	-0.765	101.863	245.146	141.949	101.863
roc6>+1%	>sma100d	short	15:55	3	2	28	1771.793	-0.238	48	1336.411	-0.565	4735.687	-0.565	101.832	189.330	127.881	101.832
roc10<-2%	none	long	12:00	2	0	34	1771.173	-0.413	30	1042.309	-0.515	3692.218	-0.515	101.793	121.180	108.021	101.793
bb40<-1.0sd	<sma100d	long	15:55	2	15	51	2033.109	-0.611	21	957.382	-0.438	3892.923	-0.611	117.849	101.771	112.094	101.771
roc156<-1%	>sma10d	long	12:00	4	2	58	1770.798	-0.760	26	1461.981	-0.376	5177.746	-0.760	101.769	218.815	135.454	101.769
roc10>+1%	up1d	short	12:00	4	2	48	1770.642	-0.627	27	1027.715	-0.569	3639.430	-0.627	101.760	117.836	106.926	101.760
roc6>+1%	>sma50d	short	15:55	5	2	37	1770.621	-0.473	38	1658.701	-0.677	5873.860	-0.677	101.758	265.414	146.591	101.758
rsi14<35	down5d	long	10:30	2	15	37	1770.221	-0.341	23	1163.950	-0.325	4120.899	-0.341	101.733	149.201	116.563	101.733
roc6<-1%	<sma20d	long	09:30	3	10	42	1769.939	-0.723	26	965.388	-0.474	3417.355	-0.723	101.715	103.595	102.208	101.715
kelt20<-1.5	down5d	long	15:55	3	15	33	2181.577	-0.534	21	957.062	-0.737	4175.811	-0.737	126.541	101.699	117.616	101.699
rsi2<10	<sma10d	long	09:30	3	0	47	1769.384	-0.719	28	1327.312	-0.486	4697.049	-0.719	101.680	187.201	127.198	101.680
bb40>+2.0sd	up5d	short	15:55	4	3	25	1769.343	-0.640	21	1187.569	-0.456	4202.435	-0.640	101.677	154.670	118.123	101.677
rsi3<25	down1d	long	09:30	3	0	50	1815.450	-0.756	28	956.944	-0.421	3474.567	-0.756	104.578	101.672	103.442	101.672
kelt40<-2.0	>sma50d	long	15:55	4	15	32	1768.825	-0.317	18	1023.152	-0.603	3619.552	-0.603	101.645	116.791	106.512	101.645
kelt20<-1.5	>sma50d	long	12:00	3	10	36	1768.670	-0.360	23	1080.862	-0.496	3823.375	-0.496	101.635	130.034	110.698	101.635
rsi5<35	<sma10d	long	10:30	3	0	51	1768.666	-0.427	33	1327.817	-0.748	4696.929	-0.748	101.635	187.320	127.196	101.635
rsi3<25	<sma20d	long	09:30	4	10	40	1768.241	-0.883	32	1181.422	-0.647	4178.078	-0.883	101.608	153.246	117.659	101.608
bb20<-1.5sd	<sma100d	long	09:30	5	10	40	1767.920	-0.811	12	1051.719	-0.611	3718.712	-0.811	101.587	123.339	108.567	101.587
macd12/26/9<-0.0%	down5d	long	10:30	2	0	94	1767.850	-0.760	44	1414.086	-0.477	4999.784	-0.760	101.583	207.544	132.457	101.583
roc20<-2%	down5d	long	09:30	2	15	27	2565.140	-0.194	21	956.509	-0.376	4907.161	-0.376	147.852	101.573	130.870	101.573
roc20<-2%	down5d	long	09:30	2	0	27	2565.140	-0.194	21	956.509	-0.376	4907.161	-0.376	147.852	101.573	130.870	101.573
bb40<-1.0sd	>sma50d	long	10:30	5	2	50	1766.840	-0.403	42	6175.970	-0.616	21823.907	-0.616	101.519	1412.698	298.840	101.519
bb40<-1.5sd	down5d	long	12:00	3	10	34	2220.357	-0.612	27	956.147	-0.546	4245.974	-0.612	128.768	101.490	118.948	101.490
roc20<-1%	up1d	long	10:30	4	10	35	1765.753	-0.467	35	1602.492	-0.769	5659.211	-0.769	101.450	252.052	143.250	101.450
roc20<-1%	up1d	long	10:30	4	8	35	1765.753	-0.467	35	1523.357	-0.770	5379.746	-0.770	101.450	233.303	138.779	101.450
rsi3<25	down5d	long	09:30	4	10	46	1765.748	-0.893	32	1161.181	-0.561	4100.707	-0.893	101.450	148.560	116.173	101.450
macd12/26/9<-0.0%	none	long	15:55	2	15	223	1765.636	-0.896	111	2692.196	-0.768	9506.876	-0.896	101.443	516.711	194.161	101.443
bb40<-1.5sd	none	long	09:30	2	0	76	1765.264	-0.309	53	3524.207	-0.376	12442.308	-0.376	101.419	725.022	224.637	101.419
bb20<-1.5sd	none	long	15:55	2	15	84	1764.833	-0.451	46	5359.612	-0.411	18917.635	-0.451	101.392	1197.826	278.496	101.392
roc78<-3%	>sma10d	long	12:00	5	10	28	1764.810	-0.822	14	1877.175	-0.541	6625.712	-0.822	101.390	317.690	157.715	101.390
roc20<-2%	down1d	long	15:55	2	10	29	1764.643	-0.392	21	1006.454	-0.494	3552.064	-0.494	101.380	112.970	105.093	101.380
rsi2<35	down3d	long	09:30	4	0	81	1764.162	-0.881	42	5832.464	-0.609	20578.829	-0.881	101.349	1321.987	290.348	101.349
bb20<-1.0sd	>sma50d	long	09:30	3	15	55	1763.850	-0.358	46	3413.800	-0.409	12042.861	-0.409	101.330	697.128	220.779	101.330
bb20<-1.0sd	>sma50d	long	09:30	3	0	55	1763.850	-0.358	46	3413.800	-0.409	12042.861	-0.409	101.330	697.128	220.779	101.330
bb20<-1.0sd	>sma50d	long	09:30	3	10	55	1763.850	-0.358	46	4024.546	-0.409	14197.388	-0.409	101.330	852.290	240.716	101.330
roc10>+1%	up1d	short	15:55	3	2	48	1763.406	-0.602	27	1150.710	-0.440	4058.337	-0.602	101.302	146.139	115.352	101.302
rsi2<35	down3d	long	09:30	3	0	81	1762.689	-0.773	42	4278.227	-0.481	15082.370	-0.773	101.256	917.318	248.348	101.256
kelt40<-1.5	>sma100d	long	12:00	5	15	25	2032.138	-0.504	40	955.094	-0.970	3881.766	-0.970	117.792	101.250	111.871	101.250
bb10>+1.0sd	>sma20d	short	12:00	4	2	94	1762.212	-0.702	50	2709.891	-0.517	9550.806	-0.702	101.226	521.093	194.658	101.226
rsi3>90	>sma10d	short	15:55	5	2	55	4061.997	-0.641	37	954.976	-0.629	7758.222	-0.641	219.893	101.224	173.052	101.224
rsi5<30	>sma50d	long	09:30	3	0	47	1762.162	-0.351	33	2064.347	-0.413	7275.427	-0.413	101.223	362.871	166.700	101.223
rsi5<30	>sma50d	long	09:30	3	15	47	1762.162	-0.351	33	2064.347	-0.413	7275.427	-0.413	101.223	362.871	166.700	101.223
rsi5<30	>sma50d	long	09:30	3	10	47	1762.162	-0.351	33	2311.486	-0.342	8146.425	-0.351	101.223	423.032	177.980	101.223
rsi3<35	>sma50d	long	12:00	3	10	66	1761.780	-0.501	51	1449.351	-0.805	5106.874	-0.805	101.198	215.840	134.269	101.198
rsi5>85	up5d	short	15:55	5	6	38	1760.817	-0.631	33	972.961	-0.694	3426.413	-0.694	101.137	105.322	102.404	101.137
bb40<-1.0sd	<sma20d	long	15:55	2	15	44	1759.889	-0.606	36	2444.056	-0.662	8602.534	-0.662	101.079	455.521	183.584	101.079
macd12/26/9<-0.0%	down5d	long	10:30	3	2	94	1759.863	-0.524	44	2043.883	-0.566	7193.907	-0.566	101.077	357.915	165.601	101.077
macd8/18/4<-0.0%	<sma50d	long	10:30	2	0	98	1759.650	-0.699	47	1180.535	-0.573	4154.658	-0.699	101.063	153.040	117.211	101.063
kelt40<-1.5	>sma100d	long	12:00	4	0	25	1759.646	-0.410	40	1303.354	-0.935	4586.882	-0.935	101.063	181.604	125.231	101.063
kelt40<-1.5	>sma100d	long	12:00	4	10	25	1759.646	-0.410	40	1383.503	-0.903	4868.949	-0.903	101.063	200.362	130.210	101.063
kelt40<-1.5	>sma100d	long	12:00	4	15	25	1759.646	-0.410	40	1725.745	-0.914	6073.400	-0.914	101.063	281.401	149.627	101.063
bb40<-2.0sd	>sma50d	long	10:30	5	15	25	1759.257	-0.505	16	4299.767	-0.420	15128.789	-0.505	101.038	922.854	248.740	101.038
bb40<-2.0sd	>sma50d	long	10:30	5	10	25	1759.257	-0.505	16	4299.767	-0.420	15128.789	-0.505	101.038	922.854	248.740	101.038
bb40<-2.0sd	>sma50d	long	10:30	5	0	25	1759.257	-0.505	16	4299.767	-0.420	15128.789	-0.505	101.038	922.854	248.740	101.038
roc20<-2%	none	long	15:55	2	0	43	1758.958	-0.419	38	2087.912	-0.608	7345.100	-0.608	101.020	368.584	167.633	101.020
rsi2>90	>sma10d	short	15:55	3	2	97	2066.244	-0.644	43	954.037	-0.464	3942.547	-0.644	119.813	101.010	113.081	101.010
macd12/26/9<-0.2%	down3d	long	15:55	3	4	26	1758.799	-0.719	15	1215.413	-0.243	4275.336	-0.730	101.009	161.128	119.501	101.009
rsi5<25	<sma20d	long	09:30	3	10	37	1983.020	-0.601	27	953.981	-0.545	3783.528	-0.601	114.854	100.997	109.891	100.997
bb40<-1.0sd	>sma100d	long	10:30	3	15	31	1758.420	-0.352	57	5237.172	-0.712	18418.295	-0.712	100.985	1165.817	274.805	100.985
bb40<-1.0sd	>sma100d	long	10:30	3	0	31	1758.420	-0.352	57	3561.553	-0.791	12525.411	-0.791	100.985	734.474	225.430	100.985
bb40<-1.0sd	>sma100d	long	10:30	3	10	31	1758.420	-0.352	57	5130.035	-0.713	18041.513	-0.713	100.985	1137.857	271.977	100.985
macd8/18/4<-0.0%	down5d	long	10:30	3	2	92	2518.199	-0.428	50	953.862	-0.442	4804.027	-0.442	145.324	100.970	129.080	100.970
rsi3<20	down5d	long	10:30	3	0	39	3219.935	-0.368	29	953.137	-0.714	6138.080	-0.714	181.190	100.805	150.598	100.805
rsi3>85	>sma20d	short	15:55	2	3	60	1755.259	-0.280	43	1000.906	-0.452	3513.698	-0.452	100.785	111.702	104.278	100.785
bb20<-1.5sd	none	long	12:00	5	10	84	1754.782	-0.890	46	11055.769	-0.794	38800.936	-0.890	100.754	2738.075	392.439	100.754
bb20<-1.5sd	down5d	long	15:55	4	8	33	1754.705	-0.546	21	1038.310	-0.593	3643.856	-0.593	100.750	120.264	107.019	100.750
rsi3<20	<sma10d	long	10:30	3	0	36	2107.021	-0.334	28	952.781	-0.787	4015.060	-0.787	122.211	100.724	114.508	100.724
macd5/18/4<-0.0%	down3d	long	09:30	5	0	95	1754.172	-0.959	54	1713.346	-0.800	6011.007	-0.959	100.716	278.440	148.684	100.716
rsi2<15	down1d	long	12:00	2	0	69	1754.166	-0.570	33	2239.414	-0.467	7856.609	-0.570	100.715	405.431	174.316	100.715
rsi3<20	down3d	long	15:55	2	0	42	1752.935	-0.389	30	1894.718	-0.521	6642.634	-0.521	100.637	321.910	157.956	100.637
rsi5<10	none	long	09:30	5	0	27	1752.819	-0.697	25	1498.383	-0.714	5252.786	-0.714	100.630	227.402	136.699	100.630
roc20<-1%	down5d	long	09:30	3	15	55	1752.191	-0.762	35	1236.528	-0.591	4333.264	-0.762	100.590	166.034	120.586	100.590
bb40<-1.0sd	>sma50d	long	12:00	5	2	50	1750.868	-0.422	42	7584.409	-0.621	26558.591	-0.621	100.506	1788.694	328.586	100.506
kelt20<-1.0	>sma100d	long	10:30	5	3	30	1750.231	-0.377	52	2722.381	-0.780	9529.592	-0.780	100.465	524.187	194.418	100.465
rsi14<30	>sma50d	long	09:30	5	0	25	1750.229	-0.546	13	1752.943	-0.389	6136.104	-0.546	100.465	287.900	150.568	100.465
rsi14<30	>sma50d	long	09:30	5	10	25	1750.229	-0.546	13	1752.943	-0.389	6136.104	-0.546	100.465	287.900	150.568	100.465
rsi14<30	>sma50d	long	09:30	5	15	25	1750.229	-0.546	13	1752.943	-0.389	6136.104	-0.546	100.465	287.900	150.568	100.465
bb20<-1.5sd	>sma100d	long	10:30	3	0	29	1750.180	-0.344	34	2102.577	-0.604	7359.778	-0.604	100.462	372.141	167.829	100.462
bb20<-1.5sd	>sma100d	long	10:30	3	10	29	1750.180	-0.344	34	3863.510	-0.547	13523.677	-0.547	100.462	811.181	234.701	100.462
bb20<-1.5sd	>sma100d	long	10:30	3	15	29	1750.180	-0.344	34	3091.786	-0.565	10822.365	-0.565	100.462	616.193	208.464	100.462
rsi3<20	<sma100d	long	10:30	5	0	44	1749.919	-0.548	14	7619.329	-0.306	26666.423	-0.548	100.445	1798.093	329.223	100.445
bb40<-1.0sd	down3d	long	12:00	2	10	59	1749.713	-0.502	44	1446.810	-0.515	5063.007	-0.515	100.432	215.242	133.529	100.432
macd12/26/9<-0.0%	down5d	long	10:30	3	6	94	1749.406	-0.826	44	1087.761	-0.562	3805.869	-0.826	100.413	131.621	110.344	100.413
rsi5<25	down3d	long	12:00	2	0	47	1748.946	-0.203	27	998.336	-0.469	3492.071	-0.469	100.384	111.114	103.817	100.384
bb40<-1.0sd	down3d	long	12:00	2	15	59	1748.613	-0.564	44	1233.859	-0.477	4315.085	-0.564	100.362	165.413	120.247	100.362
bb40<-1.0sd	>sma100d	long	10:30	4	4	31	1748.484	-0.367	57	3505.958	-0.711	12260.221	-0.711	100.354	720.407	222.888	100.354
bb78<-1.5sd	none	long	09:30	4	0	53	1746.970	-0.614	30	1328.543	-0.688	4641.849	-0.688	100.258	187.489	126.216	100.258
bb78<-1.5sd	none	long	09:30	4	15	53	1746.970	-0.614	30	1328.543	-0.688	4641.849	-0.688	100.258	187.489	126.216	100.258
macd12/26/9<-0.1%	down3d	long	09:30	2	10	52	1746.852	-0.511	28	965.888	-0.260	3374.525	-0.511	100.250	103.709	101.276	100.250
rsi5<25	>sma50d	long	09:30	5	8	38	1746.627	-0.588	27	4320.705	-0.424	15093.317	-0.588	100.236	928.237	248.441	100.236
rsi3<25	<sma20d	long	09:30	3	10	40	1746.560	-0.756	32	1182.216	-0.517	4129.622	-0.756	100.232	153.430	116.731	100.232
kelt40<-2.0	down3d	long	09:30	2	0	40	1746.553	-0.394	26	1093.630	-0.376	3820.166	-0.394	100.231	132.972	110.633	100.231
rsi7<35	>sma50d	long	09:30	5	10	52	1746.445	-0.528	37	1954.021	-0.697	6825.180	-0.697	100.224	336.198	160.531	100.224
rsi7<35	>sma50d	long	09:30	5	15	52	1746.445	-0.528	37	1298.245	-0.772	4534.627	-0.772	100.224	180.411	124.288	100.224
rsi7<35	>sma50d	long	09:30	5	0	52	1746.445	-0.528	37	1298.245	-0.772	4534.627	-0.772	100.224	180.411	124.288	100.224
rsi14<35	down3d	long	12:00	2	10	43	1745.752	-0.261	27	2384.499	-0.349	8325.486	-0.349	100.180	440.907	180.203	100.180
bb40<-1.0sd	down5d	long	12:00	3	15	49	2132.391	-0.764	37	950.047	-0.727	4051.745	-0.764	123.692	100.102	115.224	100.102
rsi14<35	<sma20d	long	12:00	5	4	36	1742.761	-0.616	22	1347.427	-0.610	4696.485	-0.616	99.990	191.908	127.188	99.990
kelt20>+2.0	up3d	short	15:55	4	2	25	3388.692	-0.263	26	949.502	-0.398	6435.141	-0.398	189.278	99.978	154.974	99.978
roc40<-2%	>sma50d	long	12:00	5	15	30	1742.210	-0.870	19	6205.132	-0.634	21621.290	-0.870	99.955	1420.418	297.479	99.955
macd5/18/4<-0.0%	none	long	09:30	2	0	198	1742.106	-0.734	116	1669.453	-0.474	5816.727	-0.734	99.948	267.975	145.709	99.948
bb40>+2.0sd	up3d	short	12:00	5	3	25	3934.489	-0.448	21	949.250	-0.502	7469.624	-0.502	214.280	99.920	169.286	99.920
rsi14<35	>sma50d	long	09:30	5	0	30	1741.527	-0.546	21	1814.376	-0.565	6319.572	-0.565	99.911	302.611	153.287	99.911
rsi14<35	>sma50d	long	09:30	5	15	30	1741.527	-0.546	21	1814.376	-0.565	6319.572	-0.565	99.911	302.611	153.287	99.911
rsi14<35	>sma50d	long	09:30	5	10	30	1741.527	-0.546	21	2057.256	-0.507	7165.537	-0.546	99.911	361.154	165.217	99.911
macd8/18/4<-0.0%	down3d	long	15:55	3	6	99	1740.935	-0.827	53	2172.710	-0.669	7565.095	-0.827	99.874	389.182	170.542	99.874
rsi5<15	none	long	10:30	3	0	43	1740.899	-0.394	35	1019.572	-0.832	3549.945	-0.832	99.871	115.971	105.048	99.871
rsi5<25	<sma10d	long	09:30	3	10	41	1740.519	-0.656	24	1191.323	-0.304	4147.041	-0.656	99.847	155.540	117.065	99.847
roc20<-2%	down5d	long	12:00	3	10	27	1740.490	-0.463	21	1079.495	-0.496	3757.699	-0.496	99.845	129.720	109.365	99.845
rsi14<35	<sma20d	long	10:30	4	10	36	1740.016	-0.560	22	2678.289	-0.514	9320.533	-0.560	99.815	513.269	192.036	99.815
roc20<-2%	down3d	long	12:00	2	0	27	2098.312	-0.142	28	948.725	-0.535	3981.441	-0.535	121.700	99.801	113.849	99.801
macd12/26/9<-0.0%	down5d	long	10:30	2	3	94	2120.262	-0.487	44	948.620	-0.479	4022.645	-0.487	122.985	99.777	114.657	99.777
rsi5<35	down3d	long	09:30	4	10	62	1737.970	-0.833	38	6814.822	-0.432	23687.911	-0.833	99.685	1582.473	310.997	99.685
rsi3<15	<sma10d	long	09:30	4	15	32	1737.949	-0.747	23	2213.244	-0.748	7693.010	-0.748	99.683	399.052	172.209	99.683
rsi3<15	<sma10d	long	09:30	4	10	32	1737.949	-0.747	23	3094.513	-0.647	10756.209	-0.747	99.683	616.876	207.772	99.683
bb20<-1.5sd	>sma50d	long	12:00	4	8	44	1737.355	-0.400	25	4021.720	-0.556	13974.312	-0.556	99.645	851.568	238.745	99.645
roc20<-2%	down3d	long	12:00	2	10	27	1736.969	-0.268	28	1596.936	-0.391	5547.654	-0.391	99.621	250.733	141.483	99.621
macd5/18/4<-0.0%	down5d	long	09:30	3	8	85	2088.896	-0.830	53	947.547	-0.647	3958.653	-0.888	121.148	99.532	113.399	99.532
bb40>+2.0sd	up3d	short	12:00	4	3	25	2919.690	-0.367	21	947.455	-0.422	5532.552	-0.422	166.320	99.512	141.242	99.512
macd8/18/4<-0.0%	>sma100d	long	09:30	3	0	56	1734.729	-0.368	85	1930.940	-0.633	6699.312	-0.633	99.478	330.633	158.760	99.478
macd8/18/4<-0.0%	>sma100d	long	09:30	3	15	56	1734.729	-0.368	85	1930.940	-0.633	6699.312	-0.633	99.478	330.633	158.760	99.478
macd8/18/4<-0.0%	>sma100d	long	09:30	3	10	56	1734.729	-0.368	85	3398.527	-0.516	11791.042	-0.516	99.478	693.274	218.306	99.478
bb20<-1.0sd	>sma50d	long	12:00	3	10	55	2275.494	-0.445	46	947.170	-0.664	4310.559	-0.664	131.904	99.447	120.162	99.447
rsi5>85	>sma50d	short	15:55	5	4	31	1734.142	-0.673	27	2498.437	-0.632	8665.290	-0.673	99.440	468.890	184.340	99.440
bb40<-1.5sd	<sma100d	long	09:30	5	15	34	1734.141	-0.765	16	970.522	-0.534	3366.042	-0.770	99.440	104.766	101.091	99.440
bb40<-1.0sd	<sma100d	long	15:55	2	10	51	2068.987	-0.584	21	947.121	-0.305	3919.161	-0.584	119.975	99.435	112.617	99.435
bb20<-1.5sd	>sma50d	long	09:30	5	6	44	1733.921	-0.478	25	11077.626	-0.424	38415.460	-0.478	99.426	2744.139	390.642	99.426
rsi3<25	<sma10d	long	09:30	2	0	43	1733.290	-0.418	30	998.637	-0.429	3461.854	-0.429	99.386	111.183	103.169	99.386
roc156<-1%	>sma10d	long	12:00	5	2	58	1732.664	-0.857	26	1698.587	-0.450	5886.159	-0.857	99.346	274.919	146.780	99.346
kelt40<-1.5	>sma50d	long	10:30	4	10	41	1732.656	-0.542	24	2653.317	-0.556	9194.570	-0.556	99.345	507.093	190.583	99.345
kelt40<-1.5	>sma50d	long	10:30	4	15	41	1732.656	-0.542	24	3796.145	-0.444	13154.825	-0.542	99.345	794.025	231.328	99.345
kelt40<-1.5	>sma50d	long	10:30	4	0	41	1732.656	-0.542	24	3796.145	-0.444	13154.825	-0.542	99.345	794.025	231.328	99.345
rsi3<35	down1d	long	09:30	4	0	67	1732.177	-0.868	36	1315.951	-0.516	4558.921	-0.868	99.315	184.546	124.727	99.315
bb40<-1.0sd	<sma20d	long	15:55	3	15	44	1731.902	-0.806	36	3548.743	-0.838	12292.153	-0.838	99.297	731.231	223.196	99.297
rsi2<20	down3d	long	15:55	4	0	65	1730.878	-0.910	37	3111.415	-0.821	10770.959	-0.910	99.232	621.108	207.927	99.232
rsi3<15	<sma50d	long	09:30	4	0	29	1730.764	-0.602	21	1250.000	-0.777	4326.909	-0.777	99.225	169.167	120.468	99.225
macd12/26/9<-0.0%	down5d	long	15:55	2	0	94	1730.637	-0.831	44	2814.392	-0.534	9741.385	-0.831	99.216	547.015	196.799	99.216
bb20<-1.5sd	down3d	long	12:00	2	0	43	1730.632	-0.416	22	1833.465	-0.404	6346.107	-0.416	99.216	307.190	153.676	99.216
macd12/26/9<-0.1%	none	long	10:30	3	2	93	1730.225	-0.447	60	3969.115	-0.454	13734.922	-0.454	99.190	838.125	236.607	99.190
bb40<-1.0sd	>sma100d	long	09:30	4	0	31	1729.646	-0.203	57	5938.086	-0.720	20541.570	-0.720	99.153	1349.834	290.089	99.153
bb40<-1.0sd	>sma100d	long	09:30	4	10	31	1729.646	-0.203	57	10383.206	-0.581	35918.532	-0.581	99.153	2551.972	378.709	99.153
bb40<-1.0sd	>sma100d	long	09:30	4	15	31	1729.646	-0.203	57	5938.086	-0.720	20541.570	-0.720	99.153	1349.834	290.089	99.153
macd5/18/4>+0.1%	>sma10d	short	15:55	3	2	59	1954.228	-0.443	34	945.835	-0.408	3696.753	-0.508	113.116	99.143	108.115	99.143
macd8/18/4<-0.0%	up3d	long	12:00	4	3	102	1728.917	-0.696	62	1398.789	-0.656	4836.780	-0.696	99.107	203.950	129.651	99.107
bb40<-2.0sd	>sma50d	long	12:00	5	10	25	1728.834	-0.443	16	4748.127	-0.507	16417.446	-0.507	99.101	1038.581	259.342	99.101
bb40<-2.0sd	>sma50d	long	12:00	5	15	25	1728.834	-0.443	16	3128.850	-0.675	10818.524	-0.675	99.101	625.475	208.424	99.101
bb40<-2.0sd	>sma50d	long	12:00	5	0	25	1728.834	-0.443	16	3128.850	-0.675	10818.524	-0.675	99.101	625.475	208.424	99.101
rsi5<35	<sma10d	long	09:30	2	15	51	1728.360	-0.469	33	1542.470	-0.301	5331.888	-0.469	99.071	237.824	137.998	99.071
bb40<-1.0sd	<sma10d	long	09:30	3	0	45	1727.680	-0.690	37	2009.089	-0.540	6942.125	-0.690	99.027	349.497	162.157	99.027
bb20<-1.5sd	>sma100d	long	15:55	5	3	29	1727.679	-0.392	34	3102.130	-0.656	10718.972	-0.656	99.027	618.783	207.381	99.027
kelt20<-1.5	>sma50d	long	10:30	5	10	36	1727.602	-0.505	23	1493.516	-0.684	5160.402	-0.684	99.022	226.253	135.165	99.022
macd8/18/4<-0.0%	<sma10d	long	09:30	5	0	88	1727.274	-0.971	48	1723.203	-0.856	5952.886	-0.971	99.001	280.793	147.801	99.001
rsi5<30	down3d	long	15:55	4	15	54	1726.804	-0.876	32	965.142	-0.767	3333.222	-0.876	98.971	103.539	100.370	98.971
kelt40<-1.5	down1d	long	15:55	2	0	66	1726.726	-0.696	31	3535.289	-0.331	12208.953	-0.696	98.966	727.826	222.393	98.966
rsi5>85	>sma50d	short	15:55	4	10	31	1725.758	-0.503	27	1113.705	-0.752	3843.970	-0.752	98.904	137.597	111.113	98.904
macd8/18/4<-0.0%	<sma100d	long	15:55	2	10	103	1724.874	-0.690	30	1549.913	-0.364	5346.809	-0.690	98.848	239.586	138.242	98.848
roc40>+2%	>sma20d	short	12:00	5	2	34	2468.323	-0.486	34	944.526	-0.708	4662.791	-0.708	142.615	98.845	126.590	98.845
kelt20<-1.5	down3d	long	10:30	4	10	39	1724.590	-0.592	21	2126.663	-0.583	7335.244	-0.592	98.830	377.989	167.501	98.830
rsi2<10	>sma100d	long	10:30	5	3	37	1724.316	-0.504	50	1604.841	-0.691	5534.505	-0.691	98.812	252.609	141.273	98.812
bb20<-1.5sd	down5d	long	12:00	3	8	33	1724.089	-0.429	21	1114.615	-0.429	3843.391	-0.446	98.798	137.806	111.102	98.798
bb20<-1.5sd	<sma20d	long	09:30	4	10	34	4059.671	-0.476	22	944.247	-0.682	7666.661	-0.682	219.792	98.782	171.867	98.782
macd12/26/9<-0.0%	down5d	long	10:30	2	4	94	1723.808	-0.578	44	1044.272	-0.356	3600.248	-0.578	98.780	121.631	106.108	98.780
rsi5<30	none	long	10:30	2	0	107	1723.720	-0.532	61	2432.487	-0.506	8385.851	-0.532	98.774	452.680	180.946	98.774
macd12/26/9<-0.2%	none	long	10:30	3	10	37	1723.273	-0.758	25	1459.344	-0.345	5029.697	-0.758	98.745	218.194	132.965	98.745
rsi14<35	down3d	long	15:55	5	15	43	1723.134	-0.767	27	6949.901	-0.756	23951.219	-0.767	98.737	1618.539	312.665	98.737
macd5/18/4>+0.1%	>sma10d	short	15:55	4	2	59	2465.501	-0.555	34	943.766	-0.512	4653.714	-0.623	142.461	98.672	126.428	98.672
bb40<-1.5sd	<sma100d	long	12:00	4	10	34	1721.442	-0.530	16	2222.426	-0.407	7651.556	-0.530	98.628	401.289	171.671	98.628
rsi2>85	>sma10d	short	15:55	5	2	100	1720.893	-0.846	48	1396.778	-0.643	4807.412	-0.846	98.593	203.478	129.139	98.593
bb20<-1.5sd	>sma100d	long	12:00	5	4	29	1720.376	-0.531	34	5195.316	-0.509	17875.791	-0.531	98.560	1154.888	270.722	98.560
bb20<-1.5sd	down3d	long	15:55	3	3	43	1720.337	-0.650	22	1196.430	-0.281	4116.528	-0.650	98.557	156.724	116.479	98.557
bb40<-1.5sd	>sma50d	long	12:00	5	4	39	1719.970	-0.402	26	3845.255	-0.547	13227.448	-0.547	98.534	806.530	231.997	98.534
bb40<-1.5sd	<sma10d	long	09:30	3	10	32	1719.705	-0.471	26	1824.613	-0.415	6275.592	-0.471	98.517	305.066	152.640	98.517
macd8/18/4<-0.0%	up1d	long	10:30	3	15	106	1719.678	-0.624	75	2474.090	-0.673	8509.276	-0.673	98.515	462.902	182.454	98.515
bb20<-1.5sd	<sma10d	long	10:30	5	10	34	1719.426	-0.681	19	2282.468	-0.510	7849.071	-0.681	98.499	415.940	174.219	98.499
rsi14<35	<sma50d	long	12:00	4	10	36	1719.262	-0.585	23	2166.869	-0.436	7450.833	-0.585	98.489	387.761	169.038	98.489
bb40<-1.0sd	down3d	long	12:00	3	0	59	3218.691	-0.631	44	942.909	-0.701	6069.865	-0.701	181.130	98.477	149.574	98.477
roc10<-2%	down3d	long	10:30	4	8	26	1718.732	-0.787	19	1985.592	-0.703	6825.403	-0.895	98.455	343.819	160.534	98.455
macd8/18/4<-0.0%	>sma50d	long	15:55	2	10	85	1718.343	-0.343	68	1319.601	-0.528	4535.054	-0.528	98.430	185.399	124.295	98.430
bb40<-1.5sd	>sma50d	long	15:55	2	15	39	1718.314	-0.139	26	2566.096	-0.302	8818.719	-0.302	98.428	485.556	186.174	98.428
bb40<-1.5sd	>sma50d	long	15:55	2	0	39	1718.314	-0.139	26	2457.244	-0.331	8444.636	-0.331	98.428	458.761	181.666	98.428
kelt40<-1.5	down5d	long	09:30	3	15	46	1716.808	-0.821	31	968.432	-0.540	3325.222	-0.821	98.331	104.289	100.194	98.331
macd5/18/4<-0.0%	up1d	long	10:30	3	10	104	1716.791	-0.613	75	1970.944	-0.516	6767.398	-0.613	98.330	340.282	159.721	98.330
roc20<-2%	<sma100d	long	10:30	4	10	29	1716.697	-0.645	14	1274.573	-0.407	4376.113	-0.645	98.324	174.890	121.383	98.324
rsi5<30	>sma50d	long	15:55	3	15	47	1962.755	-0.411	33	942.081	-0.648	3698.147	-0.648	113.632	98.289	108.143	98.289
bb10>+1.5sd	>sma10d	short	15:55	5	2	58	5231.450	-0.552	37	942.074	-0.681	9856.822	-0.681	268.129	98.287	198.083	98.287
rsi2>85	>sma20d	short	12:00	3	2	93	1715.838	-0.562	50	2134.705	-0.487	7325.617	-0.562	98.269	379.942	167.373	98.269
bb20<-1.5sd	down3d	long	09:30	2	15	43	1715.797	-0.423	22	1461.638	-0.301	5015.748	-0.423	98.266	218.734	132.728	98.266
macd5/18/4<-0.0%	up1d	long	09:30	4	10	104	1715.712	-0.790	75	2408.364	-0.646	8264.118	-0.790	98.261	446.760	179.445	98.261
rsi5<20	>sma50d	long	09:30	3	15	27	1715.630	-0.239	24	1420.206	-0.368	4873.096	-0.368	98.256	208.982	130.281	98.256
rsi5<20	>sma50d	long	09:30	3	0	27	1715.630	-0.239	24	1420.206	-0.368	4873.096	-0.368	98.256	208.982	130.281	98.256
rsi5<20	>sma50d	long	09:30	3	10	27	1715.630	-0.239	24	1564.396	-0.304	5367.849	-0.304	98.256	243.016	138.585	98.256
roc20<-2%	<sma50d	long	15:55	3	10	25	1715.102	-0.593	22	1246.046	-0.667	4274.192	-0.667	98.222	168.247	119.480	98.222
macd8/18/4<-0.0%	down5d	long	10:30	3	8	92	1714.582	-0.881	50	1053.626	-0.646	3613.056	-0.881	98.188	123.777	106.376	98.188
macd12/26/9<-0.0%	none	long	09:30	2	10	223	1714.465	-0.764	111	3881.135	-0.364	13308.142	-0.764	98.181	815.674	232.737	98.181
rsi5<35	<sma10d	long	09:30	3	10	51	1713.752	-0.656	33	2790.772	-0.304	9565.381	-0.656	98.135	541.149	194.823	98.135
bb20<-1.5sd	down3d	long	15:55	2	0	43	1713.412	-0.470	22	2592.786	-0.303	8885.019	-0.470	98.113	492.140	186.961	98.113
macd12/26/9<-0.1%	up1d	long	10:30	3	0	41	1713.390	-0.563	37	2309.346	-0.736	7913.623	-0.736	98.112	422.509	175.043	98.112
rsi3<15	down5d	long	10:30	2	0	34	1713.248	-0.236	23	1126.992	-0.516	3861.633	-0.516	98.103	140.661	111.468	98.103
kelt20<-1.0	>sma50d	long	10:30	5	4	46	1712.893	-0.492	37	2668.078	-0.544	9140.267	-0.544	98.080	510.743	189.954	98.080
rsi7<25	down3d	long	09:30	5	10	38	6677.946	-0.534	18	940.991	-0.553	12567.774	-0.553	321.552	98.041	225.832	98.041
rsi2<20	down3d	long	10:30	3	0	65	1711.758	-0.641	37	2090.879	-0.648	7158.157	-0.648	98.007	369.303	165.117	98.007
rsi5<35	>sma50d	long	09:30	5	0	59	1711.473	-0.528	41	3332.322	-0.702	11406.357	-0.702	97.989	676.588	214.461	97.989
rsi5<35	>sma50d	long	09:30	5	10	59	1711.473	-0.528	41	4423.423	-0.604	15141.135	-0.604	97.989	954.678	248.845	97.989
rsi5<35	>sma50d	long	09:30	5	15	59	1711.473	-0.528	41	3332.322	-0.702	11406.357	-0.702	97.989	676.588	214.461	97.989
kelt40<-1.5	down5d	long	15:55	4	0	46	1711.424	-0.940	31	3541.117	-0.869	12120.704	-0.940	97.986	729.301	221.537	97.986
macd12/26/9<-0.0%	>sma100d	long	10:30	4	10	66	1711.280	-0.641	83	1189.591	-0.833	4071.447	-0.833	97.976	155.138	115.607	97.976
rsi2>90	>sma10d	short	15:55	4	2	97	2424.666	-0.763	43	940.670	-0.582	4561.619	-0.763	140.224	97.968	124.776	97.968
rsi3<15	down5d	long	09:30	5	2	34	1711.122	-0.299	23	1477.470	-0.494	5056.261	-0.494	97.966	222.467	133.415	97.966
rsi14<35	none	long	09:30	4	0	73	3070.553	-0.617	44	940.646	-0.713	5776.608	-0.713	173.873	97.963	145.087	97.963
rsi5<30	none	long	09:30	2	15	107	1710.767	-0.501	61	2122.407	-0.367	7261.886	-0.501	97.943	376.955	166.518	97.943
roc10>+1%	>sma20d	short	12:00	3	2	46	1710.547	-0.292	31	1132.438	-0.511	3874.176	-0.511	97.929	141.918	111.720	97.929
rsi2<20	>sma50d	long	09:30	5	15	62	1710.198	-0.657	49	1199.975	-0.885	4104.390	-0.885	97.907	157.546	116.245	97.907
rsi2<20	>sma50d	long	09:30	5	0	62	1710.198	-0.657	49	1199.975	-0.885	4104.390	-0.885	97.907	157.546	116.245	97.907
rsi2<20	>sma50d	long	09:30	5	10	62	1710.198	-0.657	49	2781.889	-0.765	9515.165	-0.765	97.907	538.944	194.255	97.907
kelt20<-1.0	>sma100d	long	10:30	4	15	30	1710.067	-0.441	52	1947.866	-0.910	6661.964	-0.910	97.899	334.713	158.231	97.899
kelt20<-1.0	>sma100d	long	10:30	4	10	30	1710.067	-0.441	52	2217.178	-0.898	7583.049	-0.898	97.899	400.010	170.777	97.899
rsi3<20	<sma20d	long	09:30	2	0	32	1708.806	-0.338	30	1009.635	-0.429	3450.541	-0.429	97.818	113.698	102.925	97.818
rsi14<35	down5d	long	12:00	5	10	37	12399.969	-0.632	23	939.812	-0.733	23307.287	-0.733	494.357	97.773	308.565	97.773
roc20<-2%	<sma50d	long	10:30	3	15	25	1707.433	-0.440	22	996.561	-0.681	3403.124	-0.681	97.729	110.709	101.899	97.729
macd12/26/9<-0.0%	down3d	long	09:30	2	10	100	1706.889	-0.664	53	1622.278	-0.287	5538.097	-0.664	97.694	256.751	141.330	97.694
bb20<-1.5sd	down1d	long	15:55	3	10	48	3334.204	-0.631	21	939.270	-0.651	6263.436	-0.651	186.687	97.650	152.461	97.650
rsi3<25	>sma50d	long	09:30	3	10	49	1753.198	-0.343	43	939.239	-0.577	3293.345	-0.577	100.654	97.643	99.489	97.643
kelt20<-1.5	down3d	long	15:55	5	15	39	1705.673	-0.834	21	3856.077	-0.754	13154.410	-0.834	97.616	809.287	231.324	97.616
rsi2<15	down3d	long	12:00	4	15	61	1705.617	-0.903	33	4771.007	-0.829	16275.019	-0.903	97.613	1044.511	258.197	97.613
roc10<-2%	none	long	10:30	2	15	34	1705.580	-0.313	30	1112.199	-0.389	3793.889	-0.389	97.610	137.250	110.101	97.610
bb20<-1.5sd	<sma100d	long	09:30	4	10	40	1705.554	-0.706	12	977.997	-0.516	3336.053	-0.706	97.608	106.470	100.432	97.608
macd8/18/4<-0.0%	<sma50d	long	15:55	3	3	98	1705.535	-0.831	47	1115.205	-0.406	3804.043	-0.831	97.607	137.943	110.307	97.607
macd5/18/4>+0.1%	>sma20d	short	12:00	3	2	60	1705.497	-0.295	39	1115.193	-0.412	3803.914	-0.412	97.605	137.940	110.305	97.605
bb20<-1.5sd	down1d	long	09:30	4	15	48	1705.315	-0.816	21	1394.041	-0.561	4754.558	-0.816	97.593	202.835	128.213	97.593
rsi7<30	<sma100d	long	12:00	5	0	44	1705.303	-0.688	14	987.586	-0.669	3368.268	-0.761	97.592	108.659	101.139	97.592
bb40<-1.0sd	down5d	long	12:00	2	15	49	1705.241	-0.570	37	1022.637	-0.523	3487.685	-0.570	97.588	116.673	103.723	97.588
bb40<-1.0sd	down5d	long	12:00	2	0	49	2266.969	-0.436	37	938.962	-0.562	4257.195	-0.562	131.422	97.580	119.160	97.580
rsi3<15	<sma20d	long	09:30	2	0	28	1704.975	-0.338	26	1376.022	-0.429	4692.166	-0.429	97.571	198.608	127.111	97.571
rsi5<35	<sma20d	long	10:30	3	0	50	1704.465	-0.358	36	2385.345	-0.748	8131.474	-0.748	97.538	441.115	177.793	97.538
macd8/18/4<-0.0%	none	long	15:55	3	15	203	1704.122	-0.909	115	3893.027	-0.914	13268.387	-0.914	97.516	818.706	232.373	97.516
bb10<-1.5sd	<sma100d	long	09:30	4	0	39	1703.897	-0.660	12	1367.798	-0.442	4661.173	-0.660	97.502	196.679	126.561	97.502
kelt40<-1.5	none	long	15:55	2	15	92	1703.816	-0.639	57	3828.805	-0.662	13047.154	-0.662	97.497	802.339	230.332	97.497
bb40<-1.0sd	<sma100d	long	15:55	3	0	51	2990.979	-0.784	21	938.587	-0.670	5614.589	-0.784	169.910	97.494	142.546	97.494
rsi5<20	>sma50d	long	09:30	3	8	27	1703.612	-0.245	24	1676.362	-0.254	5711.743	-0.254	97.484	269.621	144.075	97.484
macd8/18/4<-0.0%	down3d	long	15:55	2	6	99	1703.210	-0.659	53	1740.935	-0.507	5930.357	-0.659	97.458	285.030	147.457	97.458
kelt40<-1.5	>sma100d	long	12:00	5	10	25	2032.138	-0.504	40	938.399	-0.957	3813.913	-0.957	117.792	97.452	110.507	97.452
rsi7<30	<sma100d	long	12:00	4	0	44	1703.072	-0.571	14	1036.790	-0.543	3531.458	-0.609	97.449	119.915	104.656	97.449
bb40<-1.0sd	down3d	long	10:30	3	15	59	1702.821	-0.743	44	2014.828	-0.644	6861.786	-0.743	97.433	350.885	161.042	97.433
bb20<-1.0sd	down5d	long	09:30	3	8	52	1702.025	-0.751	35	1015.504	-0.548	3456.827	-0.770	97.381	115.040	103.061	97.381
rsi7<25	down3d	long	09:30	4	10	38	4694.683	-0.429	18	937.929	-0.450	8806.560	-0.450	246.658	97.345	186.030	97.345
rsi5<25	<sma10d	long	09:30	3	0	41	3897.732	-0.483	24	937.862	-0.452	7311.073	-0.483	212.647	97.330	167.178	97.330
rsi5<25	<sma10d	long	09:30	3	15	41	2597.244	-0.656	24	937.862	-0.452	4871.715	-0.656	149.569	97.330	130.257	97.330
bb78<-1.0sd	down3d	long	09:30	4	0	54	1700.852	-0.819	32	3788.320	-0.688	12886.747	-0.819	97.306	792.034	228.838	97.306
roc78<-3%	>sma10d	long	15:55	4	3	28	1700.403	-0.523	14	1745.146	-0.245	5934.902	-0.523	97.277	286.036	147.526	97.277
rsi3<15	none	long	09:30	2	10	71	1700.037	-0.473	53	1692.142	-0.488	5753.409	-0.488	97.253	273.382	144.726	97.253
rsi3<15	none	long	09:30	2	15	71	1700.037	-0.473	53	1264.567	-0.602	4299.622	-0.602	97.253	172.559	119.957	97.253
rsi2<10	down3d	long	15:55	2	15	59	1699.743	-0.573	31	1887.507	-0.530	6416.555	-0.573	97.234	320.175	154.704	97.234
bb10>+1.0sd	>sma20d	short	15:55	2	2	94	1699.192	-0.411	50	1129.281	-0.347	3837.728	-0.411	97.199	141.189	110.988	97.199
rsi2<25	down3d	long	10:30	4	0	68	1699.122	-0.830	39	1356.809	-0.833	4610.771	-0.833	97.194	194.105	125.660	97.194
rsi2<10	down3d	long	12:00	3	10	59	1698.728	-0.786	31	2292.148	-0.657	7787.475	-0.786	97.169	418.305	173.429	97.169
roc20<-1%	down5d	long	15:55	2	15	55	1698.708	-0.685	35	3353.616	-0.512	11393.631	-0.685	97.168	681.952	214.332	97.168
roc10<-2%	down3d	long	15:55	2	6	26	1698.546	-0.399	19	1300.778	-0.327	4418.865	-0.438	97.157	181.002	122.173	97.157
rsi14<35	down3d	long	09:30	2	10	43	1698.347	-0.376	27	1441.562	-0.218	4896.542	-0.376	97.145	214.006	130.687	97.145
rsi2<10	down3d	long	12:00	2	15	59	1698.341	-0.607	31	1930.429	-0.535	6557.053	-0.607	97.144	330.510	156.733	97.144
rsi5<35	<sma10d	long	09:30	4	10	51	1697.641	-0.810	33	3979.784	-0.405	13512.486	-0.810	97.099	840.850	234.600	97.099
macd12/26/9<-0.1%	up1d	long	10:30	2	10	41	1697.154	-0.203	37	2379.181	-0.364	8075.676	-0.364	97.068	439.604	177.093	97.068
kelt20<-1.0	>sma50d	long	12:00	5	3	46	1697.146	-0.582	37	3740.299	-0.469	12695.666	-0.582	97.067	779.821	227.043	97.067
rsi3<20	down1d	long	09:30	4	15	40	1696.089	-0.825	26	962.717	-0.521	3265.708	-0.825	96.999	102.987	98.874	96.999
rsi3>85	>sma20d	short	15:55	2	2	60	1695.919	-0.248	43	1302.894	-0.357	4419.206	-0.357	96.988	181.496	122.179	96.988
kelt20<-1.0	>sma50d	long	12:00	4	4	46	1695.648	-0.445	37	2352.502	-0.480	7978.030	-0.480	96.971	433.068	175.861	96.971
bb20<-1.5sd	down5d	long	12:00	2	15	33	2043.184	-0.401	21	936.257	-0.404	3825.893	-0.404	118.448	96.965	110.749	96.965
roc78<-3%	>sma10d	long	12:00	3	10	28	1695.534	-0.597	14	1438.322	-0.329	4877.448	-0.597	96.963	213.244	130.357	96.963
bb20<-1.5sd	>sma100d	long	12:00	5	3	29	1695.520	-0.437	34	2977.065	-0.705	10095.345	-0.705	96.962	587.520	200.705	96.962
macd5/18/4<-0.1%	none	long	09:30	3	0	80	1695.217	-0.722	58	1067.060	-0.833	3617.798	-0.833	96.943	126.862	106.475	96.943
macd5/18/4<-0.1%	>sma50d	long	09:30	5	0	28	1695.217	-0.511	35	1799.163	-0.719	6099.942	-0.719	96.943	298.964	150.026	96.943
macd5/18/4<-0.1%	>sma50d	long	09:30	5	10	28	1695.217	-0.511	35	2707.965	-0.627	9181.173	-0.627	96.943	520.616	190.428	96.943
macd5/18/4<-0.1%	>sma50d	long	09:30	5	15	28	1695.217	-0.511	35	1799.163	-0.719	6099.942	-0.719	96.943	298.964	150.026	96.943
kelt40<-1.5	down3d	long	15:55	1	0	57	1695.152	-0.253	36	1595.224	-0.210	5408.296	-0.253	96.939	250.326	139.242	96.939
bb40<-1.0sd	none	long	15:55	1	10	106	1694.694	-0.337	78	1950.547	-0.351	6611.158	-0.351	96.909	335.360	157.508	96.909
bb20<-1.5sd	down5d	long	12:00	5	8	33	1973.128	-0.662	21	935.996	-0.649	3693.680	-0.738	114.258	96.905	108.051	96.905
bb40<-1.5sd	<sma100d	long	09:30	4	10	34	2844.349	-0.405	16	935.954	-0.442	5324.359	-0.442	162.483	96.896	137.875	96.896
bb40<-1.5sd	<sma100d	long	09:30	4	0	34	2488.029	-0.480	16	935.954	-0.442	4657.361	-0.480	143.688	96.896	126.493	96.896
bb40<-1.5sd	<sma100d	long	09:30	4	15	34	1897.200	-0.603	16	935.954	-0.442	3551.384	-0.603	109.642	96.896	105.078	96.896
bb20<-1.0sd	<sma20d	long	09:30	3	0	50	1694.148	-0.644	37	1340.112	-0.540	4540.697	-0.644	96.874	190.196	124.398	96.874
bb10>+1.5sd	up5d	short	15:55	5	3	57	1694.064	-0.652	41	956.852	-0.814	3241.936	-0.814	96.868	101.651	98.342	96.868
roc40<-2%	>sma10d	long	10:30	3	4	35	1693.498	-0.501	16	990.121	-0.401	3353.535	-0.501	96.832	109.238	100.817	96.832
kelt40<-1.5	down3d	long	12:00	2	0	57	1692.650	-0.438	36	1926.868	-0.514	6523.026	-0.514	96.777	329.652	156.245	96.777
bb20<-1.0sd	<sma10d	long	09:30	3	0	51	1691.719	-0.669	34	1670.772	-0.540	5652.951	-0.669	96.717	268.289	143.152	96.717
macd8/18/4<-0.0%	down3d	long	15:55	3	15	99	1691.572	-0.818	53	2882.884	-0.720	9753.210	-0.818	96.708	564.046	196.931	96.708
roc156<-3%	>sma10d	long	15:55	5	4	30	1690.414	-0.849	15	1146.181	-0.543	3875.042	-0.849	96.633	145.092	111.737	96.633
rsi14<35	none	long	09:30	2	0	73	1689.805	-0.322	44	1036.445	-0.363	3502.779	-0.363	96.593	119.836	104.046	96.593
roc6>+1%	>sma100d	short	12:00	5	2	28	1689.741	-0.324	48	1245.956	-0.687	4210.688	-0.687	96.589	168.227	118.280	96.589
macd12/26/9<-0.0%	down5d	long	12:00	3	3	94	2374.460	-0.723	44	934.358	-0.644	4437.192	-0.723	137.450	96.533	122.510	96.533
rsi3<30	>sma50d	long	09:30	3	10	60	1688.806	-0.343	45	1201.721	-0.577	4058.947	-0.577	96.529	157.951	115.364	96.529
rsi3>90	>sma50d	short	12:00	5	2	42	1688.793	-0.492	33	4126.942	-0.545	13939.106	-0.545	96.528	878.499	238.432	96.528
bb20<-1.5sd	down3d	long	15:55	3	5	43	1688.428	-0.615	22	2108.331	-0.329	7119.529	-0.615	96.505	373.538	164.592	96.505
roc20<-2%	none	long	15:55	3	10	43	1688.122	-0.628	38	1695.926	-0.525	5725.860	-0.628	96.485	274.284	144.296	96.485
bb10>+1.5sd	up5d	short	15:55	4	2	57	1687.153	-0.448	41	1629.578	-0.646	5498.695	-0.646	96.422	258.486	140.700	96.422
bb20<-1.5sd	>sma100d	long	10:30	4	3	29	1686.835	-0.311	34	2970.770	-0.533	10022.396	-0.533	96.402	585.949	199.907	96.402
kelt40<-1.5	<sma20d	long	15:55	2	0	41	1686.650	-0.502	33	3844.062	-0.598	12967.176	-0.598	96.390	806.226	229.588	96.390
roc10>+1%	>sma20d	short	12:00	4	3	46	1686.511	-0.544	31	1113.777	-0.645	3756.796	-0.645	96.381	137.613	109.347	96.381
macd8/18/4<-0.0%	up1d	long	10:30	4	15	106	1685.911	-0.764	75	1956.876	-0.853	6598.237	-0.853	96.342	336.887	157.323	96.342
macd12/26/9<-0.2%	none	long	10:30	2	0	37	1685.909	-0.469	25	1182.461	-0.325	3987.041	-0.469	96.342	153.486	113.959	96.342
rsi3>75	>sma20d	short	15:55	2	2	83	1685.785	-0.398	51	955.738	-0.385	3222.338	-0.398	96.334	101.397	97.902	96.334
roc78<-3%	>sma10d	long	15:55	5	3	28	1685.649	-0.666	14	2082.781	-0.306	7021.673	-0.666	96.325	367.339	163.254	96.325
roc20<-2%	<sma50d	long	15:55	2	0	25	1685.048	-0.385	22	1881.782	-0.399	6341.788	-0.399	96.286	318.798	153.613	96.286
bb40<-1.5sd	down5d	long	10:30	3	10	34	1708.217	-0.549	27	933.093	-0.560	3187.853	-0.560	97.780	96.246	97.123	96.246
bb40<-1.0sd	>sma50d	long	12:00	4	3	50	1684.112	-0.343	42	3633.145	-0.507	12237.244	-0.507	96.226	752.615	222.667	96.226
kelt40<-2.0	down3d	long	12:00	3	10	40	1683.163	-0.523	26	2894.417	-0.496	9743.553	-0.523	96.164	566.918	196.823	96.164
macd5/18/4>+0.1%	>sma20d	short	15:55	2	2	60	1682.367	-0.222	39	989.147	-0.323	3328.215	-0.323	96.113	109.015	100.260	96.113
macd8/18/4<-0.0%	down1d	long	12:00	2	0	97	1682.205	-0.630	39	959.232	-0.573	3227.248	-0.630	96.102	102.193	98.012	96.102
macd12/26/9<-0.1%	up1d	long	10:30	4	0	41	1681.774	-0.751	37	2031.870	-0.891	6834.291	-0.891	96.074	355.007	160.658	96.074
bb40<-1.5sd	down5d	long	12:00	2	15	34	1681.729	-0.327	27	1039.142	-0.500	3495.110	-0.500	96.071	120.454	103.882	96.071
roc40<-2%	>sma10d	long	12:00	4	4	35	1680.326	-0.653	16	934.072	-0.507	3139.090	-0.653	95.981	96.468	96.013	95.981
bb20<-1.5sd	down3d	long	10:30	2	15	43	1680.066	-0.350	22	2256.568	-0.302	7582.367	-0.350	95.964	409.616	170.768	95.964
rsi5<30	down3d	long	10:30	2	15	54	1679.830	-0.474	32	1661.354	-0.340	5581.585	-0.474	95.949	266.046	142.023	95.949
kelt40<-1.0	>sma50d	long	09:30	4	10	56	1679.659	-0.488	39	24176.415	-0.451	81216.267	-0.488	95.937	6510.316	545.473	95.937
kelt40<-1.0	>sma50d	long	09:30	4	0	56	1679.659	-0.488	39	20698.893	-0.491	69534.164	-0.491	95.937	5489.075	509.775	95.937
kelt40<-1.0	>sma50d	long	09:30	4	15	56	1679.659	-0.488	39	20698.893	-0.491	69534.164	-0.491	95.937	5489.075	509.775	95.937
rsi3>90	>sma10d	short	12:00	3	2	55	1678.920	-0.442	37	1037.215	-0.400	3482.802	-0.442	95.890	120.013	103.618	95.890
rsi2<15	down3d	long	12:00	2	15	61	1678.894	-0.607	33	2634.534	-0.535	8846.207	-0.607	95.888	502.450	186.501	95.888
bb40<-1.0sd	>sma100d	long	10:30	4	3	31	1678.886	-0.270	57	2606.130	-0.647	8750.793	-0.647	95.887	495.434	185.365	95.887
bb40<-1.0sd	>sma10d	long	15:55	3	10	59	1678.768	-0.752	41	2868.382	-0.472	9630.696	-0.752	95.880	560.438	195.559	95.880
macd12/26/9<-0.0%	>sma100d	long	09:30	4	15	66	1678.689	-0.351	83	2226.303	-0.778	7474.538	-0.778	95.875	402.234	169.351	95.875
macd12/26/9<-0.0%	>sma100d	long	09:30	4	10	66	1678.689	-0.351	83	4333.668	-0.639	14549.757	-0.639	95.875	931.571	243.790	95.875
macd12/26/9<-0.0%	>sma100d	long	09:30	4	0	66	1678.689	-0.351	83	2226.303	-0.778	7474.538	-0.778	95.875	402.234	169.351	95.875
bb20<-1.5sd	<sma20d	long	09:30	3	8	34	1678.396	-0.427	22	994.603	-0.492	3338.675	-0.492	95.856	110.261	100.490	95.856
macd8/18/4<-0.0%	none	long	10:30	1	15	203	1677.880	-0.453	115	1581.846	-0.375	5308.297	-0.453	95.822	247.153	137.612	95.822
macd8/18/4<-0.0%	>sma20d	long	15:55	3	15	104	1677.875	-0.823	65	1169.503	-0.833	3924.562	-0.833	95.822	150.486	112.724	95.822
bb10<-1.0sd	down3d	long	09:30	3	0	61	1677.608	-0.734	32	1220.492	-0.452	4095.015	-0.734	95.805	162.308	116.063	95.805
bb20<-1.5sd	down3d	long	12:00	4	0	43	1677.559	-0.846	22	2462.008	-0.709	8260.326	-0.846	95.801	459.932	179.398	95.801
bb40<-1.0sd	>sma100d	long	15:55	5	3	31	1677.226	-0.421	57	3043.979	-0.738	10210.878	-0.738	95.780	604.234	201.961	95.780
bb40<-1.0sd	>sma50d	long	09:30	4	6	50	1677.182	-0.394	42	22504.847	-0.402	75489.458	-0.402	95.777	6017.835	528.411	95.777
bb40<-1.5sd	>sma100d	long	09:30	5	15	25	1677.152	-0.365	37	6909.292	-0.845	23175.865	-0.845	95.775	1607.691	307.720	95.775
bb40<-1.5sd	>sma100d	long	09:30	5	10	25	1677.152	-0.365	37	13827.081	-0.689	46380.235	-0.689	95.775	3514.075	425.704	95.775
bb40<-1.5sd	>sma100d	long	09:30	5	0	25	1677.152	-0.365	37	6909.292	-0.845	23175.865	-0.845	95.775	1607.691	307.720	95.775
rsi3>90	>sma50d	short	15:55	4	2	42	1676.718	-0.444	33	2721.806	-0.476	9127.402	-0.476	95.747	524.044	189.804	95.747
macd12/26/9<-0.2%	<sma10d	long	10:30	3	0	25	1676.598	-0.646	12	984.058	-0.362	3299.739	-0.646	95.739	107.853	99.630	95.739
roc20<-2%	<sma50d	long	15:55	4	15	25	1676.543	-0.765	22	1133.554	-0.901	3800.903	-0.901	95.736	142.176	110.244	95.736
rsi5<30	down5d	long	09:30	3	15	47	4973.102	-0.668	30	930.472	-0.452	9254.666	-0.668	257.924	95.650	191.278	95.650
rsi5<30	down5d	long	09:30	3	0	47	7463.226	-0.501	30	930.472	-0.452	13888.649	-0.501	348.387	95.650	237.983	95.650
macd8/18/4<-0.0%	>sma10d	long	10:30	3	0	113	1675.142	-0.688	67	1002.085	-0.818	3357.268	-0.818	95.645	111.971	100.898	95.645
macd8/18/4<-0.0%	>sma10d	long	10:30	3	10	113	1675.142	-0.688	67	1360.412	-0.742	4557.765	-0.742	95.645	194.949	124.706	95.645
rsi7<25	none	long	10:30	3	0	71	1674.920	-0.695	40	1395.626	-0.780	4675.123	-0.780	95.630	203.207	126.809	95.630
rsi7<25	none	long	10:30	3	15	71	1674.920	-0.695	40	1920.918	-0.698	6434.770	-0.698	95.630	328.218	154.969	95.630
rsi2>75	>sma20d	short	15:55	2	2	108	1674.544	-0.471	54	1663.724	-0.367	5571.956	-0.471	95.606	266.610	141.870	95.606
bb40>+2.0sd	>sma20d	short	12:00	4	3	27	1674.409	-0.545	21	1114.704	-0.496	3732.940	-0.545	95.597	137.827	108.859	95.597
bb10<-1.0sd	none	long	09:30	5	0	120	2180.880	-0.905	70	930.004	-0.914	4056.456	-0.914	126.501	95.544	115.316	95.544
macd8/18/4<-0.0%	down3d	long	10:30	2	15	99	1673.559	-0.633	53	1886.435	-0.482	6314.121	-0.633	95.542	319.917	153.207	95.542
roc156<-3%	>sma10d	long	15:55	4	4	30	1673.496	-0.752	15	1071.101	-0.456	3584.968	-0.752	95.538	127.790	105.787	95.538
rsi5<30	<sma100d	long	15:55	2	0	53	1673.374	-0.394	18	1326.094	-0.322	4438.103	-0.394	95.530	186.917	122.527	95.530
macd12/26/9<-0.2%	none	long	10:30	4	10	37	1673.098	-0.888	25	1562.368	-0.456	5227.990	-0.888	95.512	242.536	136.289	95.512
rsi7<25	none	long	10:30	5	15	71	1672.384	-0.884	40	1559.394	-0.921	5215.812	-0.921	95.466	241.831	136.087	95.466
bb20<-1.5sd	down5d	long	10:30	3	0	33	2101.606	-0.729	21	929.571	-0.644	3907.186	-0.729	121.893	95.445	112.379	95.445
rsi3<15	down3d	long	09:30	2	0	37	1671.572	-0.254	27	1510.644	-0.301	5050.302	-0.301	95.413	230.298	133.314	95.413
bb40<-1.0sd	>sma10d	long	15:55	5	10	59	1671.109	-0.927	41	2668.608	-0.706	8919.072	-0.927	95.383	510.874	187.363	95.383
bb40<-1.0sd	>sma50d	long	12:00	3	6	50	1670.641	-0.467	42	5423.275	-0.433	18120.695	-0.467	95.353	1214.493	272.575	95.353
macd12/26/9<-0.1%	up1d	long	10:30	3	6	41	1670.344	-0.296	37	3811.642	-0.513	12733.506	-0.513	95.333	797.969	227.400	95.333
macd12/26/9<-0.1%	down3d	long	09:30	3	0	52	3365.951	-0.594	28	929.003	-0.452	6253.955	-0.594	188.199	95.316	152.321	95.316
macd12/26/9<-0.1%	down3d	long	09:30	3	15	52	1918.301	-0.769	28	929.003	-0.452	3564.213	-0.769	110.933	95.316	105.349	95.316
rsi3<20	<sma10d	long	09:30	5	15	36	1721.480	-0.909	28	928.866	-0.866	3198.049	-0.909	98.631	95.285	97.354	95.285
rsi3<20	<sma10d	long	09:30	5	0	36	7571.768	-0.599	28	928.866	-0.866	14066.319	-0.866	351.995	95.285	239.560	95.285
kelt40<-1.5	>sma50d	long	15:55	3	10	41	1668.578	-0.453	24	1610.573	-0.517	5374.732	-0.517	95.219	253.970	138.697	95.219
roc10<-2%	down1d	long	15:55	2	10	25	2421.567	-0.212	18	928.541	-0.365	4497.047	-0.365	140.053	95.211	123.605	95.211
roc20<-2%	<sma100d	long	12:00	4	10	29	1668.342	-0.560	14	1927.024	-0.407	6429.869	-0.560	95.203	329.689	154.898	95.203
rsi3<20	down1d	long	09:30	3	15	40	1668.246	-0.672	26	984.907	-0.383	3286.134	-0.672	95.197	108.047	99.328	95.197
bb78<-1.5sd	down5d	long	15:55	1	0	29	1667.667	-0.118	16	1007.789	-0.155	3361.315	-0.155	95.160	113.275	100.987	95.160
bb78<-1.5sd	down5d	long	15:55	1	15	29	1667.667	-0.118	16	1008.586	-0.154	3363.972	-0.154	95.160	113.458	101.045	95.160
rsi2<10	down3d	long	15:55	2	10	59	1667.589	-0.578	31	1377.674	-0.542	4594.788	-0.578	95.155	198.995	125.373	95.155
rsi3<35	none	long	09:30	3	15	135	1667.475	-0.884	84	2028.009	-0.733	6763.307	-0.884	95.147	354.073	159.663	95.147
bb40<-1.0sd	down3d	long	15:55	1	10	59	1728.741	-0.273	44	928.161	-0.277	3209.099	-0.277	99.095	95.125	97.604	95.125
bb20<-1.5sd	<sma20d	long	09:30	3	10	34	2749.878	-0.365	22	927.886	-0.526	5103.144	-0.526	157.607	95.062	134.206	95.062
kelt40<-1.5	<sma10d	long	09:30	3	0	45	1665.890	-0.687	32	1798.347	-0.540	5991.698	-0.687	95.044	298.769	148.391	95.044
bb40<-1.5sd	up1d	long	10:30	4	0	31	1665.878	-0.382	27	2342.636	-0.871	7805.089	-0.871	95.043	430.653	173.655	95.043
bb40<-1.5sd	up1d	long	10:30	4	8	31	1665.878	-0.382	27	6207.739	-0.659	20682.669	-0.659	95.043	1421.109	291.069	95.043
bb40<-1.5sd	up1d	long	10:30	4	15	31	1665.878	-0.382	27	4716.317	-0.741	15713.616	-0.741	95.043	1030.340	253.620	95.043
bb40<-1.5sd	up1d	long	10:30	4	10	31	1665.878	-0.382	27	7070.867	-0.611	23558.402	-0.611	95.043	1650.885	310.172	95.043
bb20<-1.5sd	>sma100d	long	10:30	5	5	29	1664.794	-0.519	34	8488.768	-0.613	28264.105	-0.613	94.973	2033.186	338.471	94.973
rsi2<10	down3d	long	12:00	5	0	59	6885.343	-0.768	31	927.427	-0.912	12771.302	-0.912	328.770	94.958	227.756	94.958
macd12/26/9<-0.2%	<sma10d	long	10:30	4	0	25	1664.320	-0.815	12	1045.670	-0.490	3480.658	-0.815	94.942	121.951	103.573	94.942
macd12/26/9<-0.2%	none	long	09:30	4	0	37	1663.901	-0.900	25	1830.984	-0.491	6093.154	-0.900	94.915	306.595	149.924	94.915
rsi3<15	<sma100d	long	09:30	5	0	37	1663.648	-0.703	13	3864.779	-0.368	12859.267	-0.703	94.898	811.505	228.581	94.898
macd12/26/9<-0.2%	<sma10d	long	12:00	4	10	25	1663.070	-0.862	12	1187.271	-0.407	3949.029	-0.862	94.861	154.601	113.209	94.861
macd12/26/9<-0.2%	none	long	15:55	4	15	37	1661.912	-0.914	25	4059.985	-0.603	13494.674	-0.914	94.786	861.355	234.438	94.786
rsi2>70	>sma20d	short	15:55	5	2	113	1661.286	-0.820	58	2090.781	-0.804	6946.769	-0.820	94.745	369.280	162.222	94.745
bb20<-1.5sd	>sma50d	long	15:55	2	15	44	1661.091	-0.231	25	1703.380	-0.411	5658.938	-0.411	94.732	276.062	143.246	94.732
bb20<-1.5sd	>sma50d	long	15:55	2	0	44	1661.091	-0.231	25	956.990	-0.669	3179.294	-0.669	94.732	101.682	96.929	94.732
bb20<-1.5sd	>sma50d	long	15:55	2	10	44	1661.091	-0.231	25	1569.073	-0.365	5212.744	-0.365	94.732	244.124	136.036	94.732
bb40<-1.0sd	down3d	long	09:30	2	15	59	1660.815	-0.619	44	1527.820	-0.376	5074.853	-0.619	94.714	234.358	133.729	94.714
macd12/26/9<-0.0%	none	long	09:30	3	10	223	1660.794	-0.917	111	6659.566	-0.511	22120.334	-0.917	94.713	1541.091	300.816	94.713
macd8/18/4<-0.0%	none	long	12:00	1	15	203	1660.526	-0.496	115	1605.665	-0.426	5332.497	-0.496	94.695	252.805	138.008	94.695
bb40<-1.0sd	down5d	long	10:30	2	15	49	1660.074	-0.549	37	1339.984	-0.472	4448.945	-0.549	94.666	190.166	122.726	94.666
bb40<-1.0sd	none	long	09:30	2	10	106	1660.051	-0.649	78	3670.849	-0.396	12187.595	-0.649	94.664	762.180	222.186	94.664
bb20<-1.0sd	down5d	long	09:30	2	10	52	1909.773	-0.587	35	926.005	-0.359	3536.920	-0.587	110.412	94.635	104.772	94.635
bb20<-1.5sd	>sma50d	long	15:55	5	4	44	1659.478	-0.494	25	2846.506	-0.598	9447.426	-0.598	94.627	554.996	193.486	94.627
rsi7<35	>sma50d	long	12:00	5	3	52	1658.747	-0.760	37	1128.278	-0.720	3743.055	-0.760	94.580	140.958	109.066	94.580
roc40<-2%	>sma50d	long	12:00	3	15	30	1658.171	-0.616	19	3304.675	-0.380	10959.433	-0.616	94.542	669.628	209.890	94.542
rsi5<25	<sma10d	long	09:30	4	2	41	1668.175	-0.481	24	925.549	-0.398	3087.954	-0.481	95.193	94.531	94.837	94.531
rsi3<15	<sma10d	long	09:30	3	15	32	1657.881	-0.569	23	1921.502	-0.602	6371.244	-0.602	94.523	328.359	154.044	94.523
rsi3<15	<sma10d	long	09:30	3	10	32	1657.881	-0.569	23	2335.086	-0.517	7742.592	-0.569	94.523	428.805	172.850	94.523
rsi14<35	down5d	long	09:30	3	15	37	4849.315	-0.487	23	925.377	-0.498	8974.888	-0.498	252.951	94.492	188.020	94.492
rsi14<35	down5d	long	09:30	3	10	37	6164.716	-0.348	23	925.377	-0.498	11409.372	-0.498	303.249	94.492	214.491	94.492
rsi14<35	down5d	long	09:30	3	0	37	5669.859	-0.401	23	925.377	-0.498	10493.512	-0.498	284.947	94.492	204.997	94.492
rsi3<25	down1d	long	09:30	4	0	50	2058.898	-0.868	28	925.339	-0.561	3810.355	-0.868	119.379	94.484	110.435	94.484
bb20<-1.5sd	>sma50d	long	12:00	3	6	44	1657.154	-0.425	25	3513.578	-0.393	11645.081	-0.425	94.476	722.334	216.856	94.476
kelt40<-2.0	down3d	long	15:55	1	10	40	1656.744	-0.184	26	1094.398	-0.183	3626.275	-0.184	94.449	133.149	106.652	94.449
rsi2>85	>sma10d	short	15:55	3	2	100	1656.648	-0.644	48	1380.113	-0.453	4572.721	-0.644	94.443	199.567	124.976	94.443
roc10<-2%	none	long	10:30	4	15	34	3145.574	-0.616	30	925.105	-0.726	5819.975	-0.726	177.567	94.431	145.759	94.431
roc40<-3%	down1d	long	15:55	2	0	37	1656.276	-0.605	18	1263.887	-0.420	4186.693	-0.605	94.419	172.400	117.823	94.419
rsi5>85	up5d	short	15:55	4	6	38	1656.074	-0.521	33	1151.366	-0.598	3813.495	-0.598	94.405	146.291	110.499	94.405
kelt10>+1.0	up3d	short	15:55	3	2	56	1715.161	-0.491	40	924.972	-0.450	3172.951	-0.491	98.226	94.400	96.785	94.400
bb20<-1.0sd	>sma50d	long	10:30	5	10	55	1655.882	-0.739	46	1416.019	-0.834	4689.519	-0.834	94.393	207.998	127.065	94.393
rsi3>90	>sma20d	short	15:55	2	5	54	1655.853	-0.341	38	989.441	-0.451	3276.739	-0.451	94.391	109.083	99.119	94.391
bb20<-1.5sd	down5d	long	10:30	2	0	33	1655.764	-0.517	21	929.626	-0.431	3078.483	-0.517	94.385	95.458	94.618	94.385
rsi3<15	down1d	long	10:30	2	0	35	1896.856	-0.222	22	924.855	-0.417	3508.633	-0.417	109.620	94.374	104.170	94.374
macd12/26/9<-0.0%	<sma20d	long	09:30	4	0	93	1655.570	-0.956	46	1601.960	-0.759	5304.312	-0.956	94.373	251.925	137.547	94.373
macd8/18/4<-0.0%	<sma50d	long	10:30	3	0	98	1655.451	-0.883	47	1038.887	-0.805	3439.653	-0.883	94.365	120.396	102.691	94.365
kelt10>+1.0	up3d	short	15:55	4	2	56	2058.314	-0.598	40	924.583	-0.555	3806.163	-0.598	119.344	94.312	110.350	94.312
bb20<-1.0sd	none	long	09:30	5	0	118	1676.501	-0.942	82	924.417	-0.947	3099.571	-0.947	95.733	94.274	95.106	94.274
macd5/18/4<-0.0%	down5d	long	09:30	2	8	85	1660.556	-0.657	53	924.232	-0.483	3069.476	-0.717	94.697	94.232	94.410	94.232
bb20<-1.5sd	none	long	10:30	4	15	84	1652.876	-0.821	46	18301.763	-0.742	60501.098	-0.821	94.197	4793.011	479.468	94.197
rsi5<35	none	long	09:30	2	0	125	1652.813	-0.469	72	2771.541	-0.309	9161.676	-0.469	94.193	536.376	190.202	94.193
rsi7<35	none	long	10:30	2	0	114	1652.455	-0.616	67	938.495	-0.722	3101.643	-0.722	94.169	97.474	95.153	94.169
rsi3<15	none	long	10:30	3	0	71	1652.356	-0.512	53	1199.328	-0.940	3963.435	-0.940	94.163	157.396	113.494	94.163
rsi3>75	>sma20d	short	12:00	3	2	83	1652.147	-0.581	51	1402.552	-0.423	4634.442	-0.581	94.149	204.834	126.084	94.149
macd8/18/4<-0.0%	>sma10d	long	12:00	2	3	113	1652.063	-0.416	67	1486.297	-0.341	4910.913	-0.416	94.144	224.549	130.934	94.144
bb10>+1.5sd	up5d	short	15:55	4	3	57	1651.755	-0.551	41	1039.343	-0.733	3433.481	-0.733	94.124	120.501	102.557	94.124
rsi3<20	<sma100d	long	10:30	4	0	44	1651.623	-0.438	14	4881.659	-0.249	16125.319	-0.438	94.115	1073.222	256.986	94.115
macd8/18/4<-0.0%	down3d	long	09:30	3	15	99	1651.194	-0.871	53	3695.844	-0.452	12205.112	-0.871	94.087	768.526	222.356	94.087
bb40>+2.0sd	>sma20d	short	15:55	4	3	27	2918.680	-0.587	21	923.386	-0.526	5390.136	-0.587	166.269	94.040	138.948	94.040
rsi7<35	>sma100d	long	12:00	5	2	33	1650.343	-0.376	51	1022.994	-0.851	3376.582	-0.851	94.032	116.755	101.321	94.032
rsi3<30	down5d	long	09:30	3	10	53	1935.828	-0.770	35	923.227	-0.534	3574.417	-0.770	112.000	94.004	105.565	94.004
bb10>+1.5sd	up3d	short	15:55	4	2	55	2570.629	-0.386	36	923.214	-0.555	4746.483	-0.555	148.147	94.001	128.071	94.001
kelt20<-1.5	down3d	long	09:30	2	15	39	1649.837	-0.425	21	980.497	-0.301	3235.322	-0.425	93.999	107.041	98.194	93.999
roc10<-2%	down3d	long	12:00	3	6	26	1649.699	-0.546	19	1199.373	-0.459	3957.210	-0.631	93.990	157.406	113.371	93.990
bb10<-1.0sd	down3d	long	09:30	5	0	61	1669.202	-0.927	32	923.102	-0.754	3081.687	-0.936	95.259	93.976	94.693	93.976
macd12/26/9<-0.2%	<sma10d	long	12:00	3	10	25	1649.418	-0.722	12	1107.909	-0.305	3654.808	-0.722	93.971	136.261	107.246	93.971
roc10<-1%	down5d	long	12:00	2	0	46	1649.073	-0.499	31	1006.603	-0.574	3319.926	-0.574	93.949	113.004	100.077	93.949
kelt20<-1.5	down5d	long	15:55	2	15	33	1649.002	-0.371	21	942.647	-0.540	3108.853	-0.540	93.944	98.418	95.320	93.944
rsi3<20	down5d	long	09:30	2	15	39	1940.157	-0.484	29	922.770	-0.301	3580.638	-0.484	112.263	93.900	105.696	93.900
rsi3<20	down5d	long	09:30	2	0	39	2410.416	-0.359	29	922.770	-0.301	4448.519	-0.359	139.439	93.900	122.718	93.900
rsi14<35	<sma20d	long	10:30	5	10	36	1648.258	-0.702	22	3056.528	-0.622	10075.891	-0.702	93.896	607.372	200.493	93.896
rsi5<30	<sma20d	long	15:55	2	0	44	1732.097	-0.582	31	922.537	-0.614	3195.847	-0.614	99.310	93.847	97.304	93.847
macd12/26/9<-0.0%	down3d	long	15:55	2	10	100	1647.458	-0.788	53	1387.015	-0.479	4570.097	-0.788	93.843	201.186	124.929	93.843
rsi2<10	>sma100d	long	10:30	3	15	37	1774.325	-0.378	50	922.500	-0.826	3273.630	-0.826	101.992	93.839	99.050	93.839
macd8/18/4<-0.0%	up1d	long	10:30	5	10	106	1647.122	-0.829	75	4246.871	-0.812	13990.227	-0.829	93.821	909.263	238.886	93.821
macd12/26/9<-0.0%	down5d	long	15:55	2	15	94	1646.903	-0.843	44	2341.005	-0.575	7710.818	-0.843	93.807	430.253	172.440	93.807
rsi5<30	<sma20d	long	10:30	2	0	44	1646.765	-0.244	31	1218.748	-0.506	4013.985	-0.506	93.798	161.903	114.487	93.798
macd12/26/9<-0.1%	up1d	long	09:30	4	6	41	1645.824	-0.542	37	5291.956	-0.633	17419.252	-0.633	93.737	1180.131	267.225	93.737
roc20<-2%	<sma100d	long	12:00	5	10	29	1645.494	-0.674	14	2118.966	-0.509	6973.493	-0.674	93.715	376.119	162.591	93.715
rsi5<20	>sma50d	long	09:30	5	5	27	1644.967	-0.381	24	3748.974	-0.291	12333.877	-0.381	93.681	782.026	223.598	93.681
bb20<-1.5sd	down3d	long	10:30	5	4	43	1644.520	-0.760	22	1667.992	-0.506	5486.095	-0.760	93.651	267.627	140.497	93.651
roc20<-1%	down3d	long	09:30	3	15	64	1644.482	-0.785	44	2479.440	-0.728	8154.790	-0.785	93.649	464.217	178.085	93.649
macd12/26/9<-0.0%	down3d	long	09:30	3	15	100	1644.463	-0.882	53	1418.628	-0.454	4665.761	-0.882	93.648	208.611	126.642	93.648
macd12/26/9<-0.1%	down3d	long	12:00	3	10	52	1644.164	-0.773	28	1571.362	-0.501	5167.154	-0.773	93.628	244.667	135.278	93.628
macd12/26/9<-0.0%	none	long	09:30	4	0	223	1643.892	-0.965	111	2402.194	-0.778	7897.895	-0.965	93.610	445.246	174.843	93.610
rsi3<20	down3d	long	12:00	3	15	42	1643.193	-0.662	30	1641.391	-0.707	5394.244	-0.707	93.565	261.295	139.014	93.565
bb40<-1.0sd	>sma50d	long	10:30	3	4	50	1642.884	-0.279	42	2534.959	-0.460	8329.288	-0.460	93.544	477.882	180.250	93.544
bb40>+2.0sd	up1d	short	15:55	3	2	26	1642.873	-0.487	17	924.073	-0.313	3036.269	-0.489	93.544	94.196	93.636	93.544
kelt40<-2.0	>sma50d	long	12:00	5	10	32	1642.687	-0.571	18	960.070	-0.770	3154.190	-0.770	93.531	102.384	96.358	93.531
bb40<-1.5sd	>sma50d	long	10:30	3	0	39	1642.291	-0.340	26	5458.705	-0.343	17929.558	-0.343	93.506	1223.775	271.130	93.506
bb40<-1.5sd	>sma50d	long	10:30	3	10	39	1642.291	-0.340	26	5458.705	-0.343	17929.558	-0.343	93.506	1223.775	271.130	93.506
bb40<-1.5sd	>sma50d	long	10:30	3	15	39	1642.291	-0.340	26	5458.705	-0.343	17929.558	-0.343	93.506	1223.775	271.130	93.506
bb40<-1.5sd	>sma10d	long	15:55	4	0	43	1641.542	-0.793	27	8443.223	-0.391	27719.804	-0.793	93.457	2020.821	335.358	93.457
bb40<-1.5sd	>sma10d	long	15:55	4	15	43	1641.542	-0.793	27	8443.223	-0.391	27719.804	-0.793	93.457	2020.821	335.358	93.457
bb20<-1.5sd	down3d	long	15:55	4	6	43	1641.494	-0.714	22	4471.980	-0.453	14681.452	-0.714	93.453	967.194	244.927	93.453
bb40<-1.0sd	none	long	12:00	2	15	106	1641.381	-0.578	78	3419.622	-0.610	11225.803	-0.610	93.446	698.597	212.628	93.446
bb10>+1.5sd	>sma20d	short	15:55	2	2	56	2262.920	-0.192	38	920.757	-0.317	4167.197	-0.317	131.192	93.443	117.451	93.443
macd12/26/9<-0.2%	<sma50d	long	12:00	3	10	28	1641.016	-0.739	13	1439.988	-0.305	4726.087	-0.739	93.422	213.636	127.712	93.422
rsi3>85	>sma20d	short	12:00	5	4	60	1640.881	-0.615	43	987.028	-0.786	3239.191	-0.786	93.413	108.532	98.280	93.413
macd8/18/4<-0.0%	<sma100d	long	10:30	2	0	103	1640.485	-0.699	30	1102.024	-0.504	3615.706	-0.699	93.387	134.905	106.431	93.387
rsi14<35	down5d	long	10:30	3	0	37	1640.320	-0.655	23	1514.088	-0.454	4967.177	-0.655	93.377	231.112	131.900	93.377
macd12/26/9<-0.2%	<sma10d	long	09:30	4	0	25	1639.608	-0.829	12	925.383	-0.308	3034.531	-0.829	93.330	94.494	93.596	93.330
kelt40<-1.0	>sma50d	long	12:00	3	0	56	1639.361	-0.496	39	1794.056	-0.643	5882.212	-0.643	93.314	297.741	146.719	93.314
kelt40<-1.0	>sma50d	long	12:00	3	15	56	1639.361	-0.496	39	2265.087	-0.576	7426.592	-0.576	93.314	411.696	168.717	93.314
kelt40<-1.0	>sma50d	long	12:00	3	10	56	1639.361	-0.496	39	2878.978	-0.517	9439.370	-0.517	93.314	563.074	193.394	93.314
bb40<-1.0sd	>sma100d	long	10:30	5	2	31	1639.323	-0.341	57	3806.775	-0.823	12481.067	-0.823	93.311	796.730	225.007	93.311
kelt20<-1.5	down3d	long	12:00	2	10	39	1639.202	-0.273	21	1861.905	-0.349	6104.076	-0.349	93.303	314.020	150.088	93.303
rsi5<30	down3d	long	15:55	4	0	54	6930.640	-0.884	32	920.090	-0.782	12753.629	-0.884	330.333	93.292	227.589	93.292
macd5/18/4<-0.0%	down3d	long	15:55	2	10	95	1638.958	-0.589	54	1299.809	-0.618	4260.666	-0.618	93.288	180.776	119.225	93.288
macd12/26/9<-0.2%	<sma50d	long	12:00	4	10	28	1638.941	-0.872	13	1815.733	-0.407	5951.758	-0.872	93.286	302.937	147.784	93.286
macd8/18/4<-0.0%	<sma20d	long	09:30	2	8	91	1638.718	-0.620	50	1928.599	-0.308	6320.859	-0.620	93.272	330.069	153.306	93.272
macd8/18/4<-0.0%	>sma10d	long	10:30	4	10	113	1638.596	-0.808	67	1199.969	-0.856	3932.529	-0.856	93.264	157.544	112.882	93.264
bb40<-1.5sd	>sma10d	long	15:55	5	15	43	1638.334	-0.874	27	14439.402	-0.481	47313.138	-0.874	93.247	3687.329	429.554	93.247
bb40<-1.5sd	>sma10d	long	15:55	5	0	43	1638.334	-0.874	27	14439.402	-0.481	47313.138	-0.874	93.247	3687.329	429.554	93.247
macd8/18/4<-0.0%	down5d	long	15:55	3	15	92	1638.324	-0.915	50	1574.536	-0.844	5159.197	-0.915	93.246	245.419	135.145	93.246
roc20<-1%	none	long	09:30	2	0	102	1638.226	-0.478	67	1541.220	-0.546	5049.731	-0.546	93.240	237.528	133.305	93.240
rsi3<20	none	long	09:30	3	10	81	1638.174	-0.656	63	1329.866	-0.669	4357.106	-0.669	93.236	187.799	121.030	93.236
kelt20<-1.5	down3d	long	12:00	2	15	39	1638.172	-0.322	21	1493.093	-0.404	4891.884	-0.404	93.236	226.153	130.606	93.236
bb20>+2.0sd	>sma20d	short	15:55	3	2	37	2055.222	-0.412	22	919.359	-0.379	3778.974	-0.412	119.161	93.126	109.799	93.126
macd8/18/4<-0.0%	<sma20d	long	09:30	5	2	91	1636.419	-0.600	50	1776.397	-0.758	5813.861	-0.758	93.121	293.512	145.665	93.121
roc10<-1%	down5d	long	15:55	3	15	46	1636.399	-0.762	31	2159.870	-0.777	7068.818	-0.777	93.120	386.059	163.900	93.120
bb40<-1.5sd	down3d	long	09:30	5	15	39	1636.147	-0.839	30	4976.988	-0.819	16286.168	-0.839	93.103	1097.999	258.287	93.103
kelt20<-1.0	>sma50d	long	12:00	5	6	46	1635.877	-0.626	37	11348.163	-0.671	37128.398	-0.671	93.086	2819.271	384.554	93.086
bb20<-1.5sd	down5d	long	15:55	3	8	33	1635.814	-0.429	21	1074.531	-0.464	3515.468	-0.464	93.082	128.579	104.316	93.082
bb78<-1.5sd	none	long	15:55	2	10	53	1635.075	-0.601	30	1570.881	-0.429	5137.017	-0.601	93.033	244.553	134.774	93.033
kelt40<-1.5	<sma20d	long	09:30	3	0	41	1634.461	-0.625	33	1648.500	-0.540	5388.817	-0.625	92.993	262.986	138.926	92.993
kelt20<-1.0	>sma50d	long	10:30	3	15	46	1634.310	-0.345	37	2461.097	-0.571	8044.392	-0.571	92.983	459.708	176.700	92.983
kelt20<-1.0	>sma50d	long	10:30	3	0	46	1634.310	-0.345	37	2303.622	-0.598	7529.666	-0.598	92.983	421.109	170.077	92.983
kelt20<-1.0	>sma50d	long	10:30	3	10	46	1634.310	-0.345	37	2538.177	-0.607	8296.337	-0.607	92.983	478.675	179.843	92.983
rsi5<35	<sma20d	long	09:30	2	15	50	1633.298	-0.440	36	1403.929	-0.301	4586.070	-0.440	92.917	205.157	125.217	92.917
rsi5<35	<sma20d	long	09:30	2	10	50	1633.298	-0.440	36	1602.307	-0.236	5234.091	-0.440	92.917	252.008	136.390	92.917
rsi2>90	>sma10d	short	12:00	4	2	97	1633.213	-0.788	43	933.654	-0.451	3049.712	-0.788	92.911	96.373	93.950	92.911
bb20<-1.0sd	down5d	long	09:30	4	8	52	1633.017	-0.880	35	1019.859	-0.669	3330.893	-0.904	92.898	116.037	100.319	92.898
rsi7<20	none	long	09:30	4	10	40	1632.969	-0.610	27	989.834	-0.573	3232.736	-0.610	92.895	109.172	98.136	92.895
rsi2<15	<sma10d	long	09:30	5	0	49	1632.740	-0.938	31	938.605	-0.866	3064.997	-0.938	92.880	97.499	94.306	92.880
kelt40<-3.0	none	long	09:30	3	10	34	1632.492	-0.329	20	1256.562	-0.407	4102.655	-0.407	92.864	170.695	116.211	92.864
kelt40<-3.0	none	long	09:30	3	0	34	1632.492	-0.329	20	1256.562	-0.407	4102.655	-0.407	92.864	170.695	116.211	92.864
kelt40<-3.0	none	long	09:30	3	15	34	1632.492	-0.329	20	1256.562	-0.407	4102.655	-0.407	92.864	170.695	116.211	92.864
bb20<-1.5sd	>sma50d	long	15:55	5	2	44	1632.097	-0.464	25	4617.486	-0.355	15072.366	-0.464	92.838	1004.766	248.263	92.838
rsi3>90	>sma20d	short	15:55	5	5	54	3133.258	-0.681	38	918.001	-0.803	5752.670	-0.803	176.963	92.818	144.714	92.818
bb40<-1.0sd	down3d	long	10:30	4	10	59	1631.712	-0.827	44	2668.928	-0.770	8709.843	-0.827	92.813	510.953	184.875	92.813
rsi14<35	<sma20d	long	12:00	4	4	36	1631.670	-0.508	22	1246.258	-0.496	4066.963	-0.508	92.810	168.297	115.520	92.810
roc40<-2%	>sma50d	long	10:30	5	10	30	1631.407	-0.832	19	1762.198	-0.690	5749.724	-0.832	92.793	290.114	144.668	92.793
kelt20>+2.0	up3d	short	15:55	3	2	25	2305.436	-0.202	26	917.806	-0.313	4231.887	-0.313	133.593	92.773	118.682	92.773
rsi14<35	<sma20d	long	09:30	2	15	36	1630.921	-0.302	22	965.484	-0.341	3149.256	-0.341	92.761	103.617	96.246	92.761
kelt40<-1.5	down5d	long	15:55	1	0	46	1630.549	-0.235	31	1237.079	-0.295	4034.237	-0.295	92.736	166.162	114.883	92.736
macd12/26/9<-0.0%	down5d	long	10:30	2	6	94	1629.639	-0.649	44	1019.048	-0.410	3321.359	-0.649	92.677	115.851	100.109	92.677
macd8/18/4<-0.0%	<sma20d	long	15:55	2	10	91	1659.493	-0.673	50	917.207	-0.523	3044.196	-0.673	94.628	92.637	93.821	92.637
rsi3<20	down5d	long	09:30	4	15	39	3827.198	-0.821	29	917.159	-0.603	7020.300	-0.821	209.493	92.627	163.235	92.627
rsi3<20	down5d	long	09:30	4	0	39	7929.965	-0.629	29	917.159	-0.603	14546.080	-0.629	363.742	92.627	243.758	92.627
kelt20>+2.0	up3d	short	15:55	5	2	25	4760.345	-0.320	26	917.150	-0.477	8731.896	-0.477	249.342	92.624	185.139	92.624
bb40>+2.0sd	up5d	short	15:55	3	2	25	1628.727	-0.451	21	1228.842	-0.313	4002.897	-0.451	92.617	164.248	114.270	92.617
bb40<-1.0sd	none	long	12:00	3	15	106	1628.716	-0.772	78	3891.789	-0.786	12677.239	-0.786	92.616	818.390	226.869	92.616
roc20<-2%	<sma100d	long	10:30	5	10	29	1628.623	-0.756	14	1244.795	-0.509	4054.602	-0.756	92.610	167.956	115.280	92.610
macd8/18/4<-0.0%	up3d	long	12:00	3	3	102	1628.607	-0.564	62	1319.763	-0.536	4298.752	-0.564	92.609	185.437	119.941	92.609
rsi3<20	down3d	long	09:30	5	15	42	1628.473	-0.914	30	2102.772	-0.754	6848.612	-0.914	92.600	372.189	160.858	92.600
rsi5<30	<sma20d	long	09:30	5	15	44	2451.943	-0.913	31	917.042	-0.783	4497.071	-0.913	141.720	92.600	123.605	92.600
rsi5<30	<sma20d	long	09:30	5	0	44	10784.644	-0.617	31	917.042	-0.783	19779.946	-0.783	450.048	92.600	284.727	92.600
kelt20>+2.0	up5d	short	15:55	5	2	27	1740.207	-0.483	26	916.994	-0.532	3191.517	-0.532	99.827	92.589	97.206	92.589
kelt20<-1.0	down3d	long	09:30	4	0	54	2445.348	-0.838	40	916.981	-0.688	4484.678	-0.838	141.359	92.586	123.379	92.586
rsi5<25	<sma20d	long	09:30	4	2	37	1627.315	-0.372	27	1033.544	-0.579	3363.804	-0.579	92.524	119.171	101.042	92.524
bb40<-1.5sd	<sma100d	long	12:00	3	10	34	1627.006	-0.405	16	1688.814	-0.305	5495.419	-0.405	92.504	272.588	140.647	92.504
rsi3<35	down1d	long	09:30	3	0	67	1626.947	-0.756	36	1270.094	-0.407	4132.753	-0.756	92.500	173.846	116.791	92.500
bb40<-1.0sd	>sma50d	long	10:30	4	5	50	1626.926	-0.453	42	3417.863	-0.501	11121.222	-0.501	92.499	698.153	211.558	92.499
bb20<-1.5sd	none	long	10:30	2	10	84	1626.752	-0.387	46	4876.769	-0.437	15866.588	-0.437	92.487	1071.952	254.877	92.487
rsi7<35	down3d	long	09:30	4	10	58	2228.615	-0.833	30	916.533	-0.503	4085.197	-0.833	129.240	92.485	115.874	92.485
bb40<-1.5sd	down5d	long	15:55	5	10	34	1626.692	-0.802	27	1042.979	-0.819	3393.212	-0.819	92.483	121.334	101.684	92.483
rsi7<25	none	long	12:00	3	0	71	1626.654	-0.623	40	1045.930	-0.839	3402.734	-0.839	92.481	122.011	101.891	92.481
rsi7<25	none	long	12:00	3	15	71	1626.654	-0.623	40	1206.361	-0.814	3924.665	-0.814	92.481	159.027	112.726	92.481
bb40<-1.0sd	<sma10d	long	15:55	2	0	45	1626.507	-0.539	37	2441.313	-0.598	7941.626	-0.598	92.471	454.847	175.399	92.471
macd5/18/4<-0.0%	<sma20d	long	09:30	3	8	81	1626.103	-0.836	52	2130.754	-0.502	6929.652	-0.836	92.445	378.982	161.985	92.445
kelt40<-2.0	down3d	long	12:00	3	15	40	1626.096	-0.660	26	1946.622	-0.569	6330.791	-0.660	92.444	334.414	153.452	92.444
rsi5<15	down3d	long	09:30	4	10	26	1626.055	-0.761	15	988.011	-0.405	3213.120	-0.761	92.441	108.756	97.694	92.441
bb20<-1.0sd	>sma50d	long	10:30	4	10	55	1625.956	-0.637	46	1863.215	-0.736	6059.011	-0.736	92.435	314.335	149.410	92.435
bb20<-1.0sd	>sma50d	long	10:30	4	0	55	1625.956	-0.637	46	1127.932	-0.866	3667.935	-0.866	92.435	140.878	107.519	92.435
bb20<-1.0sd	>sma50d	long	10:30	4	15	55	1625.956	-0.637	46	1278.491	-0.848	4157.540	-0.848	92.435	175.803	117.266	92.435
roc10<-2%	none	long	09:30	5	8	34	1625.122	-0.838	30	2169.613	-0.552	7051.770	-0.838	92.380	388.429	163.667	92.380
roc10<-2%	down3d	long	10:30	2	0	26	1624.917	-0.437	19	1056.060	-0.402	3432.021	-0.437	92.367	124.335	102.526	92.367
rsi5<15	down3d	long	15:55	4	0	26	3263.023	-0.645	15	915.999	-0.730	5977.852	-0.730	183.273	92.363	148.181	92.363
rsi2<15	down3d	long	15:55	2	15	61	1624.576	-0.573	33	2611.440	-0.530	8484.967	-0.573	92.344	496.745	182.158	92.344
rsi7<25	none	long	09:30	2	15	71	1624.549	-0.395	40	1173.906	-0.403	3814.134	-0.403	92.342	151.505	110.512	92.342
rsi7<25	none	long	09:30	2	10	71	1624.549	-0.395	40	1339.781	-0.318	4353.079	-0.395	92.342	190.118	120.955	92.342
rsi7<25	none	long	09:30	2	0	71	1624.549	-0.395	40	1173.906	-0.403	3814.134	-0.403	92.342	151.505	110.512	92.342
rsi3<20	none	long	09:30	2	0	81	2168.506	-0.345	63	915.831	-0.591	3971.969	-0.591	125.787	92.325	113.662	92.325
rsi3<20	none	long	09:30	2	15	81	1745.442	-0.473	63	915.831	-0.591	3197.060	-0.591	100.161	92.325	97.332	92.325
bb40<-1.5sd	down5d	long	10:30	4	15	34	1623.878	-0.603	27	1141.514	-0.742	3707.360	-0.742	92.298	144.014	108.333	92.298
macd5/18/4<-0.0%	up1d	long	10:30	3	15	104	1623.730	-0.634	75	1065.708	-0.676	3460.844	-0.676	92.289	126.551	103.147	92.289
bb40<-1.0sd	<sma100d	long	15:55	4	10	51	1623.721	-0.913	21	1113.648	-0.620	3616.506	-0.913	92.288	137.583	106.448	92.288
macd8/18/4<-0.0%	>sma50d	long	12:00	2	0	85	2064.027	-0.380	68	915.600	-0.632	3779.646	-0.632	119.682	92.273	109.812	92.273
macd8/18/4<-0.0%	none	long	10:30	4	15	203	1623.413	-0.969	115	1165.345	-0.960	3783.674	-0.969	92.268	149.524	109.894	92.268
bb20<-1.5sd	>sma20d	long	12:00	5	10	50	1623.056	-0.617	24	1833.123	-0.784	5950.523	-0.784	92.244	307.108	147.765	92.244
macd8/18/4<-0.0%	none	long	12:00	1	0	203	1622.193	-0.507	115	1665.969	-0.422	5405.047	-0.507	92.188	267.145	139.190	92.188
bb40<-1.5sd	none	long	09:30	2	15	76	1621.833	-0.343	53	3524.207	-0.376	11431.352	-0.376	92.164	725.022	214.713	92.164
macd8/18/4<-0.0%	<sma20d	long	09:30	2	15	91	1621.370	-0.744	50	1542.776	-0.342	5002.822	-0.744	92.133	237.896	132.508	92.133
rsi5<35	down5d	long	09:30	3	8	54	1621.343	-0.670	36	1733.268	-0.353	5620.443	-0.670	92.132	283.198	142.639	92.132
rsi3<15	down3d	long	15:55	2	0	37	1621.332	-0.389	27	1466.236	-0.443	4754.512	-0.443	92.131	219.818	128.212	92.131
macd8/18/4<-0.0%	none	long	12:00	1	10	203	1621.181	-0.435	115	1498.332	-0.352	4858.135	-0.435	92.121	227.390	130.022	92.121
macd8/18/4<-0.0%	>sma100d	long	15:55	3	15	56	1644.549	-0.521	85	914.767	-0.836	3008.760	-0.836	93.653	92.084	92.992	92.084
kelt20<-1.5	none	long	09:30	4	15	73	1924.506	-0.804	43	914.743	-0.759	3520.856	-0.804	111.311	92.078	104.431	92.078
kelt20<-1.5	none	long	09:30	4	0	73	2523.839	-0.743	43	914.743	-0.759	4617.326	-0.759	145.629	92.078	125.778	92.078
bb40<-1.0sd	down5d	long	15:55	1	15	49	1620.424	-0.313	37	1138.421	-0.282	3689.450	-0.313	92.071	143.300	107.964	92.071
bb40<-1.5sd	up1d	long	12:00	4	15	31	1620.163	-0.415	27	2240.031	-0.796	7258.430	-0.796	92.054	405.582	166.472	92.054
bb40<-1.5sd	up1d	long	12:00	4	10	31	1620.163	-0.415	27	3550.012	-0.676	11503.193	-0.676	92.054	731.552	215.436	92.054
bb40<-1.5sd	up1d	long	12:00	4	0	31	1620.163	-0.415	27	1691.764	-0.846	5481.866	-0.846	92.054	273.292	140.430	92.054
macd12/26/9<-0.1%	up1d	long	09:30	2	10	41	1620.113	-0.203	37	1833.899	-0.395	5942.249	-0.395	92.051	307.295	147.639	92.051
rsi14<35	down3d	long	09:30	2	0	43	1619.013	-0.405	27	1219.817	-0.338	3949.796	-0.405	91.978	162.151	113.224	91.978
bb20<-1.5sd	down1d	long	10:30	5	3	48	1887.173	-0.748	21	914.283	-0.608	3450.822	-0.748	109.026	91.974	102.932	91.974
macd8/18/4<-0.0%	down5d	long	10:30	2	8	92	1618.889	-0.724	50	1090.160	-0.460	3529.694	-0.724	91.970	132.173	104.619	91.970
rsi3<30	down1d	long	09:30	3	0	62	1799.767	-0.756	32	914.238	-0.432	3290.828	-0.756	103.595	91.964	99.433	91.964
bb20<-1.5sd	>sma50d	long	12:00	3	3	44	1618.645	-0.327	25	1837.182	-0.340	5947.490	-0.340	91.954	308.083	147.719	91.954
rsi5>85	>sma50d	short	15:55	5	6	31	1618.378	-0.619	27	1204.137	-0.784	3897.497	-0.784	91.936	158.511	112.186	91.936
bb20<-1.5sd	down1d	long	10:30	4	10	48	1617.560	-0.690	21	1970.519	-0.735	6374.869	-0.735	91.883	340.179	154.097	91.883
rsi14<35	<sma50d	long	12:00	5	10	36	1617.393	-0.723	23	2234.106	-0.545	7226.858	-0.723	91.872	404.137	166.046	91.872
roc40<-2%	>sma10d	long	12:00	5	4	35	1617.357	-0.771	16	950.241	-0.600	3073.757	-0.771	91.869	100.146	94.509	91.869
rsi7<35	>sma100d	long	10:30	4	5	33	1617.068	-0.266	51	1582.163	-0.638	5116.928	-0.638	91.850	247.228	134.437	91.850
rsi3>85	>sma20d	short	12:00	4	4	60	1616.862	-0.507	43	1119.348	-0.698	3619.662	-0.698	91.837	138.898	106.514	91.837
rsi7<30	<sma100d	long	10:30	4	0	44	1953.709	-0.461	14	913.589	-0.517	3569.773	-0.649	113.085	91.816	105.467	91.816
roc20<-2%	none	long	10:30	4	15	43	1616.527	-0.737	38	1889.166	-0.797	6107.775	-0.797	91.815	320.574	150.144	91.815
macd8/18/4<-0.0%	>sma100d	long	10:30	3	15	56	1877.778	-0.482	85	913.466	-0.827	3430.575	-0.827	108.447	91.789	102.494	91.789
macd12/26/9<-0.2%	<sma50d	long	10:30	3	0	28	1615.811	-0.649	13	1679.234	-0.188	5426.652	-0.649	91.767	270.305	139.539	91.767
roc10<-1%	down3d	long	15:55	2	0	53	1615.455	-0.496	32	4916.441	-0.381	15884.580	-0.496	91.744	1082.257	255.025	91.744
bb40<-1.5sd	<sma20d	long	09:30	2	10	32	1615.146	-0.203	27	1069.436	-0.288	3454.592	-0.288	91.724	127.407	103.013	91.724
bb20<-1.5sd	<sma10d	long	10:30	3	10	34	1615.137	-0.437	19	1857.973	-0.307	6001.759	-0.437	91.723	313.075	148.544	91.723
bb40<-1.5sd	down3d	long	09:30	3	15	39	1614.854	-0.556	30	3185.849	-0.540	10289.360	-0.556	91.704	639.768	202.810	91.704
macd12/26/9<-0.2%	none	long	12:00	2	0	37	1614.551	-0.607	25	1187.979	-0.404	3836.105	-0.649	91.684	154.765	110.955	91.684
macd12/26/9<-0.0%	down5d	long	15:55	2	8	94	1614.436	-0.819	44	1094.853	-0.503	3535.141	-0.819	91.677	133.254	104.734	91.677
roc10<-1%	down5d	long	12:00	3	0	46	1966.867	-0.701	31	912.914	-0.772	3591.162	-0.772	113.880	91.663	105.917	91.663
rsi14<25	none	long	09:30	4	0	27	1614.090	-0.295	16	955.463	-0.696	3084.405	-0.696	91.654	101.334	94.755	91.654
rsi14<25	none	long	09:30	4	10	27	1614.090	-0.295	16	1665.766	-0.470	5377.391	-0.470	91.654	267.096	138.741	91.654
rsi14<25	none	long	09:30	4	15	27	1614.090	-0.295	16	1165.556	-0.629	3762.624	-0.629	91.654	149.572	109.466	91.654
bb20<-1.5sd	down1d	long	09:30	3	15	48	1613.808	-0.680	21	1268.083	-0.421	4092.882	-0.680	91.635	173.378	116.022	91.635
bb20<-1.5sd	>sma100d	long	09:30	4	0	29	1613.380	-0.363	34	1719.766	-0.691	5549.273	-0.691	91.607	279.973	141.508	91.607
bb20<-1.5sd	>sma100d	long	09:30	4	15	29	1613.380	-0.363	34	1719.766	-0.691	5549.273	-0.691	91.607	279.973	141.508	91.607
bb20<-1.5sd	>sma100d	long	09:30	4	10	29	1613.380	-0.363	34	3007.144	-0.538	9703.336	-0.538	91.607	595.029	196.374	91.607
bb40<-1.5sd	down5d	long	12:00	3	0	34	1678.144	-0.613	27	912.475	-0.724	3062.529	-0.724	95.839	91.564	94.248	91.564
bb40>+2.0sd	up3d	short	15:55	3	2	25	3189.037	-0.294	21	912.471	-0.313	5819.804	-0.313	179.689	91.563	145.757	91.563
roc10<-2%	down1d	long	09:30	4	10	25	3045.803	-0.489	18	912.387	-0.544	5557.905	-0.544	172.645	91.544	141.646	91.544
macd12/26/9<-0.0%	>sma50d	long	09:30	3	10	94	1612.110	-0.342	66	4433.855	-0.409	14295.721	-0.409	91.523	957.366	241.579	91.523
macd12/26/9<-0.0%	>sma50d	long	09:30	3	0	94	1612.110	-0.342	66	3760.995	-0.409	12126.272	-0.409	91.523	785.083	221.591	91.523
macd12/26/9<-0.0%	>sma50d	long	09:30	3	15	94	1612.110	-0.342	66	3760.995	-0.409	12126.272	-0.409	91.523	785.083	221.591	91.523
rsi3<15	none	long	09:30	5	10	71	1611.846	-0.932	53	1926.399	-0.926	6210.119	-0.932	91.506	329.539	151.671	91.506
roc10<-1%	up1d	long	09:30	5	8	28	1611.820	-0.347	34	10758.660	-0.649	34682.049	-0.649	91.504	2655.747	372.605	91.504
roc10<-1%	up1d	long	09:30	5	10	28	1611.820	-0.347	34	7462.507	-0.757	24056.438	-0.757	91.504	1755.912	313.328	91.504
roc10<-1%	up1d	long	09:30	5	0	28	1611.820	-0.347	34	3288.719	-0.893	10601.646	-0.893	91.504	665.613	206.145	91.504
roc10<-1%	up1d	long	09:30	5	15	28	1611.820	-0.347	34	3288.719	-0.893	10601.646	-0.893	91.504	665.613	206.145	91.504
macd5/18/4<-0.0%	up1d	long	09:30	4	8	104	1611.782	-0.745	75	4480.363	-0.546	14442.737	-0.745	91.502	969.356	242.861	91.502
rsi7<35	>sma100d	long	10:30	3	4	33	1611.335	-0.174	51	1092.043	-0.469	3519.293	-0.469	91.472	132.607	104.397	91.472
roc40<-2%	>sma50d	long	10:30	4	10	30	1611.304	-0.729	19	1734.467	-0.584	5589.507	-0.729	91.470	283.484	142.148	91.470
roc6<-1%	down3d	long	09:30	2	0	48	1610.734	-0.528	26	1078.471	-0.341	3474.259	-0.528	91.433	129.484	103.435	91.433
rsi14<35	<sma10d	long	09:30	2	10	34	1610.280	-0.317	22	1235.637	-0.210	3979.443	-0.317	91.403	165.827	113.809	91.403
macd12/26/9<-0.1%	down3d	long	10:30	4	10	52	1609.960	-0.870	28	1003.810	-0.613	3232.189	-0.870	91.382	112.366	98.123	91.382
rsi5>85	>sma50d	short	15:55	5	5	31	1609.703	-0.655	27	1588.227	-0.735	5113.147	-0.735	91.365	248.666	134.374	91.365
rsi3<20	down1d	long	12:00	2	0	40	2103.297	-0.329	26	911.232	-0.467	3833.183	-0.467	121.993	91.282	110.896	91.282
macd8/18/4<-0.0%	>sma100d	long	10:30	5	3	56	1608.439	-0.709	85	1139.883	-0.711	3666.865	-0.711	91.281	143.637	107.497	91.281
kelt40<-1.5	>sma100d	long	10:30	5	2	25	1608.235	-0.297	40	964.399	-0.838	3101.961	-0.838	91.268	103.370	95.161	91.268
rsi5<35	<sma100d	long	10:30	2	0	58	1608.191	-0.337	20	1401.788	-0.212	4508.685	-0.337	91.265	204.654	123.817	91.265
macd12/26/9<-0.0%	down3d	long	15:55	2	15	100	1608.124	-0.774	53	946.758	-0.581	3045.007	-0.774	91.260	99.353	93.840	91.260
bb40<-1.0sd	>sma50d	long	15:55	5	2	50	1608.059	-0.436	42	8894.227	-0.607	28604.885	-0.607	91.256	2143.499	340.400	91.256
macd12/26/9<-0.0%	down5d	long	15:55	5	3	94	1608.021	-0.976	44	970.074	-0.845	3119.798	-0.976	91.254	104.663	95.571	91.254
roc20<-2%	none	long	15:55	2	15	43	1607.736	-0.419	38	1858.825	-0.558	5977.000	-0.558	91.235	313.280	148.168	91.235
bb78<-1.5sd	>sma50d	long	09:30	5	0	29	1607.361	-0.551	12	4739.722	-0.162	15236.885	-0.551	91.210	1036.403	249.651	91.210
bb78<-1.5sd	>sma50d	long	09:30	5	15	29	1607.361	-0.551	12	4739.722	-0.162	15236.885	-0.551	91.210	1036.403	249.651	91.210
bb78<-1.5sd	>sma50d	long	09:30	5	10	29	1607.361	-0.551	12	4739.722	-0.162	15236.885	-0.551	91.210	1036.403	249.651	91.210
macd12/26/9<-0.2%	none	long	12:00	2	15	37	1607.268	-0.609	25	1316.948	-0.404	4233.379	-0.651	91.204	184.779	118.710	91.204
rsi3<30	<sma10d	long	09:30	3	0	51	2777.235	-0.589	33	910.789	-0.602	5058.951	-0.602	159.027	91.181	133.461	91.181
rsi5>85	>sma50d	short	15:55	5	2	31	1606.387	-0.475	27	6198.955	-0.477	19915.839	-0.477	91.146	1418.783	285.693	91.146
kelt40<-1.0	down3d	long	09:30	4	0	75	1605.815	-0.851	46	2869.594	-0.688	9216.072	-0.851	91.108	560.739	190.832	91.108
roc20<-2%	<sma50d	long	15:55	4	10	25	1605.770	-0.729	22	1200.508	-0.801	3855.480	-0.801	91.105	157.670	111.345	91.105
macd12/26/9>+0.0%	up5d	short	15:55	3	2	129	1682.767	-0.646	73	910.300	-0.700	3063.647	-0.700	96.139	91.070	94.274	91.070
rsi3<20	down5d	long	15:55	2	0	39	1605.066	-0.389	29	1591.486	-0.534	5108.880	-0.534	91.058	249.439	134.302	91.058
rsi5<30	down3d	long	12:00	2	15	54	1604.760	-0.482	32	1582.417	-0.469	5078.798	-0.482	91.038	247.288	133.796	91.038
kelt40<-2.0	down3d	long	09:30	2	15	40	1604.643	-0.443	26	1093.630	-0.376	3509.772	-0.443	91.031	132.972	104.195	91.031
rsi7<35	>sma50d	long	12:00	4	4	52	1604.437	-0.527	37	927.893	-0.646	2977.491	-0.646	91.017	95.064	92.255	91.017
bb40<-1.5sd	down5d	long	09:30	3	10	34	3880.762	-0.348	27	909.988	-0.415	7062.892	-0.415	211.890	91.000	163.819	91.000
bb10<-1.0sd	>sma50d	long	12:00	5	2	60	1604.082	-0.597	45	2243.366	-0.614	7197.088	-0.614	90.994	406.395	165.644	90.994
roc156<-1%	>sma10d	long	10:30	4	3	58	1603.639	-0.798	26	2200.669	-0.422	7058.157	-0.798	90.964	395.988	163.754	90.964
bb40<-2.0sd	>sma50d	long	09:30	4	0	25	1603.553	-0.452	16	5078.101	-0.191	16286.010	-0.452	90.959	1124.321	258.285	90.959
bb40<-2.0sd	>sma50d	long	09:30	4	15	25	1603.553	-0.452	16	5078.101	-0.191	16286.010	-0.452	90.959	1124.321	258.285	90.959
bb40<-2.0sd	>sma50d	long	09:30	4	10	25	1603.553	-0.452	16	5078.101	-0.191	16286.010	-0.452	90.959	1124.321	258.285	90.959
kelt20<-1.5	down3d	long	10:30	3	10	39	1603.424	-0.441	21	1800.006	-0.467	5772.346	-0.467	90.950	299.166	145.021	90.950
bb20>+2.0sd	>sma20d	short	12:00	5	2	37	1602.483	-0.636	22	1074.554	-0.466	3443.907	-0.636	90.888	128.584	102.782	90.888
rsi3<25	<sma20d	long	09:30	2	0	40	1601.388	-0.496	32	920.432	-0.429	2947.937	-0.496	90.815	93.370	91.553	90.815
bb20<-1.5sd	down1d	long	12:00	2	10	48	1601.227	-0.500	21	1176.971	-0.429	3769.196	-0.500	90.805	152.215	109.599	90.805
kelt40<-2.0	>sma50d	long	15:55	4	10	32	1768.825	-0.317	18	908.904	-0.638	3215.385	-0.638	101.645	90.754	97.745	90.754
roc20<-2%	down5d	long	12:00	4	10	27	2034.347	-0.592	21	908.871	-0.624	3697.918	-0.624	117.923	90.746	108.139	90.746
rsi2>90	>sma20d	short	15:55	2	2	91	1599.394	-0.376	45	1147.839	-0.418	3671.695	-0.418	90.683	145.476	107.597	90.683
macd8/18/4<-0.0%	<sma20d	long	09:30	5	10	91	1599.229	-0.988	50	3211.255	-0.678	10271.063	-0.988	90.673	646.145	202.612	90.673
roc40<-3%	none	long	15:55	3	0	46	1598.969	-0.775	26	4193.549	-0.726	13410.708	-0.775	90.655	895.576	233.674	90.655
kelt20<-1.5	none	long	09:30	2	10	73	1598.870	-0.409	43	1196.665	-0.424	3826.625	-0.424	90.649	156.778	110.764	90.649
rsi5<30	down3d	long	09:30	2	10	54	1598.733	-0.490	32	1845.359	-0.216	5900.471	-0.490	90.640	310.045	146.999	90.640
kelt20<-1.5	>sma50d	long	09:30	4	10	36	1598.483	-0.452	23	2921.743	-0.405	9340.712	-0.452	90.623	573.724	192.267	90.623
kelt20<-1.5	>sma50d	long	09:30	4	15	36	1598.483	-0.452	23	2501.481	-0.491	7997.149	-0.491	90.623	469.639	176.103	90.623
kelt20<-1.5	>sma50d	long	09:30	4	0	36	1598.483	-0.452	23	2501.481	-0.491	7997.149	-0.491	90.623	469.639	176.103	90.623
roc20<-1%	down3d	long	09:30	2	10	64	1597.927	-0.526	44	2043.893	-0.547	6531.982	-0.547	90.586	357.917	156.373	90.586
kelt40<-1.0	down3d	long	15:55	2	0	75	1596.399	-0.626	46	1911.008	-0.537	6101.463	-0.626	90.485	325.832	150.049	90.485
macd12/26/9<-0.0%	down5d	long	12:00	2	4	94	1596.200	-0.611	44	1038.953	-0.307	3316.754	-0.611	90.472	120.411	100.007	90.472
bb20>+2.0sd	>sma50d	short	15:55	4	2	30	1596.185	-0.503	22	927.374	-0.417	2960.521	-0.503	90.471	94.946	91.852	90.471
bb20<-1.0sd	>sma50d	long	12:00	3	3	55	1596.052	-0.370	46	1590.197	-0.461	5076.073	-0.461	90.462	249.133	133.750	90.462
roc20<-1%	down5d	long	09:30	2	10	55	1595.930	-0.526	35	1048.213	-0.432	3345.749	-0.526	90.454	122.535	100.646	90.454
macd8/18/4<-0.0%	none	long	15:55	4	10	203	1681.453	-0.946	115	907.554	-0.911	3052.019	-0.946	96.054	90.448	94.004	90.448
rsi3<15	down5d	long	09:30	2	10	34	1595.498	-0.482	23	1630.261	-0.203	5202.157	-0.482	90.425	258.648	135.860	90.425
rsi3<15	down5d	long	09:30	2	15	34	1595.498	-0.482	23	1428.422	-0.301	4558.089	-0.482	90.425	210.914	124.712	90.425
roc20<-2%	<sma100d	long	12:00	2	15	29	1594.889	-0.200	14	1275.078	-0.303	4067.215	-0.303	90.385	175.008	115.525	90.385
roc20<-2%	<sma100d	long	12:00	2	0	29	1594.889	-0.200	14	1368.969	-0.251	4366.707	-0.251	90.385	196.954	121.209	90.385
rsi2<30	>sma100d	long	09:30	4	10	49	1763.592	-0.365	68	907.106	-0.808	3199.532	-0.808	101.313	90.346	97.388	90.346
roc6>+1%	up3d	short	12:00	4	2	46	2034.443	-0.425	32	907.096	-0.451	3690.868	-0.451	117.929	90.344	107.993	90.344
rsi2<20	>sma50d	long	09:30	4	10	62	1594.176	-0.539	49	2794.843	-0.646	8910.946	-0.646	90.338	542.159	187.267	90.338
rsi2<20	>sma50d	long	09:30	4	0	62	1594.176	-0.539	49	1649.097	-0.768	5257.903	-0.768	90.338	263.128	136.783	90.338
rsi2<20	>sma50d	long	09:30	4	15	62	1594.176	-0.539	49	1649.097	-0.768	5257.903	-0.768	90.338	263.128	136.783	90.338
rsi2<20	down3d	long	10:30	4	0	65	1593.969	-0.796	37	1513.654	-0.833	4825.434	-0.833	90.324	231.009	129.454	90.324
roc10<-2%	down3d	long	10:30	4	6	26	1593.674	-0.669	19	940.467	-0.640	2997.595	-0.802	90.305	97.922	92.729	90.305
bb20>+2.0sd	>sma50d	short	15:55	5	2	30	1852.460	-0.587	22	906.880	-0.504	3359.915	-0.587	106.883	90.295	100.956	90.295
roc20<-2%	down5d	long	10:30	4	0	27	4376.836	-0.425	21	906.848	-0.829	7938.251	-0.829	233.428	90.288	175.357	90.288
kelt10<-1.0	>sma50d	long	09:30	5	0	39	1593.260	-0.546	34	1463.300	-0.772	4662.835	-0.772	90.277	219.126	126.590	90.277
kelt10<-1.0	>sma50d	long	09:30	5	10	39	1593.260	-0.546	34	2202.450	-0.697	7018.148	-0.697	90.277	396.422	163.205	90.277
kelt10<-1.0	>sma50d	long	09:30	5	15	39	1593.260	-0.546	34	1463.300	-0.772	4662.835	-0.772	90.277	219.126	126.590	90.277
bb40<-1.0sd	down5d	long	15:55	2	10	49	3323.927	-0.537	37	906.749	-0.497	6027.936	-0.537	186.196	90.265	148.941	90.265
kelt20<-1.5	down3d	long	15:55	4	6	39	1592.827	-0.666	21	913.384	-0.573	2909.725	-0.700	90.248	91.770	90.640	90.248
roc20<-1%	up1d	long	09:30	4	10	35	1592.723	-0.382	35	1251.836	-0.759	3987.656	-0.759	90.242	169.595	113.971	90.242
roc20<-1%	up1d	long	09:30	4	8	35	1592.723	-0.382	35	1607.528	-0.690	5120.693	-0.690	90.242	253.247	134.501	90.242
roc6<-1%	none	long	09:30	2	0	70	1592.517	-0.568	45	1422.558	-0.414	4530.894	-0.568	90.228	209.535	124.220	90.228
rsi5<30	down3d	long	15:55	2	10	54	1592.366	-0.536	32	1721.277	-0.467	5481.808	-0.536	90.218	280.334	140.429	90.218
bb20<-1.5sd	down1d	long	10:30	3	10	48	1592.044	-0.551	21	1758.402	-0.603	5598.907	-0.603	90.197	289.206	142.298	90.197
macd12/26/9<-0.0%	down5d	long	10:30	4	4	94	1591.949	-0.893	44	1176.498	-0.616	3745.851	-0.893	90.190	152.105	109.123	90.190
bb78<-1.5sd	down5d	long	12:00	2	0	29	1591.300	-0.272	16	1073.003	-0.377	3414.938	-0.377	90.147	128.227	102.156	90.147
bb78<-1.5sd	down5d	long	12:00	2	15	29	1591.300	-0.272	16	1153.154	-0.331	3670.028	-0.331	90.147	146.704	107.562	90.147
bb20<-1.0sd	>sma50d	long	15:55	3	10	55	1755.921	-0.442	46	906.186	-0.664	3182.382	-0.664	100.827	90.137	96.999	90.137
roc6>+1%	up3d	short	12:00	3	2	46	1658.009	-0.334	32	906.162	-0.357	3004.849	-0.357	94.531	90.132	92.900	90.132
macd8/18/4<-0.0%	>sma10d	long	15:55	5	3	113	1591.049	-0.790	67	3898.366	-0.661	12404.985	-0.790	90.131	820.068	224.280	90.131
bb20<-1.5sd	none	long	12:00	3	0	84	1590.825	-0.686	46	4939.516	-0.658	15715.811	-0.686	90.116	1088.255	253.638	90.116
macd5/18/4<-0.0%	>sma100d	long	09:30	5	10	59	2258.931	-0.520	87	906.058	-0.871	4093.445	-0.871	130.966	90.108	116.033	90.108
rsi7<35	>sma50d	long	12:00	5	2	52	1590.491	-0.604	37	2209.095	-0.573	7027.092	-0.604	90.094	398.041	163.328	90.094
rsi2<10	down3d	long	09:30	2	10	59	1590.395	-0.581	31	1786.122	-0.384	5681.279	-0.581	90.087	295.840	143.597	90.087
rsi2<10	down3d	long	09:30	2	15	59	1590.395	-0.581	31	1550.191	-0.390	4930.833	-0.581	90.087	239.652	131.277	90.087
macd12/26/9<-0.0%	up1d	long	09:30	4	10	122	1590.368	-0.838	77	8304.207	-0.646	26413.493	-0.838	90.085	1983.112	327.727	90.085
kelt40<-1.0	down5d	long	09:30	2	0	60	1590.017	-0.463	38	951.549	-0.483	3025.958	-0.483	90.062	100.443	93.395	90.062
bb40<-1.5sd	down5d	long	12:00	2	10	34	1589.489	-0.443	27	950.040	-0.391	3020.155	-0.443	90.027	100.100	93.259	90.027
rsi5<30	<sma20d	long	12:00	4	0	44	1588.539	-0.658	31	1270.674	-0.906	4037.031	-0.906	89.964	173.981	114.938	89.964
rsi5<35	<sma50d	long	09:30	4	0	52	2640.552	-0.660	31	905.323	-0.761	4781.104	-0.761	151.871	89.942	128.679	89.942
rsi2<10	down1d	long	12:00	2	0	68	1587.641	-0.570	29	2259.917	-0.467	7175.875	-0.570	89.904	410.434	165.357	89.904
rsi5<10	none	long	09:30	4	0	27	1587.609	-0.582	25	1449.060	-0.596	4601.084	-0.596	89.902	215.771	125.486	89.902
rsi3>85	>sma20d	short	15:55	3	5	60	2466.394	-0.475	43	905.143	-0.672	4464.880	-0.672	142.510	89.901	123.018	89.901
kelt40<-2.0	down1d	long	15:55	4	15	49	1587.056	-0.872	23	1645.765	-0.604	5223.841	-0.872	89.866	262.336	136.220	89.866
bb40<-1.0sd	<sma100d	long	15:55	2	0	51	2703.158	-0.543	21	904.970	-0.469	4892.556	-0.543	155.169	89.862	130.618	89.862
kelt40<-1.5	>sma100d	long	09:30	4	0	25	1586.621	-0.196	40	3176.606	-0.720	10080.136	-0.720	89.837	637.448	200.539	89.837
kelt40<-1.5	>sma100d	long	09:30	4	10	25	1586.621	-0.196	40	4755.580	-0.581	15090.603	-0.581	89.837	1040.512	248.418	89.837
kelt40<-1.5	>sma100d	long	09:30	4	15	25	1586.621	-0.196	40	3176.606	-0.720	10080.136	-0.720	89.837	637.448	200.539	89.837
rsi2<10	down1d	long	10:30	3	0	68	1586.396	-0.674	29	2598.681	-0.593	8245.077	-0.674	89.822	493.595	179.209	89.822
macd12/26/9<-0.0%	up1d	long	10:30	3	10	122	1586.016	-0.670	77	7104.509	-0.542	22535.733	-0.670	89.796	1659.889	303.557	89.796
rsi5<25	>sma50d	long	09:30	4	10	38	1585.308	-0.463	27	2827.093	-0.405	8963.630	-0.463	89.749	550.170	187.888	89.749
rsi5<25	>sma50d	long	09:30	4	15	38	1585.308	-0.463	27	2420.446	-0.491	7674.306	-0.491	89.749	449.724	171.966	89.749
rsi5<25	>sma50d	long	09:30	4	0	38	1585.308	-0.463	27	2420.446	-0.491	7674.306	-0.491	89.749	449.724	171.966	89.749
macd12/26/9<-0.2%	none	long	09:30	3	0	37	1585.025	-0.791	25	1537.220	-0.368	4873.064	-0.791	89.731	236.582	130.281	89.731
bb20<-1.0sd	>sma50d	long	12:00	3	4	55	1584.642	-0.467	46	1388.175	-0.528	4399.520	-0.528	89.705	201.459	121.816	89.705
roc10<-2%	none	long	09:30	4	8	34	1584.256	-0.739	30	2052.253	-0.458	6502.591	-0.739	89.680	359.942	155.950	89.680
rsi7<30	>sma50d	long	09:30	3	15	36	1584.155	-0.306	32	1248.282	-0.503	3954.945	-0.503	89.673	168.768	113.326	89.673
rsi7<30	>sma50d	long	09:30	3	10	36	1584.155	-0.306	32	1397.723	-0.444	4428.422	-0.444	89.673	203.700	122.349	89.673
rsi7<30	>sma50d	long	09:30	3	0	36	1584.155	-0.306	32	1248.282	-0.503	3954.945	-0.503	89.673	168.768	113.326	89.673
macd5/18/4>+0.1%	>sma10d	short	12:00	4	2	59	1623.601	-0.487	34	904.006	-0.512	2935.489	-0.516	92.280	89.643	91.257	89.643
roc10<-1%	down5d	long	15:55	2	15	46	1583.542	-0.571	31	1827.000	-0.576	5786.264	-0.576	89.632	305.639	145.237	89.632
rsi3<15	<sma10d	long	09:30	2	0	32	1582.958	-0.234	23	1413.390	-0.429	4474.672	-0.429	89.593	207.380	123.197	89.593
rsi3<30	<sma10d	long	09:30	3	15	51	1582.784	-0.766	33	910.789	-0.602	2883.164	-0.766	89.582	91.181	90.001	89.582
roc78<-1%	>sma10d	long	10:30	4	10	66	1582.429	-0.816	29	1250.942	-0.656	3959.053	-0.816	89.558	169.387	113.407	89.558
kelt40<-2.0	<sma20d	long	15:55	3	10	31	1582.122	-0.649	22	1463.755	-0.542	4631.678	-0.649	89.538	219.233	126.034	89.538
bb20<-1.5sd	none	long	15:55	4	15	84	1581.971	-0.773	46	17948.682	-0.728	56788.580	-0.773	89.528	4691.083	466.179	89.528
bb40<-1.5sd	<sma10d	long	09:30	3	0	32	1581.659	-0.513	26	1436.416	-0.540	4543.842	-0.540	89.507	212.795	124.455	89.507
macd5/18/4<-0.0%	up1d	long	09:30	5	10	104	1581.490	-0.875	75	1826.154	-0.757	5776.087	-0.875	89.496	305.436	145.079	89.496
macd8/18/4<-0.0%	<sma100d	long	15:55	2	5	103	1580.957	-0.737	30	1011.820	-0.423	3199.288	-0.737	89.460	114.197	97.382	89.460
roc20<-2%	down1d	long	15:55	4	10	29	2525.325	-0.681	21	903.163	-0.790	4561.562	-0.790	145.709	89.452	124.775	89.452
bb40<-1.5sd	>sma50d	long	09:30	3	10	39	1580.714	-0.351	26	7813.642	-0.165	24702.267	-0.351	89.444	1850.455	317.359	89.444
bb40<-1.5sd	>sma50d	long	09:30	3	15	39	1580.714	-0.351	26	7813.642	-0.165	24702.267	-0.351	89.444	1850.455	317.359	89.444
bb40<-1.5sd	>sma50d	long	09:30	3	0	39	1580.714	-0.351	26	7813.642	-0.165	24702.267	-0.351	89.444	1850.455	317.359	89.444
macd12/26/9<-0.2%	none	long	15:55	2	15	37	1580.653	-0.609	25	1969.881	-0.302	6227.397	-0.609	89.440	340.025	151.927	89.440
macd8/18/4<-0.0%	up3d	long	12:00	5	3	102	1580.197	-0.807	62	1315.534	-0.752	4157.604	-0.807	89.410	184.448	117.267	89.410
rsi3<20	<sma20d	long	10:30	3	0	32	1579.840	-0.489	30	1614.739	-0.787	5102.056	-0.787	89.386	254.960	134.188	89.386
macd12/26/9<-0.1%	none	long	10:30	3	10	93	1579.740	-0.840	60	2007.412	-0.658	6342.378	-0.840	89.379	349.092	153.622	89.379
rsi2<35	>sma50d	long	09:30	5	15	78	1579.420	-0.576	57	1187.488	-0.909	3751.083	-0.909	89.358	154.651	109.230	89.358
rsi2<35	>sma50d	long	09:30	5	0	78	1579.420	-0.576	57	1187.488	-0.909	3751.083	-0.909	89.358	154.651	109.230	89.358
rsi2<35	>sma50d	long	09:30	5	10	78	1579.420	-0.576	57	2752.940	-0.815	8696.097	-0.815	89.358	531.762	184.710	89.358
rsi7<25	none	long	12:00	4	15	71	1599.735	-0.753	40	902.659	-0.919	2888.028	-0.919	90.706	89.338	90.118	89.338
bb20<-1.5sd	>sma100d	long	12:00	5	15	29	3155.869	-0.479	34	902.608	-0.849	5697.023	-0.849	178.071	89.326	143.845	89.326
bb10>+1.5sd	up3d	short	15:55	3	2	55	2055.797	-0.304	36	902.341	-0.450	3710.058	-0.450	119.196	89.266	108.389	89.266
macd12/26/9<-0.2%	<sma50d	long	10:30	4	0	28	1577.785	-0.815	13	2269.780	-0.250	7162.451	-0.815	89.249	412.841	165.175	89.249
kelt40<-2.0	down3d	long	12:00	4	15	40	1577.726	-0.814	26	1962.149	-0.709	6191.468	-0.816	89.245	338.159	151.394	89.245
macd8/18/4<-0.0%	none	long	15:55	2	6	203	1577.600	-0.755	115	3704.080	-0.623	11687.113	-0.755	89.237	770.618	217.275	89.237
roc6<-1%	down3d	long	12:00	2	0	48	1577.522	-0.519	26	1361.197	-0.525	4294.637	-0.525	89.232	195.133	119.864	89.232
bb40>+2.0sd	>sma20d	short	15:55	5	3	27	3662.569	-0.680	21	902.120	-0.613	6608.157	-0.680	202.031	89.216	157.465	89.216
rsi3>85	>sma10d	short	12:00	3	2	65	1576.778	-0.445	43	1120.674	-0.408	3534.107	-0.445	89.182	139.204	104.712	89.182
macd5/18/4<-0.0%	up1d	long	09:30	3	10	104	1576.436	-0.668	75	2361.755	-0.516	7446.310	-0.668	89.159	435.334	168.978	89.159
rsi3>80	>sma20d	short	12:00	3	2	70	1576.377	-0.487	48	1720.702	-0.412	5424.951	-0.487	89.155	280.196	139.512	89.155
bb40<-1.5sd	down5d	long	10:30	3	15	34	1575.853	-0.471	27	1243.999	-0.599	3920.718	-0.599	89.120	167.771	112.648	89.120
rsi2<30	down3d	long	12:00	2	0	74	1575.509	-0.464	40	1298.943	-0.565	4092.992	-0.565	89.097	180.574	116.024	89.097
rsi5<30	<sma10d	long	09:30	2	10	44	1575.312	-0.469	28	1433.073	-0.203	4515.073	-0.469	89.084	212.008	123.933	89.084
bb40<-1.0sd	>sma100d	long	12:00	5	3	31	1575.194	-0.419	57	2464.680	-0.748	7764.700	-0.748	89.076	460.589	173.136	89.076
rsi7<35	>sma100d	long	10:30	4	2	33	1574.785	-0.223	51	1238.090	-0.706	3899.451	-0.706	89.049	166.397	112.225	89.049
roc6>+1%	>sma50d	short	15:55	4	2	37	1574.615	-0.391	38	1644.711	-0.584	5179.575	-0.584	89.038	262.085	135.485	89.038
rsi3<20	down1d	long	12:00	3	15	40	1573.893	-0.681	26	1019.196	-0.598	3208.211	-0.681	88.990	115.885	97.584	88.990
bb20<-1.0sd	>sma50d	long	10:30	4	2	55	1573.372	-0.457	46	3735.995	-0.486	11756.219	-0.486	88.955	778.727	217.961	88.955
roc10>+1%	>sma50d	short	12:00	4	2	34	1572.966	-0.280	37	1945.590	-0.655	6120.695	-0.655	88.928	334.165	150.337	88.928
roc20<-1%	down1d	long	15:55	2	0	67	1572.828	-0.638	32	1329.617	-0.669	4182.517	-0.669	88.919	187.741	117.743	88.919
kelt20<-1.0	>sma50d	long	12:00	2	10	46	1572.712	-0.249	37	1487.692	-0.494	4679.423	-0.494	88.911	224.878	126.885	88.911
kelt20<-1.0	>sma50d	long	12:00	2	0	46	1572.712	-0.249	37	1227.504	-0.483	3861.020	-0.483	88.911	163.936	111.456	88.911
kelt20<-1.0	>sma50d	long	12:00	2	15	46	1572.712	-0.249	37	1373.182	-0.479	4319.240	-0.479	88.911	197.942	120.325	88.911
kelt40<-2.0	down3d	long	15:55	1	15	40	1572.552	-0.209	26	1141.425	-0.154	3589.900	-0.209	88.900	143.994	105.890	88.900
roc40<-2%	>sma10d	long	10:30	4	3	35	1572.420	-0.594	16	1290.225	-0.459	4057.551	-0.594	88.892	178.540	115.337	88.892
rsi14<35	down3d	long	15:55	2	15	43	1572.269	-0.302	27	2667.520	-0.303	8388.119	-0.303	88.882	510.605	180.974	88.882
bb20<-1.5sd	>sma50d	long	10:30	3	6	44	1572.174	-0.384	25	3944.575	-0.393	12403.119	-0.393	88.875	831.858	224.262	88.875
bb40<-1.5sd	<sma100d	long	12:00	3	15	34	1571.843	-0.453	16	2344.459	-0.110	7370.241	-0.453	88.853	431.099	167.968	88.853
kelt40<-1.5	>sma100d	long	15:55	3	10	25	1571.474	-0.418	40	1754.975	-0.785	5515.797	-0.785	88.828	288.386	140.974	88.828
macd5/18/4<-0.0%	>sma50d	long	10:30	3	10	90	1571.234	-0.516	68	1064.574	-0.723	3345.392	-0.723	88.812	126.291	100.638	88.812
bb10>+1.5sd	>sma10d	short	12:00	4	3	58	2113.371	-0.537	37	900.335	-0.586	3805.483	-0.586	122.582	88.811	110.336	88.811
rsi5<35	>sma50d	long	09:30	4	15	59	1570.919	-0.414	41	3032.295	-0.561	9526.976	-0.561	88.791	601.313	194.389	88.791
rsi5<35	>sma50d	long	09:30	4	0	59	1570.919	-0.414	41	3032.295	-0.561	9526.976	-0.561	88.791	601.313	194.389	88.791
rsi5<35	>sma50d	long	09:30	4	10	59	1570.919	-0.414	41	3633.864	-0.474	11417.010	-0.474	88.791	752.797	214.569	88.791
bb40<-1.0sd	down1d	long	09:30	4	0	66	1570.507	-0.893	34	1514.451	-0.669	4756.913	-0.893	88.764	231.197	128.255	88.764
bb40<-1.0sd	>sma50d	long	12:00	4	8	50	1569.860	-0.522	42	8580.930	-0.596	26941.725	-0.596	88.721	2058.224	330.841	88.721
roc156<-1%	>sma10d	long	10:30	4	2	58	1569.676	-0.762	26	1445.988	-0.376	4539.465	-0.762	88.709	215.048	124.375	88.709
rsi3<35	<sma10d	long	09:30	4	0	56	1569.429	-0.800	36	937.648	-0.748	2943.144	-0.800	88.692	97.281	91.439	88.692
kelt20<-1.5	down3d	long	12:00	3	0	39	1569.268	-0.651	21	1652.358	-0.569	5185.986	-0.651	88.681	263.904	135.592	88.681
bb20<-1.5sd	<sma10d	long	09:30	2	15	34	1739.333	-0.399	19	899.621	-0.379	3129.481	-0.399	99.771	88.649	95.793	88.649
bb20<-1.5sd	<sma10d	long	09:30	2	0	34	1893.154	-0.345	19	899.621	-0.379	3406.243	-0.379	109.393	88.649	101.967	88.649
rsi14<35	<sma20d	long	10:30	3	10	36	1568.779	-0.416	22	2085.890	-0.398	6544.601	-0.416	88.649	368.093	156.555	88.649
rsi3<35	>sma50d	long	12:00	3	0	66	1568.755	-0.555	51	973.712	-0.867	3055.033	-0.867	88.647	105.493	94.074	88.647
rsi3<35	>sma50d	long	12:00	3	15	66	1568.755	-0.555	51	912.549	-0.877	2863.132	-0.877	88.647	91.581	89.516	88.647
rsi2<15	<sma20d	long	09:30	4	0	47	1568.127	-0.910	31	1234.157	-0.820	3870.630	-0.910	88.605	165.483	111.649	88.605
bb20<-1.5sd	down5d	long	10:30	2	8	33	1567.752	-0.300	21	1042.413	-0.337	3268.489	-0.337	88.580	121.204	98.936	88.580
bb40<-1.0sd	>sma100d	long	12:00	3	0	31	1567.726	-0.343	57	1596.038	-0.835	5004.300	-0.835	88.578	250.520	132.534	88.578
bb40<-1.0sd	>sma100d	long	12:00	3	15	31	1567.726	-0.343	57	2324.164	-0.810	7287.304	-0.810	88.578	426.133	166.859	88.578
bb40<-1.0sd	>sma100d	long	12:00	3	10	31	1567.726	-0.343	57	2937.853	-0.805	9211.496	-0.805	88.578	577.739	190.779	88.578
bb40<-1.0sd	down3d	long	10:30	2	10	59	1567.445	-0.485	44	1831.004	-0.480	5739.995	-0.485	88.560	306.600	144.517	88.560
kelt20<-1.0	>sma100d	long	09:30	5	10	30	1567.115	-0.503	52	2478.146	-0.843	7767.082	-0.843	88.538	463.899	173.166	88.538
rsi5<30	>sma50d	long	10:30	3	10	47	1567.020	-0.378	33	1216.202	-0.492	3811.624	-0.492	88.531	161.311	110.461	88.531
rsi5<30	>sma50d	long	10:30	3	0	47	1567.020	-0.378	33	906.495	-0.621	2840.991	-0.621	88.531	90.207	88.978	88.531
rsi5<30	>sma50d	long	10:30	3	15	47	1567.020	-0.378	33	968.463	-0.595	3035.200	-0.595	88.531	104.296	93.611	88.531
roc40<-3%	down3d	long	15:55	3	10	32	1566.994	-0.708	19	2727.371	-0.517	8547.548	-0.708	88.529	525.423	182.918	88.529
bb78<-1.0sd	down3d	long	09:30	3	0	54	1566.288	-0.689	32	2880.405	-0.540	9023.085	-0.689	88.482	563.429	188.586	88.482
macd12/26/9<-0.0%	none	long	15:55	1	0	223	1566.002	-0.581	111	1564.551	-0.475	4900.181	-0.581	88.463	243.053	130.749	88.463
roc10>+1%	>sma50d	short	15:55	5	3	34	1565.883	-0.561	37	973.787	-0.828	3049.671	-0.828	88.455	105.510	93.949	88.455
rsi3<30	<sma20d	long	09:30	4	10	49	1844.129	-0.883	35	898.658	-0.708	3314.480	-0.883	106.366	88.431	99.957	88.431
rsi3<15	<sma100d	long	09:30	4	0	37	1565.366	-0.602	13	2807.895	-0.301	8790.769	-0.602	88.421	545.401	185.842	88.421
bb20<-1.5sd	>sma20d	long	12:00	4	10	50	1565.270	-0.526	24	1849.849	-0.649	5791.026	-0.649	88.414	311.124	145.311	88.414
bb20<-1.5sd	>sma20d	long	12:00	4	15	50	1565.270	-0.526	24	954.607	-0.819	2988.437	-0.819	88.414	101.140	92.513	88.414
kelt40<-1.5	down3d	long	09:30	3	15	57	1564.875	-0.806	36	2178.309	-0.540	6817.563	-0.806	88.388	390.545	160.424	88.388
kelt40<-1.5	down5d	long	09:30	2	0	46	1906.487	-0.511	31	898.305	-0.376	3425.212	-0.511	110.211	88.351	102.378	88.351
bb40<-1.5sd	<sma20d	long	09:30	3	8	32	1562.875	-0.255	27	1266.084	-0.405	3957.460	-0.405	88.254	172.912	113.376	88.254
bb20<-1.0sd	>sma50d	long	15:55	2	15	55	1562.601	-0.258	46	1178.479	-0.512	3682.985	-0.512	88.236	152.564	107.830	88.236
kelt20<-1.5	>sma50d	long	10:30	4	15	36	1562.515	-0.417	23	977.096	-0.718	3053.456	-0.718	88.230	106.265	94.037	88.230
kelt20<-1.5	>sma50d	long	10:30	4	10	36	1562.515	-0.417	23	1464.897	-0.577	4577.847	-0.577	88.230	219.502	125.068	88.230
macd12/26/9<-0.0%	<sma20d	long	09:30	2	0	93	1561.862	-0.712	46	1271.575	-0.435	3972.051	-0.712	88.186	174.191	113.664	88.186
rsi5<35	<sma100d	long	09:30	2	0	58	1561.622	-0.380	20	976.791	-0.236	3050.755	-0.380	88.170	106.195	93.974	88.170
roc156<-1%	>sma10d	long	12:00	3	2	58	1561.523	-0.629	26	1205.078	-0.295	3763.515	-0.629	88.164	158.730	109.484	88.164
bb20<-1.5sd	down3d	long	10:30	4	4	43	1561.167	-0.661	22	1512.134	-0.424	4721.386	-0.661	88.140	230.650	127.629	88.140
bb40>+2.0sd	>sma20d	short	15:55	4	5	27	1865.727	-0.695	21	897.210	-0.641	3347.897	-0.695	107.704	88.103	100.693	88.103
rsi5<25	down3d	long	09:30	2	15	47	1560.601	-0.490	27	1377.229	-0.301	4298.610	-0.490	88.102	198.891	119.938	88.102
kelt40<-1.5	down5d	long	12:00	2	0	46	1559.757	-0.496	31	1169.483	-0.535	3648.218	-0.535	88.046	150.481	107.109	88.046
kelt20<-1.0	<sma10d	long	09:30	3	10	40	1559.657	-0.760	32	1856.068	-0.415	5789.660	-0.760	88.039	312.618	145.290	88.039
bb20<-1.5sd	none	long	15:55	5	10	84	1559.518	-0.893	46	7072.507	-0.832	22059.404	-0.893	88.030	1651.324	300.411	88.030
bb20<-1.5sd	down1d	long	12:00	2	15	48	1558.204	-0.411	21	1375.074	-0.409	4285.291	-0.411	87.942	198.385	119.689	87.942
macd8/18/4<-0.0%	down3d	long	12:00	2	15	99	1558.136	-0.638	53	2453.337	-0.506	7645.263	-0.638	87.937	457.801	171.589	87.937
rsi5<30	<sma20d	long	09:30	4	8	44	1558.095	-0.777	31	1969.394	-0.458	6137.007	-0.777	87.934	339.908	150.582	87.934
bb40<-1.0sd	>sma10d	long	15:55	2	0	59	1558.065	-0.511	41	989.824	-0.608	3084.421	-0.608	87.932	109.170	94.756	87.932
bb40<-1.0sd	>sma10d	long	15:55	2	15	59	1558.065	-0.511	41	1863.859	-0.449	5808.027	-0.511	87.932	314.489	145.574	87.932
rsi14<35	<sma50d	long	12:00	3	10	36	1557.780	-0.431	23	1814.776	-0.327	5654.047	-0.431	87.913	302.707	143.169	87.913
rsi5<15	down3d	long	09:30	3	10	26	1565.024	-0.588	15	896.269	-0.304	2805.363	-0.588	88.398	87.890	88.106	87.890
bb20<-1.5sd	down5d	long	10:30	2	10	33	2130.563	-0.316	21	896.095	-0.368	3818.376	-0.368	123.585	87.851	110.597	87.851
bb40<-1.5sd	down5d	long	15:55	3	15	34	1556.762	-0.516	27	3368.315	-0.704	10487.327	-0.704	87.845	685.657	204.931	87.845
macd12/26/9<-0.2%	down3d	long	10:30	5	15	26	1556.742	-0.910	15	2054.124	-0.562	6395.482	-0.913	87.844	360.395	154.398	87.844
macd12/26/9<-0.2%	down3d	long	10:30	5	10	26	1556.742	-0.910	15	2054.124	-0.562	6395.482	-0.913	87.844	360.395	154.398	87.844
rsi3<35	none	long	09:30	2	15	135	1556.610	-0.720	84	1837.966	-0.553	5721.993	-0.720	87.835	308.271	144.236	87.835
rsi3<15	down5d	long	10:30	5	2	34	1556.408	-0.299	23	1002.181	-0.640	3119.606	-0.640	87.821	111.993	95.567	87.821
bb20<-1.5sd	>sma100d	long	10:30	5	2	29	1556.381	-0.417	34	9118.811	-0.499	28384.690	-0.499	87.820	2204.778	339.155	87.820
macd12/26/9<-0.1%	>sma20d	long	09:30	5	15	42	1556.241	-0.571	31	3830.388	-0.614	11922.009	-0.614	87.810	802.743	219.596	87.810
macd12/26/9<-0.1%	>sma20d	long	09:30	5	0	42	1556.241	-0.571	31	3830.388	-0.614	11922.009	-0.614	87.810	802.743	219.596	87.810
macd12/26/9<-0.1%	>sma20d	long	09:30	5	10	42	1556.241	-0.571	31	5544.968	-0.544	17258.606	-0.571	87.810	1246.395	265.980	87.810
rsi14<35	down3d	long	12:00	5	15	43	1556.184	-0.871	27	2655.233	-0.824	8264.062	-0.927	87.806	507.566	179.444	87.806
macd12/26/9<-0.1%	up1d	long	12:00	4	15	41	1555.981	-0.685	37	2872.571	-0.845	8939.329	-0.845	87.793	561.480	187.602	87.793
bb40<-1.0sd	>sma50d	long	12:00	5	8	50	1555.766	-0.621	42	10002.258	-0.709	31122.338	-0.709	87.778	2446.987	354.221	87.778
rsi5<25	>sma50d	long	09:30	4	8	38	1555.282	-0.474	27	3142.865	-0.339	9776.084	-0.474	87.746	628.988	197.186	87.746
rsi7<35	down3d	long	09:30	3	10	58	2121.499	-0.681	30	895.582	-0.380	3799.954	-0.681	123.057	87.734	110.224	87.734
macd12/26/9<-0.0%	down5d	long	10:30	2	15	94	1555.051	-0.789	44	1649.896	-0.389	5131.344	-0.789	87.731	263.319	134.679	87.731
kelt40<-2.0	<sma10d	long	15:55	3	10	33	1554.993	-0.649	22	1086.156	-0.547	3377.930	-0.649	87.727	131.252	101.350	87.727
bb40<-1.0sd	up1d	long	10:30	4	15	40	1554.893	-0.441	43	1442.720	-0.914	4486.551	-0.914	87.720	214.279	123.414	87.720
bb40<-1.0sd	up1d	long	10:30	4	10	40	1554.893	-0.441	43	4634.493	-0.724	14412.282	-0.724	87.720	1009.164	242.596	87.720
bb40<-1.0sd	up1d	long	10:30	4	8	40	1554.893	-0.441	43	3810.476	-0.726	11849.767	-0.726	87.720	797.673	218.885	87.720
roc20<-2%	<sma100d	long	10:30	3	10	29	1554.880	-0.510	14	1172.667	-0.305	3646.713	-0.510	87.719	151.218	107.078	87.719
rsi2<25	>sma50d	long	09:30	5	10	66	1554.861	-0.669	52	2476.774	-0.765	7702.081	-0.765	87.718	463.562	172.327	87.718
rsi2<25	>sma50d	long	09:30	5	15	66	1554.861	-0.669	52	1068.363	-0.885	3322.312	-0.885	87.718	127.161	100.130	87.718
rsi2<25	>sma50d	long	09:30	5	0	66	1554.861	-0.669	52	1068.363	-0.885	3322.312	-0.885	87.718	127.161	100.130	87.718
rsi7<35	>sma50d	long	09:30	4	15	52	1554.551	-0.414	37	1489.847	-0.647	4632.086	-0.647	87.697	225.387	126.042	87.697
rsi7<35	>sma50d	long	09:30	4	10	52	1554.551	-0.414	37	1937.193	-0.577	6022.930	-0.577	87.697	332.140	148.865	87.697
rsi7<35	>sma50d	long	09:30	4	0	52	1554.551	-0.414	37	1489.847	-0.647	4632.086	-0.647	87.697	225.387	126.042	87.697
rsi2<10	<sma10d	long	09:30	5	0	47	1554.517	-0.938	28	1042.571	-0.754	3241.390	-0.938	87.695	121.241	98.330	87.695
macd8/18/4<-0.0%	>sma20d	long	15:55	3	10	104	1554.277	-0.836	65	1539.175	-0.711	4784.606	-0.836	87.679	237.044	128.740	87.679
rsi14<30	down3d	long	15:55	3	15	31	1942.241	-0.410	17	895.310	-0.454	3477.816	-0.454	112.390	87.673	103.512	87.673
roc20<-2%	<sma100d	long	10:30	2	0	29	1554.105	-0.255	14	1110.073	-0.234	3450.339	-0.255	87.667	136.759	102.921	87.667
roc20<-2%	<sma100d	long	10:30	2	15	29	1554.105	-0.255	14	1110.073	-0.234	3450.339	-0.255	87.667	136.759	102.921	87.667
macd8/18/4<-0.0%	<sma20d	long	10:30	2	0	91	1553.218	-0.696	50	1303.341	-0.651	4048.747	-0.696	87.608	181.601	115.166	87.608
bb20<-1.5sd	>sma50d	long	10:30	3	5	44	1553.116	-0.338	25	2714.088	-0.400	8430.588	-0.400	87.601	522.132	181.494	87.601
rsi2>90	>sma20d	short	12:00	5	2	91	1552.856	-0.783	45	1600.209	-0.686	4969.787	-0.783	87.583	251.510	131.945	87.583
rsi3<15	down3d	long	10:30	2	0	37	1552.820	-0.249	27	1351.970	-0.506	4198.734	-0.506	87.581	192.971	118.052	87.581
bb40<-1.5sd	down5d	long	09:30	4	10	34	6293.921	-0.470	27	894.887	-0.532	11264.700	-0.532	307.918	87.577	213.025	87.577
rsi14<35	none	long	09:30	2	15	73	1552.506	-0.362	44	1092.173	-0.358	3391.209	-0.362	87.560	132.637	101.640	87.560
bb20<-1.0sd	>sma50d	long	12:00	2	10	55	1552.306	-0.318	46	994.741	-0.494	3088.284	-0.494	87.546	110.293	94.845	87.546
bb78<-1.0sd	>sma50d	long	09:30	3	10	42	1552.070	-0.355	21	2883.314	-0.238	8950.211	-0.355	87.531	564.153	187.730	87.531
bb78<-1.0sd	>sma50d	long	09:30	3	15	42	1552.070	-0.355	21	2883.314	-0.238	8950.211	-0.355	87.531	564.153	187.730	87.531
bb78<-1.0sd	>sma50d	long	09:30	3	0	42	1552.070	-0.355	21	2883.314	-0.238	8950.211	-0.355	87.531	564.153	187.730	87.531
kelt40<-1.0	down3d	long	09:30	3	0	75	1551.674	-0.726	46	2773.716	-0.540	8607.805	-0.726	87.504	536.915	183.648	87.504
bb40<-1.5sd	>sma100d	long	10:30	4	0	25	1551.608	-0.382	37	3405.749	-0.904	10568.775	-0.904	87.500	695.096	205.796	87.500
bb40<-1.5sd	>sma100d	long	10:30	4	15	25	1551.608	-0.382	37	6856.633	-0.807	21277.613	-0.807	87.500	1593.630	295.153	87.500
bb40<-1.5sd	>sma100d	long	10:30	4	10	25	1551.608	-0.382	37	7052.039	-0.710	21884.003	-0.710	87.500	1645.848	299.242	87.500
bb78<-1.5sd	none	long	09:30	5	10	53	1551.479	-0.706	30	2074.848	-0.638	6438.166	-0.706	87.491	365.416	155.018	87.491
bb20<-1.0sd	none	long	09:30	2	0	118	1551.470	-0.573	82	1827.941	-0.512	5671.991	-0.573	87.490	305.865	143.451	87.490
kelt40<-2.0	down3d	long	12:00	5	10	40	1550.824	-0.795	26	4254.891	-0.733	13197.172	-0.795	87.447	911.322	231.718	87.447
rsi3<20	<sma10d	long	09:30	2	15	36	1550.782	-0.384	28	1095.419	-0.429	3397.512	-0.429	87.444	133.384	101.777	87.444
rsi5<25	>sma50d	long	12:00	5	2	38	1550.411	-0.467	27	3212.457	-0.300	9961.255	-0.467	87.419	646.446	199.236	87.419
rsi5<25	<sma10d	long	09:30	4	15	41	3155.361	-0.810	24	894.095	-0.603	5642.386	-0.810	178.046	87.397	142.985	87.397
rsi5<25	<sma10d	long	09:30	4	0	41	6537.917	-0.607	24	894.095	-0.603	11691.038	-0.607	316.622	87.397	217.314	87.397
bb20<-1.0sd	>sma50d	long	12:00	3	2	55	1549.088	-0.400	46	2151.423	-0.386	6665.486	-0.400	87.331	384.005	158.281	87.331
bb40<-1.0sd	>sma10d	long	12:00	4	10	59	1548.758	-0.839	41	2401.068	-0.616	7437.349	-0.839	87.308	444.970	168.859	87.308
rsi5<30	<sma20d	long	09:30	3	8	44	1548.720	-0.608	31	1630.178	-0.355	5049.377	-0.608	87.306	258.629	133.299	87.306
bb40>+2.0sd	up3d	short	12:00	3	3	25	2061.239	-0.282	21	893.649	-0.332	3684.047	-0.332	119.517	87.296	107.852	87.296
roc78<-1%	>sma10d	long	10:30	3	10	66	1548.448	-0.694	29	1182.556	-0.525	3662.253	-0.694	87.288	153.508	107.401	87.288
rsi14<35	<sma20d	long	12:00	2	10	36	1548.437	-0.233	22	1883.641	-0.204	5833.399	-0.233	87.287	319.245	145.967	87.287
roc20<-1%	down3d	long	15:55	3	0	64	1548.358	-0.785	44	7434.828	-0.731	23023.556	-0.785	87.282	1748.474	306.736	87.282
roc10>+1%	up5d	short	15:55	3	2	42	1548.052	-0.245	34	911.144	-0.409	2820.996	-0.409	87.261	91.262	88.489	87.261
macd12/26/9<-0.1%	>sma50d	long	09:30	5	6	31	1548.006	-0.522	33	10765.908	-0.424	33331.390	-0.522	87.258	2657.753	365.777	87.258
bb40>+2.0sd	up3d	short	12:00	4	5	25	2242.313	-0.446	21	893.478	-0.484	4006.914	-0.484	130.021	87.258	114.349	87.258
macd8/18/4<-0.0%	<sma50d	long	10:30	2	15	98	1547.838	-0.735	47	1528.853	-0.451	4732.832	-0.735	87.247	234.602	127.831	87.247
rsi14<35	down5d	long	10:30	3	10	37	3313.407	-0.482	23	893.354	-0.578	5920.092	-0.578	185.693	87.230	147.300	87.230
kelt20<-1.0	>sma50d	long	12:00	4	6	46	1547.321	-0.532	37	8171.454	-0.574	25287.726	-0.574	87.212	1947.149	320.956	87.212
rsi2>90	>sma20d	short	12:00	4	2	91	1547.045	-0.698	45	1580.018	-0.597	4888.718	-0.698	87.193	246.719	130.552	87.193
macd8/18/4<-0.0%	<sma20d	long	09:30	4	2	91	1546.994	-0.507	50	1642.315	-0.671	5081.304	-0.671	87.190	261.515	133.838	87.190
rsi5<35	down5d	long	09:30	4	8	54	1546.982	-0.821	36	2121.800	-0.453	6564.773	-0.821	87.189	376.808	156.844	87.189
roc10<-2%	none	long	12:00	3	0	34	2357.794	-0.618	30	893.170	-0.706	4211.822	-0.706	136.523	87.188	118.301	87.188
rsi3<20	down3d	long	09:30	2	15	42	1546.870	-0.402	30	1477.318	-0.301	4570.438	-0.402	87.182	222.431	124.935	87.182
bb78<-1.0sd	down3d	long	09:30	5	0	54	1546.603	-0.906	32	3929.655	-0.819	12155.229	-0.906	87.164	828.050	221.873	87.164
kelt20<-1.0	<sma20d	long	09:30	4	0	41	2544.591	-0.747	35	893.014	-0.702	4544.713	-0.747	146.748	87.153	124.470	87.153
rsi3<20	down5d	long	12:00	3	15	39	1598.138	-0.741	29	892.953	-0.707	2854.122	-0.744	90.600	87.139	89.297	87.139
rsi5<15	down1d	long	10:30	3	0	25	1809.145	-0.343	16	892.951	-0.593	3230.953	-0.593	104.183	87.138	98.096	87.138
bb40>+2.0sd	up3d	short	12:00	4	2	25	2765.314	-0.375	21	892.911	-0.401	4938.358	-0.401	158.409	87.129	131.406	87.129
rsi3<15	down3d	long	15:55	5	0	37	2396.331	-0.809	27	892.898	-0.861	4279.357	-0.861	138.661	87.126	119.577	87.126
bb20<-1.5sd	down1d	long	15:55	2	10	48	2224.606	-0.453	21	892.764	-0.477	3972.098	-0.477	129.011	87.096	113.665	87.096
rsi2<15	down3d	long	09:30	2	15	61	1545.378	-0.581	33	1927.934	-0.336	5958.774	-0.581	87.081	329.909	147.891	87.081
bb78<-1.5sd	none	long	09:30	4	10	53	1545.270	-0.614	30	1988.912	-0.532	6146.812	-0.614	87.074	344.621	150.728	87.074
macd8/18/4<-0.0%	<sma100d	long	15:55	3	5	103	1544.825	-0.884	30	1211.297	-0.577	3742.484	-0.884	87.044	160.173	109.054	87.044
rsi5<20	>sma50d	long	09:30	5	4	27	1544.686	-0.478	24	2987.966	-0.402	9230.937	-0.478	87.035	590.241	191.004	87.035
rsi5<25	>sma50d	long	10:30	5	2	38	1544.598	-0.529	27	2878.210	-0.300	8891.351	-0.529	87.029	562.883	187.035	87.029
macd5/18/4<-0.0%	down5d	long	12:00	2	15	85	1544.541	-0.806	53	1087.210	-0.603	3358.480	-0.806	87.025	131.494	100.925	87.025
macd5/18/4<-0.0%	up1d	long	12:00	3	8	104	1543.993	-0.621	75	1146.333	-0.515	3539.861	-0.621	86.988	145.127	104.834	86.988
macd12/26/9<-0.1%	up1d	long	09:30	5	2	41	1543.305	-0.440	37	11242.147	-0.415	34700.133	-0.440	86.942	2789.812	372.695	86.942
bb20<-1.5sd	none	long	12:00	2	0	84	1543.270	-0.482	46	3309.880	-0.467	10216.074	-0.482	86.940	670.938	202.018	86.940
bb40<-1.0sd	>sma50d	long	10:30	5	3	50	1542.530	-0.551	42	4110.643	-0.613	12681.582	-0.613	86.890	874.324	226.910	86.890
roc20<-1%	<sma20d	long	09:30	2	0	53	1542.446	-0.422	34	1158.088	-0.422	3572.575	-0.422	86.884	147.845	105.526	86.884
bb10>+1.5sd	up3d	short	12:00	5	2	55	1541.982	-0.533	36	1088.811	-0.583	3357.854	-0.583	86.853	131.863	100.911	86.853
bb40>+2.0sd	>sma20d	short	15:55	2	2	27	1860.569	-0.263	21	891.535	-0.253	3317.524	-0.263	107.385	86.818	100.024	86.818
rsi14<35	<sma10d	long	09:30	3	8	34	1541.415	-0.458	22	1535.385	-0.376	4733.333	-0.458	86.815	236.147	127.839	86.815
macd8/18/4<-0.0%	<sma50d	long	15:55	2	3	98	1541.409	-0.670	47	977.424	-0.289	3013.221	-0.670	86.815	106.340	93.097	86.815
bb20<-1.5sd	none	long	10:30	2	15	84	1541.277	-0.461	46	5169.963	-0.423	15936.690	-0.461	86.806	1148.272	255.451	86.806
rsi5>85	>sma50d	short	15:55	3	8	31	1541.199	-0.357	27	1103.816	-0.610	3402.400	-0.610	86.800	135.318	101.884	86.800
bb40<-1.5sd	>sma50d	long	10:30	5	4	39	1541.125	-0.375	26	3392.696	-0.542	10457.140	-0.542	86.795	691.804	204.609	86.795
roc20<-1%	down5d	long	09:30	5	0	55	4267.900	-0.835	35	891.365	-0.853	7608.510	-0.853	228.795	86.779	171.110	86.779
bb20<-1.5sd	down3d	long	15:55	3	6	43	1540.490	-0.580	22	3051.165	-0.352	9400.576	-0.580	86.753	606.030	192.952	86.753
roc40<-2%	>sma10d	long	10:30	5	3	35	1540.379	-0.718	16	1455.319	-0.548	4483.486	-0.718	86.745	217.246	123.358	86.745
kelt20<-1.5	down3d	long	10:30	5	10	39	1540.314	-0.732	21	2217.282	-0.683	6830.618	-0.732	86.741	400.035	160.607	86.741
roc20<-2%	<sma50d	long	15:55	2	15	25	1540.180	-0.438	22	1218.942	-0.558	3754.780	-0.558	86.732	161.948	109.305	86.732
bb20<-1.5sd	>sma50d	long	09:30	5	4	44	1539.797	-0.433	25	5004.385	-0.440	15411.470	-0.440	86.706	1105.127	251.114	86.706
bb20<-1.0sd	>sma50d	long	12:00	2	15	55	1552.306	-0.318	46	891.023	-0.493	2766.280	-0.493	87.546	86.702	87.142	86.702
bb40<-1.5sd	<sma20d	long	09:30	2	0	32	1539.699	-0.240	27	937.032	-0.376	2885.493	-0.376	86.699	97.141	90.057	86.699
rsi2<15	<sma20d	long	09:30	3	0	47	1539.095	-0.809	31	1305.885	-0.678	4019.760	-0.809	86.659	182.195	114.600	86.659
bb20<-1.5sd	>sma50d	long	15:55	4	4	44	1538.998	-0.411	25	2332.115	-0.504	7178.241	-0.504	86.652	428.078	165.389	86.652
roc10<-2%	none	long	12:00	4	15	34	4359.511	-0.610	30	890.686	-0.805	7765.915	-0.805	232.694	86.626	173.151	86.626
bb10>+1.0sd	>sma20d	short	12:00	3	2	94	1538.505	-0.580	50	2146.155	-0.416	6603.740	-0.580	86.619	382.725	157.402	86.619
rsi2<10	down1d	long	10:30	4	0	68	1538.408	-0.814	29	2988.333	-0.746	9194.549	-0.814	86.613	590.332	190.583	86.613
rsi14>65	up3d	short	12:00	5	2	45	1538.289	-0.567	36	973.957	-0.727	2996.455	-0.727	86.605	105.549	92.702	86.605
rsi5<35	>sma50d	long	12:00	4	10	59	1537.860	-0.542	41	1084.105	-0.782	3334.404	-0.782	86.576	130.780	100.396	86.576
rsi5<35	>sma50d	long	12:00	4	15	59	1537.860	-0.542	41	975.031	-0.832	2998.922	-0.832	86.576	105.794	92.760	86.576
macd12/26/9<-0.0%	up1d	long	09:30	3	10	122	1537.792	-0.706	77	5852.175	-0.516	17998.853	-0.706	86.571	1327.180	271.655	86.571
rsi5<30	<sma100d	long	12:00	2	0	53	1537.620	-0.377	18	1271.501	-0.256	3910.171	-0.377	86.559	174.174	112.438	86.559
rsi3>90	>sma20d	short	15:55	2	3	54	1537.312	-0.260	38	1066.985	-0.389	3280.576	-0.389	86.539	126.844	99.205	86.539
macd5/18/4<-0.0%	down3d	long	09:30	2	0	95	1537.083	-0.612	54	1721.219	-0.301	5291.314	-0.612	86.523	280.320	137.333	86.523
roc78<-3%	>sma10d	long	12:00	4	3	28	1537.034	-0.515	14	1709.541	-0.241	5255.244	-0.515	86.520	277.532	136.739	86.520
bb20<-1.5sd	none	long	10:30	5	10	84	1536.884	-0.839	46	26186.200	-0.835	80490.308	-0.839	86.510	7106.074	543.353	86.510
bb20<-1.5sd	>sma50d	long	10:30	2	15	44	1536.843	-0.239	25	1719.198	-0.397	5284.275	-0.397	86.507	279.837	137.218	86.507
bb20<-1.5sd	>sma50d	long	10:30	2	10	44	1536.843	-0.239	25	1962.933	-0.312	6033.438	-0.312	86.507	338.348	149.024	86.507
bb20<-1.5sd	>sma50d	long	10:30	2	0	44	1536.843	-0.239	25	1661.704	-0.417	5107.557	-0.417	86.507	266.129	134.280	86.507
rsi3>90	>sma10d	short	15:55	2	2	55	1580.453	-0.309	37	890.144	-0.317	2813.661	-0.317	89.427	86.503	88.310	86.503
macd12/26/9<-0.0%	none	long	09:30	2	15	223	1536.546	-0.789	111	2759.437	-0.453	8480.007	-0.789	86.487	533.373	182.097	86.487
roc20<-1%	<sma100d	long	15:55	2	0	56	1536.341	-0.568	19	1410.025	-0.343	4332.558	-0.568	86.473	206.589	120.573	86.473
rsi3<25	<sma10d	long	09:30	3	15	43	1536.010	-0.766	30	1111.369	-0.602	3414.146	-0.766	86.451	137.058	102.139	86.451
macd8/18/4<-0.0%	>sma10d	long	10:30	3	15	113	1675.142	-0.688	67	889.757	-0.838	2980.938	-0.838	95.645	86.415	92.336	86.415
kelt40<-1.5	down5d	long	09:30	2	10	46	1535.156	-0.606	31	1025.237	-0.288	3147.798	-0.606	86.394	117.268	96.212	86.394
rsi14<35	<sma10d	long	09:30	2	0	34	1535.059	-0.349	22	1235.637	-0.210	3793.554	-0.349	86.387	165.827	110.095	86.387
rsi5<15	none	long	09:30	5	10	43	1534.908	-0.925	35	1752.800	-0.812	5380.773	-0.925	86.377	287.866	138.796	86.377
kelt20<-1.0	>sma100d	long	10:30	4	4	30	1534.800	-0.373	52	2545.749	-0.759	7814.430	-0.759	86.369	480.540	173.775	86.369
roc10<-2%	down1d	long	12:00	3	10	25	3419.409	-0.313	18	889.533	-0.469	6083.353	-0.469	190.731	86.364	149.777	86.364
macd12/26/9<-0.0%	down5d	long	12:00	2	3	94	1872.822	-0.525	44	889.517	-0.490	3331.815	-0.525	108.142	86.361	100.339	86.361
bb10<-1.5sd	down3d	long	09:30	4	0	41	1730.889	-0.658	25	889.460	-0.603	3079.111	-0.763	99.233	86.348	94.633	86.348
rsi5<30	>sma100d	long	10:30	5	3	28	1534.200	-0.504	43	1389.792	-0.614	4264.439	-0.614	86.329	201.838	119.296	86.329
bb10>+1.5sd	>sma10d	short	12:00	3	3	58	1729.763	-0.426	37	889.353	-0.477	3076.739	-0.477	99.161	86.324	94.578	86.324
roc40>+2%	>sma20d	short	12:00	3	2	34	1533.981	-0.322	34	949.989	-0.484	2914.531	-0.484	86.314	100.088	90.755	86.314
roc20<-2%	none	long	15:55	2	10	43	1533.962	-0.459	38	1591.291	-0.369	4881.960	-0.459	86.313	249.393	130.435	86.313
rsi3>90	>sma10d	short	12:00	4	3	55	1533.360	-0.662	37	890.359	-0.551	2730.482	-0.662	86.272	86.551	86.251	86.272
roc10<-2%	none	long	15:55	2	0	34	1532.925	-0.498	30	1168.164	-0.608	3581.416	-0.608	86.243	150.176	105.712	86.243
macd12/26/9<-0.1%	down3d	long	10:30	2	10	52	1532.533	-0.550	28	979.147	-0.329	3001.150	-0.550	86.217	106.733	92.813	86.217
macd5/18/4>+0.1%	>sma20d	short	12:00	3	3	60	1532.438	-0.395	39	891.933	-0.378	2733.665	-0.395	86.210	86.908	86.330	86.210
macd12/26/9<-0.1%	none	long	10:30	2	10	93	1532.386	-0.663	60	1686.581	-0.480	5168.986	-0.663	86.207	272.056	135.308	86.207
bb20<-1.5sd	>sma50d	long	10:30	3	3	44	1531.512	-0.326	25	1998.788	-0.334	6122.337	-0.334	86.148	347.007	150.362	86.148
roc40<-3%	down3d	long	15:55	2	0	32	1530.841	-0.499	19	2709.608	-0.303	8295.957	-0.499	86.102	521.023	179.839	86.102
bb40>+2.0sd	>sma20d	short	15:55	3	3	27	2165.571	-0.474	21	888.189	-0.423	3846.871	-0.474	125.617	86.060	111.172	86.060
rsi7<25	>sma50d	long	09:30	4	0	28	1529.459	-0.452	24	4260.204	-0.218	13031.617	-0.452	86.009	912.687	230.187	86.009
rsi7<25	>sma50d	long	09:30	4	15	28	1529.459	-0.452	24	4260.204	-0.218	13031.617	-0.452	86.009	912.687	230.187	86.009
rsi7<25	>sma50d	long	09:30	4	10	28	1529.459	-0.452	24	4260.204	-0.218	13031.617	-0.452	86.009	912.687	230.187	86.009
bb10>+1.5sd	>sma20d	short	10:30	5	2	56	1534.701	-0.510	38	887.574	-0.641	2724.322	-0.641	86.363	85.921	86.097	85.921
macd12/26/9<-0.1%	down3d	long	09:30	4	0	52	4677.034	-0.742	28	887.564	-0.603	8302.338	-0.742	245.934	85.919	179.918	85.919
macd12/26/9<-0.1%	down3d	long	09:30	4	15	52	1721.226	-0.905	28	887.564	-0.603	3055.398	-0.905	98.614	85.919	94.082	85.919
macd12/26/9<-0.0%	down5d	long	10:30	3	0	94	1527.521	-0.921	44	1445.500	-0.677	4416.065	-0.921	85.878	214.933	122.121	85.878
macd12/26/9<-0.2%	down3d	long	10:30	2	10	26	1527.260	-0.399	15	1179.411	-0.236	3602.536	-0.399	85.861	152.780	106.156	85.861
macd12/26/9<-0.2%	down3d	long	10:30	2	15	26	1527.260	-0.399	15	1179.411	-0.236	3602.536	-0.399	85.861	152.780	106.156	85.861
roc10<-2%	down1d	long	09:30	3	10	25	2198.976	-0.366	18	887.286	-0.419	3902.241	-0.419	127.543	85.856	112.280	85.856
roc20<-2%	down5d	long	12:00	3	0	27	2912.181	-0.271	21	887.093	-0.679	5166.750	-0.679	165.939	85.812	135.271	85.812
rsi3<15	down5d	long	12:00	2	0	34	1886.005	-0.293	23	887.083	-0.515	3346.084	-0.515	108.954	85.810	100.653	85.810
rsi3<25	down5d	long	09:30	3	15	46	2148.533	-0.819	32	886.866	-0.452	3810.923	-0.819	124.630	85.761	110.447	85.761
rsi3<25	down5d	long	09:30	3	0	46	3769.928	-0.683	32	886.866	-0.452	6686.845	-0.683	206.914	85.761	158.584	85.761
macd8/18/4<-0.0%	down5d	long	09:30	2	2	92	1608.441	-0.310	50	886.851	-0.279	2852.895	-0.310	91.281	85.757	89.267	85.757
macd8/18/4<-0.0%	down3d	long	15:55	2	5	99	1879.447	-0.619	53	886.736	-0.436	3333.148	-0.619	108.550	85.731	100.368	85.731
bb40<-1.0sd	none	long	09:30	2	15	106	1524.559	-0.677	78	2617.448	-0.481	7980.911	-0.677	85.678	498.229	175.898	85.678
roc20<-2%	<sma50d	long	10:30	4	15	25	2094.547	-0.556	22	886.470	-0.824	3713.505	-0.824	121.479	85.671	108.460	85.671
kelt20<-1.5	none	long	09:30	2	0	73	1524.183	-0.436	43	992.271	-0.455	3024.806	-0.455	85.653	109.729	93.368	85.653
roc20<-2%	none	long	10:30	3	0	43	1524.071	-0.614	38	1487.133	-0.743	4532.991	-0.743	85.645	224.746	124.258	85.645
roc20<-2%	none	long	10:30	3	15	43	1524.071	-0.614	38	2186.791	-0.646	6665.647	-0.646	85.645	392.609	158.283	85.645
bb40<-1.0sd	down1d	long	09:30	3	0	66	1523.987	-0.787	34	1376.162	-0.531	4194.506	-0.787	85.640	198.640	117.972	85.640
rsi5<30	<sma10d	long	12:00	2	0	44	1523.736	-0.305	28	964.413	-0.577	2939.021	-0.577	85.623	103.373	91.341	85.623
kelt20<-1.0	>sma50d	long	10:30	5	2	46	1523.673	-0.415	37	5475.770	-0.381	16686.568	-0.415	85.618	1228.248	261.489	85.618
bb40<-1.0sd	>sma50d	long	12:00	4	2	50	1523.543	-0.348	42	5525.821	-0.529	16837.649	-0.529	85.609	1241.372	262.685	85.609
kelt20>+2.0	>sma20d	short	12:00	4	2	28	1523.185	-0.461	25	1052.572	-0.451	3206.525	-0.461	85.585	123.535	97.546	85.585
bb40<-1.5sd	<sma100d	long	12:00	4	15	34	1522.828	-0.603	16	3570.355	-0.147	10874.071	-0.603	85.561	736.703	209.003	85.561
kelt20<-1.0	>sma50d	long	10:30	4	4	46	1522.827	-0.405	37	2307.086	-0.442	7026.585	-0.442	85.561	421.956	163.321	85.561
bb40>+2.0sd	>sma20d	short	15:55	3	5	27	1580.365	-0.572	21	885.905	-0.527	2800.107	-0.572	89.421	85.543	87.977	85.543
rsi5>85	>sma50d	short	15:55	4	4	31	1522.490	-0.581	27	2176.983	-0.541	6628.872	-0.581	85.538	390.222	157.760	85.538
macd8/18/4<-0.0%	up1d	long	12:00	3	10	106	1522.430	-0.675	75	1952.857	-0.595	5946.176	-0.675	85.534	335.917	147.698	85.534
roc156<-1%	>sma10d	long	10:30	5	2	58	1522.065	-0.858	26	1688.015	-0.450	5138.537	-0.858	85.509	272.398	134.800	85.509
bb40<-1.0sd	>sma50d	long	09:30	5	5	50	1521.926	-0.440	42	11840.119	-0.501	36039.571	-0.501	85.500	2956.264	379.299	85.500
rsi2>75	>sma20d	short	15:55	3	3	108	1521.720	-0.713	54	1330.494	-0.702	4049.280	-0.713	85.486	187.946	115.176	85.486
rsi14<35	<sma10d	long	12:00	3	10	34	1521.305	-0.461	22	2932.354	-0.305	8922.010	-0.461	85.458	576.369	187.398	85.458
kelt40<-1.5	down3d	long	15:55	4	0	57	1521.267	-0.961	36	7633.537	-0.714	23225.293	-0.961	85.455	1801.918	308.038	85.455
bb40>+2.0sd	up3d	short	12:00	5	2	25	3735.320	-0.448	21	885.355	-0.481	6614.168	-0.481	205.347	85.419	157.550	85.419
rsi7<30	>sma50d	long	12:00	5	2	36	1520.495	-0.588	32	1072.420	-0.654	3261.219	-0.654	85.403	128.093	98.773	85.403
roc10>+1%	up5d	short	15:55	4	2	42	1906.957	-0.324	34	885.252	-0.527	3376.274	-0.527	110.239	85.395	101.314	85.395
bb20<-1.5sd	<sma10d	long	09:30	4	6	34	1752.054	-0.415	19	885.209	-0.690	3101.867	-0.690	100.581	85.386	95.159	85.386
rsi3<25	>sma50d	long	09:30	4	10	49	2275.424	-0.462	43	885.060	-0.717	4027.771	-0.717	131.900	85.352	114.757	85.352
rsi14<35	down5d	long	10:30	3	8	37	1986.663	-0.471	23	885.020	-0.619	3516.473	-0.619	115.073	85.343	104.337	85.343
macd12/26/9<-0.1%	down3d	long	12:00	2	0	52	1519.594	-0.530	28	885.400	-0.408	2690.896	-0.530	85.342	85.429	85.257	85.342
macd8/18/4<-0.0%	down3d	long	15:55	4	10	99	1519.493	-0.897	53	1383.697	-0.856	4205.037	-0.897	85.335	200.408	118.172	85.335
macd12/26/9<-0.1%	down3d	long	09:30	5	10	52	1519.471	-0.959	28	1374.202	-0.569	4176.120	-0.959	85.334	198.181	117.621	85.334
macd8/18/4<-0.0%	<sma10d	long	09:30	3	10	88	1519.314	-0.804	48	2953.122	-0.453	8973.437	-0.804	85.323	581.546	188.003	85.323
roc10<-2%	down3d	long	09:30	3	8	26	1519.212	-0.663	19	1599.328	-0.403	4859.436	-0.748	85.316	251.300	130.045	85.316
kelt20<-1.0	>sma50d	long	12:00	4	3	46	1518.843	-0.494	37	2995.175	-0.374	9098.400	-0.494	85.291	592.040	189.466	85.291
bb20<-1.5sd	down5d	long	10:30	4	10	33	5382.375	-0.574	21	884.596	-0.663	9522.455	-0.663	273.987	85.247	194.338	85.247
roc20<-1%	<sma10d	long	09:30	4	0	54	1517.670	-0.825	36	2418.558	-0.734	7341.145	-0.825	85.212	449.261	167.580	85.212
rsi3<20	down1d	long	09:30	2	0	40	1615.781	-0.357	26	884.327	-0.248	2857.757	-0.357	91.765	85.186	89.385	85.186
rsi14<35	<sma20d	long	15:55	2	10	36	1517.003	-0.249	22	1871.217	-0.231	5677.284	-0.249	85.167	316.258	143.535	85.167
roc78<-3%	>sma10d	long	12:00	5	3	28	1516.973	-0.651	14	2048.545	-0.297	6215.173	-0.651	85.165	359.044	151.746	85.165
roc40<-3%	down3d	long	15:55	2	10	32	1514.828	-0.513	19	1890.156	-0.365	5726.522	-0.513	85.019	320.813	144.306	85.019
bb40<-1.0sd	>sma50d	long	10:30	2	15	50	1514.753	-0.241	42	3262.591	-0.302	9884.043	-0.302	85.014	659.043	198.384	85.014
bb40<-1.0sd	>sma50d	long	10:30	2	10	50	1514.753	-0.241	42	3210.466	-0.303	9726.128	-0.303	85.014	645.946	196.629	85.014
bb40<-1.0sd	>sma50d	long	10:30	2	0	50	1514.753	-0.241	42	3153.483	-0.325	9553.498	-0.325	85.014	631.649	194.689	85.014
kelt20<-1.5	down3d	long	15:55	3	6	39	1514.439	-0.547	21	935.446	-0.459	2833.352	-0.556	84.993	96.780	88.791	84.993
kelt40<-1.5	down3d	long	09:30	2	10	57	1514.242	-0.565	36	2056.386	-0.288	6227.732	-0.565	84.980	360.943	151.932	84.980
rsi3<35	down1d	long	09:30	5	0	67	1514.126	-0.937	36	1150.344	-0.614	3483.531	-0.937	84.972	146.054	103.634	84.972
macd5/18/4<-0.0%	<sma10d	long	09:30	2	0	83	1514.124	-0.627	50	1376.728	-0.342	4169.073	-0.627	84.972	198.773	117.487	84.972
kelt10>+1.0	>sma50d	short	15:55	5	2	45	1513.894	-0.786	39	1985.973	-0.586	6013.106	-0.801	84.956	343.911	148.716	84.956
rsi3<30	down5d	long	09:30	4	10	53	1879.165	-0.893	35	883.261	-0.653	3319.586	-0.893	108.533	84.945	100.069	84.945
rsi3>90	>sma50d	short	15:55	5	3	42	1513.535	-0.613	33	2053.349	-0.676	6215.632	-0.676	84.932	360.207	151.753	84.932
rsi2<35	>sma50d	long	09:30	4	15	78	1513.288	-0.472	57	1656.859	-0.806	5014.610	-0.806	84.915	264.976	132.709	84.915
rsi2<35	>sma50d	long	09:30	4	0	78	1513.288	-0.472	57	1656.859	-0.806	5014.610	-0.806	84.915	264.976	132.709	84.915
rsi2<35	>sma50d	long	09:30	4	10	78	1513.288	-0.472	57	2807.997	-0.698	8498.620	-0.698	84.915	545.426	182.324	84.915
bb40<-1.0sd	>sma50d	long	10:30	4	2	50	1513.038	-0.334	42	4581.532	-0.520	13864.065	-0.520	84.898	995.473	237.763	84.898
rsi7<35	<sma100d	long	12:00	2	0	56	1512.688	-0.332	16	916.752	-0.280	2773.519	-0.332	84.874	92.534	87.321	84.874
macd12/26/9<-0.2%	down3d	long	15:55	1	0	26	1512.348	-0.090	15	974.004	-0.111	2946.066	-0.111	84.851	105.560	91.509	84.851
bb40<-1.5sd	>sma100d	long	15:55	3	10	25	1512.232	-0.352	37	2918.592	-0.691	8827.174	-0.691	84.843	572.939	186.275	84.843
rsi5<35	<sma100d	long	09:30	3	15	58	1512.210	-0.687	20	1257.520	-0.343	3803.268	-0.687	84.842	170.918	110.292	84.842
macd5/18/4<-0.0%	up1d	long	10:30	5	10	104	1512.121	-0.835	75	941.558	-0.846	2847.500	-0.846	84.836	98.170	89.136	84.836
kelt10>+1.0	>sma20d	short	12:00	5	2	54	1511.792	-0.767	41	3692.736	-0.553	11165.298	-0.767	84.813	767.737	212.010	84.813
bb20>+2.0sd	up3d	short	15:55	4	2	40	1839.339	-0.610	22	882.361	-0.424	3245.921	-0.610	106.068	84.741	98.431	84.741
rsi5<25	down3d	long	09:30	5	15	47	1510.372	-0.946	27	2345.552	-0.754	7085.312	-0.946	84.717	431.366	164.125	84.717
rsi3>90	>sma50d	short	15:55	5	4	42	1510.036	-0.653	33	1005.046	-0.787	3035.311	-0.787	84.694	112.648	93.614	84.694
roc10<-2%	none	long	12:00	3	8	34	1509.679	-0.629	30	991.659	-0.569	2994.174	-0.747	84.670	109.589	92.649	84.670
macd12/26/9<-0.1%	up1d	long	12:00	3	8	41	1509.331	-0.507	37	4381.313	-0.534	13225.701	-0.534	84.646	943.832	231.981	84.646
kelt20<-1.0	>sma100d	long	15:55	4	10	30	1508.885	-0.405	52	1542.766	-0.934	4655.714	-0.934	84.616	237.894	126.463	84.616
macd8/18/4<-0.0%	<sma100d	long	15:55	3	10	103	1508.639	-0.855	30	2100.252	-0.516	6337.045	-0.855	84.599	371.577	153.544	84.599
macd12/26/9<-0.0%	>sma10d	long	09:30	4	10	127	1508.529	-0.640	68	930.210	-0.669	2806.497	-0.669	84.592	95.590	88.134	84.592
rsi5<30	down5d	long	09:30	2	8	47	1508.512	-0.484	30	1027.982	-0.244	3101.446	-0.484	84.591	117.897	95.149	84.591
bb10>+1.5sd	>sma20d	short	12:00	2	2	56	1508.344	-0.239	38	963.314	-0.286	2906.017	-0.286	84.579	103.123	90.551	84.579
rsi3<20	down5d	long	09:30	2	10	39	1508.163	-0.484	29	1053.159	-0.257	3176.672	-0.484	84.567	123.670	96.870	84.567
rsi5<30	<sma20d	long	12:00	3	0	44	1507.970	-0.506	31	1512.360	-0.775	4561.189	-0.775	84.554	230.703	124.768	84.554
roc156<-1%	>sma10d	long	10:30	5	3	58	1507.913	-0.887	26	2781.225	-0.503	8387.688	-0.887	84.550	538.779	180.968	84.550
roc10>+1%	up1d	short	12:00	3	2	48	1507.729	-0.516	27	952.657	-0.461	2872.698	-0.516	84.538	100.696	89.748	84.538
bb20<-1.5sd	>sma50d	long	10:30	3	2	44	1507.632	-0.270	25	2588.903	-0.242	7806.224	-0.270	84.531	491.182	173.670	84.531
kelt20<-1.0	>sma50d	long	09:30	3	0	46	1507.462	-0.351	37	3332.340	-0.368	10046.751	-0.368	84.519	676.593	200.174	84.519
kelt20<-1.0	>sma50d	long	09:30	3	10	46	1507.462	-0.351	37	3928.512	-0.304	11844.163	-0.351	84.519	827.759	218.830	84.519
kelt20<-1.0	>sma50d	long	09:30	3	15	46	1507.462	-0.351	37	3332.340	-0.368	10046.751	-0.368	84.519	676.593	200.174	84.519
rsi3<20	down3d	long	12:00	4	15	42	1507.215	-0.817	30	1458.714	-0.829	4397.193	-0.848	84.503	218.045	121.773	84.503
macd12/26/9<-0.0%	down5d	long	15:55	3	10	94	1507.137	-0.963	44	2067.522	-0.625	6232.076	-0.963	84.497	363.641	151.997	84.497
kelt20<-1.0	down5d	long	09:30	3	10	43	2970.495	-0.769	32	881.129	-0.498	5234.778	-0.769	168.882	84.462	136.401	84.462
kelt40<-1.5	down5d	long	12:00	4	0	46	1505.917	-0.876	31	880.928	-0.865	2653.208	-0.884	84.414	84.417	84.302	84.414
bb20<-1.5sd	down3d	long	15:55	5	6	43	1505.736	-0.815	22	5932.634	-0.545	17865.955	-0.815	84.402	1348.396	270.647	84.402
bb10>+1.5sd	up3d	short	15:55	5	2	55	2914.522	-0.467	36	880.845	-0.642	5134.483	-0.642	166.058	84.398	134.732	84.398
rsi5<30	<sma10d	long	12:00	3	0	44	2195.017	-0.445	28	880.801	-0.775	3866.745	-0.775	127.315	84.388	111.571	84.388
bb20<-1.5sd	>sma50d	long	09:30	4	6	44	1505.376	-0.394	25	6891.401	-0.339	20748.295	-0.394	84.378	1602.913	291.523	84.378
macd5/18/4<-0.1%	>sma50d	long	09:30	4	0	28	1505.332	-0.419	35	1952.171	-0.581	5877.333	-0.581	84.375	335.752	146.644	84.375
macd5/18/4<-0.1%	>sma50d	long	09:30	4	15	28	1505.332	-0.419	35	1952.171	-0.581	5877.333	-0.581	84.375	335.752	146.644	84.375
macd5/18/4<-0.1%	>sma50d	long	09:30	4	10	28	1505.332	-0.419	35	2538.336	-0.498	7642.078	-0.498	84.375	478.714	171.547	84.375
bb40<-1.5sd	>sma50d	long	12:00	4	4	39	1505.221	-0.331	26	2984.810	-0.458	8985.597	-0.458	84.367	589.453	188.146	84.367
kelt40<-1.5	<sma20d	long	15:55	3	0	41	1504.616	-0.751	33	7265.832	-0.782	21864.572	-0.782	84.326	1703.112	299.112	84.326
rsi2<30	>sma50d	long	09:30	5	10	72	1504.540	-0.619	54	2188.830	-0.778	6586.365	-0.778	84.321	393.105	157.153	84.321
rsi2<30	>sma50d	long	09:30	5	0	72	1504.540	-0.619	54	944.157	-0.891	2841.045	-0.891	84.321	98.761	88.979	84.321
rsi2<30	>sma50d	long	09:30	5	15	72	1504.540	-0.619	54	944.157	-0.891	2841.045	-0.891	84.321	98.761	88.979	84.321
macd8/18/4<-0.0%	<sma50d	long	10:30	3	15	98	1504.377	-0.894	47	1764.318	-0.668	5308.397	-0.894	84.310	290.621	137.614	84.310
bb40<-1.0sd	>sma100d	long	12:00	5	4	31	1504.075	-0.545	57	4128.918	-0.798	12420.401	-0.798	84.289	879.006	224.427	84.289
kelt20>+1.0	up3d	short	12:00	4	2	86	1503.967	-0.621	52	967.372	-0.628	2909.790	-0.628	84.282	104.048	90.641	84.282
rsi2<10	>sma100d	long	10:30	4	3	37	1503.956	-0.423	50	1649.425	-0.600	4961.326	-0.600	84.281	263.207	131.800	84.281
bb40<-1.0sd	>sma100d	long	15:55	2	15	31	1503.721	-0.207	57	3085.673	-0.678	9279.981	-0.678	84.265	614.663	191.569	84.265
bb40<-1.0sd	>sma100d	long	15:55	2	0	31	1503.721	-0.207	57	2670.221	-0.617	8030.534	-0.617	84.265	511.273	176.525	84.265
bb20<-1.5sd	down1d	long	10:30	4	3	48	1723.937	-0.656	21	880.202	-0.508	3034.827	-0.656	98.788	84.253	93.603	84.253
rsi14<35	<sma20d	long	12:00	4	8	36	1503.248	-0.460	22	1327.209	-0.547	3990.250	-0.547	84.233	187.177	114.022	84.233
rsi5<25	<sma20d	long	09:30	5	8	37	1503.233	-0.913	27	1049.746	-0.753	3156.025	-0.913	84.232	122.886	96.400	84.232
rsi5<25	<sma20d	long	09:30	5	10	37	1503.233	-0.913	27	897.386	-0.788	2697.962	-0.913	84.232	88.143	85.435	84.232
rsi2<35	down5d	long	09:30	3	0	71	1503.025	-0.845	38	1109.700	-0.677	3335.813	-0.845	84.218	136.673	100.427	84.218
macd12/26/9<-0.1%	up1d	long	10:30	3	2	41	1502.510	-0.303	37	4320.436	-0.304	12982.996	-0.304	84.183	928.168	229.736	84.183
rsi14>65	up3d	short	15:55	3	2	45	1573.543	-0.378	36	879.891	-0.545	2769.092	-0.545	88.966	84.182	87.211	84.182
rsi7<30	<sma100d	long	10:30	3	0	44	1591.236	-0.362	14	879.882	-0.401	2800.201	-0.505	90.143	84.180	87.979	84.180
bb40<-1.0sd	down1d	long	15:55	1	0	66	1502.378	-0.361	34	926.670	-0.391	2784.418	-0.391	84.174	94.786	87.590	84.174
macd8/18/4<-0.0%	>sma50d	long	10:30	4	10	85	2164.712	-0.690	68	879.794	-0.847	3809.000	-0.847	125.568	84.160	110.408	84.160
bb40<-1.5sd	<sma100d	long	12:00	5	10	34	1501.860	-0.647	16	2744.583	-0.509	8243.959	-0.647	84.138	529.689	179.195	84.138
rsi5<30	>sma100d	long	10:30	3	15	28	1501.556	-0.378	43	1303.032	-0.595	3913.150	-0.595	84.118	181.528	112.497	84.118
rsi5<30	>sma100d	long	10:30	3	10	28	1501.556	-0.378	43	1608.487	-0.525	4830.468	-0.525	84.118	253.475	129.541	84.118
rsi5<30	>sma100d	long	10:30	3	0	28	1501.556	-0.378	43	886.130	-0.694	2661.148	-0.694	84.118	85.594	84.504	84.118
kelt20<-1.0	<sma10d	long	09:30	4	10	40	1500.644	-0.887	32	2304.214	-0.532	6915.608	-0.887	84.056	421.254	161.790	84.056
rsi7<30	<sma100d	long	12:00	3	0	44	1500.637	-0.452	14	978.233	-0.414	2935.945	-0.452	84.055	106.524	91.267	84.055
macd8/18/4<-0.0%	<sma20d	long	10:30	3	10	91	1500.368	-0.827	50	1389.225	-0.678	4168.696	-0.827	84.037	201.705	117.480	84.037
macd8/18/4<-0.0%	down5d	long	10:30	5	2	92	4169.280	-0.620	50	879.210	-0.650	7331.344	-0.650	224.556	84.028	167.449	84.028
rsi5<15	none	long	09:30	2	10	43	1500.071	-0.425	35	1159.649	-0.380	3479.112	-0.425	84.017	148.206	103.539	84.017
rsi5<15	none	long	09:30	2	15	43	1500.071	-0.425	35	961.578	-0.486	2884.870	-0.486	84.017	102.727	90.042	84.017
roc20<-1%	down5d	long	15:55	3	15	55	1499.956	-0.859	35	5247.440	-0.717	15741.857	-0.859	84.009	1168.499	253.853	84.009
bb78<-1.5sd	none	long	15:55	4	10	53	1499.699	-0.877	30	2170.470	-0.718	6510.105	-0.877	83.991	388.637	156.059	83.991
bb20<-1.5sd	<sma10d	long	09:30	5	6	34	1975.744	-0.520	19	878.917	-0.783	3473.029	-0.783	114.416	83.962	103.409	83.962
roc40<-3%	none	long	12:00	3	0	46	1498.843	-0.705	26	3093.183	-0.741	9272.392	-0.741	83.933	616.543	191.482	83.933
rsi7<35	>sma50d	long	12:00	4	3	52	1498.837	-0.666	37	1147.450	-0.605	3439.681	-0.666	83.933	145.386	102.691	83.933
rsi7<30	<sma100d	long	10:30	5	0	44	2195.437	-0.551	14	878.674	-0.625	3858.144	-0.773	127.339	83.907	111.398	83.907
macd8/18/4<-0.0%	down3d	long	15:55	1	0	99	1498.134	-0.309	53	1393.779	-0.302	4176.134	-0.309	83.885	202.774	117.622	83.885
bb40<-1.0sd	>sma50d	long	09:30	4	4	50	1497.835	-0.307	42	7951.616	-0.502	23820.425	-0.502	83.864	1887.699	311.838	83.864
roc6<-1%	<sma100d	long	12:00	2	0	45	1497.713	-0.574	16	998.560	-0.428	2991.114	-0.583	83.856	111.166	92.576	83.856
bb40<-1.0sd	>sma50d	long	12:00	3	5	50	1497.457	-0.439	42	2760.959	-0.492	8268.835	-0.492	83.839	533.750	179.503	83.839
macd5/18/4<-0.0%	up1d	long	09:30	3	8	104	1497.322	-0.624	75	3534.113	-0.429	10583.408	-0.624	83.829	727.528	205.952	83.829
bb20<-1.5sd	>sma20d	long	15:55	5	15	50	1497.291	-0.749	24	1541.319	-0.851	4615.606	-0.851	83.827	237.551	125.747	83.827
bb20<-1.5sd	>sma20d	long	15:55	5	10	50	1497.291	-0.749	24	1478.977	-0.758	4428.918	-0.758	83.827	222.822	122.358	83.827
kelt20>+1.0	>sma20d	short	12:00	5	2	73	1497.063	-0.665	51	1187.907	-0.672	3556.744	-0.672	83.812	154.748	105.192	83.812
macd12/26/9<-0.0%	up1d	long	10:30	3	15	122	1496.717	-0.689	77	3705.229	-0.636	11091.357	-0.689	83.788	770.910	211.251	83.788
macd8/18/4<-0.0%	down5d	long	12:00	3	6	92	1517.298	-0.843	50	877.908	-0.711	2664.095	-0.879	85.187	83.734	84.579	83.734
bb20<-1.0sd	>sma50d	long	09:30	5	6	55	1495.870	-0.539	46	19623.842	-0.564	58709.434	-0.564	83.730	5176.056	473.121	83.730
rsi3<30	<sma10d	long	09:30	2	0	51	1779.842	-0.418	33	877.873	-0.429	3124.953	-0.429	102.341	83.726	95.689	83.726
kelt20<-1.0	down3d	long	09:30	3	10	54	1495.751	-0.795	40	2058.616	-0.415	6158.355	-0.795	83.722	361.483	150.901	83.722
roc10<-2%	none	long	15:55	5	6	34	2278.803	-0.755	30	877.848	-0.850	4000.887	-0.850	132.091	83.720	114.231	83.720
kelt40<-1.5	down5d	long	09:30	4	15	46	1504.944	-0.932	31	877.832	-0.688	2642.176	-0.932	84.348	83.717	84.021	83.717
kelt40<-1.5	down5d	long	09:30	4	0	46	4089.337	-0.815	31	877.832	-0.688	7179.501	-0.815	221.087	83.717	165.406	83.717
rsi3>85	>sma10d	short	12:00	3	3	65	1526.234	-0.515	43	877.817	-0.492	2679.510	-0.515	85.791	83.713	84.969	83.713
rsi3>70	>sma20d	short	15:55	4	2	97	1495.406	-0.742	55	1319.278	-0.682	3945.713	-0.742	83.699	185.323	113.143	83.699
rsi2<25	down3d	long	09:30	2	0	68	1495.289	-0.479	39	1980.933	-0.336	5924.136	-0.479	83.691	342.694	147.362	83.691
macd12/26/9<-0.2%	<sma20d	long	12:00	3	15	26	1495.263	-0.790	13	2378.458	-0.036	7112.840	-0.790	83.689	439.427	164.501	83.689
roc156<-3%	>sma10d	long	10:30	5	4	30	1495.189	-0.789	15	885.355	-0.543	2647.547	-0.789	83.684	85.419	84.158	83.684
macd8/18/4<-0.0%	>sma50d	long	15:55	2	15	85	1495.099	-0.432	68	1567.306	-0.634	4686.557	-0.634	83.678	243.706	127.012	83.678
rsi5<35	<sma10d	long	10:30	4	0	51	2095.976	-0.556	33	877.543	-0.901	3678.619	-0.901	121.563	83.651	107.740	83.651
roc78<-3%	>sma10d	long	15:55	3	3	28	1494.392	-0.383	14	1396.347	-0.184	4173.381	-0.383	83.630	203.377	117.569	83.630
macd8/18/4<-0.0%	>sma100d	long	10:30	4	3	56	1494.258	-0.598	85	1397.999	-0.612	4177.941	-0.612	83.620	203.765	117.656	83.620
kelt20<-1.0	<sma10d	long	09:30	2	0	40	1494.182	-0.499	32	1175.827	-0.376	3513.797	-0.499	83.615	151.950	104.280	83.615
bb20<-1.5sd	>sma20d	long	15:55	4	15	50	1493.935	-0.660	24	1800.264	-0.728	5378.953	-0.728	83.598	299.228	138.766	83.598
bb20<-1.5sd	>sma20d	long	15:55	4	10	50	1493.935	-0.660	24	1599.242	-0.647	4778.327	-0.660	83.598	251.280	128.630	83.598
rsi3<35	>sma100d	long	09:30	4	15	44	1856.426	-0.259	64	877.240	-0.890	3257.062	-0.890	107.128	83.583	98.681	83.583
rsi3<35	>sma100d	long	09:30	4	0	44	1856.426	-0.259	64	877.240	-0.890	3257.062	-0.890	107.128	83.583	98.681	83.583
kelt40<-2.0	<sma10d	long	09:30	4	10	33	2407.928	-0.693	22	877.239	-0.532	4224.658	-0.693	139.302	83.583	118.545	83.583
rsi7<25	down3d	long	09:30	3	10	38	3042.498	-0.321	18	877.182	-0.343	5337.649	-0.343	172.481	83.570	138.093	83.570
kelt40<-2.0	<sma20d	long	15:55	3	15	31	1493.489	-0.672	22	2045.571	-0.704	6110.073	-0.704	83.568	358.324	150.178	83.568
bb40<-1.0sd	down5d	long	10:30	2	10	49	1493.479	-0.548	37	954.093	-0.481	2849.836	-0.548	83.567	101.023	89.193	83.567
bb20<-1.5sd	>sma50d	long	12:00	3	5	44	1493.426	-0.416	25	2480.726	-0.400	7409.560	-0.416	83.564	464.534	168.491	83.564
rsi3>85	>sma10d	short	15:55	3	2	65	1733.417	-0.468	43	877.079	-0.489	3040.688	-0.489	99.394	83.546	93.740	83.546
bb40<-1.0sd	down1d	long	15:55	2	10	66	1789.351	-0.677	34	876.707	-0.545	3137.473	-0.677	102.940	83.462	95.976	83.462
bb20<-1.5sd	<sma100d	long	09:30	4	0	40	1491.894	-0.743	12	977.997	-0.516	2918.136	-0.743	83.459	106.470	90.842	83.459
bb20<-1.5sd	>sma100d	long	12:00	4	4	29	1491.780	-0.446	34	3989.234	-0.426	11902.122	-0.446	83.451	843.264	219.401	83.451
rsi14<35	down3d	long	10:30	4	10	43	1491.428	-0.651	27	5136.069	-0.444	15320.156	-0.651	83.427	1139.431	250.350	83.427
bb20<-1.5sd	>sma50d	long	12:00	3	8	44	1491.378	-0.313	25	2888.661	-0.438	8616.174	-0.438	83.424	565.485	183.749	83.424
rsi3<20	down5d	long	12:00	2	0	39	2056.124	-0.305	29	876.533	-0.535	3604.523	-0.535	119.215	83.423	106.197	83.423
bb78<-1.5sd	down3d	long	15:55	1	0	31	1491.091	-0.164	19	1194.390	-0.155	3561.888	-0.164	83.404	156.251	105.300	83.404
bb78<-1.5sd	down3d	long	15:55	1	15	31	1491.091	-0.164	19	1195.334	-0.154	3564.704	-0.164	83.404	156.470	105.360	83.404
rsi14<35	<sma20d	long	12:00	3	15	36	1491.019	-0.549	22	5736.048	-0.078	17105.113	-0.549	83.399	1296.602	264.785	83.399
rsi5<30	<sma20d	long	09:30	5	2	44	1490.891	-0.457	31	1053.479	-0.660	3141.243	-0.660	83.391	123.743	96.063	83.391
bb40<-1.0sd	<sma50d	long	15:55	2	0	45	1490.314	-0.603	36	1037.788	-0.469	3093.261	-0.603	83.351	120.144	94.960	83.351
macd8/18/4<-0.0%	<sma100d	long	10:30	3	0	103	1490.299	-0.883	30	1180.706	-0.697	3519.208	-0.883	83.350	153.080	104.396	83.350
kelt20<-1.0	down3d	long	09:30	2	0	54	1489.876	-0.543	40	1090.654	-0.376	3249.878	-0.543	83.321	132.287	98.520	83.321
kelt40<-2.0	<sma10d	long	09:30	3	10	33	1904.559	-0.554	22	876.018	-0.415	3336.856	-0.554	110.093	83.306	100.450	83.306
macd8/18/4<-0.0%	none	long	10:30	1	10	203	1489.586	-0.387	115	1650.397	-0.329	4916.816	-0.387	83.302	263.438	131.036	83.302
rsi14<35	<sma20d	long	15:55	4	3	36	1984.368	-0.625	22	875.989	-0.611	3476.568	-0.625	114.935	83.300	103.485	83.300
rsi7<15	none	long	09:30	3	10	27	1488.799	-0.417	21	943.113	-0.304	2808.211	-0.417	83.248	98.524	88.176	83.248
rsi2<30	down3d	long	09:30	2	0	74	1488.731	-0.479	40	2132.455	-0.336	6349.303	-0.479	83.243	379.396	153.723	83.243
rsi2<10	down3d	long	12:00	2	10	59	1488.396	-0.607	31	1714.873	-0.492	5104.821	-0.607	83.220	278.805	134.234	83.220
macd5/18/4<-0.0%	down5d	long	10:30	2	15	85	1487.854	-0.769	53	977.160	-0.563	2907.743	-0.769	83.183	106.280	90.592	83.183
rsi5<25	none	long	09:30	2	0	87	1487.748	-0.432	50	1791.668	-0.323	5331.100	-0.432	83.176	297.168	137.986	83.176
macd8/18/4<-0.0%	>sma20d	long	15:55	2	15	104	1487.577	-0.638	65	1303.491	-0.634	3878.087	-0.638	83.164	181.636	111.798	83.164
rsi14<35	down3d	long	09:30	2	15	43	1487.465	-0.453	27	1285.404	-0.303	3823.989	-0.453	83.157	177.415	110.711	83.157
rsi3<35	<sma10d	long	09:30	3	0	56	1487.138	-0.660	36	1048.254	-0.602	3117.796	-0.660	83.134	122.544	95.525	83.134
rsi2<10	down3d	long	10:30	3	15	59	1486.999	-0.751	31	2477.399	-0.527	7367.778	-0.751	83.125	463.715	167.935	83.125
bb20<-1.5sd	down1d	long	15:55	2	0	48	1486.936	-0.510	21	909.603	-0.669	2705.042	-0.669	83.120	90.912	85.613	83.120
bb40<-2.0sd	>sma50d	long	10:30	4	10	25	1486.441	-0.417	16	3185.466	-0.336	9470.016	-0.417	83.087	639.671	193.743	83.087
bb40<-2.0sd	>sma50d	long	10:30	4	15	25	1486.441	-0.417	16	3185.466	-0.336	9470.016	-0.417	83.087	639.671	193.743	83.087
bb40<-2.0sd	>sma50d	long	10:30	4	0	25	1486.441	-0.417	16	3185.466	-0.336	9470.016	-0.417	83.087	639.671	193.743	83.087
macd12/26/9<-0.1%	up1d	long	10:30	2	15	41	1486.421	-0.302	37	2028.601	-0.458	6030.712	-0.458	83.085	354.216	148.983	83.085
bb40<-1.0sd	<sma20d	long	09:30	2	0	44	1486.096	-0.450	36	1087.315	-0.376	3231.708	-0.450	83.063	131.518	98.113	83.063
macd12/26/9<-0.1%	none	long	12:00	4	2	93	1486.073	-0.571	60	6958.809	-0.641	20682.600	-0.641	83.062	1620.920	291.068	83.062
bb40<-1.0sd	none	long	12:00	2	10	106	1485.779	-0.576	78	3832.477	-0.613	11388.425	-0.613	83.041	803.275	214.280	83.041
bb40<-1.0sd	none	long	12:00	4	0	106	1536.431	-0.860	78	874.752	-0.939	2687.993	-0.939	86.479	83.020	85.184	83.020
bb20<-1.5sd	down3d	long	10:30	3	0	43	1485.409	-0.705	22	2700.148	-0.602	8021.651	-0.705	83.016	518.680	176.413	83.016
rsi3>85	>sma20d	short	15:55	2	5	60	1734.062	-0.341	43	874.727	-0.516	3033.661	-0.516	99.435	83.015	93.575	83.015
bb20<-1.5sd	>sma100d	long	15:55	4	3	29	1485.367	-0.323	34	2602.570	-0.560	7731.543	-0.560	83.013	494.555	172.708	83.013
bb10<-1.5sd	none	long	09:30	3	0	78	1849.496	-0.531	50	874.713	-0.632	3235.557	-0.632	106.699	83.011	98.199	83.011
bb40<-1.0sd	down3d	long	10:30	2	15	59	1485.086	-0.549	44	1659.169	-0.472	4928.015	-0.549	82.994	265.526	131.229	82.994
bb40<-1.0sd	>sma50d	long	09:30	5	8	50	1485.065	-0.553	42	45134.403	-0.553	134055.015	-0.553	82.993	12877.639	675.551	82.993
macd12/26/9<-0.0%	down3d	long	09:30	2	15	100	1485.058	-0.707	53	1255.469	-0.303	3728.890	-0.707	82.992	170.440	108.776	82.992
bb78<-1.5sd	none	long	09:30	3	15	53	1484.310	-0.501	30	1326.333	-0.540	3937.380	-0.540	82.941	186.973	112.978	82.941
bb78<-1.5sd	none	long	09:30	3	0	53	1484.310	-0.501	30	1326.333	-0.540	3937.380	-0.540	82.941	186.973	112.978	82.941
roc156<-3%	>sma10d	long	10:30	5	3	30	1484.238	-0.746	15	907.606	-0.503	2694.206	-0.746	82.936	90.459	85.340	82.936
macd12/26/9>+0.0%	>sma20d	short	15:55	3	2	131	2740.300	-0.699	71	874.368	-0.702	4792.060	-0.702	157.109	82.933	128.871	82.933
macd5/18/4<-0.0%	up1d	long	09:30	5	8	104	1483.660	-0.851	75	4571.742	-0.649	13565.820	-0.851	82.896	992.944	235.083	82.896
kelt20>+2.0	>sma20d	short	15:55	3	3	28	1483.135	-0.482	25	1037.179	-0.423	3076.555	-0.482	82.861	120.004	94.574	82.861
kelt40<-1.0	down5d	long	09:30	3	10	60	1482.319	-0.748	38	1376.882	-0.619	4081.955	-0.748	82.805	198.809	115.811	82.805
rsi3<20	<sma10d	long	09:30	3	10	36	1482.287	-0.572	28	1554.193	-0.517	4607.522	-0.572	82.803	240.599	125.602	82.803
macd8/18/4<-0.0%	down1d	long	15:55	2	15	97	1482.022	-0.668	39	993.113	-0.659	2943.629	-0.668	82.784	109.921	91.451	82.784
rsi2<25	>sma50d	long	09:30	4	10	66	1481.998	-0.552	52	2554.343	-0.646	7571.063	-0.646	82.783	482.658	170.620	82.783
rsi2<25	>sma50d	long	09:30	4	15	66	1481.998	-0.552	52	1507.190	-0.768	4467.305	-0.768	82.783	229.482	123.062	82.783
rsi2<25	>sma50d	long	09:30	4	0	66	1481.998	-0.552	52	1507.190	-0.768	4467.305	-0.768	82.783	229.482	123.062	82.783
bb40<-1.0sd	>sma50d	long	10:30	3	6	50	1481.612	-0.391	42	5446.200	-0.436	16138.308	-0.436	82.756	1220.498	257.092	82.756
macd12/26/9<-0.0%	down5d	long	09:30	4	2	94	1865.338	-0.596	44	873.379	-0.641	3258.296	-0.690	107.680	82.710	98.708	82.710
rsi3<15	down5d	long	10:30	4	0	34	3926.021	-0.444	23	873.314	-0.875	6857.295	-0.875	213.904	82.695	160.979	82.695
kelt20<-1.0	<sma20d	long	09:30	3	10	41	1480.332	-0.723	35	1249.972	-0.441	3700.747	-0.723	82.669	169.161	108.197	82.669
roc20<-2%	<sma100d	long	12:00	3	10	29	1480.298	-0.433	14	1584.469	-0.305	4690.972	-0.433	82.666	247.775	127.090	82.666
rsi3<10	none	long	09:30	4	0	59	2342.385	-0.719	39	873.160	-0.816	4090.556	-0.816	135.664	82.660	115.977	82.660
roc10<-1%	down3d	long	15:55	3	0	53	1480.160	-0.727	32	9630.057	-0.587	28508.054	-0.727	82.657	2344.723	339.853	82.657
bb40<-1.5sd	down5d	long	09:30	3	8	34	2352.042	-0.352	27	873.062	-0.466	4106.956	-0.466	136.203	82.638	116.294	82.638
rsi2>90	>sma10d	short	15:55	2	2	97	1530.447	-0.481	43	873.008	-0.326	2672.185	-0.481	86.076	82.626	84.784	82.626
macd8/18/4<-0.0%	down5d	long	15:55	5	2	92	2340.192	-0.635	50	873.000	-0.631	4085.977	-0.635	135.541	82.624	115.889	82.624
macd8/18/4<-0.0%	<sma20d	long	10:30	2	10	91	1479.550	-0.652	50	1329.770	-0.486	3934.922	-0.652	82.615	187.776	112.930	82.615
bb20<-1.5sd	>sma50d	long	15:55	3	3	44	1479.476	-0.303	25	1712.160	-0.312	5066.198	-0.312	82.610	278.157	133.583	82.610
bb20<-1.5sd	>sma100d	long	15:55	5	4	29	1479.188	-0.494	34	6097.570	-0.509	18038.904	-0.509	82.590	1391.958	271.958	82.590
rsi14<35	<sma20d	long	15:55	3	15	36	1478.830	-0.453	22	6733.350	-0.162	19914.958	-0.453	82.566	1560.748	285.687	82.566
macd12/26/9<-0.0%	>sma100d	long	10:30	3	15	66	1478.733	-0.520	83	1051.523	-0.705	3109.843	-0.705	82.559	123.294	95.342	82.559
macd12/26/9<-0.0%	>sma100d	long	10:30	3	10	66	1478.733	-0.520	83	1607.747	-0.685	4754.858	-0.685	82.559	253.299	128.218	82.559
roc40<-3%	none	long	15:55	2	10	46	1478.258	-0.609	26	1754.519	-0.494	5187.263	-0.609	82.527	288.277	135.613	82.527
bb78<-1.0sd	down5d	long	09:30	2	0	53	1478.041	-0.487	25	979.755	-0.376	2896.235	-0.487	82.512	106.871	90.316	82.512
rsi3<20	none	long	09:30	4	10	81	1477.958	-0.808	63	1103.182	-0.831	3260.915	-0.831	82.506	135.172	98.767	82.506
bb40<-1.0sd	>sma50d	long	15:55	3	3	50	1477.923	-0.267	42	3029.159	-0.403	8953.724	-0.403	82.504	600.529	187.771	82.504
rsi14<35	>sma50d	long	09:30	4	0	30	1477.853	-0.452	21	1602.910	-0.452	4737.730	-0.452	82.499	252.151	127.917	82.499
rsi14<35	>sma50d	long	09:30	4	15	30	1477.853	-0.452	21	1602.910	-0.452	4737.730	-0.452	82.499	252.151	127.917	82.499
rsi14<35	>sma50d	long	09:30	4	10	30	1477.853	-0.452	21	1739.174	-0.405	5140.486	-0.452	82.499	284.609	134.832	82.499
roc20<-2%	none	long	15:55	4	15	43	1477.397	-0.724	38	1123.275	-0.901	3319.047	-0.901	82.468	139.804	100.057	82.468
macd8/18/4<-0.0%	down5d	long	12:00	2	6	92	1476.898	-0.673	50	924.613	-0.527	2731.119	-0.711	82.433	94.319	86.267	82.433
bb20<-1.5sd	>sma50d	long	12:00	3	2	44	1476.363	-0.312	25	2457.776	-0.249	7257.142	-0.312	82.397	458.892	166.454	82.397
bb40>+2.0sd	up5d	short	15:55	4	4	25	1774.637	-0.680	21	871.955	-0.547	3094.806	-0.680	102.012	82.388	94.996	82.388
macd5/18/4<-0.0%	>sma100d	long	09:30	3	15	59	1475.536	-0.328	87	873.775	-0.698	2578.574	-0.698	82.340	82.799	82.386	82.340
macd5/18/4<-0.0%	>sma100d	long	09:30	3	10	59	1475.536	-0.328	87	1668.281	-0.589	4923.218	-0.589	82.340	267.695	131.146	82.340
macd5/18/4<-0.0%	>sma100d	long	09:30	3	0	59	1475.536	-0.328	87	873.775	-0.698	2578.574	-0.698	82.340	82.799	82.386	82.340
bb40<-1.0sd	>sma50d	long	15:55	3	4	50	1475.149	-0.359	42	2866.284	-0.469	8456.393	-0.469	82.313	559.915	181.809	82.313
rsi14>65	up3d	short	15:55	4	2	45	1886.944	-0.479	36	871.594	-0.668	3289.297	-0.668	109.012	82.306	99.399	82.306
macd12/26/9<-0.0%	down5d	long	12:00	2	15	94	1474.917	-0.817	44	1490.431	-0.561	4396.526	-0.817	82.297	225.525	121.761	82.297
kelt40<-1.0	>sma50d	long	15:55	4	15	56	1474.584	-0.670	39	3937.897	-0.751	11613.515	-0.751	82.275	830.154	216.541	82.275
roc40<-2%	>sma10d	long	12:00	3	4	35	1501.311	-0.516	16	871.361	-0.401	2616.368	-0.516	84.101	82.254	83.360	82.254
rsi3<15	down1d	long	09:30	2	0	35	1474.258	-0.354	22	1036.281	-0.245	3055.490	-0.354	82.252	119.798	94.085	82.252
kelt40<-2.0	<sma10d	long	15:55	3	15	33	1474.156	-0.672	22	1441.526	-0.704	4250.071	-0.704	82.245	213.998	119.025	82.245
rsi5<15	down1d	long	09:30	4	0	25	1916.944	-0.630	16	871.289	-0.521	3340.425	-0.630	110.850	82.237	100.529	82.237
macd12/26/9<-0.1%	none	long	10:30	2	0	93	1473.825	-0.674	60	1425.762	-0.624	4202.647	-0.674	82.222	210.289	118.127	82.222
macd8/18/4<-0.0%	>sma50d	long	12:00	2	15	85	2064.027	-0.380	68	871.192	-0.653	3596.327	-0.653	119.682	82.215	106.025	82.215
bb20<-1.5sd	down5d	long	12:00	2	0	33	1731.138	-0.492	21	871.182	-0.404	3016.271	-0.492	99.248	82.213	93.168	82.213
kelt20<-1.0	>sma100d	long	10:30	4	3	30	1473.566	-0.310	52	2459.667	-0.692	7248.962	-0.692	82.205	459.356	166.344	82.205
rsi14<30	>sma50d	long	09:30	4	0	25	1473.464	-0.452	13	1426.683	-0.320	4204.334	-0.452	82.198	210.505	118.159	82.198
rsi14<30	>sma50d	long	09:30	4	10	25	1473.464	-0.452	13	1426.683	-0.320	4204.334	-0.452	82.198	210.505	118.159	82.198
rsi14<30	>sma50d	long	09:30	4	15	25	1473.464	-0.452	13	1426.683	-0.320	4204.334	-0.452	82.198	210.505	118.159	82.198
macd8/18/4<-0.0%	none	long	09:30	5	0	203	1473.449	-0.985	115	2588.430	-0.935	7627.838	-0.985	82.197	491.065	171.362	82.197
bb40<-1.0sd	>sma10d	long	12:00	3	10	59	1473.283	-0.724	41	2174.622	-0.477	6407.668	-0.724	82.185	389.647	154.575	82.185
rsi3<35	<sma20d	long	09:30	3	0	53	1473.133	-0.722	38	917.578	-0.637	2703.429	-0.722	82.175	92.722	85.573	82.175
roc20<-1%	down5d	long	09:30	4	15	55	1473.001	-0.898	35	1194.676	-0.734	3519.516	-0.898	82.166	156.317	104.402	82.166
kelt20>+2.0	up5d	short	15:55	4	2	27	1472.790	-0.400	26	949.376	-0.451	2796.464	-0.451	82.151	99.949	87.887	82.151
rsi3<15	down1d	long	09:30	3	15	35	1472.300	-0.670	22	1291.793	-0.368	3803.814	-0.670	82.118	178.905	110.303	82.118
rsi3<15	down1d	long	09:30	3	10	35	1472.300	-0.670	22	1361.319	-0.305	4008.539	-0.670	82.118	195.161	114.381	82.118
macd8/18/4<-0.0%	up1d	long	09:30	4	10	106	1472.223	-0.799	75	9453.759	-0.646	27836.084	-0.799	82.113	2296.395	336.026	82.113
rsi2<25	down3d	long	10:30	2	0	68	1471.934	-0.492	39	1677.767	-0.447	4939.127	-0.492	82.093	269.955	131.420	82.093
kelt40<-2.0	>sma50d	long	09:30	5	10	32	1471.697	-0.551	18	3576.158	-0.328	10526.043	-0.551	82.076	738.172	205.343	82.076
kelt40<-2.0	>sma50d	long	09:30	5	0	32	1471.697	-0.551	18	3576.158	-0.328	10526.043	-0.551	82.076	738.172	205.343	82.076
kelt40<-2.0	>sma50d	long	09:30	5	15	32	1471.697	-0.551	18	3576.158	-0.328	10526.043	-0.551	82.076	738.172	205.343	82.076
bb40<-2.0sd	>sma50d	long	12:00	4	0	25	1471.461	-0.362	16	2791.932	-0.540	8216.439	-0.540	82.060	541.437	178.853	82.060
bb40<-2.0sd	>sma50d	long	12:00	4	10	25	1471.461	-0.362	16	3608.666	-0.405	10620.020	-0.405	82.060	746.409	206.339	82.060
bb40<-2.0sd	>sma50d	long	12:00	4	15	25	1471.461	-0.362	16	2791.932	-0.540	8216.439	-0.540	82.060	541.437	178.853	82.060
macd8/18/4<-0.0%	>sma50d	long	15:55	2	0	85	1471.004	-0.441	68	889.138	-0.743	2615.852	-0.743	82.029	86.275	83.347	82.029
kelt40<-2.0	>sma50d	long	15:55	4	0	32	1768.825	-0.317	18	870.319	-0.663	3078.885	-0.663	101.645	82.018	94.628	82.018
bb40<-1.0sd	<sma10d	long	15:55	3	0	45	1470.781	-0.779	37	3534.183	-0.782	10396.017	-0.782	82.013	727.546	203.956	82.013
roc20<-2%	down5d	long	10:30	2	10	27	1470.689	-0.309	21	1138.473	-0.355	3348.680	-0.355	82.007	143.312	100.710	82.007
rsi3<20	down5d	long	10:30	3	15	39	1470.267	-0.712	29	1311.884	-0.606	3857.639	-0.712	81.978	183.596	111.388	81.978
rsi2<10	down5d	long	09:30	2	10	50	1469.738	-0.657	30	920.058	-0.433	2704.488	-0.657	81.942	93.285	85.599	81.942
roc20<-2%	<sma50d	long	15:55	2	10	25	1469.506	-0.424	22	1086.272	-0.497	3192.566	-0.497	81.926	131.279	97.230	81.926
macd12/26/9<-0.0%	down3d	long	10:30	2	0	100	1469.060	-0.595	53	1101.329	-0.402	3235.837	-0.595	81.895	134.745	98.205	81.895
kelt40<-2.0	>sma50d	long	12:00	4	10	32	1469.024	-0.473	18	1083.633	-0.666	3183.768	-0.666	81.893	130.672	97.031	81.893
bb10<-1.0sd	>sma50d	long	12:00	4	2	60	1469.007	-0.506	45	2016.653	-0.525	5924.955	-0.525	81.892	351.326	147.374	81.892
bb20<-1.5sd	<sma100d	long	09:30	3	10	40	1468.456	-0.572	12	876.460	-0.408	2574.086	-0.572	81.854	83.406	82.269	81.854
kelt10<-1.0	>sma50d	long	12:00	5	6	39	1468.444	-0.518	34	1713.618	-0.726	5032.703	-0.726	81.853	278.505	133.016	81.853
bb10<-1.5sd	<sma100d	long	09:30	3	0	39	1468.285	-0.531	12	1140.443	-0.343	3348.991	-0.531	81.842	143.767	100.717	81.842
rsi5<15	down3d	long	15:55	2	0	26	1697.582	-0.363	15	869.468	-0.413	2951.986	-0.413	97.095	81.826	91.650	81.826
bb20>+2.0sd	up3d	short	15:55	5	2	40	2035.183	-0.706	22	869.444	-0.502	3538.956	-0.706	117.973	81.820	104.815	81.820
bb10>+1.5sd	>sma50d	short	12:00	4	2	46	1489.660	-0.507	37	869.426	-0.451	2590.300	-0.536	83.307	81.816	82.689	81.816
macd12/26/9<-0.2%	<sma20d	long	15:55	3	10	26	1467.799	-0.737	13	1764.936	-0.305	5181.142	-0.737	81.809	290.769	135.511	81.809
bb40<-1.5sd	<sma10d	long	09:30	4	15	32	1467.639	-0.730	26	1518.952	-0.688	4458.546	-0.730	81.797	232.261	122.902	81.797
rsi3>90	>sma20d	short	12:00	5	3	54	1467.586	-0.585	38	1985.086	-0.639	5826.572	-0.639	81.794	343.697	145.861	81.794
rsi7<30	up1d	long	09:30	5	8	42	1475.093	-0.415	35	869.317	-0.809	2564.648	-0.809	82.309	81.792	82.024	81.792
rsi5<30	<sma10d	long	09:30	5	10	44	1467.459	-0.935	28	3216.081	-0.507	9438.937	-0.935	81.785	647.356	193.389	81.785
macd8/18/4<-0.0%	>sma100d	long	12:00	2	15	56	1485.876	-0.273	85	869.193	-0.653	2583.026	-0.653	83.048	81.764	82.501	81.764
macd12/26/9<-0.0%	none	long	15:55	1	15	223	1467.043	-0.610	111	1747.981	-0.455	5128.726	-0.610	81.757	286.714	134.635	81.757
roc20<-2%	none	long	10:30	5	15	43	1466.560	-0.829	38	981.389	-0.906	2878.531	-0.906	81.723	107.244	89.889	81.723
rsi14<35	<sma20d	long	15:55	5	3	36	2210.400	-0.721	22	868.993	-0.705	3841.642	-0.721	128.198	81.718	111.066	81.718
roc10<-2%	down3d	long	10:30	3	8	26	1466.462	-0.666	19	1730.422	-0.568	5075.194	-0.786	81.717	282.518	133.735	81.717
rsi5>85	>sma50d	short	15:55	4	6	31	1466.196	-0.526	27	1272.227	-0.670	3730.670	-0.670	81.698	174.343	108.812	81.698
bb10>+1.5sd	up3d	short	12:00	4	2	55	1465.956	-0.448	36	1079.005	-0.499	3163.548	-0.499	81.682	129.607	96.571	81.682
rsi5<30	up1d	long	09:30	5	15	50	1465.806	-0.622	32	1762.175	-0.755	5166.014	-0.755	81.671	290.108	135.259	81.671
rsi5<30	up1d	long	09:30	5	10	50	1465.806	-0.622	32	3666.589	-0.525	10749.018	-0.622	81.671	761.099	207.697	81.671
rsi5<30	up1d	long	09:30	5	0	50	1465.806	-0.622	32	1762.175	-0.755	5166.014	-0.755	81.671	290.108	135.259	81.671
roc20<-1%	down5d	long	09:30	2	15	55	1465.672	-0.565	35	1066.833	-0.422	3127.254	-0.565	81.662	126.809	95.742	81.662
macd12/26/9<-0.0%	none	long	15:55	1	10	223	1465.396	-0.608	111	1803.212	-0.299	5284.838	-0.608	81.643	299.935	137.227	81.643
bb20<-1.5sd	<sma10d	long	10:30	4	15	34	1464.576	-0.708	19	2187.564	-0.606	6407.709	-0.708	81.587	392.797	154.576	81.587
rsi7<35	>sma100d	long	10:30	3	3	33	1464.312	-0.222	51	892.151	-0.517	2612.775	-0.517	81.569	86.957	83.268	81.569
macd12/26/9<-0.1%	up1d	long	10:30	2	8	41	1463.369	-0.239	37	2346.710	-0.318	6868.207	-0.318	81.504	431.650	161.131	81.504
rsi3<15	down5d	long	15:55	2	0	34	1463.329	-0.389	23	1089.880	-0.534	3189.706	-0.534	81.501	132.109	97.165	81.501
bb40<-1.0sd	>sma10d	long	15:55	5	15	59	2905.241	-0.873	41	867.984	-0.920	5043.408	-0.920	165.587	81.491	133.198	81.491
rsi2<25	>sma100d	long	09:30	4	10	44	1707.908	-0.355	65	867.974	-0.834	2964.839	-0.834	97.760	81.488	91.955	81.488
macd5/18/4<-0.0%	>sma50d	long	15:55	3	10	90	1463.141	-0.593	68	1081.730	-0.711	3165.446	-0.711	81.488	130.234	96.615	81.488
bb20<-1.5sd	down5d	long	15:55	3	0	33	1462.755	-0.749	21	1803.957	-0.521	5277.492	-0.749	81.461	300.113	137.106	81.461
macd8/18/4<-0.0%	none	long	15:55	3	5	203	1461.741	-0.884	115	3530.595	-0.726	10321.633	-0.884	81.392	726.638	203.157	81.392
bb10<-1.5sd	down3d	long	09:30	3	0	41	1461.619	-0.522	25	953.796	-0.452	2788.174	-0.564	81.383	100.955	87.683	81.383
rsi3<20	down3d	long	09:30	3	10	42	1461.348	-0.590	30	2625.422	-0.304	7673.310	-0.590	81.365	500.198	171.953	81.365
bb78<-1.5sd	down3d	long	12:00	4	15	31	1461.171	-0.539	19	3496.404	-0.636	10217.687	-0.636	81.352	717.991	202.035	81.352
bb78<-1.5sd	down3d	long	12:00	4	0	31	1461.171	-0.539	19	2640.629	-0.725	7716.819	-0.725	81.352	503.956	172.517	81.352
rsi2<15	down1d	long	12:00	5	0	69	1533.788	-0.944	33	867.312	-0.974	2660.546	-0.974	86.301	81.339	84.489	81.339
rsi3<30	>sma50d	long	09:30	3	0	60	1688.806	-0.343	45	867.306	-0.678	2929.422	-0.678	96.529	81.337	91.112	81.337
rsi3<30	>sma50d	long	09:30	3	15	60	1688.806	-0.343	45	867.306	-0.678	2929.422	-0.678	96.529	81.337	91.112	81.337
bb78<-1.5sd	down1d	long	09:30	5	15	39	1460.657	-0.743	17	1153.380	-0.614	3369.385	-0.743	81.317	146.756	101.164	81.317
bb78<-1.5sd	down1d	long	09:30	5	0	39	1460.657	-0.743	17	1153.380	-0.614	3369.385	-0.743	81.317	146.756	101.164	81.317
macd8/18/4<-0.0%	>sma50d	long	10:30	2	0	85	1460.447	-0.395	68	981.337	-0.623	2866.381	-0.623	81.302	107.233	89.595	81.302
macd8/18/4<-0.0%	>sma50d	long	10:30	2	15	85	1460.447	-0.395	68	917.800	-0.648	2680.798	-0.648	81.302	92.772	85.002	81.302
macd8/18/4<-0.0%	>sma50d	long	10:30	2	10	85	1460.447	-0.395	68	1155.339	-0.544	3374.622	-0.544	81.302	147.209	101.278	81.302
rsi2>80	>sma20d	short	15:55	2	2	99	1460.214	-0.393	54	1663.724	-0.367	4858.784	-0.393	81.286	266.610	130.033	81.286
rsi3<15	down1d	long	09:30	4	10	35	1460.186	-0.823	22	1583.447	-0.407	4624.255	-0.823	81.285	247.532	125.902	81.285
rsi3<15	down1d	long	09:30	4	15	35	1460.186	-0.823	22	1451.563	-0.491	4239.106	-0.823	81.285	216.361	118.818	81.285
kelt20<-1.5	none	long	15:55	3	10	73	1460.068	-0.626	43	2617.894	-0.635	7644.608	-0.635	81.276	498.339	171.580	81.276
bb20<-1.5sd	>sma100d	long	12:00	4	3	29	1459.643	-0.363	34	2504.812	-0.613	7312.265	-0.613	81.247	470.459	167.194	81.247
macd8/18/4<-0.0%	<sma50d	long	15:55	3	4	98	1474.685	-0.857	47	866.826	-0.590	2556.591	-0.857	82.281	81.229	81.814	81.229
bb10>+1.5sd	up5d	short	15:55	3	3	57	1459.302	-0.434	41	1027.330	-0.622	2998.369	-0.622	81.224	117.748	92.747	81.224
rsi2>90	>sma10d	short	12:00	3	2	97	1459.053	-0.677	43	936.063	-0.357	2731.532	-0.677	81.206	96.921	86.277	81.206
roc156<-1%	>sma10d	long	10:30	3	3	58	1458.729	-0.672	26	1654.635	-0.333	4827.328	-0.672	81.184	264.446	129.487	81.184
bb40<-1.0sd	>sma100d	long	15:55	4	3	31	1457.498	-0.347	57	2986.868	-0.647	8706.710	-0.647	81.099	589.967	184.837	81.099
macd12/26/9<-0.2%	down3d	long	09:30	2	10	26	1457.440	-0.466	15	1140.461	-0.124	3324.306	-0.466	81.095	143.771	100.174	81.095
macd12/26/9<-0.2%	down3d	long	09:30	2	15	26	1457.440	-0.466	15	1140.461	-0.124	3324.306	-0.466	81.095	143.771	100.174	81.095
macd8/18/4<-0.0%	down3d	long	09:30	2	15	99	1457.297	-0.698	53	2360.781	-0.301	6880.717	-0.698	81.085	435.096	161.305	81.085
bb40<-1.5sd	>sma10d	long	15:55	3	0	43	1457.178	-0.676	27	4642.276	-0.297	13529.247	-0.676	81.077	1011.177	234.752	81.077
bb40<-1.5sd	>sma10d	long	15:55	3	15	43	1457.178	-0.676	27	4642.276	-0.297	13529.247	-0.676	81.077	1011.177	234.752	81.077
kelt40<-1.5	>sma50d	long	15:55	2	15	41	1456.962	-0.192	24	2113.302	-0.302	6158.002	-0.302	81.062	374.744	150.895	81.062
kelt40<-1.5	>sma50d	long	15:55	2	0	41	1456.962	-0.192	24	2023.658	-0.331	5896.785	-0.331	81.062	353.020	146.943	81.062
bb40<-1.5sd	up1d	long	09:30	4	8	31	1456.530	-0.226	27	5425.106	-0.470	15803.656	-0.470	81.032	1214.972	254.361	81.032
bb40<-1.5sd	up1d	long	09:30	4	0	31	1456.530	-0.226	27	3197.883	-0.688	9315.623	-0.688	81.032	642.788	191.979	81.032
bb40<-1.5sd	up1d	long	09:30	4	15	31	1456.530	-0.226	27	3197.883	-0.688	9315.623	-0.688	81.032	642.788	191.979	81.032
bb40<-1.5sd	up1d	long	09:30	4	10	31	1456.530	-0.226	27	4787.433	-0.532	13946.077	-0.532	81.032	1048.770	238.494	81.032
bb20<-1.5sd	>sma50d	long	15:55	4	2	44	1456.138	-0.389	25	3337.245	-0.287	9718.981	-0.389	81.005	677.828	196.549	81.005
rsi5<25	down3d	long	09:30	3	10	47	1455.873	-0.681	27	2451.459	-0.304	7138.027	-0.681	80.987	457.340	164.844	80.987
kelt40<-2.0	<sma20d	long	15:55	2	10	31	1455.710	-0.482	22	1200.430	-0.369	3494.955	-0.482	80.976	157.651	103.878	80.976
rsi3<15	down5d	long	09:30	4	2	34	1455.363	-0.244	23	1284.987	-0.412	3740.244	-0.412	80.952	177.318	109.008	80.952
bb20<-1.5sd	<sma20d	long	09:30	5	10	34	5476.846	-0.589	22	865.558	-0.805	9481.051	-0.805	277.616	80.942	193.868	80.942
bb40<-1.0sd	>sma100d	long	10:30	5	5	31	1454.991	-0.547	57	2998.120	-0.854	8724.474	-0.854	80.926	592.776	185.050	80.926
macd5/18/4<-0.0%	down5d	long	12:00	3	15	85	1454.877	-0.936	53	875.338	-0.806	2547.018	-0.936	80.918	83.153	81.565	80.918
kelt20>+1.0	>sma20d	short	12:00	4	2	73	1454.876	-0.575	51	1244.536	-0.584	3621.292	-0.584	80.918	167.896	106.548	80.918
kelt20<-1.0	>sma100d	long	15:55	5	3	30	1454.641	-0.425	52	2246.227	-0.780	6534.906	-0.780	80.902	407.093	156.415	80.902
macd8/18/4<-0.0%	<sma100d	long	15:55	2	6	103	1500.095	-0.755	30	865.334	-0.461	2596.166	-0.755	84.018	80.892	82.840	80.892
rsi2>70	>sma20d	short	15:55	2	2	113	1454.050	-0.471	58	1417.742	-0.422	4122.935	-0.471	80.861	208.403	116.602	80.861
macd5/18/4<-0.0%	down3d	long	15:55	3	10	95	1453.811	-0.775	54	1173.041	-0.794	3410.760	-0.794	80.845	151.305	102.065	80.845
rsi7<35	<sma100d	long	15:55	3	0	56	1456.087	-0.545	16	865.110	-0.560	2519.352	-0.560	81.002	80.841	80.840	80.841
rsi2<30	>sma50d	long	09:30	4	0	72	1453.709	-0.515	54	1366.148	-0.777	3971.963	-0.777	80.838	196.293	113.662	80.838
rsi2<30	>sma50d	long	09:30	4	15	72	1453.709	-0.515	54	1366.148	-0.777	3971.963	-0.777	80.838	196.293	113.662	80.838
rsi2<30	>sma50d	long	09:30	4	10	72	1453.709	-0.515	54	2315.310	-0.652	6731.571	-0.652	80.838	423.967	159.216	80.838
rsi5<25	>sma50d	long	09:30	5	6	38	1453.669	-0.478	27	4320.705	-0.424	12561.748	-0.478	80.835	928.237	225.775	80.835
rsi3>90	>sma50d	short	12:00	4	2	42	1453.373	-0.412	33	3269.493	-0.461	9503.583	-0.461	80.814	660.778	194.124	80.814
bb20<-1.5sd	down1d	long	09:30	2	10	48	1453.276	-0.429	21	1089.854	-0.238	3167.719	-0.429	80.808	132.103	96.666	80.808
rsi5<30	>sma100d	long	10:30	5	4	28	1453.237	-0.611	43	1705.709	-0.675	4957.597	-0.675	80.805	276.618	131.736	80.805
kelt40<-1.5	none	long	15:55	3	15	92	1452.967	-0.835	57	5529.323	-0.838	16067.850	-0.838	80.786	1242.291	256.520	80.786
kelt40<-1.5	down3d	long	15:55	1	15	57	1452.923	-0.318	36	1485.819	-0.282	4317.561	-0.318	80.783	224.436	120.293	80.783
bb40>+2.0sd	up3d	short	12:00	5	5	25	2770.206	-0.537	21	864.843	-0.571	4791.585	-0.571	158.663	80.781	128.863	80.781
macd12/26/9<-0.1%	none	long	12:00	5	2	93	1452.798	-0.660	60	9518.597	-0.735	27657.202	-0.735	80.775	2314.161	334.998	80.775
roc20<-1%	<sma20d	long	09:30	3	10	53	1452.701	-0.728	34	1393.115	-0.593	4047.559	-0.728	80.768	202.618	115.143	80.768
macd8/18/4<-0.0%	none	long	12:00	2	4	203	1452.644	-0.702	115	1237.308	-0.424	3594.736	-0.702	80.764	166.215	105.992	80.764
rsi5<30	down5d	long	09:30	2	0	47	3386.017	-0.356	30	864.588	-0.301	5855.021	-0.356	189.151	80.723	146.301	80.723
rsi5<30	down5d	long	09:30	2	15	47	2725.424	-0.482	30	864.588	-0.301	4712.739	-0.482	156.333	80.723	127.476	80.723
bb20<-1.5sd	down5d	long	15:55	5	8	33	1584.521	-0.649	21	864.529	-0.716	2739.728	-0.716	89.697	80.710	86.481	80.710
rsi2<10	>sma100d	long	09:30	3	10	37	1451.658	-0.185	50	1565.119	-0.577	4544.035	-0.577	80.696	243.187	124.458	80.696
kelt10>+1.0	>sma20d	short	15:55	2	2	54	1451.587	-0.454	41	1349.360	-0.317	3917.428	-0.454	80.691	192.360	112.582	80.691
roc20<-1%	none	long	15:55	2	0	102	1451.530	-0.604	67	3180.899	-0.693	9234.341	-0.693	80.687	638.525	191.043	80.687
bb40>+2.0sd	up3d	short	12:00	3	5	25	1710.053	-0.346	21	864.376	-0.384	2956.259	-0.384	97.898	80.675	91.751	80.675
kelt20<-1.0	>sma50d	long	12:00	5	2	46	1450.973	-0.470	37	5166.529	-0.381	14992.992	-0.470	80.649	1147.376	247.590	80.649
macd8/18/4<-0.0%	>sma10d	long	12:00	3	4	113	1450.861	-0.651	67	1630.242	-0.473	4730.508	-0.651	80.641	258.644	127.790	80.641
roc156<-3%	>sma10d	long	15:55	4	3	30	1450.163	-0.701	15	974.852	-0.422	2827.389	-0.701	80.593	105.753	88.646	80.593
roc156<-3%	>sma10d	long	15:55	3	4	30	1449.734	-0.624	15	956.105	-0.359	2772.196	-0.624	80.563	101.481	87.288	80.563
kelt40<-1.5	down1d	long	15:55	3	0	66	1449.657	-0.881	31	6945.954	-0.497	20138.504	-0.881	80.558	1617.485	287.268	80.558
bb40<-1.5sd	none	long	12:00	3	10	76	1449.620	-0.838	53	8488.218	-0.684	24609.380	-0.838	80.555	2033.037	316.783	80.555
roc20<-1%	<sma10d	long	09:30	3	0	54	1449.280	-0.689	36	2090.387	-0.591	6059.112	-0.689	80.532	369.184	149.412	80.532
kelt40<-1.5	>sma50d	long	09:30	3	10	41	1448.886	-0.355	24	3549.290	-0.165	10285.037	-0.355	80.504	731.369	202.763	80.504
kelt40<-1.5	>sma50d	long	09:30	3	0	41	1448.886	-0.355	24	3549.290	-0.165	10285.037	-0.355	80.504	731.369	202.763	80.504
kelt40<-1.5	>sma50d	long	09:30	3	15	41	1448.886	-0.355	24	3549.290	-0.165	10285.037	-0.355	80.504	731.369	202.763	80.504
rsi7<35	down3d	long	15:55	3	10	58	1469.621	-0.674	30	863.483	-0.631	2537.985	-0.674	81.934	80.474	81.329	80.474
rsi5<30	up1d	long	09:30	5	8	50	1447.953	-0.627	32	5286.103	-0.430	15308.058	-0.627	80.440	1178.602	250.249	80.440
kelt40<-1.5	>sma100d	long	10:30	3	10	25	1447.916	-0.295	40	2272.915	-0.713	6581.981	-0.713	80.437	413.607	157.091	80.437
kelt40<-1.5	>sma100d	long	10:30	3	15	25	1447.916	-0.295	40	2949.798	-0.712	8542.122	-0.712	80.437	580.718	182.853	80.437
kelt40<-1.5	>sma100d	long	10:30	3	0	25	1447.916	-0.295	40	2143.149	-0.791	6206.201	-0.791	80.437	381.994	151.613	80.437
bb20<-1.0sd	none	long	09:30	3	10	118	1447.858	-0.819	82	3519.113	-0.586	10190.353	-0.819	80.433	723.734	201.739	80.433
macd5/18/4>+0.1%	>sma10d	short	15:55	5	2	59	2849.233	-0.649	34	863.283	-0.601	4919.390	-0.716	162.733	80.429	131.080	80.429
bb40<-1.5sd	>sma50d	long	15:55	2	10	39	1447.483	-0.270	26	2363.765	-0.331	6843.020	-0.331	80.407	435.827	160.780	80.407
rsi5>85	>sma50d	short	15:55	4	5	31	1447.328	-0.561	27	1548.236	-0.618	4481.610	-0.618	80.397	239.189	123.323	80.397
roc10>+1%	>sma50d	short	15:55	4	3	34	1447.327	-0.466	37	1103.619	-0.747	3194.595	-0.747	80.397	135.272	97.276	80.397
roc6>+1%	>sma10d	short	15:55	3	2	44	1673.514	-0.383	31	863.089	-0.453	2888.782	-0.453	95.539	80.385	90.136	80.385
roc20<-1%	none	long	09:30	3	10	102	1447.122	-0.770	67	2618.943	-0.712	7579.859	-0.770	80.382	498.598	170.735	80.382
rsi2<10	>sma100d	long	09:30	3	15	37	1451.658	-0.185	50	863.074	-0.678	2505.777	-0.678	80.696	80.381	80.482	80.381
rsi2<10	>sma100d	long	09:30	3	0	37	1451.658	-0.185	50	863.074	-0.678	2505.777	-0.678	80.696	80.381	80.482	80.381
roc78<-3%	>sma10d	long	10:30	4	10	28	1446.676	-0.697	14	1289.486	-0.405	3730.934	-0.697	80.351	178.367	108.818	80.351
macd12/26/9<-0.1%	down3d	long	12:00	2	10	52	1446.397	-0.590	28	1271.655	-0.354	3678.636	-0.590	80.332	174.210	107.740	80.332
bb20<-1.5sd	<sma10d	long	10:30	3	15	34	1446.368	-0.557	19	1915.320	-0.455	5540.513	-0.557	80.330	326.870	141.369	80.330
roc10>+1%	>sma20d	short	15:55	3	3	46	3040.476	-0.405	31	862.780	-0.653	5246.524	-0.653	172.380	80.315	136.595	80.315
kelt40<-2.0	none	long	15:55	2	15	70	1445.865	-0.537	41	3260.288	-0.516	9427.874	-0.537	80.295	658.464	193.263	80.295
roc78<-1%	>sma10d	long	12:00	4	3	66	1445.521	-0.749	29	1387.159	-0.339	4010.335	-0.749	80.272	201.220	114.416	80.272
macd8/18/4<-0.0%	>sma10d	long	15:55	2	3	113	1445.519	-0.426	67	1835.017	-0.332	5305.104	-0.426	80.271	307.563	137.560	80.271
rsi5<30	>sma50d	long	15:55	5	3	47	1445.418	-0.504	33	987.144	-0.510	2853.672	-0.510	80.264	108.558	89.286	80.264
bb10<-1.0sd	up1d	long	09:30	5	10	54	1445.022	-0.538	40	1182.869	-0.757	3418.544	-0.757	80.237	153.581	102.234	80.237
rsi7<35	>sma100d	long	15:55	5	5	33	1444.883	-0.451	51	988.995	-0.732	2857.963	-0.732	80.227	108.981	89.390	80.227
rsi5<30	>sma50d	long	12:00	2	10	47	1444.596	-0.236	33	1026.662	-0.419	2966.225	-0.419	80.208	117.595	91.988	80.208
bb40<-1.0sd	>sma50d	long	15:55	4	2	50	1444.526	-0.360	42	6426.301	-0.517	18565.913	-0.517	80.203	1479.063	275.902	80.203
bb10>+1.5sd	up5d	short	15:55	3	2	57	1444.360	-0.350	41	1421.739	-0.536	4107.008	-0.536	80.191	209.343	116.295	80.191
rsi5<35	<sma50d	long	09:30	2	0	52	1444.341	-0.380	31	872.926	-0.445	2521.607	-0.445	80.190	82.607	80.899	80.190
rsi14<35	down3d	long	12:00	2	15	43	1444.213	-0.353	27	1946.760	-0.404	5623.073	-0.404	80.181	334.447	142.680	80.181
bb40<-1.5sd	<sma100d	long	09:30	3	15	34	1660.576	-0.453	16	862.160	-0.343	2863.364	-0.453	94.699	80.175	89.521	80.175
bb40<-1.5sd	<sma100d	long	09:30	3	10	34	2111.016	-0.304	16	862.160	-0.343	3640.066	-0.343	122.444	80.175	106.940	80.175
bb40<-1.5sd	<sma100d	long	09:30	3	0	34	1941.559	-0.360	16	862.160	-0.343	3347.868	-0.360	112.348	80.175	100.692	80.175
macd5/18/4<-0.0%	>sma50d	long	12:00	2	10	90	2122.119	-0.358	68	862.114	-0.553	3659.017	-0.553	123.093	80.164	107.334	80.164
bb10<-1.0sd	none	long	09:30	3	15	120	1443.840	-0.812	70	1927.488	-0.640	5565.970	-0.812	80.155	329.801	141.774	80.155
kelt20<-1.5	>sma50d	long	10:30	4	0	36	1562.515	-0.417	23	862.030	-0.751	2693.871	-0.751	88.230	80.146	85.332	80.146
macd5/18/4<-0.0%	none	long	10:30	2	0	198	1443.442	-0.760	116	1408.222	-0.738	4065.373	-0.760	80.128	206.166	115.489	80.128
rsi5<30	<sma100d	long	09:30	2	0	53	1443.332	-0.380	18	942.116	-0.236	2719.572	-0.380	80.120	98.297	85.978	80.120
macd8/18/4<-0.0%	none	long	15:55	4	3	203	1443.241	-0.927	115	2058.401	-0.657	5941.538	-0.927	80.114	361.431	147.628	80.114
kelt40<-1.5	down3d	long	12:00	4	0	57	1443.236	-0.841	36	1812.790	-0.846	5232.567	-0.846	80.113	302.231	136.365	80.113
kelt20<-1.0	>sma50d	long	15:55	2	15	46	1443.063	-0.198	37	2132.080	-0.512	6153.454	-0.512	80.101	379.305	150.827	80.101
kelt20<-1.0	>sma50d	long	15:55	2	0	46	1443.063	-0.198	37	1029.887	-0.682	2972.384	-0.682	80.101	118.333	92.134	80.101
kelt20<-1.0	>sma50d	long	15:55	2	10	46	1443.063	-0.198	37	1776.810	-0.494	5128.100	-0.494	80.101	293.611	134.625	80.101
macd8/18/4<-0.0%	<sma100d	long	10:30	2	15	103	1443.017	-0.735	30	1223.198	-0.450	3530.191	-0.735	80.098	162.936	104.629	80.098
rsi5<35	down5d	long	10:30	2	0	54	1442.598	-0.332	36	1030.841	-0.544	2974.179	-0.544	80.069	118.552	92.176	80.069
macd8/18/4<-0.0%	down3d	long	15:55	3	5	99	2093.215	-0.793	53	861.655	-0.590	3607.258	-0.793	121.401	80.061	106.254	80.061
kelt20<-1.0	<sma20d	long	09:30	2	0	41	1442.457	-0.452	35	909.404	-0.376	2623.552	-0.452	80.059	90.867	83.545	80.059
kelt40<-2.0	down5d	long	15:55	2	15	36	2827.512	-0.302	21	861.598	-0.521	4872.357	-0.521	161.619	80.048	130.269	80.048
bb20<-1.0sd	>sma50d	long	10:30	5	4	55	1442.197	-0.612	46	2161.553	-0.735	6234.770	-0.735	80.041	386.468	152.037	80.041
bb20<-1.5sd	>sma100d	long	10:30	4	5	29	1441.925	-0.433	34	5908.258	-0.515	17038.528	-0.515	80.022	1341.966	264.264	80.022
macd8/18/4<-0.0%	down5d	long	10:30	2	2	92	1663.050	-0.306	50	861.242	-0.319	2864.577	-0.319	94.860	79.968	89.551	79.968
rsi2<15	down1d	long	10:30	5	0	69	1440.838	-0.901	33	2231.496	-0.900	6430.450	-0.901	79.947	403.500	154.906	79.947
bb40<-1.5sd	down5d	long	15:55	2	10	34	1440.773	-0.390	27	1452.201	-0.429	4184.586	-0.429	79.943	216.511	117.783	79.943
bb40<-1.0sd	>sma10d	long	12:00	4	15	59	1439.704	-0.850	41	1125.486	-0.821	3240.732	-0.850	79.868	140.314	98.315	79.868
rsi5<30	>sma100d	long	12:00	4	10	28	1495.525	-0.502	43	860.731	-0.729	2574.488	-0.729	83.707	79.852	82.280	79.852
roc156<-3%	>sma10d	long	15:55	5	3	30	1439.103	-0.807	15	1041.039	-0.503	2996.325	-0.807	79.827	120.889	92.699	79.827
bb20<-1.5sd	down3d	long	09:30	5	3	43	1500.185	-0.767	22	860.595	-0.447	2582.104	-0.767	84.024	79.821	82.477	79.821
rsi3<25	none	long	09:30	2	0	100	1742.434	-0.605	69	860.587	-0.628	2999.031	-0.628	99.969	79.820	92.763	79.820
rsi14<35	<sma100d	long	12:00	2	10	39	1438.762	-0.210	16	1059.484	-0.218	3048.689	-0.218	79.803	125.121	93.926	79.803
bb40<-1.0sd	down3d	long	10:30	4	0	59	1486.838	-0.880	44	860.414	-0.891	2558.591	-0.891	83.114	79.781	81.867	79.781
macd12/26/9<-0.0%	down5d	long	09:30	3	2	94	1588.146	-0.471	44	860.311	-0.528	2732.600	-0.545	89.938	79.757	86.304	79.757
rsi3<35	>sma100d	long	09:30	3	15	44	1437.823	-0.197	64	1229.257	-0.777	3534.907	-0.777	79.738	164.344	104.729	79.738
rsi3<35	>sma100d	long	09:30	3	0	44	1437.823	-0.197	64	1229.257	-0.777	3534.907	-0.777	79.738	164.344	104.729	79.738
rsi3<35	>sma100d	long	09:30	3	10	44	1437.823	-0.197	64	2069.837	-0.715	5952.118	-0.715	79.738	364.202	147.789	79.738
rsi2<15	down1d	long	10:30	2	0	69	1437.749	-0.504	33	1877.089	-0.417	5397.566	-0.504	79.733	317.670	139.068	79.733
rsi14<35	<sma20d	long	15:55	2	4	36	1437.457	-0.191	22	862.987	-0.263	2481.013	-0.263	79.713	80.362	79.827	79.713
macd5/18/4<-0.0%	<sma20d	long	09:30	3	15	81	1437.202	-0.918	52	1478.752	-0.524	4250.531	-0.918	79.695	222.769	119.034	79.695
macd12/26/9<-0.1%	up1d	long	12:00	3	15	41	1436.935	-0.531	37	2738.941	-0.700	7871.362	-0.700	79.676	528.291	174.504	79.676
rsi2<35	>sma100d	long	09:30	3	15	53	1436.891	-0.278	72	1029.216	-0.756	2957.744	-0.756	79.673	118.180	91.786	79.673
rsi2<35	>sma100d	long	09:30	3	0	53	1436.891	-0.278	72	1029.216	-0.756	2957.744	-0.756	79.673	118.180	91.786	79.673
rsi2<35	>sma100d	long	09:30	3	10	53	1436.891	-0.278	72	1879.956	-0.658	5402.584	-0.658	79.673	318.359	139.150	79.673
rsi3<35	none	long	09:30	3	10	135	1436.888	-0.851	84	3637.447	-0.658	10453.205	-0.851	79.673	753.706	204.567	79.673
rsi3<15	<sma20d	long	12:00	4	0	28	1436.697	-0.543	26	1330.902	-0.921	3824.204	-0.921	79.660	188.041	110.715	79.660
rsi3<15	down5d	long	15:55	5	2	34	1436.114	-0.363	23	1014.953	-0.640	2915.176	-0.640	79.619	114.914	90.771	79.619
roc10<-2%	down1d	long	09:30	5	10	25	3855.459	-0.606	18	859.669	-0.656	6628.840	-0.656	210.760	79.613	157.760	79.613
kelt20<-1.5	down3d	long	10:30	3	15	39	1435.879	-0.573	21	1415.928	-0.467	4066.203	-0.573	79.603	207.977	115.505	79.603
bb40<-1.5sd	down5d	long	15:55	4	15	34	1435.775	-0.653	27	3666.325	-0.845	10528.033	-0.845	79.596	761.032	205.364	79.596
rsi5<35	none	long	09:30	3	15	125	1435.732	-0.687	72	4508.326	-0.476	12945.500	-0.687	79.593	976.570	229.386	79.593
macd8/18/4<-0.0%	>sma10d	long	15:55	3	4	113	1435.726	-0.634	67	1964.327	-0.461	5640.471	-0.634	79.592	338.685	142.955	79.592
roc156<-1%	>sma10d	long	15:55	4	2	58	1435.667	-0.802	26	1352.505	-0.376	3883.492	-0.802	79.588	193.097	111.906	79.588
rsi3<25	down5d	long	09:30	2	10	46	1435.588	-0.589	32	970.758	-0.315	2787.218	-0.589	79.583	104.820	87.659	79.583
rsi3<30	down1d	long	09:30	4	0	62	1997.652	-0.868	32	859.439	-0.576	3433.721	-0.868	115.732	79.561	102.563	79.561
bb20>+2.0sd	>sma20d	short	12:00	4	2	37	1435.237	-0.544	22	1034.530	-0.391	2969.591	-0.544	79.559	119.397	92.068	79.559
rsi14>65	up3d	short	12:00	4	2	45	1435.200	-0.479	36	1013.814	-0.619	2910.051	-0.619	79.556	114.654	90.648	79.556
bb40>+2.0sd	up5d	short	15:55	3	3	25	1435.057	-0.525	21	1068.668	-0.362	3067.199	-0.525	79.546	127.231	94.357	79.546
roc20<-1%	down5d	long	15:55	1	0	55	1434.928	-0.281	35	1685.789	-0.292	4837.973	-0.292	79.537	271.867	129.672	79.537
macd12/26/9<-0.0%	up1d	long	10:30	4	10	122	1434.541	-0.823	77	9142.783	-0.683	26231.396	-0.823	79.510	2211.326	326.644	79.510
bb20<-1.5sd	<sma100d	long	09:30	5	0	40	1434.198	-0.846	12	1051.719	-0.611	3016.748	-0.846	79.486	123.339	93.179	79.486
bb40<-1.0sd	>sma50d	long	10:30	5	8	50	1434.034	-0.550	42	13800.127	-0.636	39579.704	-0.636	79.475	3506.462	396.038	79.475
rsi2<20	down1d	long	12:00	3	0	74	1433.561	-0.786	35	2533.518	-0.704	7263.903	-0.786	79.442	477.527	166.545	79.442
roc78<-3%	>sma10d	long	12:00	3	15	28	1433.372	-0.615	14	890.001	-0.472	2551.406	-0.615	79.429	86.470	81.679	79.429
roc20<-1%	up1d	long	10:30	3	8	35	1432.922	-0.365	35	1475.176	-0.649	4227.625	-0.649	79.398	221.926	118.601	79.398
roc20<-1%	up1d	long	10:30	3	10	35	1432.922	-0.365	35	1542.477	-0.644	4420.500	-0.644	79.398	237.826	122.203	79.398
kelt40<-1.5	>sma50d	long	10:30	3	0	41	1432.632	-0.429	24	2627.691	-0.343	7529.028	-0.429	79.378	500.759	170.069	79.378
kelt40<-1.5	>sma50d	long	10:30	3	15	41	1432.632	-0.429	24	2627.691	-0.343	7529.028	-0.429	79.378	500.759	170.069	79.378
kelt40<-1.5	>sma50d	long	10:30	3	10	41	1432.632	-0.429	24	2059.801	-0.436	5901.872	-0.436	79.378	361.770	147.021	79.378
roc40<-3%	down1d	long	15:55	3	0	37	1432.577	-0.814	18	1538.179	-0.597	4407.120	-0.814	79.374	236.809	121.956	79.374
bb40<-1.0sd	none	long	12:00	3	10	106	1432.405	-0.765	78	5553.214	-0.780	15908.899	-0.780	79.362	1248.559	255.224	79.362
rsi3>85	>sma20d	short	12:00	3	4	60	1432.396	-0.387	43	1125.805	-0.583	3225.199	-0.583	79.361	140.387	97.966	79.361
macd12/26/9<-0.0%	down5d	long	10:30	2	8	94	1432.279	-0.709	44	1460.095	-0.374	4182.526	-0.709	79.353	218.371	117.744	79.353
macd12/26/9<-0.2%	down3d	long	09:30	5	10	26	1432.173	-0.939	15	2886.723	-0.318	8268.575	-0.939	79.346	565.002	179.500	79.346
macd12/26/9<-0.2%	down3d	long	09:30	5	15	26	1432.173	-0.939	15	2886.723	-0.318	8268.575	-0.939	79.346	565.002	179.500	79.346
rsi3<20	<sma10d	long	09:30	4	10	36	1432.111	-0.754	28	1736.116	-0.647	4972.621	-0.754	79.341	283.878	131.993	79.341
roc156<-3%	>sma10d	long	10:30	4	3	30	1459.568	-0.629	15	858.463	-0.422	2505.969	-0.629	81.242	79.340	80.487	79.340
rsi3>70	>sma20d	short	15:55	3	2	97	1431.888	-0.625	55	1275.220	-0.554	3651.946	-0.625	79.326	175.041	107.187	79.326
macd12/26/9<-0.0%	>sma10d	long	09:30	3	10	127	1431.619	-0.498	68	1066.901	-0.527	3054.791	-0.527	79.307	126.825	94.068	79.307
macd8/18/4<-0.0%	<sma20d	long	10:30	3	3	91	1431.257	-0.762	50	952.325	-0.506	2726.044	-0.762	79.282	100.620	86.140	79.282
rsi3<20	<sma10d	long	10:30	2	0	36	1431.088	-0.229	28	995.384	-0.599	2848.966	-0.599	79.270	110.440	89.172	79.270
rsi7<35	>sma100d	long	12:00	3	4	33	1430.478	-0.236	51	876.423	-0.469	2507.407	-0.469	79.228	83.398	80.525	79.228
macd8/18/4<-0.0%	>sma50d	long	12:00	3	10	85	3472.957	-0.484	68	857.580	-0.731	5956.678	-0.731	193.249	79.141	147.859	79.141
rsi14<35	<sma20d	long	12:00	5	8	36	1429.226	-0.567	22	1262.528	-0.651	3608.876	-0.651	79.141	172.084	106.288	79.141
bb20<-1.0sd	>sma50d	long	10:30	5	3	55	1429.171	-0.563	46	2828.501	-0.662	8084.821	-0.662	79.137	550.520	177.208	79.137
bb10>+1.5sd	>sma10d	short	15:55	2	2	58	1857.370	-0.246	37	857.520	-0.355	3185.465	-0.355	107.187	79.127	97.069	79.127
rsi2<30	down1d	long	12:00	3	0	80	1429.006	-0.773	37	1814.510	-0.704	5185.891	-0.773	79.125	302.643	135.590	79.125
rsi5<25	<sma20d	long	09:30	2	8	37	1428.913	-0.420	27	881.415	-0.360	2518.930	-0.420	79.119	84.527	80.829	79.119
kelt20>+1.0	up3d	short	12:00	3	2	86	1428.764	-0.503	52	986.442	-0.518	2818.785	-0.518	79.109	108.398	88.435	79.109
roc10<-2%	down3d	long	10:30	5	6	26	1716.464	-0.773	19	857.294	-0.748	2943.030	-0.895	98.309	79.076	91.436	79.076
bb40>+2.0sd	up5d	short	12:00	5	2	25	1428.148	-0.642	21	1363.584	-0.474	3894.798	-0.642	79.066	195.692	112.132	79.066
macd12/26/9<-0.0%	down5d	long	15:55	3	8	94	1427.783	-0.937	44	993.365	-0.685	2836.621	-0.937	79.040	109.979	88.871	79.040
macd8/18/4<-0.0%	down5d	long	15:55	2	6	92	3076.394	-0.663	50	857.126	-0.570	5273.713	-0.710	174.162	79.038	137.044	79.038
roc10<-1%	>sma50d	long	09:30	3	0	30	1427.651	-0.239	33	4773.855	-0.368	13630.801	-0.368	79.031	1045.249	235.670	79.031
roc10<-1%	>sma50d	long	09:30	3	10	30	1427.651	-0.239	33	5536.493	-0.304	15808.362	-0.304	79.031	1244.172	254.400	79.031
roc10<-1%	>sma50d	long	09:30	3	15	30	1427.651	-0.239	33	4773.855	-0.368	13630.801	-0.368	79.031	1045.249	235.670	79.031
roc10>+1%	>sma20d	short	12:00	3	3	46	1427.572	-0.431	31	1061.423	-0.515	3030.514	-0.515	79.026	125.567	93.502	79.026
kelt20<-1.0	>sma100d	long	12:00	5	3	30	1427.563	-0.435	52	2031.586	-0.780	5800.435	-0.780	79.025	354.938	145.457	79.025
bb20<-1.5sd	down5d	long	15:55	2	0	33	1427.533	-0.522	21	1374.088	-0.343	3923.114	-0.522	79.023	198.154	112.695	79.023
macd8/18/4<-0.0%	>sma100d	long	15:55	2	10	56	1478.188	-0.291	85	857.030	-0.646	2533.703	-0.646	82.522	79.017	81.216	79.017
bb10<-1.0sd	up1d	long	09:30	5	8	54	1427.422	-0.544	40	1710.688	-0.649	4883.749	-0.649	79.015	277.806	130.466	79.015
rsi14<35	down5d	long	10:30	2	0	37	1427.284	-0.437	23	1163.950	-0.325	3322.575	-0.437	79.006	149.201	100.135	79.006
rsi14<35	<sma100d	long	10:30	4	10	39	1427.276	-0.616	16	929.058	-0.436	2652.044	-0.637	79.005	95.329	84.272	79.005
roc6>+1%	>sma100d	short	12:00	4	2	28	1427.197	-0.267	48	1356.242	-0.584	3871.248	-0.584	78.999	193.972	111.661	78.999
kelt20<-1.5	>sma50d	long	15:55	3	10	36	1498.630	-0.378	23	856.928	-0.517	2568.435	-0.517	83.919	78.994	82.123	78.994
bb40<-1.0sd	none	long	10:30	2	15	106	1427.092	-0.596	78	4531.051	-0.538	12932.454	-0.596	78.992	982.435	229.265	78.992
kelt40<-2.0	<sma20d	long	15:55	2	15	31	1426.922	-0.482	22	1538.257	-0.516	4389.945	-0.516	78.980	236.827	121.639	78.980
always	down3d	long	09:30	2	0	199	1426.740	-0.692	103	1213.521	-0.566	3462.758	-0.752	78.968	160.689	103.188	78.968
bb40<-1.0sd	down5d	long	15:55	5	15	49	1644.897	-0.975	37	856.773	-0.952	2818.605	-0.975	93.676	78.959	88.431	78.959
rsi5<35	down3d	long	09:30	2	10	62	1426.605	-0.490	38	2370.343	-0.216	6763.084	-0.490	78.958	437.438	159.660	78.958
kelt40<-1.5	>sma100d	long	15:55	4	2	25	1426.308	-0.243	40	859.668	-0.760	2452.302	-0.760	78.938	79.612	79.061	78.938
kelt20<-1.5	>sma50d	long	12:00	5	10	36	2805.037	-0.558	23	856.547	-0.774	4805.293	-0.774	160.463	78.908	129.102	78.908
macd12/26/9<-0.2%	<sma20d	long	12:00	2	10	26	1425.872	-0.547	13	1209.497	-0.204	3449.177	-0.547	78.907	159.755	102.896	78.907
rsi5<30	>sma50d	long	15:55	2	10	47	1425.707	-0.274	33	1038.121	-0.396	2960.113	-0.396	78.896	120.220	91.843	78.896
bb20<-1.5sd	down1d	long	10:30	3	15	48	1425.688	-0.585	21	2344.300	-0.596	6684.478	-0.596	78.894	431.060	158.550	78.894
rsi2<30	down3d	long	10:30	3	0	74	1424.933	-0.738	40	1567.957	-0.713	4468.467	-0.738	78.842	243.860	123.083	78.842
bb40<-1.5sd	down5d	long	12:00	2	0	34	1424.886	-0.408	27	966.915	-0.535	2755.487	-0.535	78.839	103.943	86.874	78.839
bb20<-1.5sd	down3d	long	15:55	2	4	43	1424.797	-0.390	22	1138.104	-0.231	3243.135	-0.390	78.832	143.226	98.369	78.832
macd12/26/9>+0.0%	>sma20d	short	15:55	2	2	131	1967.966	-0.534	71	856.154	-0.535	3369.766	-0.535	113.947	78.819	101.172	78.819
rsi3>85	>sma20d	short	12:00	2	2	60	1424.524	-0.228	43	1558.163	-0.291	4439.283	-0.291	78.813	241.540	122.548	78.813
bb10<-1.0sd	>sma50d	long	10:30	5	2	60	1424.059	-0.580	45	3176.759	-0.537	9047.782	-0.580	78.781	637.487	188.875	78.781
rsi7<35	>sma100d	long	15:55	5	2	33	1423.963	-0.482	51	1126.273	-0.801	3207.543	-0.801	78.774	140.495	97.569	78.774
bb40>+2.0sd	up5d	short	15:55	3	4	25	1445.195	-0.563	21	855.924	-0.441	2473.956	-0.563	80.249	78.767	79.639	78.767
rsi14<35	<sma100d	long	12:00	3	15	39	1423.390	-0.487	16	1507.151	-0.454	4290.527	-0.487	78.734	229.473	119.787	78.734
roc20<-2%	down3d	long	15:55	1	0	27	1423.374	-0.118	28	1566.557	-0.210	4459.591	-0.210	78.733	243.528	122.921	78.733
macd8/18/4<-0.0%	down3d	long	12:00	3	15	99	1423.256	-0.820	53	3050.506	-0.679	8683.304	-0.820	78.725	605.866	184.556	78.725
bb20<-1.0sd	>sma50d	long	10:30	3	10	55	1423.167	-0.512	46	1876.209	-0.607	5340.319	-0.607	78.719	317.458	138.136	78.719
bb20<-1.0sd	>sma50d	long	10:30	3	15	55	1423.167	-0.512	46	1538.761	-0.699	4379.829	-0.699	78.719	236.946	121.452	78.719
bb20<-1.0sd	>sma50d	long	10:30	3	0	55	1423.167	-0.512	46	1440.302	-0.719	4099.583	-0.719	78.719	213.710	116.152	78.719
roc10<-2%	down1d	long	15:55	4	10	25	6509.040	-0.453	18	855.681	-0.647	11139.323	-0.647	315.600	78.712	211.744	78.712
macd12/26/9<-0.0%	down5d	long	10:30	2	10	94	1423.027	-0.763	44	1426.043	-0.332	4058.595	-0.763	78.709	210.355	115.357	78.709
rsi5<30	down1d	long	09:30	4	0	57	1422.997	-0.748	28	1014.715	-0.561	2887.873	-0.748	78.707	114.860	90.114	78.707
macd8/18/4<-0.0%	down3d	long	09:30	3	10	99	1422.858	-0.834	53	5076.393	-0.343	14445.977	-0.834	78.697	1123.876	242.890	78.697
macd12/26/9<-0.2%	<sma10d	long	09:30	5	0	25	1422.588	-0.921	12	975.959	-0.386	2776.775	-0.921	78.678	106.005	87.401	78.678
rsi7<25	>sma50d	long	12:00	5	10	28	1422.493	-0.443	24	1326.073	-0.733	3772.659	-0.733	78.672	186.912	109.670	78.672
kelt40<-1.5	>sma100d	long	12:00	3	15	25	1422.017	-0.312	40	1952.610	-0.810	5553.291	-0.810	78.639	335.858	141.572	78.639
kelt40<-1.5	>sma100d	long	12:00	3	0	25	1422.017	-0.312	40	1692.937	-0.835	4814.772	-0.835	78.639	273.571	129.268	78.639
kelt40<-1.5	>sma100d	long	12:00	3	10	25	1422.017	-0.312	40	1527.262	-0.805	4343.585	-0.805	78.639	234.226	120.779	78.639
bb40<-1.0sd	up1d	long	12:00	5	10	40	1421.964	-0.594	43	1765.181	-0.907	5020.045	-0.907	78.635	290.827	132.801	78.635
macd12/26/9<-0.0%	down5d	long	10:30	3	5	94	1421.589	-0.793	44	1016.902	-0.545	2891.234	-0.793	78.609	115.360	90.195	78.609
rsi2<20	down3d	long	09:30	2	0	65	1421.434	-0.479	37	1931.345	-0.336	5490.558	-0.479	78.598	330.730	140.569	78.598
macd8/18/4<-0.0%	up1d	long	10:30	2	10	106	1421.416	-0.441	75	2753.443	-0.364	7827.577	-0.441	78.597	531.886	173.944	78.597
roc78<-1%	up1d	long	09:30	5	6	32	1421.103	-0.328	22	1491.875	-0.685	4240.214	-0.685	78.575	225.865	118.839	78.575
rsi2<15	down3d	long	10:30	3	15	61	1421.017	-0.751	33	3784.692	-0.515	10756.226	-0.751	78.569	791.111	207.772	78.569
rsi3<15	down1d	long	12:00	2	15	35	1481.169	-0.476	22	854.931	-0.428	2532.594	-0.476	82.726	78.543	81.187	78.543
rsi2<15	down5d	long	10:30	2	0	52	1420.444	-0.565	33	903.122	-0.616	2565.668	-0.616	78.529	89.443	82.051	78.529
rsi5>85	up5d	short	15:55	3	6	38	1420.380	-0.405	33	1177.127	-0.483	3343.936	-0.483	78.524	152.251	100.606	78.524
macd12/26/9<-0.0%	down5d	long	12:00	2	8	94	1420.248	-0.743	44	1302.861	-0.405	3700.772	-0.743	78.515	181.489	108.197	78.515
roc40<-3%	none	long	15:55	2	15	46	1420.170	-0.619	26	2298.389	-0.555	6528.207	-0.619	78.510	419.830	156.319	78.510
rsi5>85	>sma50d	short	15:55	3	10	31	1420.099	-0.391	27	1110.604	-0.608	3154.335	-0.608	78.505	136.882	96.362	78.505
rsi5<15	down1d	long	09:30	3	0	25	1538.126	-0.500	16	854.681	-0.383	2629.214	-0.500	86.594	78.487	83.690	78.487
kelt40<-1.5	<sma10d	long	15:55	2	0	45	1419.466	-0.575	32	2800.164	-0.598	7949.476	-0.598	78.461	543.480	175.499	78.461
rsi5<30	none	long	09:30	3	10	107	1419.270	-0.687	61	4417.916	-0.484	12540.433	-0.687	78.447	953.259	225.573	78.447
rsi5<30	down5d	long	15:55	4	2	47	1419.199	-0.348	30	864.586	-0.501	2454.039	-0.501	78.442	80.723	79.108	78.442
macd12/26/9<-0.1%	up1d	long	09:30	2	15	41	1418.946	-0.302	37	1559.903	-0.485	4426.838	-0.485	78.424	241.952	122.320	78.424
rsi5<30	down5d	long	10:30	2	15	47	1418.821	-0.515	30	960.070	-0.424	2724.334	-0.515	78.416	102.384	86.097	78.416
bb40>+2.0sd	>sma20d	short	12:00	5	5	27	1418.579	-0.729	21	991.284	-0.682	2812.429	-0.729	78.399	109.503	88.279	78.399
macd5/18/4<-0.0%	<sma20d	long	09:30	4	8	81	1418.548	-0.935	52	2405.360	-0.626	6824.239	-0.935	78.397	446.023	160.518	78.397
rsi3>90	>sma50d	short	15:55	4	4	42	1418.474	-0.554	33	1086.496	-0.700	3082.334	-0.700	78.391	131.330	94.707	78.391
rsi2>90	>sma10d	short	12:00	5	2	97	1646.415	-0.864	43	854.212	-0.535	2812.773	-0.864	93.775	78.381	88.288	78.381
bb40<-1.0sd	<sma100d	long	15:55	4	15	51	1418.185	-0.933	21	930.805	-0.794	2640.108	-0.933	78.371	95.726	83.968	78.371
rsi2<25	down3d	long	15:55	3	0	68	1418.142	-0.862	39	2140.524	-0.712	6071.134	-0.862	78.368	381.356	149.593	78.368
bb20<-1.0sd	down5d	long	12:00	3	0	52	1417.952	-0.776	35	1493.606	-0.724	4235.723	-0.776	78.355	226.274	118.754	78.355
rsi3>90	>sma20d	short	12:00	4	3	54	1417.936	-0.497	38	1870.169	-0.551	5303.561	-0.551	78.354	316.006	137.534	78.354
macd8/18/4<-0.0%	>sma50d	long	12:00	5	2	85	1417.584	-0.680	68	3385.096	-0.605	9597.318	-0.680	78.329	689.887	195.183	78.329
kelt40<-2.0	down3d	long	15:55	1	0	40	1416.731	-0.287	26	1140.523	-0.155	3231.630	-0.287	78.270	143.785	98.111	78.270
rsi2<25	down3d	long	15:55	2	0	68	1416.637	-0.681	39	1942.108	-0.526	5502.525	-0.681	78.263	333.325	140.761	78.263
macd12/26/9<-0.1%	up1d	long	09:30	2	0	41	1416.586	-0.303	37	1559.903	-0.485	4419.474	-0.485	78.259	241.952	122.184	78.259
macd8/18/4<-0.0%	>sma50d	long	12:00	4	3	85	1416.458	-0.581	68	904.068	-0.699	2561.150	-0.699	78.251	89.657	81.933	78.251
kelt40<-2.0	>sma50d	long	15:55	3	15	32	1416.426	-0.244	18	1050.891	-0.453	2977.019	-0.453	78.248	123.149	92.243	78.248
kelt40<-2.0	>sma50d	long	15:55	3	0	32	1416.426	-0.244	18	965.599	-0.497	2735.401	-0.497	78.248	103.644	86.374	78.248
kelt40<-2.0	>sma50d	long	15:55	3	10	32	1416.426	-0.244	18	938.178	-0.511	2657.721	-0.511	78.248	97.401	84.417	78.248
roc10<-1%	<sma100d	long	15:55	2	0	53	1416.381	-0.579	15	1059.689	-0.322	3001.845	-0.579	78.245	125.169	92.829	78.245
bb40<-1.0sd	<sma20d	long	09:30	3	10	44	1416.352	-0.747	36	1628.392	-0.415	4612.754	-0.747	78.243	258.204	125.696	78.243
roc20<-2%	<sma100d	long	09:30	2	15	29	1416.323	-0.227	14	958.958	-0.236	2716.387	-0.236	78.241	102.130	85.898	78.241
roc20<-2%	<sma100d	long	09:30	2	0	29	1416.323	-0.227	14	958.958	-0.236	2716.387	-0.236	78.241	102.130	85.898	78.241
rsi3<20	<sma100d	long	10:30	3	0	44	1416.290	-0.342	14	3005.752	-0.190	8514.033	-0.342	78.239	594.682	182.512	78.239
kelt20<-1.0	>sma100d	long	10:30	4	0	30	1710.067	-0.441	52	853.583	-0.955	2919.370	-0.955	97.899	78.239	90.871	78.239
rsi7<35	none	long	09:30	2	0	114	1499.964	-0.413	67	853.471	-0.558	2560.351	-0.558	84.009	78.213	81.912	78.213
rsi14<35	<sma20d	long	12:00	4	15	36	1415.757	-0.726	22	11315.889	-0.105	32041.107	-0.726	78.202	2810.301	359.089	78.202
rsi3<30	down5d	long	09:30	2	10	53	1499.822	-0.589	35	853.367	-0.387	2559.795	-0.589	84.000	78.190	81.898	78.190
macd8/18/4<-0.0%	down3d	long	15:55	1	10	99	1415.448	-0.335	53	1148.645	-0.319	3251.693	-0.335	78.180	145.662	98.561	78.180
rsi3<15	down1d	long	10:30	3	15	35	1415.429	-0.668	22	1038.600	-0.571	2940.129	-0.668	78.179	120.330	91.367	78.179
rsi7<35	down3d	long	15:55	2	10	58	1415.421	-0.485	30	865.183	-0.442	2449.197	-0.485	78.178	80.858	78.978	78.178
rsi5<20	>sma50d	long	09:30	4	5	27	1415.366	-0.312	24	2694.524	-0.234	7627.475	-0.312	78.174	517.288	171.357	78.174
roc20<-1%	<sma50d	long	15:55	2	0	51	1415.283	-0.580	35	1199.739	-0.572	3395.939	-0.580	78.168	157.491	101.743	78.168
bb10>+1.0sd	>sma20d	short	15:55	3	3	94	2201.507	-0.662	50	853.242	-0.696	3756.838	-0.696	127.688	78.162	109.347	78.162
bb40<-1.0sd	>sma50d	long	10:30	4	8	50	1415.050	-0.455	42	10168.599	-0.527	28778.157	-0.527	78.152	2492.789	341.376	78.152
roc20<-2%	none	long	15:55	4	10	43	1415.031	-0.759	38	1263.078	-0.689	3574.589	-0.759	78.151	172.212	105.568	78.151
bb20<-1.5sd	>sma100d	long	10:30	3	4	29	1414.773	-0.291	34	2819.398	-0.334	7977.617	-0.334	78.133	548.258	175.856	78.133
bb40<-1.5sd	<sma20d	long	09:30	2	15	32	1414.596	-0.302	27	937.032	-0.376	2651.042	-0.376	78.120	97.141	84.247	78.120
rsi2<20	down3d	long	10:30	2	0	65	1414.478	-0.446	37	1770.764	-0.447	5009.414	-0.447	78.112	292.163	132.621	78.112
kelt20<-1.0	>sma50d	long	10:30	5	3	46	1414.369	-0.593	37	3745.847	-0.419	10596.021	-0.593	78.105	781.231	206.085	78.105
roc156<-1%	>sma10d	long	15:55	4	3	58	1414.169	-0.842	26	2517.822	-0.422	7121.251	-0.842	78.091	473.661	164.615	78.091
kelt10>+1.0	>sma20d	short	12:00	4	2	54	1414.166	-0.682	41	3096.669	-0.470	8758.408	-0.682	78.090	617.416	185.456	78.090
bb20<-1.5sd	<sma10d	long	09:30	2	8	34	1414.052	-0.282	19	1065.318	-0.256	3012.828	-0.282	78.082	126.461	93.087	78.082
rsi5<30	<sma10d	long	09:30	5	2	44	1413.902	-0.617	28	1049.496	-0.474	2967.768	-0.617	78.072	122.829	92.024	78.072
rsi7<35	>sma100d	long	12:00	4	2	33	1413.834	-0.311	51	1090.910	-0.764	3084.733	-0.764	78.067	132.346	94.763	78.067
rsi5<25	<sma10d	long	09:30	2	0	41	2136.369	-0.341	24	852.741	-0.301	3643.539	-0.341	123.923	78.049	107.012	78.049
rsi5<25	<sma10d	long	09:30	2	15	41	1719.575	-0.469	24	852.741	-0.301	2932.705	-0.469	98.509	78.049	91.190	78.049
roc156<-3%	>sma10d	long	10:30	4	4	30	1483.941	-0.677	15	852.737	-0.456	2530.822	-0.677	82.916	78.048	81.141	78.048
kelt40<-1.5	down3d	long	15:55	1	10	57	1413.396	-0.265	36	1292.558	-0.277	3653.792	-0.277	78.037	179.084	107.225	78.037
bb40>+2.0sd	up3d	short	12:00	3	2	25	1960.346	-0.294	21	852.675	-0.313	3343.075	-0.313	113.486	78.034	100.587	78.034
macd8/18/4<-0.0%	>sma100d	long	12:00	2	10	56	1496.591	-0.268	85	852.654	-0.607	2552.149	-0.607	83.780	78.029	81.699	78.029
rsi7<35	>sma50d	long	12:00	4	2	52	1413.207	-0.509	37	1931.903	-0.467	5460.358	-0.509	78.023	330.865	140.083	78.023
macd12/26/9<-0.0%	down5d	long	12:00	4	3	94	2135.883	-0.867	44	852.616	-0.757	3642.177	-0.867	123.895	78.021	106.984	78.021
rsi7<30	none	long	09:30	3	10	89	1413.113	-0.649	57	980.916	-0.656	2772.292	-0.656	78.017	107.137	87.290	78.017
roc6>+1%	>sma10d	short	15:55	4	2	44	2022.802	-0.481	31	852.522	-0.574	3448.967	-0.574	117.236	77.999	102.892	77.999
kelt40<-2.0	<sma10d	long	15:55	2	10	33	1412.626	-0.482	22	1001.616	-0.371	2829.818	-0.482	77.983	111.864	88.705	77.983
rsi5<30	<sma10d	long	10:30	3	15	44	1412.550	-0.692	28	1327.127	-0.609	3749.268	-0.692	77.977	187.158	109.193	77.977
macd12/26/9<-0.0%	down5d	long	10:30	5	3	94	1412.397	-0.954	44	870.068	-0.828	2457.762	-0.954	77.967	81.961	79.207	77.967
macd8/18/4<-0.0%	none	long	09:30	4	10	203	1412.317	-0.953	115	14913.348	-0.705	42124.736	-0.953	77.961	3821.839	407.493	77.961
macd12/26/9<-0.0%	down5d	long	15:55	1	6	94	1412.358	-0.490	44	852.162	-0.225	2407.117	-0.490	77.964	77.918	77.846	77.918
macd12/26/9<-0.1%	>sma50d	long	09:30	2	10	31	1411.014	-0.160	33	1915.441	-0.203	5405.429	-0.203	77.870	326.899	139.196	77.870
macd12/26/9<-0.1%	>sma50d	long	09:30	2	0	31	1411.014	-0.160	33	1759.746	-0.245	4966.053	-0.245	77.870	289.527	131.881	77.870
macd12/26/9<-0.1%	>sma50d	long	09:30	2	15	31	1411.014	-0.160	33	1759.746	-0.245	4966.053	-0.245	77.870	289.527	131.881	77.870
rsi5<15	down1d	long	09:30	5	2	25	1410.824	-0.445	16	933.242	-0.318	2633.282	-0.445	77.857	96.279	83.794	77.857
roc6<-2%	none	long	09:30	2	10	25	1410.584	-0.384	18	864.198	-0.236	2438.047	-0.384	77.840	80.635	78.679	77.840
macd12/26/9<-0.0%	down5d	long	12:00	2	6	94	1410.485	-0.676	44	1287.913	-0.410	3633.165	-0.676	77.833	178.000	106.796	77.833
macd8/18/4<-0.0%	down5d	long	12:00	2	10	92	1876.432	-0.713	50	851.758	-0.529	3196.533	-0.713	108.365	77.827	97.320	77.827
rsi14<35	<sma10d	long	09:30	2	15	34	1410.333	-0.402	22	1235.637	-0.210	3485.322	-0.402	77.822	165.827	103.672	77.822
bb20<-1.5sd	>sma100d	long	12:00	4	0	29	2497.535	-0.400	34	851.693	-0.820	4254.265	-0.820	144.205	77.812	119.105	77.812
kelt20>+2.0	up3d	short	15:55	4	3	25	3861.584	-0.336	26	851.651	-0.473	6577.444	-0.473	211.034	77.803	157.026	77.803
kelt40<-1.5	down5d	long	09:30	2	15	46	1409.858	-0.638	31	898.305	-0.376	2532.965	-0.638	77.789	88.351	81.197	77.789
rsi14<35	<sma50d	long	15:55	4	10	36	1409.706	-0.521	23	2614.721	-0.456	7371.979	-0.521	77.778	497.555	167.991	77.778
kelt20>+2.0	up5d	short	15:55	4	3	27	1491.642	-0.536	26	851.533	-0.526	2540.365	-0.536	83.442	77.776	81.391	77.776
bb40<-1.5sd	down3d	long	09:30	2	10	39	1409.426	-0.298	30	2237.045	-0.288	6305.898	-0.298	77.759	404.854	153.086	77.759
rsi2<35	down3d	long	09:30	2	0	81	1409.276	-0.604	42	2536.574	-0.336	7149.462	-0.604	77.748	478.280	164.999	77.748
rsi5<30	down5d	long	09:30	4	15	47	7131.143	-0.819	30	851.381	-0.603	12142.639	-0.819	337.200	77.742	221.750	77.742
rsi5<30	down5d	long	09:30	4	0	47	14775.748	-0.626	30	851.381	-0.603	25159.581	-0.626	555.097	77.742	320.173	77.742
rsi5<30	>sma50d	long	12:00	5	3	47	1409.148	-0.527	33	1247.428	-0.533	3515.622	-0.533	77.739	168.569	104.319	77.739
rsi3<15	down5d	long	12:00	3	15	34	1409.148	-0.734	23	935.488	-0.661	2636.483	-0.734	77.739	96.790	83.876	77.739
roc78<-1%	up1d	long	09:30	4	10	32	1464.057	-0.105	22	851.359	-0.722	2492.877	-0.722	81.551	77.737	80.141	77.737
rsi3<20	none	long	10:30	3	0	81	1408.879	-0.626	63	1087.808	-0.915	3065.181	-0.915	77.721	131.632	94.310	77.721
rsi14<35	down3d	long	10:30	3	10	43	1408.630	-0.486	27	3550.749	-0.343	10003.382	-0.486	77.703	731.739	199.699	77.703
rsi5<30	down3d	long	15:55	1	0	54	1408.327	-0.330	32	959.703	-0.239	2703.151	-0.330	77.682	102.300	85.566	77.682
macd12/26/9<-0.2%	none	long	12:00	3	0	37	1408.147	-0.861	25	1311.966	-0.569	3694.882	-0.895	77.669	183.615	108.076	77.669
rsi3<10	>sma50d	long	09:30	3	0	31	1408.035	-0.351	24	1040.509	-0.368	2930.146	-0.368	77.661	120.768	91.129	77.661
rsi3<10	>sma50d	long	09:30	3	10	31	1408.035	-0.351	24	1146.149	-0.304	3227.636	-0.351	77.661	145.085	98.021	77.661
rsi3<10	>sma50d	long	09:30	3	15	31	1408.035	-0.351	24	1040.509	-0.368	2930.146	-0.368	77.661	120.768	91.129	77.661
roc78<-1%	>sma10d	long	15:55	3	3	66	1407.830	-0.658	29	1190.650	-0.263	3352.466	-0.658	77.647	155.384	100.793	77.647
roc10<-2%	down3d	long	12:00	2	8	26	1407.360	-0.483	19	1327.637	-0.414	3736.925	-0.599	77.614	187.277	108.940	77.614
kelt10>+1.0	>sma10d	short	15:55	2	2	59	1407.309	-0.454	39	969.093	-0.355	2727.627	-0.454	77.611	104.440	86.179	77.611
roc6>+1%	up1d	short	15:55	5	2	44	1406.885	-0.445	24	971.306	-0.557	2733.033	-0.567	77.581	104.944	86.314	77.581
bb40<-1.0sd	>sma10d	long	12:00	3	0	59	1406.808	-0.736	41	1095.420	-0.689	3082.091	-0.736	77.575	133.384	94.702	77.575
bb40<-1.0sd	>sma10d	long	12:00	3	15	59	1406.808	-0.736	41	1445.351	-0.666	4066.663	-0.736	77.575	214.898	115.514	77.575
rsi14<35	up1d	long	09:30	4	8	32	1435.127	-0.298	19	850.637	-0.510	2441.544	-0.510	79.551	77.574	78.773	77.574
rsi7<35	>sma100d	long	10:30	4	3	33	1916.321	-0.288	51	850.614	-0.653	3260.101	-0.653	110.812	77.569	98.748	77.569
bb40<-1.0sd	none	long	10:30	3	15	106	1406.597	-0.798	78	7084.058	-0.711	19928.831	-0.798	77.561	1654.415	285.786	77.561
rsi3<25	down5d	long	09:30	2	0	46	2187.244	-0.513	32	850.571	-0.315	3720.813	-0.513	126.868	77.559	108.610	77.559
rsi3<25	down5d	long	09:30	2	15	46	1617.480	-0.640	32	850.571	-0.315	2751.563	-0.640	91.877	77.559	86.776	77.559
rsi5<30	>sma50d	long	15:55	2	15	47	1406.363	-0.284	33	943.998	-0.456	2655.208	-0.456	77.544	98.725	84.353	77.544
macd12/26/9<-0.0%	down3d	long	15:55	3	10	100	1406.357	-0.922	53	1307.079	-0.654	3676.442	-0.922	77.544	182.474	107.695	77.544
roc78<-1%	>sma10d	long	12:00	3	3	66	1406.330	-0.619	29	1217.567	-0.263	3424.603	-0.619	77.542	161.628	102.365	77.542
rsi3<15	<sma50d	long	09:30	3	0	29	1406.271	-0.483	21	1221.411	-0.637	3435.269	-0.637	77.538	162.521	102.596	77.538
roc156<-1%	>sma10d	long	10:30	3	2	58	1406.134	-0.632	26	1188.591	-0.295	3342.638	-0.632	77.528	154.907	100.577	77.528
macd8/18/4<-0.0%	<sma50d	long	15:55	2	4	98	1449.884	-0.700	47	850.409	-0.436	2465.988	-0.700	80.573	77.523	79.427	77.523
macd8/18/4<-0.0%	up1d	long	09:30	3	10	106	1405.804	-0.679	75	6314.093	-0.516	17752.756	-0.679	77.505	1449.289	269.785	77.505
kelt40<-1.5	none	long	15:55	1	0	92	1405.777	-0.341	57	1795.722	-0.341	5048.770	-0.341	77.503	298.140	133.289	77.503
rsi7<25	up1d	long	09:30	5	15	33	1405.037	-0.311	25	1143.057	-0.836	3212.075	-0.836	77.451	144.370	97.671	77.451
rsi7<25	up1d	long	09:30	5	10	33	1405.037	-0.311	25	2287.519	-0.672	6428.100	-0.672	77.451	417.174	154.872	77.451
rsi7<25	up1d	long	09:30	5	0	33	1405.037	-0.311	25	1143.057	-0.836	3212.075	-0.836	77.451	144.370	97.671	77.451
rsi7<25	up1d	long	09:30	5	8	33	1405.037	-0.311	25	2746.638	-0.606	7718.259	-0.606	77.451	530.199	172.536	77.451
macd8/18/4<-0.0%	>sma50d	long	12:00	4	2	85	1404.962	-0.592	68	3000.066	-0.506	8429.958	-0.592	77.446	593.262	181.486	77.446
rsi5<25	<sma50d	long	15:55	3	0	40	1404.827	-0.550	23	986.534	-0.675	2771.819	-0.675	77.437	108.419	87.279	77.437
kelt20>+2.0	up3d	short	15:55	3	3	25	2561.252	-0.260	26	850.013	-0.375	4354.194	-0.375	147.644	77.433	120.976	77.433
macd8/18/4<-0.0%	>sma100d	long	12:00	2	0	56	1485.876	-0.273	85	850.006	-0.664	2526.005	-0.664	83.048	77.432	81.015	77.432
macd12/26/9<-0.0%	down5d	long	12:00	2	10	94	1404.445	-0.810	44	1593.131	-0.430	4474.932	-0.810	77.410	249.830	123.201	77.410
macd5/18/4<-0.0%	down3d	long	15:55	2	15	95	1404.313	-0.646	54	1781.110	-0.514	5002.474	-0.646	77.401	294.640	132.503	77.401
kelt20<-1.0	<sma20d	long	09:30	4	10	41	1403.961	-0.861	35	1336.899	-0.556	3753.910	-0.861	77.376	189.444	109.288	77.376
macd8/18/4<-0.0%	down5d	long	10:30	2	10	92	1984.212	-0.716	50	849.721	-0.486	3372.053	-0.716	114.925	77.367	101.222	77.367
macd5/18/4<-0.0%	up1d	long	12:00	2	10	104	1403.524	-0.476	75	1030.544	-0.390	2892.786	-0.476	77.345	118.484	90.233	77.345
rsi2>85	>sma50d	short	15:55	4	2	74	1403.369	-0.672	48	927.278	-0.632	2602.628	-0.672	77.334	94.924	83.007	77.334
kelt20<-1.0	down5d	long	09:30	4	10	43	3438.274	-0.893	32	849.525	-0.614	5841.803	-0.893	191.620	77.323	146.097	77.323
bb40<-1.0sd	down5d	long	09:30	3	8	49	1403.136	-0.789	37	1385.204	-0.507	3887.259	-0.793	77.318	200.762	111.981	77.318
macd8/18/4<-0.0%	>sma50d	long	10:30	3	0	85	1937.759	-0.557	68	849.492	-0.805	3292.221	-0.805	112.118	77.316	99.464	77.316
macd5/18/4>+0.1%	>sma10d	short	15:55	2	2	59	1403.010	-0.313	34	860.846	-0.290	2415.551	-0.367	77.309	79.878	78.074	77.309
bb40<-1.0sd	none	long	09:30	4	15	106	1402.777	-0.951	78	3384.947	-0.835	9496.653	-0.951	77.293	689.850	194.045	77.293
rsi5<25	down3d	long	15:55	3	15	47	1402.230	-0.667	27	1018.562	-0.626	2856.515	-0.667	77.254	115.740	89.355	77.254
kelt40<-1.0	down3d	long	15:55	2	10	75	1402.042	-0.633	46	1164.995	-0.582	3266.744	-0.633	77.241	149.443	98.897	77.241
roc20<-2%	down3d	long	15:55	1	10	27	1401.902	-0.101	28	1259.808	-0.195	3532.256	-0.195	77.231	171.450	104.673	77.231
rsi14<35	<sma20d	long	12:00	3	4	36	1401.627	-0.388	22	1087.636	-0.372	3048.919	-0.388	77.212	131.592	93.932	77.212
kelt20>+1.0	up3d	short	12:00	5	2	86	1401.498	-0.715	52	856.217	-0.716	2399.971	-0.716	77.203	78.833	77.652	77.203
rsi5<35	>sma50d	long	12:00	3	10	59	1401.147	-0.417	41	1246.216	-0.658	3492.264	-0.658	77.178	168.287	103.821	77.178
rsi5<35	>sma50d	long	12:00	3	15	59	1401.147	-0.417	41	1268.064	-0.708	3553.490	-0.708	77.178	173.373	105.123	77.178
rsi5<35	>sma50d	long	12:00	3	0	59	1401.147	-0.417	41	1030.464	-0.708	2887.663	-0.708	77.178	118.466	90.109	77.178
macd12/26/9<-0.1%	none	long	09:30	5	10	93	1401.094	-0.992	60	2372.607	-0.855	6648.492	-0.992	77.175	437.993	158.039	77.175
rsi14<35	<sma50d	long	15:55	3	10	36	1401.040	-0.392	23	2136.978	-0.345	5987.984	-0.392	77.171	380.494	148.335	77.171
macd12/26/9<-0.1%	>sma20d	long	09:30	4	0	42	1400.926	-0.461	31	3317.036	-0.491	9293.843	-0.491	77.163	672.739	191.729	77.163
macd12/26/9<-0.1%	>sma20d	long	09:30	4	15	42	1400.926	-0.461	31	3317.036	-0.491	9293.843	-0.491	77.163	672.739	191.729	77.163
macd12/26/9<-0.1%	>sma20d	long	09:30	4	10	42	1400.926	-0.461	31	4203.672	-0.442	11778.067	-0.461	77.163	898.173	218.177	77.163
rsi2<10	down3d	long	15:55	4	15	59	1400.905	-0.883	31	2232.977	-0.833	6256.376	-0.883	77.161	403.862	152.356	77.161
bb20<-1.0sd	down3d	long	15:55	2	0	66	1400.672	-0.573	43	4667.007	-0.399	13073.888	-0.573	77.145	1017.575	230.579	77.145
bb40<-1.0sd	>sma10d	long	12:00	4	4	59	1400.666	-0.668	41	4012.808	-0.608	11241.206	-0.668	77.145	849.289	212.785	77.145
kelt40<-1.5	>sma100d	long	12:00	5	2	25	1400.657	-0.297	40	984.451	-0.838	2757.758	-0.838	77.144	107.943	86.930	77.144
macd12/26/9<-0.0%	down5d	long	15:55	4	5	94	2164.592	-0.955	44	848.708	-0.767	3674.212	-0.955	125.561	77.139	107.649	77.139
roc10<-2%	down1d	long	12:00	2	10	25	2039.976	-0.207	18	848.668	-0.325	3462.524	-0.325	118.258	77.130	103.183	77.130
macd8/18/4<-0.0%	>sma50d	long	09:30	2	0	85	1400.435	-0.252	68	1972.646	-0.451	5525.126	-0.451	77.128	340.693	141.123	77.128
macd8/18/4<-0.0%	>sma50d	long	09:30	2	15	85	1400.435	-0.252	68	1972.646	-0.451	5525.126	-0.451	77.128	340.693	141.123	77.128
macd8/18/4<-0.0%	>sma50d	long	09:30	2	10	85	1400.435	-0.252	68	2373.709	-0.364	6648.452	-0.364	77.128	438.263	158.039	77.128
kelt20<-1.5	none	long	09:30	2	15	73	1400.341	-0.482	43	992.271	-0.455	2779.036	-0.482	77.122	109.729	87.457	77.122
kelt10>+1.0	up3d	short	15:55	5	2	56	2257.399	-0.685	40	848.597	-0.642	3831.244	-0.685	130.879	77.114	110.857	77.114
kelt20<-1.0	>sma50d	long	12:00	3	4	46	1400.137	-0.351	37	1866.839	-0.366	5227.662	-0.366	77.108	315.206	136.283	77.108
bb20>+2.0sd	up3d	short	15:55	3	2	40	1540.069	-0.492	22	848.543	-0.335	2613.628	-0.492	86.724	77.102	83.290	77.102
macd5/18/4<-0.0%	>sma50d	long	12:00	4	2	90	1399.602	-0.638	68	1390.631	-0.624	3892.658	-0.638	77.070	202.035	112.089	77.070
roc40<-2%	>sma10d	long	10:30	3	3	35	1399.580	-0.458	16	1094.509	-0.359	3063.704	-0.458	77.068	133.174	94.276	77.068
kelt20<-1.5	down3d	long	15:55	2	0	39	1399.562	-0.470	21	2039.213	-0.303	5708.008	-0.470	77.067	356.784	144.017	77.067
rsi3>85	>sma10d	short	15:55	4	2	65	2104.644	-0.581	43	848.379	-0.596	3571.071	-0.596	122.071	77.065	105.494	77.065
roc20<-1%	down3d	long	09:30	2	15	64	1399.515	-0.585	44	1806.931	-0.551	5057.651	-0.585	77.064	300.826	133.439	77.064
kelt10>+1.0	>sma50d	short	15:55	4	2	45	1399.379	-0.703	39	1872.869	-0.499	5241.704	-0.704	77.054	316.655	136.516	77.054
macd5/18/4<-0.0%	down5d	long	09:30	2	10	85	2062.816	-0.696	53	848.222	-0.500	3499.453	-0.696	119.611	77.029	103.975	77.029
rsi5>85	>sma50d	short	15:55	4	2	31	1398.881	-0.399	27	4373.886	-0.399	12237.094	-0.399	77.019	941.920	222.665	77.019
roc78<-1%	>sma10d	long	15:55	4	3	66	1398.795	-0.785	29	1333.586	-0.339	3730.826	-0.785	77.013	188.669	108.815	77.013
rsi5<30	>sma100d	long	09:30	3	0	28	1398.758	-0.222	43	1296.588	-0.544	3627.224	-0.544	77.011	180.024	106.672	77.011
rsi5<30	>sma100d	long	09:30	3	10	28	1398.758	-0.222	43	1844.170	-0.450	5159.095	-0.450	77.011	309.760	135.143	77.011
rsi5<30	>sma100d	long	09:30	3	15	28	1398.758	-0.222	43	1296.588	-0.544	3627.224	-0.544	77.011	180.024	106.672	77.011
rsi2<10	down3d	long	15:55	1	0	59	1398.669	-0.211	31	1121.111	-0.293	3136.125	-0.293	77.004	139.304	95.946	77.004
rsi5<35	<sma100d	long	09:30	4	15	58	1398.649	-0.836	20	1542.489	-0.442	4314.800	-0.836	77.003	237.828	120.242	77.003
macd12/26/9<-0.0%	down5d	long	10:30	2	5	94	1398.284	-0.610	44	955.555	-0.395	2672.275	-0.610	76.977	101.355	84.786	76.977
kelt40<-1.0	>sma50d	long	15:55	5	15	56	1398.106	-0.765	39	1885.486	-0.896	5272.218	-0.896	76.965	319.689	137.019	76.965
kelt20<-2.0	down1d	long	15:55	4	0	28	1398.052	-0.570	15	2448.790	-0.452	6847.075	-0.570	76.961	456.684	160.837	76.961
kelt20<-2.0	down1d	long	15:55	4	15	28	1398.052	-0.570	15	2448.790	-0.452	6847.075	-0.570	76.961	456.684	160.837	76.961
kelt40<-1.5	down5d	long	15:55	1	15	46	1397.552	-0.301	31	1260.035	-0.282	3521.927	-0.301	76.926	171.503	104.453	76.926
rsi2<20	>sma100d	long	09:30	3	10	41	1397.474	-0.249	60	1042.804	-0.715	2914.583	-0.715	76.921	121.294	90.756	76.921
bb40<-1.0sd	up1d	long	09:30	5	8	40	1397.421	-0.278	43	4417.325	-0.809	12345.723	-0.809	76.917	953.107	223.711	76.917
bb40<-1.0sd	up1d	long	09:30	5	10	40	1397.421	-0.278	43	3124.929	-0.868	8733.682	-0.868	76.917	624.493	185.160	76.917
rsi2<25	down1d	long	12:00	3	0	77	1397.394	-0.791	37	1814.510	-0.704	5071.170	-0.791	76.915	302.643	133.667	76.915
macd5/18/4>+0.1%	>sma20d	short	12:00	4	3	60	1791.659	-0.507	39	847.645	-0.508	3037.380	-0.508	103.085	76.899	93.662	76.899
rsi5<25	<sma10d	long	09:30	2	8	41	1397.156	-0.471	24	1009.803	-0.184	2821.704	-0.471	76.898	113.736	88.507	76.898
macd5/18/4<-0.0%	>sma50d	long	12:00	5	2	90	1397.146	-0.737	68	1274.008	-0.726	3559.950	-0.737	76.897	174.758	105.259	76.897
bb78<-1.5sd	down1d	long	09:30	4	0	39	1396.919	-0.640	17	1118.543	-0.516	3125.028	-0.640	76.881	138.712	95.691	76.881
bb78<-1.5sd	down1d	long	09:30	4	15	39	1396.919	-0.640	17	1118.543	-0.516	3125.028	-0.640	76.881	138.712	95.691	76.881
roc40<-2%	>sma50d	long	10:30	3	10	30	1396.355	-0.598	19	1507.613	-0.463	4210.324	-0.598	76.842	229.582	118.273	76.842
rsi2<10	>sma50d	long	12:00	3	10	57	1395.762	-0.616	43	1001.443	-0.750	2795.552	-0.750	76.800	111.825	87.865	76.800
macd12/26/9<-0.0%	down3d	long	15:55	1	0	100	1395.622	-0.387	53	1027.946	-0.219	2869.246	-0.387	76.790	117.889	89.664	76.790
rsi3<30	<sma20d	long	09:30	2	10	49	1395.075	-0.575	35	899.773	-0.383	2510.500	-0.575	76.752	88.684	80.607	76.752
bb40<-1.5sd	down5d	long	09:30	4	8	34	3261.122	-0.481	27	846.943	-0.584	5523.971	-0.584	183.181	76.741	141.104	76.741
rsi7<35	>sma50d	long	12:00	5	4	52	1762.204	-0.621	37	846.868	-0.761	2984.707	-0.761	101.225	76.724	92.425	76.724
macd8/18/4<-0.0%	>sma20d	long	15:55	2	10	104	1394.662	-0.660	65	1448.226	-0.528	4039.570	-0.660	76.723	215.575	114.987	76.723
bb10<-1.5sd	none	long	09:30	2	0	78	1394.538	-0.380	50	890.704	-0.453	2484.241	-0.453	76.714	86.629	79.912	76.714
rsi5<30	down5d	long	15:55	5	2	47	1571.396	-0.438	30	846.816	-0.593	2661.366	-0.593	88.823	76.712	84.509	76.712
macd5/18/4<-0.0%	down3d	long	15:55	3	0	95	1394.495	-0.815	54	1708.050	-0.707	4763.735	-0.815	76.711	277.176	128.374	76.711
macd12/26/9<-0.0%	down5d	long	12:00	3	6	94	1394.468	-0.844	44	1492.130	-0.560	4161.456	-0.844	76.709	225.926	117.341	76.709
macd12/26/9<-0.1%	>sma10d	long	09:30	5	15	43	1394.244	-0.659	34	1672.697	-0.725	4664.297	-0.725	76.693	268.747	126.616	76.693
macd12/26/9<-0.1%	>sma10d	long	09:30	5	10	43	1394.244	-0.659	34	2421.439	-0.688	6752.156	-0.688	76.693	449.968	159.506	76.693
macd12/26/9<-0.1%	>sma10d	long	09:30	5	0	43	1394.244	-0.659	34	1672.697	-0.725	4664.297	-0.725	76.693	268.747	126.616	76.693
rsi2>75	>sma20d	short	15:55	4	3	108	1394.176	-0.825	54	1322.118	-0.818	3686.529	-0.825	76.689	185.987	107.904	76.689
bb40<-1.0sd	>sma50d	long	12:00	3	8	50	1393.902	-0.410	42	5883.028	-0.465	16400.726	-0.465	76.669	1335.313	259.208	76.669
roc6>+1%	up1d	short	15:55	4	2	44	1393.801	-0.371	24	966.113	-0.474	2693.137	-0.474	76.662	103.761	85.313	76.662
roc40<-2%	>sma10d	long	10:30	3	15	35	1393.730	-0.613	16	894.243	-0.481	2492.667	-0.613	76.657	87.431	80.136	76.657
kelt20<-1.5	down3d	long	10:30	4	15	39	1393.711	-0.740	21	1418.499	-0.603	3953.953	-0.740	76.656	208.581	113.306	76.656
rsi3<15	down1d	long	12:00	3	10	35	1393.212	-0.672	22	862.822	-0.664	2404.186	-0.672	76.621	80.324	77.766	76.621
rsi2>90	>sma20d	short	12:00	3	2	91	1393.014	-0.585	45	1416.221	-0.487	3945.630	-0.585	76.607	208.045	113.142	76.607
macd12/26/9<-0.1%	down3d	long	09:30	2	15	52	1529.948	-0.572	28	846.303	-0.301	2589.599	-0.572	86.042	76.597	82.671	76.597
macd12/26/9<-0.1%	down3d	long	09:30	2	0	52	2068.878	-0.421	28	846.303	-0.301	3501.797	-0.421	119.969	76.597	104.025	76.597
macd5/18/4<-0.0%	up1d	long	12:00	3	10	104	1665.778	-0.640	75	846.229	-0.622	2819.258	-0.640	95.037	76.580	88.447	76.580
bb20<-1.5sd	<sma100d	long	15:55	3	10	40	1392.598	-0.432	12	1015.048	-0.435	2827.106	-0.435	76.578	114.936	88.639	76.578
rsi2<30	>sma100d	long	09:30	3	10	49	1392.503	-0.271	68	1145.477	-0.683	3190.160	-0.683	76.571	144.930	97.176	76.571
kelt10<-1.0	>sma50d	long	09:30	4	0	39	1392.418	-0.452	34	1623.990	-0.647	4522.545	-0.647	76.565	257.158	124.069	76.565
kelt10<-1.0	>sma50d	long	09:30	4	10	39	1392.418	-0.452	34	2111.614	-0.577	5880.498	-0.577	76.565	374.335	146.693	76.565
kelt10<-1.0	>sma50d	long	09:30	4	15	39	1392.418	-0.452	34	1623.990	-0.647	4522.545	-0.647	76.565	257.158	124.069	76.565
roc40<-2%	>sma10d	long	10:30	4	15	35	1392.274	-0.773	16	882.854	-0.631	2458.348	-0.773	76.555	84.853	79.223	76.555
rsi5<25	<sma20d	long	09:30	2	10	37	1428.913	-0.420	27	846.067	-0.393	2417.912	-0.420	79.119	76.543	78.137	76.543
macd8/18/4<-0.0%	<sma50d	long	15:55	2	5	98	1391.527	-0.737	47	932.299	-0.483	2594.637	-0.737	76.502	96.065	82.801	76.502
macd8/18/4<-0.0%	up1d	long	10:30	2	15	106	1391.510	-0.453	75	2035.124	-0.458	5663.790	-0.458	76.501	355.795	143.322	76.501
bb20<-1.5sd	down1d	long	09:30	5	15	48	1391.305	-0.912	21	1340.779	-0.692	3730.864	-0.912	76.487	190.352	108.816	76.487
rsi5<30	down3d	long	15:55	4	10	54	1390.955	-0.888	32	2182.366	-0.761	6071.147	-0.888	76.462	391.532	149.593	76.462
rsi3<35	none	long	09:30	2	10	135	1390.763	-0.678	84	2550.264	-0.488	7093.624	-0.678	76.448	481.653	164.239	76.448
rsi2>90	>sma10d	short	15:55	5	2	97	2511.259	-0.846	43	845.470	-0.681	4246.389	-0.846	144.949	76.409	118.956	76.409
bb10>+1.5sd	>sma10d	short	12:00	5	3	58	2353.362	-0.632	37	845.466	-0.675	3979.373	-0.675	136.276	76.408	113.808	76.408
rsi5<30	<sma100d	long	10:30	2	0	53	1389.978	-0.357	18	1235.573	-0.212	3434.838	-0.357	76.393	165.812	102.587	76.393
kelt20<-1.0	down5d	long	09:30	3	8	43	1800.350	-0.761	32	845.374	-0.548	3043.938	-0.766	103.632	76.387	93.815	76.387
rsi5<30	>sma100d	long	10:30	5	2	28	1388.724	-0.445	43	4668.116	-0.514	12965.452	-0.514	76.305	1017.862	229.572	76.305
rsi3>90	>sma50d	short	15:55	4	3	42	1388.647	-0.518	33	1877.049	-0.586	5213.117	-0.586	76.299	317.660	136.042	76.299
bb40<-1.5sd	down1d	long	09:30	4	10	45	1388.627	-0.599	25	2008.743	-0.516	5578.788	-0.599	76.298	349.413	141.978	76.298
rsi3<25	<sma20d	long	09:30	4	0	40	3204.825	-0.789	32	844.972	-0.748	5415.973	-0.789	180.457	76.296	139.367	76.296
rsi5<25	<sma100d	long	15:55	3	0	48	1388.158	-0.550	14	1304.138	-0.483	3620.699	-0.550	76.265	181.787	106.536	76.265
kelt40<-2.0	<sma10d	long	15:55	2	15	33	1388.130	-0.482	22	1232.660	-0.516	3422.183	-0.516	76.263	165.135	102.313	76.263
macd12/26/9<-0.0%	down5d	long	10:30	3	15	94	1388.122	-0.928	44	1989.565	-0.555	5523.516	-0.928	76.262	344.779	141.097	76.262
kelt20<-1.5	down3d	long	12:00	2	0	39	1387.981	-0.425	21	1389.313	-0.404	3856.681	-0.425	76.252	201.726	111.369	76.252
rsi5<25	<sma50d	long	10:30	4	0	40	1387.974	-0.542	23	1178.692	-0.879	3271.988	-0.879	76.252	152.613	99.014	76.252
macd8/18/4<-0.0%	<sma20d	long	10:30	3	0	91	1387.761	-0.882	50	1150.170	-0.853	3192.320	-0.882	76.237	146.014	97.225	76.237
rsi5<20	>sma50d	long	09:30	3	6	27	1387.733	-0.220	24	1676.362	-0.254	4652.686	-0.254	76.235	269.621	126.410	76.235
macd5/18/4>+0.1%	>sma10d	short	12:00	3	2	59	1387.728	-0.382	34	904.341	-0.408	2509.959	-0.408	76.235	89.719	80.592	76.235
rsi3>80	>sma20d	short	15:55	2	2	70	1387.726	-0.344	48	1093.586	-0.357	3035.195	-0.357	76.234	132.962	93.611	76.234
macd12/26/9<-0.1%	none	long	09:30	2	2	93	1387.502	-0.252	60	2048.496	-0.335	5684.585	-0.335	76.219	359.032	143.649	76.219
rsi3<15	<sma20d	long	09:30	5	10	28	1387.468	-0.931	26	3386.836	-0.758	9398.252	-0.931	76.216	690.326	192.925	76.216
rsi3<15	<sma20d	long	09:30	5	15	28	1387.468	-0.931	26	1873.003	-0.866	5197.461	-0.931	76.216	316.687	135.782	76.216
kelt20<-1.0	>sma100d	long	10:30	5	2	30	1387.454	-0.415	52	3804.905	-0.692	10558.263	-0.692	76.215	796.254	205.685	76.215
rsi5<30	none	long	12:00	4	0	107	1896.736	-0.823	61	844.541	-0.941	3203.743	-0.941	109.613	76.199	97.483	76.199
roc40<-3%	none	long	15:55	3	10	46	1387.179	-0.791	26	2279.635	-0.664	6324.523	-0.791	76.196	415.248	153.360	76.196
rsi3<20	down3d	long	09:30	4	10	42	1386.973	-0.763	30	3606.152	-0.405	10003.273	-0.763	76.181	745.772	199.698	76.181
macd8/18/4<-0.0%	>sma10d	long	10:30	2	10	113	1386.963	-0.519	67	1208.737	-0.571	3352.947	-0.571	76.181	159.579	100.804	76.181
macd8/18/4<-0.0%	>sma10d	long	10:30	2	0	113	1386.963	-0.519	67	1035.857	-0.646	2873.392	-0.646	76.181	119.701	89.764	76.181
macd8/18/4<-0.0%	>sma10d	long	10:30	2	15	113	1386.963	-0.519	67	968.791	-0.669	2687.354	-0.669	76.181	104.371	85.168	76.181
rsi7<25	none	long	10:30	3	10	71	1386.931	-0.747	40	1900.120	-0.608	5270.672	-0.747	76.178	323.210	136.994	76.178
macd8/18/4<-0.0%	<sma10d	long	09:30	3	15	88	1386.919	-0.880	48	2185.511	-0.524	6062.255	-0.880	76.178	392.297	149.459	76.178
macd12/26/9>+0.0%	up5d	short	15:55	2	2	129	1386.429	-0.488	73	899.350	-0.533	2493.770	-0.533	76.143	88.588	80.165	76.143
rsi3<20	>sma50d	long	09:30	3	10	41	1386.386	-0.355	39	898.124	-0.577	2490.292	-0.577	76.140	88.310	80.073	76.140
kelt10<-1.0	>sma50d	long	10:30	3	10	39	1386.326	-0.323	34	920.307	-0.615	2551.690	-0.615	76.136	93.341	81.687	76.136
roc20<-2%	down5d	long	09:30	2	8	27	1386.102	-0.237	21	1062.383	-0.300	2945.143	-0.316	76.120	125.787	91.487	76.120
bb40<-1.0sd	>sma50d	long	10:30	4	3	50	1385.815	-0.455	42	3368.752	-0.515	9336.931	-0.515	76.100	685.767	192.224	76.100
macd12/26/9<-0.2%	<sma10d	long	09:30	3	0	25	1491.240	-0.697	12	843.996	-0.231	2517.201	-0.697	83.415	76.076	80.783	76.076
bb10<-1.0sd	none	long	09:30	2	15	120	1385.453	-0.632	70	1612.187	-0.453	4467.219	-0.632	76.074	254.354	123.060	76.074
bb20<-1.5sd	down1d	long	09:30	2	0	48	1385.390	-0.456	21	1031.399	-0.279	2857.780	-0.456	76.070	118.680	89.386	76.070
kelt20<-1.0	>sma100d	long	10:30	3	15	30	1385.049	-0.345	52	2215.294	-0.809	6136.582	-0.809	76.046	399.551	150.575	76.046
kelt20<-1.0	>sma100d	long	10:30	3	10	30	1385.049	-0.345	52	2245.766	-0.800	6220.992	-0.800	76.046	406.981	151.832	76.046
kelt20<-1.0	>sma100d	long	10:30	3	0	30	1385.049	-0.345	52	1506.517	-0.861	4173.199	-0.861	76.046	229.323	117.566	76.046
rsi2<10	>sma50d	long	09:30	5	15	57	1385.005	-0.653	43	1388.467	-0.915	3846.068	-0.915	76.042	201.527	111.156	76.042
rsi2<10	>sma50d	long	09:30	5	10	57	1385.005	-0.653	43	2838.849	-0.827	7863.639	-0.827	76.042	553.092	174.406	76.042
rsi2<10	>sma50d	long	09:30	5	0	57	1385.005	-0.653	43	1388.467	-0.915	3846.068	-0.915	76.042	201.527	111.156	76.042
rsi2<15	<sma10d	long	09:30	2	0	49	1384.800	-0.533	31	1133.419	-0.429	3139.120	-0.533	76.028	142.145	96.014	76.028
roc6>+1%	>sma100d	short	15:55	3	3	28	1384.464	-0.331	48	850.581	-0.679	2355.199	-0.679	76.004	77.562	76.431	76.004
macd8/18/4<-0.0%	<sma100d	long	15:55	3	6	103	1384.428	-0.896	30	942.713	-0.620	2610.235	-0.896	76.002	98.433	83.203	76.002
rsi2<10	<sma10d	long	09:30	3	10	47	1384.390	-0.780	28	1686.023	-0.486	4668.227	-0.780	75.999	271.923	126.686	75.999
bb10>+1.5sd	>sma20d	short	10:30	4	2	56	1384.161	-0.420	38	897.439	-0.546	2484.399	-0.546	75.983	88.155	79.917	75.983
bb78<-1.5sd	>sma50d	long	09:30	4	15	29	1384.003	-0.457	12	3234.827	-0.130	8954.022	-0.457	75.972	652.065	187.775	75.972
bb78<-1.5sd	>sma50d	long	09:30	4	0	29	1384.003	-0.457	12	3234.827	-0.130	8954.022	-0.457	75.972	652.065	187.775	75.972
bb78<-1.5sd	>sma50d	long	09:30	4	10	29	1384.003	-0.457	12	3234.827	-0.130	8954.022	-0.457	75.972	652.065	187.775	75.972
roc20<-2%	<sma50d	long	12:00	3	15	25	1383.942	-0.449	22	851.655	-0.756	2357.282	-0.756	75.967	77.804	76.488	75.967
bb40<-1.0sd	>sma100d	long	10:30	4	2	31	1383.881	-0.275	57	3259.007	-0.739	9020.157	-0.739	75.963	658.142	188.552	75.963
macd5/18/4<-0.0%	up1d	long	10:30	3	8	104	1383.500	-0.561	75	2347.254	-0.429	6494.849	-0.561	75.936	431.783	155.839	75.936
rsi5<30	>sma50d	long	10:30	4	15	47	1885.975	-0.479	33	843.371	-0.752	3181.155	-0.752	108.952	75.936	96.972	75.936
macd5/18/4<-0.0%	<sma20d	long	09:30	5	2	81	1383.320	-0.661	52	1166.793	-0.853	3228.095	-0.853	75.924	149.859	98.031	75.924
rsi2<15	down3d	long	09:30	3	10	61	1383.220	-0.764	33	3783.684	-0.473	10467.336	-0.764	75.917	790.854	204.718	75.917
kelt10>+1.0	>sma20d	short	15:55	3	4	54	1502.974	-0.645	41	843.280	-0.705	2534.855	-0.705	84.214	75.915	81.247	75.915
roc10<-2%	none	long	15:55	2	6	34	1383.140	-0.390	30	1032.016	-0.491	2854.845	-0.491	75.911	118.821	89.315	75.911
rsi14<35	<sma100d	long	12:00	4	15	39	1383.068	-0.681	16	1730.503	-0.605	4786.808	-0.681	75.906	282.537	128.779	75.906
rsi2>85	>sma20d	short	15:55	3	3	93	1382.315	-0.618	50	1241.978	-0.656	3433.609	-0.656	75.853	167.301	102.560	75.853
bb20<-1.5sd	down3d	long	09:30	4	3	43	1386.341	-0.675	22	842.972	-0.367	2337.292	-0.675	76.137	75.846	75.938	75.846
roc10<-2%	none	long	09:30	3	8	34	1382.175	-0.608	30	1719.272	-0.355	4752.670	-0.608	75.843	279.855	128.180	75.843
macd8/18/4<-0.0%	up1d	long	15:55	3	10	106	1381.724	-0.653	75	3391.320	-0.695	9371.738	-0.749	75.811	691.457	192.622	75.811
bb40<-1.0sd	>sma10d	long	12:00	5	4	59	1381.653	-0.760	41	4758.322	-0.719	13148.697	-0.760	75.806	1041.223	231.271	75.806
rsi5<30	>sma100d	long	15:55	3	10	28	1381.551	-0.304	43	1008.013	-0.633	2785.242	-0.633	75.799	113.327	87.611	75.799
bb78<-1.0sd	<sma100d	long	15:55	2	0	43	1381.019	-0.753	18	1196.980	-0.306	3306.104	-0.753	75.761	156.851	99.771	75.761
macd8/18/4<-0.0%	none	long	09:30	1	0	203	1380.911	-0.399	115	1686.370	-0.243	4657.451	-0.399	75.753	272.006	126.494	75.753
roc20<-2%	<sma50d	long	12:00	3	0	25	1383.942	-0.449	22	842.547	-0.758	2332.071	-0.758	75.967	75.750	75.794	75.750
rsi14<35	<sma20d	long	12:00	3	8	36	1380.839	-0.348	22	1237.143	-0.430	3416.591	-0.430	75.748	166.177	102.192	75.748
roc10<-1%	down3d	long	09:30	2	0	53	1380.736	-0.560	32	1655.009	-0.301	4570.261	-0.560	75.741	264.536	124.932	75.741
macd12/26/9<-0.2%	down3d	long	15:55	3	5	26	1380.733	-0.755	15	987.710	-0.318	2727.527	-0.788	75.741	108.687	86.177	75.741
rsi3>70	>sma20d	short	15:55	5	2	97	1380.579	-0.827	55	1218.237	-0.780	3363.745	-0.827	75.730	161.784	101.040	75.730
rsi3>85	>sma20d	short	12:00	4	5	60	1380.153	-0.535	43	1506.476	-0.669	4158.334	-0.669	75.700	229.313	117.281	75.700
bb40<-1.0sd	down3d	long	09:30	5	0	59	6759.646	-0.888	44	842.289	-0.845	11387.148	-0.888	324.407	75.692	214.267	75.692
rsi14<35	down5d	long	10:30	2	10	37	2021.189	-0.341	23	842.210	-0.424	3404.530	-0.424	117.139	75.674	101.930	75.674
bb40<-1.0sd	>sma50d	long	12:00	3	3	50	1379.680	-0.264	42	2694.551	-0.403	7435.236	-0.403	75.666	517.294	168.831	75.666
bb20<-1.5sd	down5d	long	12:00	3	0	33	2305.482	-0.695	21	842.126	-0.578	3883.013	-0.695	133.596	75.655	111.896	75.655
kelt10>+1.0	>sma10d	short	15:55	3	3	59	1970.967	-0.689	39	841.976	-0.594	3319.015	-0.689	114.128	75.621	100.057	75.621
macd5/18/4<-0.0%	down3d	long	12:00	2	15	95	1378.808	-0.680	54	1790.363	-0.552	4937.136	-0.680	75.605	296.856	131.385	75.605
bb40<-1.5sd	down1d	long	09:30	5	10	45	1378.631	-0.713	25	2332.266	-0.614	6430.668	-0.713	75.592	428.115	154.909	75.592
macd5/18/4<-0.2%	down3d	long	09:30	3	10	28	1378.375	-0.598	18	982.851	-0.433	2709.477	-0.598	75.574	107.578	85.725	75.574
rsi3<20	down5d	long	10:30	4	15	39	1378.062	-0.851	29	1215.622	-0.748	3350.405	-0.851	75.552	161.177	100.748	75.552
kelt20>+2.0	up1d	short	15:55	5	2	25	1492.548	-0.591	19	841.567	-0.481	2512.158	-0.674	83.504	75.529	80.650	75.529
bb40<-1.5sd	<sma100d	long	10:30	4	10	34	1377.684	-0.454	16	1475.423	-0.452	4065.336	-0.504	75.525	221.984	115.488	75.525
kelt40<-1.0	down5d	long	09:30	4	0	60	2594.215	-0.768	38	841.547	-0.774	4366.307	-0.774	149.408	75.524	121.201	75.524
bb40>+2.0sd	>sma20d	short	15:55	5	5	27	2014.516	-0.789	21	841.360	-0.731	3389.869	-0.789	116.741	75.482	101.611	75.482
kelt20<-1.0	>sma50d	long	15:55	5	3	46	1376.562	-0.559	37	3389.487	-0.453	9331.677	-0.559	75.446	690.995	192.163	75.446
bb20>+1.5sd	>sma50d	short	15:55	5	2	52	1376.549	-0.776	36	956.190	-0.672	2632.485	-0.776	75.445	101.500	83.773	75.445
kelt20<-1.5	none	long	15:55	2	10	73	1376.434	-0.465	43	1960.398	-0.462	5396.719	-0.465	75.437	337.737	139.055	75.437
macd12/26/9<-0.2%	none	long	15:55	5	10	37	1376.132	-0.961	25	1831.961	-0.706	5042.038	-0.964	75.416	306.829	133.175	75.416
bb40<-1.0sd	>sma100d	long	12:00	4	3	31	1375.687	-0.343	57	2439.013	-0.655	6710.636	-0.655	75.384	454.283	158.920	75.384
rsi3<20	<sma20d	long	09:30	2	10	32	1375.427	-0.467	30	1122.745	-0.365	3088.508	-0.467	75.366	139.681	94.850	75.366
rsi3<20	<sma20d	long	09:30	2	15	32	1375.427	-0.467	30	1009.635	-0.429	2777.360	-0.467	75.366	113.698	87.416	75.366
rsi14<30	down3d	long	15:55	2	15	31	1375.410	-0.278	17	847.332	-0.303	2330.859	-0.303	75.364	76.829	75.760	75.364
rsi5<35	<sma50d	long	09:30	3	15	52	1375.397	-0.687	31	960.157	-0.618	2641.194	-0.687	75.364	102.404	83.996	75.364
rsi7<25	none	long	10:30	4	10	71	1375.300	-0.855	40	2090.242	-0.737	5749.420	-0.855	75.357	369.149	144.664	75.357
roc10<-2%	none	long	10:30	2	0	34	1375.165	-0.446	30	921.361	-0.477	2534.046	-0.477	75.347	93.580	81.225	75.347
kelt40<-1.5	>sma100d	long	15:55	2	15	25	1374.973	-0.158	40	2386.771	-0.678	6563.489	-0.678	75.334	441.464	156.826	75.334
kelt40<-1.5	>sma100d	long	15:55	2	0	25	1374.973	-0.158	40	2838.709	-0.617	7806.293	-0.617	75.334	553.058	173.671	75.334
macd8/18/4<-0.0%	down5d	long	12:00	2	8	92	1374.951	-0.725	50	922.922	-0.516	2537.946	-0.796	75.332	93.935	81.328	75.332
rsi7<30	down3d	long	09:30	4	10	45	1391.308	-0.833	25	840.677	-0.472	2339.280	-0.833	76.487	75.328	75.993	75.328
macd12/26/9<-0.2%	<sma20d	long	10:30	2	0	26	1374.218	-0.418	13	1102.917	-0.125	3031.297	-0.418	75.280	135.111	93.520	75.280
kelt40<-2.0	down1d	long	15:55	2	0	49	1373.993	-0.671	23	1152.467	-0.331	3166.962	-0.671	75.264	146.545	96.649	75.264
bb40>+1.5sd	>sma20d	short	15:55	3	2	51	1975.819	-0.509	38	840.377	-0.500	3320.865	-0.509	114.420	75.261	100.098	75.261
rsi3<25	<sma20d	long	09:30	3	15	40	1373.886	-0.808	32	972.825	-0.602	2673.102	-0.808	75.257	105.291	84.807	75.257
roc20<-1%	>sma100d	long	09:30	5	10	25	1373.861	-0.314	48	1168.540	-0.922	3210.822	-0.922	75.255	150.263	97.643	75.255
rsi2>75	>sma20d	short	12:00	4	2	108	1373.607	-0.753	54	4056.124	-0.597	11143.036	-0.753	75.237	860.367	211.782	75.237
bb40<-1.0sd	<sma20d	long	12:00	3	0	44	1373.537	-0.650	36	2890.157	-0.815	7939.472	-0.815	75.232	565.857	175.372	75.232
roc78<-3%	>sma10d	long	12:00	4	4	28	1373.399	-0.558	14	1277.882	-0.347	3510.085	-0.558	75.222	175.661	104.201	75.222
bb40<-1.5sd	>sma100d	long	09:30	4	10	25	1373.376	-0.298	37	8940.067	-0.581	24556.142	-0.581	75.220	2155.997	316.453	75.220
bb40<-1.5sd	>sma100d	long	09:30	4	15	25	1373.376	-0.298	37	5971.736	-0.720	16402.874	-0.720	75.220	1358.714	259.225	75.220
bb40<-1.5sd	>sma100d	long	09:30	4	0	25	1373.376	-0.298	37	5971.736	-0.720	16402.874	-0.720	75.220	1358.714	259.225	75.220
kelt10>+1.0	>sma10d	short	12:00	5	2	59	1373.167	-0.775	39	1676.332	-0.602	4603.768	-0.775	75.206	269.613	125.535	75.206
bb20<-1.5sd	none	long	10:30	4	4	84	1373.092	-0.716	46	5546.236	-0.711	15230.982	-0.716	75.200	1246.728	249.602	75.200
macd8/18/4<-0.0%	up1d	long	10:30	3	0	106	1372.997	-0.700	75	2162.849	-0.736	5939.170	-0.736	75.194	386.784	147.592	75.194
kelt20<-2.0	down1d	long	15:55	5	0	28	1372.810	-0.688	15	3123.319	-0.545	8575.448	-0.688	75.180	624.090	183.256	75.180
kelt20<-2.0	down1d	long	15:55	5	15	28	1372.810	-0.688	15	3123.319	-0.545	8575.448	-0.688	75.180	624.090	183.256	75.180
bb40<-1.0sd	>sma10d	long	12:00	5	10	59	1372.723	-0.913	41	2099.332	-0.737	5763.605	-0.913	75.174	371.354	144.885	75.174
kelt10<-1.0	down3d	long	09:30	3	0	45	1372.663	-0.702	24	852.978	-0.483	2341.701	-0.702	75.170	78.102	76.060	75.170
rsi3<15	<sma20d	long	09:30	2	10	28	1372.344	-0.467	26	1530.179	-0.365	4199.861	-0.467	75.147	234.916	118.074	75.147
rsi3<15	<sma20d	long	09:30	2	15	28	1372.344	-0.467	26	1376.022	-0.429	3776.751	-0.467	75.147	198.608	109.753	75.147
macd5/18/4<-0.0%	none	long	12:00	2	15	198	1372.196	-0.852	116	1310.642	-0.723	3596.916	-0.852	75.137	183.306	106.038	75.137
kelt40<-1.0	>sma50d	long	09:30	3	10	56	1372.161	-0.386	39	10919.726	-0.350	29967.251	-0.386	75.134	2700.355	347.971	75.134
kelt40<-1.0	>sma50d	long	09:30	3	15	56	1372.161	-0.386	39	9913.259	-0.368	27205.180	-0.386	75.134	2422.506	332.380	75.134
kelt40<-1.0	>sma50d	long	09:30	3	0	56	1372.161	-0.386	39	9913.259	-0.368	27205.180	-0.386	75.134	2422.506	332.380	75.134
rsi3<30	down1d	long	09:30	2	0	62	1371.709	-0.585	32	847.377	-0.285	2324.709	-0.585	75.102	76.839	75.590	75.102
bb20<-1.5sd	<sma10d	long	09:30	3	6	34	1438.911	-0.312	19	839.539	-0.571	2416.045	-0.571	79.814	75.072	78.087	75.072
bb78<-1.5sd	down3d	long	09:30	2	15	31	1371.075	-0.163	19	1217.369	-0.376	3338.210	-0.376	75.057	161.582	100.480	75.057
bb78<-1.5sd	down3d	long	09:30	2	0	31	1371.075	-0.163	19	1217.369	-0.376	3338.210	-0.376	75.057	161.582	100.480	75.057
bb78<-1.5sd	down3d	long	09:30	2	10	31	1371.075	-0.163	19	1389.386	-0.288	3809.906	-0.288	75.057	201.743	110.426	75.057
kelt40<-1.5	none	long	09:30	3	0	92	1371.021	-0.768	57	1449.035	-0.737	3973.315	-0.768	75.054	215.766	113.689	75.054
macd8/18/4<-0.0%	>sma10d	long	15:55	4	10	113	4157.168	-0.808	67	839.452	-0.881	6979.487	-0.881	224.032	75.052	162.673	75.052
roc78<-1%	>sma10d	long	10:30	3	15	66	1370.883	-0.729	29	1138.487	-0.453	3121.465	-0.729	75.044	143.315	95.609	75.044
bb40<-1.5sd	>sma50d	long	10:30	5	6	39	1370.691	-0.481	26	19779.541	-0.450	54223.260	-0.481	75.030	5221.307	456.672	75.030
bb40<-1.0sd	<sma20d	long	15:55	1	0	44	1370.589	-0.268	36	1370.050	-0.341	3755.552	-0.341	75.023	197.208	109.321	75.023
bb78<-1.5sd	down3d	long	12:00	3	15	31	1370.509	-0.419	19	2731.768	-0.487	7487.829	-0.487	75.017	526.513	169.527	75.017
bb78<-1.5sd	down3d	long	12:00	3	0	31	1370.509	-0.419	19	2368.477	-0.555	6492.040	-0.555	75.017	436.981	155.798	75.017
macd12/26/9<-0.0%	up1d	long	10:30	2	10	122	1370.421	-0.477	77	4010.590	-0.376	10992.391	-0.477	75.011	848.722	210.231	75.011
roc20<-2%	down3d	long	15:55	1	15	27	1370.375	-0.151	28	1155.169	-0.296	3166.030	-0.296	75.008	147.170	96.628	75.008
macd8/18/4<-0.0%	down5d	long	15:55	2	2	92	1370.085	-0.304	50	894.428	-0.319	2450.885	-0.319	74.987	87.473	79.024	74.987
bb40<-1.5sd	>sma50d	long	09:30	5	6	39	1369.877	-0.478	26	35290.724	-0.271	96687.886	-0.478	74.972	9847.968	588.052	74.972
bb78<-1.5sd	none	long	09:30	3	10	53	1369.858	-0.501	30	1684.780	-0.415	4615.817	-0.501	74.971	271.627	125.751	74.971
macd5/18/4<-0.0%	<sma20d	long	09:30	2	8	81	1369.548	-0.665	52	1579.034	-0.357	4325.127	-0.665	74.949	246.486	120.435	74.949
rsi7<35	>sma100d	long	10:30	4	6	33	1369.379	-0.269	51	1014.222	-0.690	2777.709	-0.690	74.937	114.747	87.424	74.937
bb10<-1.0sd	<sma20d	long	09:30	3	10	51	1735.363	-0.756	30	838.848	-0.408	2911.412	-0.756	99.518	74.916	90.680	74.916
rsi5<35	down5d	long	12:00	3	0	54	1397.285	-0.656	36	838.799	-0.772	2344.082	-0.772	76.907	74.905	76.125	74.905
macd8/18/4<-0.0%	up1d	long	12:00	4	10	106	1368.915	-0.796	75	1509.844	-0.749	4133.696	-0.796	74.904	230.109	116.809	74.904
rsi2<15	down5d	long	10:30	3	0	52	1773.363	-0.748	33	838.731	-0.806	2974.750	-0.806	101.932	74.890	92.190	74.890
bb40>+2.0sd	up5d	short	15:55	5	5	25	1368.461	-0.837	21	1010.578	-0.682	2765.872	-0.839	74.872	113.913	87.131	74.872
macd8/18/4<-0.0%	down5d	long	09:30	1	10	92	1367.942	-0.402	50	892.621	-0.167	2442.108	-0.402	74.835	87.064	78.788	74.835
bb20<-1.0sd	down3d	long	09:30	2	0	66	1367.809	-0.556	43	1521.408	-0.376	4161.990	-0.556	74.826	232.842	117.351	74.826
bb40>+2.0sd	up5d	short	12:00	5	3	25	1367.702	-0.693	21	1178.418	-0.502	3223.451	-0.693	74.818	152.550	97.927	74.818
roc156<-1%	>sma10d	long	15:55	3	3	58	1367.679	-0.727	26	1854.550	-0.333	5072.858	-0.727	74.817	312.253	133.696	74.817
rsi2<15	down3d	long	15:55	1	0	61	1367.568	-0.211	33	1328.390	-0.293	3633.326	-0.293	74.809	187.454	106.799	74.809
bb40>+2.0sd	>sma20d	short	12:00	3	3	27	1367.333	-0.434	21	1015.311	-0.396	2776.538	-0.434	74.792	114.996	87.396	74.792
roc6>+1%	up3d	short	12:00	5	2	46	2320.888	-0.506	32	838.289	-0.535	3891.151	-0.535	134.461	74.790	112.059	74.790
kelt10<-1.0	>sma50d	long	12:00	4	6	39	1366.774	-0.418	34	1717.430	-0.626	4694.677	-0.626	74.752	279.415	127.156	74.752
rsi3<25	down1d	long	09:30	2	0	50	1366.718	-0.585	28	868.017	-0.279	2372.670	-0.585	74.748	81.498	76.909	74.748
rsi2<10	>sma100d	long	10:30	5	4	37	1366.385	-0.611	50	886.205	-0.772	2421.795	-0.772	74.725	85.611	78.242	74.725
macd8/18/4<-0.0%	<sma20d	long	10:30	2	15	91	1366.255	-0.733	50	1687.893	-0.548	4612.182	-0.733	74.716	272.369	125.685	74.716
bb20<-1.5sd	>sma20d	long	12:00	3	10	50	1366.095	-0.421	24	1613.857	-0.520	4409.363	-0.520	74.704	254.750	121.998	74.704
bb20<-1.5sd	>sma20d	long	12:00	3	15	50	1366.095	-0.421	24	1085.389	-0.656	2965.490	-0.656	74.704	131.076	91.970	74.704
bb20<-1.5sd	>sma20d	long	12:00	3	0	50	1366.095	-0.421	24	882.017	-0.720	2409.838	-0.720	74.704	84.663	77.919	74.704
rsi3>85	>sma10d	short	12:00	4	3	65	1781.462	-0.635	43	837.889	-0.603	2985.336	-0.635	102.443	74.700	92.440	74.700
roc78<-3%	>sma10d	long	12:00	3	3	28	1365.942	-0.383	14	1365.425	-0.184	3730.182	-0.383	74.693	196.123	108.802	74.693
bb40<-1.0sd	>sma100d	long	10:30	3	4	31	1365.692	-0.279	57	2745.697	-0.595	7499.551	-0.595	74.676	529.965	169.681	74.676
roc20<-2%	down5d	long	15:55	1	0	27	1365.589	-0.135	21	1444.604	-0.155	3945.470	-0.155	74.668	214.722	113.139	74.668
rsi3<30	down3d	long	09:30	2	0	62	1365.500	-0.542	36	1211.891	-0.339	3309.673	-0.542	74.662	160.311	99.850	74.662
rsi5<30	down1d	long	09:30	3	0	57	1365.478	-0.625	28	1000.241	-0.421	2731.615	-0.625	74.660	111.550	86.279	74.660
macd12/26/9<-0.2%	none	long	10:30	2	10	37	1365.198	-0.570	25	1183.198	-0.236	3230.599	-0.570	74.640	153.657	98.088	74.640
rsi5<30	>sma50d	long	15:55	4	3	47	1365.149	-0.423	33	1004.713	-0.426	2743.165	-0.426	74.637	112.572	86.567	74.637
macd5/18/4<-0.0%	up1d	long	10:30	2	10	104	1365.147	-0.451	75	1686.200	-0.364	4603.820	-0.451	74.637	271.965	125.535	74.637
rsi3>90	>sma50d	short	15:55	3	2	42	1364.711	-0.352	33	2064.530	-0.378	5634.974	-0.378	74.606	362.916	142.868	74.606
bb20<-1.5sd	down1d	long	12:00	3	0	48	1364.204	-0.660	21	1436.801	-0.658	3920.179	-0.660	74.570	212.886	112.637	74.570
bb10>+1.0sd	up3d	short	12:00	4	2	98	1363.965	-0.717	51	1277.789	-0.585	3485.719	-0.717	74.553	175.640	103.681	74.553
rsi7<20	none	long	09:30	3	10	40	1363.948	-0.492	27	921.405	-0.453	2513.497	-0.492	74.552	93.590	80.686	74.552
bb20<-1.5sd	none	long	09:30	4	8	84	1363.924	-0.852	46	7274.022	-0.593	19842.425	-0.852	74.550	1705.309	285.172	74.550
bb40<-1.0sd	>sma10d	long	12:00	5	3	59	1363.862	-0.729	41	4580.062	-0.683	12493.147	-0.729	74.546	995.093	225.122	74.546
roc20<-1%	down3d	long	09:30	4	15	64	1363.748	-0.915	44	2565.907	-0.853	6998.504	-0.915	74.538	485.509	162.935	74.538
bb40<-2.0sd	>sma50d	long	15:55	5	10	25	1363.718	-0.413	16	2814.916	-0.539	7677.503	-0.539	74.535	547.145	172.008	74.535
bb40<-2.0sd	>sma50d	long	15:55	5	0	25	1363.718	-0.413	16	5887.929	-0.430	16058.947	-0.430	74.535	1336.605	256.447	74.535
bb40<-2.0sd	>sma50d	long	15:55	5	15	25	1363.718	-0.413	16	5887.929	-0.430	16058.947	-0.430	74.535	1336.605	256.447	74.535
bb40<-1.0sd	>sma20d	long	15:55	3	15	60	1363.590	-0.572	42	1095.655	-0.749	2988.047	-0.749	74.526	133.438	92.504	74.526
kelt20<-1.0	>sma100d	long	12:00	5	4	30	1363.333	-0.530	52	2575.635	-0.840	7022.900	-0.840	74.508	487.909	163.271	74.508
bb78<-1.0sd	down5d	long	09:30	5	0	53	2171.572	-0.894	25	837.035	-0.819	3635.365	-0.894	125.964	74.508	106.842	74.508
roc6<-1%	<sma20d	long	09:30	2	10	42	1363.219	-0.537	26	863.988	-0.318	2355.608	-0.537	74.500	80.588	76.442	74.500
rsi5<20	none	long	09:30	3	0	64	1362.906	-0.597	41	901.653	-0.703	2457.738	-0.703	74.478	89.110	79.207	74.478
rsi3>90	>sma20d	short	15:55	3	4	54	1878.059	-0.406	38	836.861	-0.615	3143.348	-0.615	108.465	74.468	96.111	74.468
kelt40<-1.0	>sma50d	long	15:55	3	15	56	1362.714	-0.549	39	4216.692	-0.569	11492.286	-0.569	74.464	901.515	215.327	74.464
kelt40<-1.0	>sma50d	long	15:55	3	0	56	1362.714	-0.549	39	979.703	-0.913	2670.109	-0.913	74.464	106.860	84.731	74.464
macd12/26/9<-0.1%	none	long	12:00	3	2	93	1362.678	-0.463	60	4497.254	-0.524	12256.616	-0.524	74.461	973.713	222.854	74.461
macd12/26/9<-0.2%	none	long	09:30	5	2	37	1362.600	-0.610	25	3379.770	-0.307	9210.547	-0.610	74.456	688.544	190.768	74.456
macd8/18/4<-0.0%	none	long	15:55	1	4	203	1362.291	-0.433	115	924.833	-0.245	2519.784	-0.433	74.434	94.369	80.851	74.434
bb78<-1.0sd	down5d	long	15:55	2	0	53	1362.070	-0.567	25	2802.585	-0.537	7634.634	-0.567	74.418	544.082	171.451	74.418
macd12/26/9<-0.0%	up1d	long	09:30	5	10	122	1361.673	-0.921	77	9014.421	-0.757	24549.394	-0.921	74.390	2176.280	316.411	74.390
rsi3<35	down5d	long	09:30	3	0	58	2261.596	-0.738	38	836.501	-0.534	3783.655	-0.738	131.117	74.387	109.894	74.387
bb20<-1.5sd	>sma50d	long	10:30	4	8	44	1361.439	-0.452	25	5646.139	-0.520	15373.753	-0.520	74.373	1272.961	250.799	74.373
bb10>+1.5sd	>sma50d	short	15:55	3	2	46	1684.865	-0.356	37	836.428	-0.358	2818.536	-0.358	96.274	74.371	88.429	74.371
macd12/26/9<-0.2%	<sma20d	long	15:55	2	0	26	1361.223	-0.510	13	1604.202	-0.001	4367.353	-0.510	74.358	252.457	121.221	74.358
bb40<-1.0sd	>sma50d	long	10:30	3	5	50	1360.761	-0.350	42	2593.355	-0.394	7057.871	-0.394	74.325	492.280	163.750	74.325
rsi2<30	down1d	long	12:00	2	0	80	1360.579	-0.587	37	1663.149	-0.519	4525.690	-0.587	74.312	266.473	124.126	74.312
roc40<-1%	down5d	long	15:55	2	0	71	1360.508	-0.665	39	1769.764	-0.603	4815.557	-0.665	74.307	291.924	129.281	74.307
bb20<-1.0sd	down5d	long	09:30	2	8	52	1359.831	-0.568	35	901.166	-0.399	2450.867	-0.568	74.259	89.000	79.023	74.259
roc156<-1%	>sma10d	long	12:00	2	3	58	1359.790	-0.464	26	1259.950	-0.233	3426.535	-0.464	74.256	171.483	102.407	74.256
rsi5<35	<sma50d	long	10:30	2	0	52	1359.777	-0.303	31	1752.951	-0.464	4767.243	-0.464	74.255	287.902	128.436	74.255
macd8/18/4<-0.0%	>sma10d	long	12:00	4	4	113	1359.768	-0.767	67	1764.502	-0.584	4798.628	-0.767	74.255	290.665	128.986	74.255
kelt40<-2.0	down5d	long	15:55	3	15	36	4271.798	-0.453	21	835.909	-0.719	7141.665	-0.719	228.962	74.254	164.893	74.254
bb20<-1.0sd	>sma50d	long	10:30	4	4	55	1359.371	-0.521	46	2015.694	-0.643	5480.150	-0.643	74.226	351.094	140.402	74.226
rsi2<20	>sma50d	long	09:30	3	0	62	1359.149	-0.407	49	1670.287	-0.626	4540.338	-0.626	74.211	268.173	124.391	74.211
rsi2<20	>sma50d	long	09:30	3	10	62	1359.149	-0.407	49	2314.315	-0.516	6290.999	-0.516	74.211	423.724	152.867	74.211
rsi2<20	>sma50d	long	09:30	3	15	62	1359.149	-0.407	49	1670.287	-0.626	4540.338	-0.626	74.211	268.173	124.391	74.211
roc40<-3%	none	long	12:00	2	0	46	1359.074	-0.503	26	2179.968	-0.536	5925.475	-0.536	74.205	390.948	147.382	74.205
macd12/26/9<-0.0%	down3d	long	12:00	2	0	100	1358.890	-0.622	53	980.610	-0.518	2665.082	-0.622	74.192	107.067	84.604	74.192
bb20<-1.5sd	none	long	09:30	3	8	84	1358.878	-0.739	46	4647.359	-0.456	12630.389	-0.739	74.191	1012.491	226.426	74.191
macd12/26/9<-0.1%	up1d	long	09:30	3	6	41	1358.552	-0.415	37	3394.841	-0.500	9224.136	-0.500	74.168	692.345	190.925	74.168
roc78<-3%	>sma10d	long	15:55	2	10	28	1358.532	-0.397	14	1054.243	-0.228	2864.447	-0.397	74.167	123.918	89.548	74.167
rsi5<25	>sma50d	long	12:00	4	2	38	1358.531	-0.384	27	2453.573	-0.246	6666.511	-0.384	74.167	457.859	158.295	74.167
bb10<-1.5sd	<sma20d	long	09:30	3	0	30	1534.144	-0.434	24	835.465	-0.483	2563.447	-0.483	86.325	74.154	81.993	74.154
rsi5>85	>sma50d	short	15:55	4	0	31	1377.913	-0.603	27	835.415	-0.814	2302.260	-0.814	75.542	74.143	74.967	74.143
rsi5<25	<sma20d	long	10:30	2	0	37	1357.840	-0.188	27	1020.263	-0.563	2770.707	-0.563	74.117	116.129	87.251	74.117
roc10<-2%	down3d	long	10:30	3	6	26	1357.686	-0.548	19	935.367	-0.514	2539.870	-0.675	74.106	96.762	81.378	74.106
rsi2<20	down3d	long	12:00	5	0	65	2424.031	-0.780	37	835.235	-0.912	4049.274	-0.912	140.189	74.102	115.176	74.102
macd8/18/4<-0.0%	>sma100d	long	10:30	2	10	56	1357.397	-0.343	85	1304.591	-0.557	3541.695	-0.557	74.086	181.892	104.873	74.086
macd8/18/4<-0.0%	>sma100d	long	10:30	2	15	56	1357.397	-0.343	85	1147.142	-0.648	3114.253	-0.648	74.086	145.314	95.444	74.086
macd8/18/4<-0.0%	>sma100d	long	10:30	2	0	56	1357.397	-0.343	85	1051.250	-0.625	2853.928	-0.625	74.086	123.232	89.292	74.086
macd8/18/4<-0.0%	<sma10d	long	09:30	2	10	88	1357.328	-0.613	48	1952.587	-0.318	5300.600	-0.613	74.081	335.852	137.486	74.081
rsi2<10	<sma10d	long	09:30	2	0	47	1357.210	-0.533	28	1114.950	-0.353	3026.442	-0.533	74.073	137.884	93.407	74.073
rsi14<35	<sma20d	long	15:55	3	3	36	1637.360	-0.507	22	835.084	-0.497	2734.665	-0.507	93.183	74.068	86.355	74.068
bb40<-1.5sd	>sma100d	long	12:00	5	10	25	1357.059	-0.504	37	2249.330	-0.913	6104.947	-0.913	74.062	407.850	150.101	74.062
bb40<-1.5sd	>sma100d	long	12:00	5	15	25	1357.059	-0.504	37	887.273	-0.970	2408.164	-0.970	74.062	85.853	77.874	74.062
kelt20<-1.0	>sma100d	long	12:00	4	10	30	1357.058	-0.515	52	946.001	-0.942	2567.556	-0.942	74.062	99.181	82.100	74.062
rsi3<20	none	long	09:30	2	10	81	1356.804	-0.473	63	1225.492	-0.488	3325.503	-0.488	74.044	163.469	100.200	74.044
kelt40<-1.0	down3d	long	09:30	5	0	75	1356.478	-0.930	46	1670.724	-0.845	4532.600	-0.930	74.020	268.277	124.251	74.020
roc6>+1%	>sma20d	short	15:55	2	2	43	1356.222	-0.304	35	1019.282	-0.326	2764.744	-0.326	74.002	115.905	87.104	74.002
kelt40<-1.5	down3d	long	12:00	3	10	57	1356.186	-0.700	36	3106.393	-0.685	8425.694	-0.700	74.000	619.850	181.434	74.000
rsi7<25	none	long	15:55	3	10	71	1356.148	-0.648	40	1665.139	-0.687	4516.349	-0.687	73.997	266.947	123.956	73.997
roc10<-2%	down3d	long	15:55	2	8	26	1356.118	-0.500	19	1750.080	-0.414	4746.630	-0.593	73.995	287.216	128.074	73.995
bb20<-1.5sd	down3d	long	10:30	3	4	43	1356.106	-0.535	22	1280.866	-0.332	3473.981	-0.535	73.994	176.357	103.429	73.994
bb40<-1.5sd	>sma50d	long	10:30	4	4	39	1355.877	-0.307	26	2664.319	-0.453	7224.978	-0.453	73.978	509.813	166.021	73.978
rsi7<30	down3d	long	09:30	3	10	45	1453.273	-0.681	25	834.624	-0.353	2425.873	-0.681	80.808	73.965	78.352	73.965
macd12/26/9<-0.2%	none	long	10:30	3	15	37	1355.568	-0.810	25	1504.388	-0.453	4078.600	-0.810	73.956	228.820	115.746	73.956
rsi3<10	none	long	09:30	2	0	59	1355.447	-0.413	39	900.925	-0.477	2442.312	-0.477	73.947	88.945	78.794	73.947
rsi3<20	>sma50d	long	09:30	4	10	41	1736.086	-0.457	39	834.518	-0.717	2897.589	-0.717	99.564	73.941	90.348	73.941
macd12/26/9<-0.2%	down3d	long	15:55	2	4	26	1355.141	-0.537	15	965.476	-0.163	2616.711	-0.543	73.925	103.615	83.369	73.925
rsi2<25	>sma100d	long	09:30	3	10	44	1355.102	-0.271	65	1105.653	-0.715	2996.545	-0.715	73.922	135.741	92.704	73.922
macd5/18/4<-0.0%	<sma20d	long	09:30	2	15	81	1355.050	-0.774	52	1286.342	-0.347	3486.114	-0.774	73.919	177.634	103.689	73.919
rsi3<35	>sma50d	long	12:00	2	10	66	1355.023	-0.350	51	1357.265	-0.643	3678.253	-0.643	73.917	194.212	107.732	73.917
bb78<-1.5sd	down3d	long	15:55	1	10	31	1354.996	-0.155	19	1007.004	-0.196	2728.972	-0.196	73.915	113.096	86.213	73.915
roc6<-1%	<sma100d	long	12:00	4	0	45	1354.955	-0.912	16	1258.223	-0.737	3409.671	-0.942	73.912	171.081	102.042	73.912
macd12/26/9<-0.0%	down5d	long	10:30	3	8	94	1354.698	-0.877	44	1711.762	-0.520	4637.839	-0.877	73.894	278.062	126.145	73.894
roc20<-1%	down3d	long	15:55	2	10	64	1354.665	-0.589	44	2823.157	-0.599	7648.864	-0.599	73.891	549.192	171.636	73.891
rsi3<25	down3d	long	09:30	2	0	53	1354.617	-0.521	33	1378.602	-0.301	3734.956	-0.521	73.888	199.213	108.900	73.888
bb20<-1.5sd	down3d	long	10:30	2	0	43	1354.595	-0.476	22	1934.050	-0.402	5239.706	-0.476	73.886	331.382	136.483	73.886
bb20<-1.5sd	>sma50d	long	09:30	4	4	44	1354.567	-0.357	25	3529.881	-0.356	9562.919	-0.357	73.884	726.458	194.795	73.884
rsi7<30	>sma50d	long	09:30	5	6	36	1354.559	-0.417	32	2573.305	-0.503	6971.386	-0.503	73.884	487.334	162.562	73.884
bb20<-1.5sd	down3d	long	12:00	4	4	43	1354.385	-0.691	22	1568.741	-0.424	4249.357	-0.691	73.871	244.046	119.012	73.871
macd8/18/4<-0.0%	<sma100d	long	10:30	3	15	103	1354.296	-0.894	30	1456.835	-0.626	3945.970	-0.894	73.865	217.603	113.149	73.865
rsi2<10	down3d	long	15:55	4	10	59	1354.177	-0.886	31	1426.255	-0.828	3862.805	-0.886	73.857	210.405	111.492	73.857
macd8/18/4<-0.0%	>sma10d	long	12:00	2	10	113	2008.661	-0.479	67	834.058	-0.578	3350.681	-0.578	116.391	73.837	100.754	73.837
rsi14<35	<sma100d	long	15:55	2	10	39	1353.722	-0.263	16	1207.872	-0.218	3270.246	-0.263	73.824	159.378	98.975	73.824
bb40<-1.0sd	down1d	long	15:55	4	15	66	1353.457	-0.957	34	3350.263	-0.783	9068.876	-0.957	73.805	681.108	189.122	73.805
rsi7<35	>sma50d	long	10:30	3	10	52	1353.446	-0.393	37	878.569	-0.623	2378.192	-0.623	73.804	83.883	77.060	73.804
rsi2<10	<sma20d	long	09:30	3	0	46	1353.052	-0.809	27	1743.388	-0.473	4717.789	-0.809	73.776	285.616	127.565	73.776
rsi3<25	<sma10d	long	09:30	4	15	43	1352.864	-0.901	30	1027.314	-0.748	2779.632	-0.901	73.763	117.744	87.472	73.763
rsi3>80	up3d	short	12:00	4	2	83	1352.803	-0.632	47	2240.910	-0.508	6063.019	-0.632	73.759	405.796	149.471	73.759
macd12/26/9<-0.0%	down5d	long	12:00	4	4	94	1352.797	-0.907	44	1094.683	-0.560	2961.770	-0.907	73.758	133.214	91.882	73.758
bb40<-1.5sd	<sma10d	long	09:30	3	15	32	1352.761	-0.584	26	1436.416	-0.540	3886.256	-0.584	73.756	212.795	111.961	73.756
rsi3<15	down5d	long	10:30	4	2	34	1352.505	-0.244	23	945.428	-0.553	2557.391	-0.553	73.737	99.050	81.835	73.737
macd5/18/4<-0.1%	none	long	09:30	2	0	80	1352.317	-0.542	58	1067.858	-0.660	2888.164	-0.660	73.724	127.045	90.121	73.724
kelt10<-1.0	>sma50d	long	10:30	4	10	39	1675.897	-0.417	34	833.503	-0.743	2793.730	-0.743	95.694	73.712	87.820	73.712
rsi3<25	<sma20d	long	09:30	2	10	40	1352.128	-0.575	32	1023.548	-0.365	2767.935	-0.575	73.710	116.882	87.183	73.710
macd5/18/4<-0.0%	>sma50d	long	09:30	2	0	90	1352.064	-0.303	68	1486.400	-0.451	4019.415	-0.451	73.706	224.573	114.593	73.706
macd5/18/4<-0.0%	>sma50d	long	09:30	2	15	90	1352.064	-0.303	68	1486.400	-0.451	4019.415	-0.451	73.706	224.573	114.593	73.706
macd5/18/4<-0.0%	>sma50d	long	09:30	2	10	90	1352.064	-0.303	68	1788.603	-0.364	4836.612	-0.364	73.706	296.435	129.648	73.706
rsi3<20	down3d	long	12:00	2	15	42	1351.776	-0.475	30	1398.301	-0.535	3780.378	-0.535	73.685	203.835	109.827	73.685
macd5/18/4>+0.1%	>sma10d	short	12:00	5	2	59	1758.526	-0.580	34	833.362	-0.601	2930.977	-0.611	100.992	73.680	91.149	73.680
rsi7<35	>sma50d	long	12:00	3	4	52	1351.468	-0.419	37	924.608	-0.504	2499.155	-0.504	73.663	94.318	80.307	73.663
bb20<-1.0sd	down5d	long	09:30	3	15	52	2209.047	-0.818	35	833.263	-0.540	3681.433	-0.818	128.120	73.658	107.798	73.658
bb20<-1.0sd	down5d	long	09:30	3	0	52	3876.110	-0.681	35	833.263	-0.540	6459.634	-0.681	211.683	73.658	155.329	73.658
bb40<-1.0sd	>sma100d	long	15:55	5	4	31	1351.346	-0.546	57	4057.957	-0.798	10967.407	-0.798	73.655	860.836	209.972	73.655
roc6<-2%	none	long	09:30	5	10	25	1351.338	-0.898	18	925.512	-0.622	2501.360	-0.898	73.654	94.523	80.366	73.654
bb20<-1.0sd	>sma50d	long	15:55	5	3	55	1351.321	-0.532	46	1767.356	-0.662	4776.529	-0.662	73.653	291.348	128.599	73.653
bb20<-1.5sd	down1d	long	15:55	4	10	48	3967.228	-0.770	21	833.214	-0.783	6611.099	-0.783	215.729	73.647	157.507	73.647
kelt40<-1.5	>sma100d	long	10:30	4	2	25	1350.987	-0.243	40	982.292	-0.760	2654.128	-0.760	73.629	107.451	84.326	73.629
bb10<-1.0sd	<sma10d	long	09:30	3	0	51	2435.587	-0.586	27	833.113	-0.452	4058.240	-0.586	140.824	73.624	115.351	73.624
bb10<-1.0sd	<sma10d	long	09:30	3	15	51	1388.074	-0.764	27	833.113	-0.452	2312.846	-0.764	76.259	73.624	75.262	73.624
roc20<-2%	<sma100d	long	09:30	2	10	29	1350.703	-0.244	14	958.958	-0.236	2590.535	-0.244	73.609	102.130	82.695	73.609
bb20<-1.5sd	<sma100d	long	09:30	3	0	40	1350.579	-0.607	12	876.460	-0.408	2367.457	-0.607	73.600	83.406	76.766	73.600
kelt40<-2.0	none	long	15:55	3	15	70	1350.301	-0.717	41	5725.684	-0.704	15462.799	-0.717	73.580	1293.875	251.542	73.580
rsi14<35	down5d	long	10:30	2	8	37	1430.226	-0.333	23	832.842	-0.460	2382.304	-0.460	79.210	73.563	77.172	73.563
macd8/18/4<-0.0%	down5d	long	10:30	2	0	92	2877.490	-0.752	50	832.833	-0.651	4792.938	-0.752	164.176	73.561	128.886	73.561
rsi5<35	none	long	12:00	2	0	125	1349.640	-0.590	72	3148.700	-0.574	8499.226	-0.590	73.533	630.450	182.331	73.533
macd8/18/4<-0.0%	down5d	long	10:30	1	15	92	1349.305	-0.497	50	864.222	-0.290	2332.197	-0.497	73.509	80.641	75.797	73.509
rsi2<25	down3d	long	09:30	3	15	68	1349.222	-0.764	39	3020.052	-0.481	8149.444	-0.764	73.503	598.254	178.018	73.503
bb40<-1.0sd	>sma50d	long	15:55	5	5	50	1349.215	-0.650	42	4293.409	-0.700	11585.467	-0.700	73.503	921.219	216.261	73.503
kelt20<-1.0	down3d	long	09:30	4	10	54	1349.205	-0.911	40	2455.576	-0.533	6626.151	-0.911	73.502	458.351	157.721	73.502
bb10<-1.0sd	up1d	long	09:30	4	10	54	1349.168	-0.444	40	1329.238	-0.646	3586.731	-0.646	73.499	187.652	105.824	73.499
roc78<-3%	>sma10d	long	10:30	4	3	28	1348.837	-0.521	14	1482.019	-0.241	3998.004	-0.521	73.476	223.540	114.174	73.476
bb40<-1.0sd	>sma50d	long	15:55	4	5	50	1348.457	-0.554	42	3908.326	-0.606	10540.417	-0.606	73.448	822.608	205.496	73.448
rsi3<30	<sma10d	long	09:30	3	10	51	1348.404	-0.702	33	1106.828	-0.517	2984.902	-0.702	73.445	136.011	92.430	73.445
rsi5<30	up1d	long	09:30	4	15	50	1348.306	-0.527	32	1962.355	-0.603	5291.710	-0.603	73.438	338.209	137.340	73.438
rsi5<30	up1d	long	09:30	4	0	50	1348.306	-0.527	32	1962.355	-0.603	5291.710	-0.603	73.438	338.209	137.340	73.438
rsi5<30	up1d	long	09:30	4	10	50	1348.306	-0.527	32	3014.188	-0.421	8128.094	-0.527	73.438	596.789	177.751	73.438
rsi2>75	>sma20d	short	15:55	2	3	108	1347.912	-0.548	54	1151.130	-0.534	3103.246	-0.548	73.410	146.236	95.190	73.410
macd8/18/4<-0.0%	none	long	15:55	1	3	203	1347.734	-0.408	115	1140.615	-0.214	3074.492	-0.408	73.397	143.807	94.526	73.397
rsi5<30	down3d	long	15:55	3	4	54	1347.708	-0.718	32	979.210	-0.490	2639.380	-0.718	73.395	106.747	83.950	73.395
rsi14<35	down5d	long	10:30	4	8	37	2415.233	-0.591	23	832.094	-0.739	4019.403	-0.739	139.705	73.395	114.593	73.395
kelt10>+1.0	>sma20d	short	15:55	2	3	54	1347.678	-0.534	41	1095.753	-0.405	2953.446	-0.534	73.393	133.461	91.684	73.393
bb40<-1.0sd	>sma50d	long	09:30	2	15	50	1347.638	-0.242	42	3965.763	-0.245	10688.827	-0.245	73.390	837.268	207.064	73.390
bb40<-1.0sd	>sma50d	long	09:30	2	10	50	1347.638	-0.242	42	4190.525	-0.241	11294.623	-0.242	73.390	894.800	213.329	73.390
bb40<-1.0sd	>sma50d	long	09:30	2	0	50	1347.638	-0.242	42	3965.763	-0.245	10688.827	-0.245	73.390	837.268	207.064	73.390
macd12/26/9<-0.1%	up1d	long	09:30	4	2	41	1347.288	-0.364	37	6978.142	-0.343	18803.129	-0.364	73.365	1626.087	277.655	73.365
roc40<-2%	>sma10d	long	12:00	4	3	35	1347.276	-0.639	16	1124.958	-0.459	3031.257	-0.639	73.364	140.192	93.519	73.364
bb20<-1.0sd	>sma50d	long	09:30	4	6	55	1347.203	-0.454	46	11684.586	-0.474	31483.027	-0.474	73.359	2912.903	356.143	73.359
roc78<-3%	>sma10d	long	10:30	3	10	28	1347.165	-0.573	14	1139.857	-0.304	3071.151	-0.573	73.356	143.631	94.448	73.356
macd12/26/9<-0.1%	up1d	long	12:00	5	2	41	1347.149	-0.556	37	20994.432	-0.574	56565.243	-0.605	73.355	5575.359	465.362	73.355
macd12/26/9<-0.2%	none	long	09:30	3	10	37	1346.958	-0.822	25	1693.290	-0.343	4561.580	-0.822	73.341	273.656	124.775	73.341
rsi2<10	down3d	long	12:00	4	10	59	1346.621	-0.903	31	2464.417	-0.779	6637.271	-0.903	73.317	460.524	157.880	73.317
rsi5<30	<sma100d	long	09:30	3	15	53	1346.057	-0.687	18	1197.806	-0.343	3224.631	-0.687	73.277	157.043	97.954	73.277
roc10<-1%	up1d	long	09:30	4	15	28	1346.028	-0.284	34	3376.632	-0.782	9090.078	-0.782	73.275	687.753	189.369	73.275
roc10<-1%	up1d	long	09:30	4	0	28	1346.028	-0.284	34	3376.632	-0.782	9090.078	-0.782	73.275	687.753	189.369	73.275
roc10<-1%	up1d	long	09:30	4	8	28	1346.028	-0.284	34	7043.180	-0.546	18960.628	-0.546	73.275	1643.478	278.811	73.275
roc10<-1%	up1d	long	09:30	4	10	28	1346.028	-0.284	34	5484.762	-0.646	14765.281	-0.646	73.275	1230.605	245.647	73.275
rsi5<25	down3d	long	10:30	3	15	47	1345.958	-0.659	27	2040.432	-0.492	5492.671	-0.659	73.270	357.079	140.603	73.270
macd12/26/9<-0.1%	up1d	long	09:30	2	8	41	1345.897	-0.312	37	2020.593	-0.333	5439.020	-0.333	73.266	352.279	139.739	73.266
bb40<-1.0sd	>sma10d	long	12:00	4	3	59	1345.762	-0.638	41	3848.769	-0.570	10359.050	-0.638	73.256	807.425	203.559	73.256
rsi7<35	>sma100d	long	15:55	4	5	33	1345.657	-0.372	51	1186.830	-0.638	3194.131	-0.638	73.248	154.498	97.266	73.248
macd12/26/9<-0.0%	<sma20d	long	09:30	3	10	93	1345.568	-0.910	46	1999.551	-0.507	5381.066	-0.910	73.242	347.192	138.800	73.242
rsi3<15	down3d	long	09:30	2	10	37	1345.458	-0.399	27	1740.556	-0.203	4683.689	-0.399	73.234	284.939	126.961	73.234
rsi3<15	down3d	long	09:30	2	15	37	1345.458	-0.399	27	1510.644	-0.301	4065.016	-0.399	73.234	230.298	115.482	73.234
bb20<-1.5sd	<sma100d	long	12:00	3	10	40	1345.338	-0.436	12	1290.576	-0.413	3472.522	-0.436	73.226	178.621	103.398	73.226
rsi2<10	down3d	long	09:30	5	10	59	1345.293	-0.968	31	4399.133	-0.761	11836.242	-0.968	73.222	948.421	218.752	73.222
rsi2<10	down3d	long	09:30	5	15	59	1345.293	-0.968	31	2114.238	-0.789	5688.537	-0.968	73.222	374.972	143.711	73.222
bb20<-1.5sd	<sma100d	long	12:00	4	10	40	1345.289	-0.556	12	1558.022	-0.530	4191.979	-0.556	73.222	241.506	117.924	73.222
bb20<-1.5sd	down3d	long	12:00	5	4	43	1345.278	-0.787	22	1731.568	-0.506	4658.879	-0.787	73.221	282.791	126.520	73.221
macd5/18/4<-0.0%	<sma20d	long	09:30	5	0	81	1896.891	-0.984	52	831.232	-0.868	3153.512	-0.984	109.623	73.201	96.343	73.201
rsi2>85	>sma20d	short	15:55	4	3	93	1344.955	-0.741	50	1217.467	-0.778	3274.876	-0.778	73.198	161.605	99.078	73.198
kelt40<-2.0	none	long	15:55	2	10	70	1344.934	-0.597	41	2052.655	-0.369	5521.373	-0.597	73.197	360.039	141.063	73.197
rsi2<20	down1d	long	12:00	2	0	74	1344.905	-0.554	35	2056.626	-0.519	5531.933	-0.554	73.195	361.001	141.232	73.195
rsi5<25	down3d	long	09:30	4	10	47	1344.847	-0.833	27	3532.275	-0.405	9500.741	-0.833	73.191	727.063	194.092	73.191
rsi2>80	>sma20d	short	15:55	3	3	99	1343.855	-0.683	54	1330.494	-0.702	3575.984	-0.702	73.120	187.946	105.598	73.120
macd12/26/9<-0.0%	down5d	long	09:30	5	10	94	1343.715	-0.995	44	1654.062	-0.710	4445.177	-0.995	73.110	264.310	122.657	73.110
macd12/26/9<-0.1%	>sma50d	long	09:30	4	6	31	1343.680	-0.433	33	6854.325	-0.339	18420.042	-0.433	73.107	1593.014	274.818	73.107
bb40<-1.5sd	down3d	long	09:30	2	0	39	1343.588	-0.331	30	1960.082	-0.376	5267.084	-0.376	73.101	337.660	136.935	73.101
rsi5<35	<sma10d	long	09:30	2	10	51	1343.525	-0.469	33	1760.425	-0.203	4730.347	-0.469	73.096	289.690	127.787	73.096
rsi2>75	>sma20d	short	12:00	3	2	108	1343.513	-0.643	54	3003.850	-0.487	8071.421	-0.643	73.095	594.207	177.040	73.095
rsi7<25	none	long	12:00	2	15	71	1343.493	-0.467	40	1160.876	-0.641	3119.257	-0.641	73.094	148.490	95.559	73.094
rsi7<25	none	long	12:00	2	0	71	1343.493	-0.467	40	1080.188	-0.666	2902.449	-0.666	73.094	129.879	90.465	73.094
macd12/26/9<-0.0%	down3d	long	10:30	3	0	100	1343.470	-0.803	53	891.790	-0.624	2396.186	-0.803	73.092	86.875	77.549	73.092
bb20<-1.5sd	none	long	10:30	3	4	84	1343.140	-0.582	46	3666.218	-0.595	9848.487	-0.595	73.069	761.005	197.990	73.069
macd8/18/4<-0.0%	<sma50d	long	15:55	2	10	98	1342.851	-0.690	47	1006.609	-0.422	2703.451	-0.690	73.048	113.006	85.573	73.048
macd8/18/4<-0.0%	down5d	long	09:30	1	15	92	1372.552	-0.466	50	830.546	-0.180	2279.935	-0.466	75.162	73.046	74.344	73.046
macd8/18/4<-0.0%	down5d	long	09:30	1	0	92	1556.721	-0.395	50	830.546	-0.180	2585.857	-0.395	87.842	73.046	82.574	73.046
bb40<-1.5sd	down5d	long	09:30	2	10	34	2169.815	-0.227	27	830.536	-0.288	3604.220	-0.288	125.863	73.044	106.191	73.044
roc156<-1%	>sma10d	long	15:55	3	2	58	1342.736	-0.679	26	1130.891	-0.295	3036.975	-0.679	73.040	141.561	93.653	73.040
kelt40<-1.5	>sma50d	long	12:00	2	10	41	1342.662	-0.242	24	1226.596	-0.365	3293.808	-0.365	73.034	163.726	99.499	73.034
kelt40<-1.5	>sma50d	long	12:00	2	0	41	1342.662	-0.242	24	1461.214	-0.404	3923.832	-0.404	73.034	218.634	112.710	73.034
kelt40<-1.5	>sma50d	long	12:00	2	15	41	1342.662	-0.242	24	1461.214	-0.404	3923.832	-0.404	73.034	218.634	112.710	73.034
bb40<-1.0sd	>sma50d	long	09:30	4	8	50	1342.560	-0.458	42	23125.885	-0.459	62095.783	-0.459	73.027	6200.473	485.017	73.027
macd12/26/9<-0.0%	>sma10d	long	10:30	3	10	127	1342.368	-0.626	68	950.506	-0.727	2551.857	-0.727	73.013	100.206	81.691	73.013
rsi2<35	down3d	long	09:30	5	0	81	1342.205	-0.944	42	5963.507	-0.754	16008.501	-0.944	73.002	1356.542	256.037	73.002
macd8/18/4<-0.0%	<sma20d	long	09:30	3	2	91	1342.140	-0.401	50	1401.433	-0.559	3761.840	-0.559	72.997	204.571	109.450	72.997
bb40<-1.0sd	>sma100d	long	12:00	4	4	31	1342.112	-0.455	57	3798.063	-0.711	10194.849	-0.711	72.995	794.513	201.788	72.995
kelt10<-1.0	>sma50d	long	10:30	5	4	39	1341.957	-0.375	34	961.464	-0.657	2580.486	-0.657	72.984	102.701	82.435	72.984
rsi14<35	down5d	long	10:30	4	10	37	4738.492	-0.603	23	830.237	-0.701	7868.146	-0.701	248.450	72.977	174.463	72.977
macd12/26/9<-0.1%	up1d	long	12:00	5	15	41	1341.601	-0.821	37	1952.227	-0.943	5238.220	-0.943	72.958	335.765	136.458	72.958
kelt20<-1.0	>sma50d	long	10:30	4	2	46	1341.594	-0.345	37	3966.160	-0.310	10641.955	-0.345	72.958	837.370	206.571	72.958
bb78<-1.0sd	down5d	long	09:30	3	10	53	1341.552	-0.774	25	1424.517	-0.415	3822.127	-0.774	72.955	209.996	110.673	72.955
macd12/26/9<-0.1%	none	long	12:00	2	10	93	1341.543	-0.735	60	1975.027	-0.536	5299.166	-0.735	72.954	341.268	137.462	72.954
rsi7<35	down3d	long	09:30	5	10	58	1341.210	-0.946	30	849.054	-0.645	2277.520	-0.946	72.930	77.217	74.276	72.930
rsi3<15	<sma100d	long	09:30	3	0	37	1341.148	-0.483	13	1963.171	-0.230	5265.806	-0.483	72.926	338.406	136.914	72.926
bb20>+2.0sd	>sma50d	short	12:00	5	2	30	1412.011	-0.588	22	829.987	-0.486	2343.900	-0.643	77.940	72.920	76.120	72.920
rsi3>85	>sma50d	short	15:55	5	2	50	1340.739	-0.546	39	2926.680	-0.624	7847.830	-0.624	72.897	574.954	174.203	72.897
rsi14<35	<sma20d	long	15:55	4	15	36	1340.703	-0.641	22	13431.186	-0.217	36014.458	-0.641	72.894	3402.385	379.177	72.894
roc6<-1%	down3d	long	09:30	3	15	48	1340.648	-0.830	26	1282.133	-0.523	3437.779	-0.830	72.890	176.652	102.650	72.890
rsi14<35	<sma100d	long	10:30	3	10	39	1340.499	-0.484	16	927.430	-0.327	2486.438	-0.484	72.880	94.959	79.971	72.880
rsi3<20	down1d	long	12:00	2	15	40	1340.494	-0.485	26	1010.157	-0.428	2708.221	-0.485	72.879	113.817	85.693	72.879
rsi3>90	>sma10d	short	12:00	3	3	55	1340.493	-0.546	37	904.267	-0.446	2424.325	-0.546	72.879	89.702	78.310	72.879
rsi14<35	down3d	long	10:30	5	10	43	1340.368	-0.788	27	6451.095	-0.545	17293.678	-0.788	72.870	1485.647	266.253	72.870
macd12/26/9<-0.0%	up1d	long	10:30	2	15	122	1339.857	-0.475	77	2795.497	-0.458	7491.133	-0.475	72.834	542.322	169.570	72.834
bb20<-1.5sd	none	long	15:55	2	0	84	1339.534	-0.515	46	3005.342	-0.669	8051.514	-0.669	72.810	594.579	176.789	72.810
bb40>+2.0sd	up5d	short	15:55	5	4	25	2052.007	-0.770	21	829.477	-0.637	3404.184	-0.770	118.971	72.805	101.922	72.805
rsi5<35	none	long	12:00	3	0	125	1339.186	-0.778	72	3881.541	-0.772	10396.206	-0.778	72.785	815.777	203.958	72.785
macd12/26/9<-0.2%	<sma20d	long	15:55	3	0	26	1339.095	-0.761	13	2658.397	-0.002	7119.694	-0.761	72.779	508.349	164.594	72.779
rsi5<20	>sma50d	long	09:30	4	4	27	1339.046	-0.399	24	2250.961	-0.331	6028.283	-0.399	72.776	408.248	148.946	72.776
macd12/26/9<-0.0%	>sma100d	long	09:30	3	10	66	1338.606	-0.273	83	3592.032	-0.508	9616.634	-0.508	72.744	742.194	195.401	72.744
macd12/26/9<-0.0%	>sma100d	long	09:30	3	0	66	1338.606	-0.273	83	2398.672	-0.632	6421.755	-0.632	72.744	444.382	154.780	72.744
macd12/26/9<-0.0%	>sma100d	long	09:30	3	15	66	1338.606	-0.273	83	2398.672	-0.632	6421.755	-0.632	72.744	444.382	154.780	72.744
rsi7<25	none	long	12:00	3	10	71	1338.357	-0.694	40	1639.689	-0.701	4388.977	-0.701	72.726	260.890	121.621	72.726
rsi3<15	down3d	long	12:00	3	15	37	1338.030	-0.662	27	1714.421	-0.640	4587.892	-0.662	72.703	278.697	125.249	72.703
bb20<-1.5sd	<sma20d	long	09:30	2	10	34	1706.994	-0.249	22	829.000	-0.347	2830.195	-0.347	97.701	72.698	88.714	72.698
rsi3>90	>sma20d	short	12:00	2	2	54	1337.792	-0.276	38	1345.998	-0.286	3601.332	-0.286	72.686	191.573	106.130	72.686
bb10<-1.0sd	up1d	long	09:30	4	8	54	1337.571	-0.449	40	1699.328	-0.546	4545.945	-0.546	72.670	275.096	124.493	72.670
bb40<-1.5sd	none	long	12:00	3	15	76	1337.282	-0.790	53	9019.775	-0.786	24123.960	-0.790	72.649	2177.741	313.753	72.649
rsi5<25	>sma50d	long	10:30	4	2	38	1337.067	-0.444	27	2236.764	-0.246	5981.405	-0.444	72.634	404.785	148.235	72.634
bb40<-1.5sd	up1d	long	10:30	3	10	31	1337.056	-0.295	27	4192.154	-0.489	11210.292	-0.489	72.633	895.218	212.470	72.633
bb40<-1.5sd	up1d	long	10:30	3	15	31	1337.056	-0.295	27	3297.649	-0.598	8818.287	-0.598	72.633	667.860	186.169	72.633
bb40<-1.5sd	up1d	long	10:30	3	8	31	1337.056	-0.295	27	3809.006	-0.536	10185.712	-0.536	72.633	797.298	201.688	72.633
bb40<-1.5sd	up1d	long	10:30	3	0	31	1337.056	-0.295	27	2395.877	-0.708	6406.846	-0.708	72.633	443.697	154.563	72.633
rsi5<35	<sma100d	long	12:00	3	15	58	1336.910	-0.736	20	2191.182	-0.384	5858.827	-0.736	72.622	393.678	146.359	72.622
rsi14<35	down3d	long	12:00	3	0	43	1336.727	-0.667	27	2802.002	-0.569	7491.024	-0.693	72.609	543.937	169.569	72.609
rsi5<30	up1d	long	09:30	4	8	50	1336.716	-0.531	32	3870.627	-0.344	10347.860	-0.531	72.609	812.995	203.439	72.609
rsi5<25	<sma10d	long	09:30	2	10	41	1336.696	-0.469	24	973.235	-0.203	2601.839	-0.469	72.607	105.384	82.987	72.607
kelt20<-1.0	>sma100d	long	09:30	4	10	30	1336.631	-0.415	52	2634.500	-0.745	7042.710	-0.745	72.602	502.441	163.543	72.602
kelt20<-1.0	>sma100d	long	09:30	4	0	30	1336.631	-0.415	52	1353.402	-0.843	3617.999	-0.843	72.602	193.307	106.479	72.602
kelt20<-1.0	>sma100d	long	09:30	4	15	30	1336.631	-0.415	52	1353.402	-0.843	3617.999	-0.843	72.602	193.307	106.479	72.602
rsi5<30	down3d	long	15:55	3	3	54	1398.288	-0.717	32	828.546	-0.397	2317.091	-0.717	76.978	72.596	75.379	72.596
macd5/18/4<-0.0%	up1d	long	10:30	2	15	104	1336.424	-0.463	75	1215.874	-0.458	3249.848	-0.463	72.588	161.235	98.519	72.588
macd8/18/4<-0.0%	<sma20d	long	09:30	4	15	91	1336.399	-0.975	50	1942.607	-0.706	5192.198	-0.975	72.586	333.445	135.695	72.586
rsi3<20	<sma20d	long	09:30	5	10	32	1336.379	-0.931	30	1279.787	-0.758	3420.562	-0.931	72.584	176.105	102.278	72.584
macd12/26/9<-0.1%	down3d	long	10:30	2	15	52	1336.312	-0.605	28	847.925	-0.352	2266.184	-0.605	72.580	76.962	73.958	72.580
rsi7<35	<sma100d	long	09:30	5	0	56	1435.138	-0.825	16	828.419	-0.611	2377.793	-0.833	79.552	72.567	77.049	72.567
rsi5<30	<sma50d	long	15:55	3	0	47	1335.914	-0.763	28	1500.382	-0.675	4008.760	-0.763	72.551	227.874	114.385	72.551
macd12/26/9<-0.0%	down5d	long	12:00	2	5	94	1335.745	-0.640	44	975.368	-0.365	2605.685	-0.640	72.539	105.871	83.086	72.539
bb40<-1.5sd	<sma100d	long	10:30	3	10	34	1335.741	-0.328	16	1262.537	-0.355	3372.846	-0.388	72.539	172.086	101.239	72.539
macd12/26/9<-0.0%	down5d	long	10:30	2	2	94	1335.676	-0.380	44	1454.397	-0.420	3885.206	-0.420	72.534	217.028	111.940	72.534
rsi3<20	down1d	long	12:00	3	0	40	3424.081	-0.471	26	828.227	-0.658	5671.831	-0.658	190.951	72.524	143.449	72.524
bb20<-1.5sd	>sma50d	long	10:30	5	8	44	1335.528	-0.551	25	8117.542	-0.621	21682.409	-0.621	72.523	1932.558	297.891	72.523
kelt20<-1.0	>sma50d	long	10:30	5	6	46	1335.466	-0.544	37	11244.313	-0.671	30032.788	-0.671	72.519	2790.413	348.330	72.519
rsi2<10	>sma50d	long	09:30	4	0	57	1335.221	-0.534	43	1712.219	-0.819	4572.383	-0.819	72.501	278.171	124.970	72.501
rsi2<10	>sma50d	long	09:30	4	10	57	1335.221	-0.534	43	2674.464	-0.717	7142.002	-0.717	72.501	512.323	164.898	72.501
rsi2<10	>sma50d	long	09:30	4	15	57	1335.221	-0.534	43	1712.219	-0.819	4572.383	-0.819	72.501	278.171	124.970	72.501
bb20<-1.5sd	>sma20d	long	15:55	3	10	50	1335.146	-0.547	24	1469.965	-0.517	3925.235	-0.547	72.496	220.697	112.738	72.496
bb20<-1.5sd	>sma20d	long	15:55	3	15	50	1335.146	-0.547	24	1646.566	-0.582	4396.812	-0.582	72.496	262.526	121.766	72.496
kelt40<-1.5	none	long	15:55	2	10	92	1335.078	-0.680	57	2339.143	-0.599	6245.875	-0.680	72.491	429.798	152.201	72.491
roc40<-2%	>sma50d	long	12:00	2	10	30	1334.919	-0.407	19	1162.768	-0.370	3104.402	-0.407	72.480	148.927	95.217	72.480
bb20<-1.5sd	<sma10d	long	12:00	4	10	34	1334.829	-0.607	19	2124.854	-0.494	5672.636	-0.607	72.473	377.549	143.462	72.473
bb20<-1.0sd	down5d	long	12:00	2	0	52	1334.551	-0.581	35	1372.786	-0.535	3664.106	-0.581	72.453	197.849	107.439	72.453
rsi2<25	down1d	long	12:00	2	0	77	1334.500	-0.587	37	1663.149	-0.519	4438.943	-0.587	72.450	266.473	122.542	72.450
roc10>+1%	>sma20d	short	15:55	4	3	46	4282.397	-0.514	31	827.895	-0.773	7090.752	-0.773	229.415	72.449	164.200	72.449
roc20<-2%	none	long	10:30	4	0	43	1616.527	-0.737	38	827.860	-0.899	2676.516	-0.899	91.815	72.442	84.894	72.442
kelt20<-1.0	>sma50d	long	12:00	3	6	46	1334.320	-0.424	37	5109.030	-0.460	13634.159	-0.460	72.437	1132.381	235.701	72.437
bb40<-1.5sd	>sma50d	long	15:55	5	3	39	1334.149	-0.476	26	3898.173	-0.447	10401.484	-0.476	72.424	820.018	204.014	72.424
bb20<-1.5sd	<sma100d	long	15:55	4	10	40	1333.872	-0.565	12	1118.576	-0.555	2984.074	-0.565	72.405	138.720	92.410	72.405
kelt40<-2.0	<sma10d	long	15:55	4	10	33	1333.489	-0.775	22	980.311	-0.699	2614.469	-0.775	72.377	106.998	83.312	72.377
macd12/26/9<-0.2%	<sma20d	long	12:00	4	15	26	1333.259	-0.912	13	3686.946	-0.048	9831.308	-0.912	72.361	766.267	197.800	72.361
rsi2<10	>sma50d	long	10:30	4	15	57	1333.102	-0.694	43	870.039	-0.927	2319.702	-0.927	72.349	81.955	75.452	72.349
rsi2<10	>sma50d	long	10:30	4	0	57	1333.102	-0.694	43	1054.692	-0.912	2812.024	-0.912	72.349	124.021	88.269	72.349
rsi2<10	>sma50d	long	10:30	4	10	57	1333.102	-0.694	43	1341.115	-0.839	3575.687	-0.839	72.349	190.430	105.591	72.349
macd5/18/4<-0.0%	down5d	long	10:30	3	15	85	1478.100	-0.917	53	827.395	-0.762	2445.946	-0.917	82.516	72.337	78.891	72.337
bb40<-1.0sd	>sma50d	long	09:30	4	5	50	1332.730	-0.362	42	7689.035	-0.415	20494.817	-0.415	72.323	1816.864	289.764	72.323
rsi2<30	down3d	long	09:30	3	15	74	1332.475	-0.764	40	3366.558	-0.481	8971.711	-0.764	72.304	685.214	187.983	72.304
bb40<-1.5sd	>sma100d	long	15:55	2	0	25	1332.417	-0.139	37	2652.310	-0.617	7067.967	-0.617	72.300	506.844	163.888	72.300
bb40<-1.5sd	>sma100d	long	15:55	2	15	25	1332.417	-0.139	37	2230.048	-0.678	5942.708	-0.678	72.300	403.147	147.646	72.300
bb40>+2.0sd	>sma20d	short	12:00	4	5	27	1332.415	-0.632	21	1004.699	-0.591	2677.352	-0.632	72.300	112.569	84.915	72.300
macd12/26/9<-0.1%	down3d	long	10:30	3	15	52	1449.167	-0.792	28	827.206	-0.532	2397.520	-0.792	80.524	72.294	77.586	72.294
rsi3<20	<sma100d	long	09:30	2	0	44	1332.268	-0.345	14	1111.302	-0.287	2961.104	-0.345	72.289	137.043	91.866	72.289
bb40<-1.5sd	none	long	12:00	2	10	76	1332.064	-0.676	53	4434.056	-0.514	11812.891	-0.676	72.275	957.418	218.521	72.275
roc78<-3%	>sma10d	long	15:55	3	15	28	1583.384	-0.556	14	827.068	-0.480	2619.135	-0.556	89.622	72.263	83.431	72.263
bb10>+1.0sd	up3d	short	12:00	3	2	98	1331.879	-0.601	51	1213.072	-0.477	3231.330	-0.601	72.262	160.585	98.104	72.262
macd12/26/9<-0.0%	none	long	10:30	2	0	223	1331.772	-0.747	111	2550.612	-0.594	6793.669	-0.747	72.254	481.739	160.089	72.254
macd12/26/9<-0.2%	<sma20d	long	10:30	3	10	26	1331.604	-0.715	13	1139.527	-0.305	3034.797	-0.715	72.242	143.555	93.602	72.242
rsi14<35	<sma20d	long	09:30	2	8	36	1331.543	-0.164	22	895.127	-0.382	2383.800	-0.382	72.237	87.631	77.213	72.237
kelt40<-2.0	down3d	long	12:00	2	10	40	1331.527	-0.352	26	1894.751	-0.349	5045.826	-0.352	72.236	321.918	133.239	72.236
macd12/26/9<-0.1%	<sma100d	long	12:00	3	10	57	1651.019	-0.889	14	826.911	-0.413	2730.493	-0.889	94.076	72.228	86.251	72.228
rsi5<35	<sma20d	long	09:30	3	8	50	1331.273	-0.651	36	2577.438	-0.355	6862.547	-0.651	72.218	488.353	161.052	72.218
macd12/26/9<-0.2%	none	long	09:30	5	0	37	1331.030	-0.962	25	1931.308	-0.614	5141.260	-0.962	72.201	330.722	134.845	72.201
bb10<-1.0sd	<sma100d	long	09:30	2	0	59	1455.510	-0.502	15	826.764	-0.287	2406.726	-0.502	80.962	72.195	77.835	72.195
rsi5<30	<sma50d	long	10:30	2	0	47	1330.907	-0.339	28	1376.782	-0.464	3664.737	-0.464	72.192	198.786	107.452	72.192
macd8/18/4<-0.0%	>sma10d	long	15:55	1	10	113	1330.813	-0.264	67	897.729	-0.346	2389.418	-0.346	72.185	88.221	77.365	72.185
roc78<-3%	>sma10d	long	15:55	4	5	28	1330.740	-0.571	14	1070.255	-0.378	2848.461	-0.571	72.180	127.596	89.159	72.180
kelt40<-2.0	down3d	long	12:00	2	15	40	1330.690	-0.464	26	1519.433	-0.404	4043.790	-0.464	72.176	232.375	115.069	72.176
macd8/18/4<-0.0%	<sma10d	long	09:30	2	15	88	1330.553	-0.703	48	1651.181	-0.342	4393.966	-0.703	72.166	263.624	121.713	72.166
rsi5<35	none	long	09:30	2	15	125	1330.358	-0.501	72	2771.541	-0.309	7374.284	-0.501	72.152	536.376	168.022	72.152
macd5/18/4<-0.0%	up1d	long	12:00	2	8	104	1330.318	-0.445	75	1209.551	-0.365	3218.174	-0.445	72.149	159.767	97.808	72.149
macd12/26/9<-0.0%	down5d	long	09:30	5	0	94	3932.783	-0.984	44	826.523	-0.786	6501.070	-0.984	214.204	72.141	155.928	72.141
roc20<-2%	<sma50d	long	09:30	3	10	25	1778.507	-0.412	22	826.510	-0.589	2939.908	-0.589	102.257	72.138	91.362	72.138
macd5/18/4<-0.0%	up1d	long	10:30	4	8	104	1329.909	-0.687	75	2263.399	-0.546	6020.229	-0.687	72.120	411.284	148.824	72.120
rsi5<30	none	long	09:30	2	10	107	1329.849	-0.501	61	2584.021	-0.325	6872.715	-0.501	72.116	489.977	161.194	72.116
macd12/26/9<-0.1%	up1d	long	10:30	2	0	41	1329.805	-0.375	37	1738.665	-0.535	4624.170	-0.535	72.113	284.487	125.900	72.113
rsi3<15	down1d	long	10:30	4	0	35	4535.935	-0.416	22	826.383	-0.769	7496.836	-0.769	240.102	72.109	169.645	72.109
rsi5<35	>sma50d	long	09:30	3	10	59	1328.893	-0.315	41	2628.765	-0.342	6986.695	-0.342	72.047	501.024	162.773	72.047
rsi5<35	>sma50d	long	09:30	3	15	59	1328.893	-0.315	41	2347.703	-0.413	6239.693	-0.413	72.047	431.893	152.110	72.047
rsi5<35	>sma50d	long	09:30	3	0	59	1328.893	-0.315	41	2347.703	-0.413	6239.693	-0.413	72.047	431.893	152.110	72.047
rsi7<35	>sma100d	long	15:55	3	4	33	1328.725	-0.254	51	902.001	-0.469	2397.023	-0.469	72.035	89.189	77.572	72.035
kelt40<-1.5	down3d	long	09:30	4	15	57	1328.704	-0.924	36	2318.174	-0.688	6160.332	-0.924	72.033	424.667	150.930	72.033
bb20<-1.0sd	>sma50d	long	09:30	5	4	55	1328.397	-0.535	46	5950.236	-0.655	15808.550	-0.655	72.011	1353.040	254.401	72.011
bb10>+1.0sd	>sma20d	short	15:55	2	3	94	1642.993	-0.498	50	825.935	-0.526	2714.011	-0.526	93.551	72.008	85.838	72.008
roc10>+1%	up1d	short	15:55	2	2	48	1328.129	-0.452	27	954.346	-0.317	2534.991	-0.452	71.992	101.080	81.250	71.992
rsi2<10	down1d	long	10:30	2	0	68	1328.001	-0.504	29	1810.437	-0.417	4808.523	-0.504	71.983	301.666	129.159	71.983
rsi5<25	none	long	09:30	3	15	87	1327.851	-0.732	50	2546.822	-0.476	6763.603	-0.732	71.972	480.805	159.667	71.972
kelt40<-2.0	down3d	long	10:30	3	10	40	1327.329	-0.579	26	1792.526	-0.548	4758.543	-0.579	71.935	297.374	128.283	71.935
macd8/18/4<-0.0%	>sma50d	long	12:00	3	3	85	1327.049	-0.460	68	988.377	-0.563	2623.248	-0.563	71.915	108.839	83.537	71.915
rsi14<35	down5d	long	09:30	4	8	37	5983.666	-0.481	23	825.486	-0.669	9878.863	-0.669	296.631	71.907	198.327	71.907
bb40<-1.0sd	>sma50d	long	09:30	3	6	50	1326.640	-0.305	42	10378.786	-0.311	27537.831	-0.311	71.885	2550.752	334.309	71.885
kelt40<-2.0	down3d	long	10:30	4	10	40	1326.600	-0.726	26	2083.974	-0.667	5529.200	-0.726	71.882	367.629	141.188	71.882
rsi2<15	>sma100d	long	09:30	3	10	39	1326.583	-0.249	57	997.412	-0.715	2646.299	-0.715	71.881	110.903	84.126	71.881
kelt40<-1.5	down3d	long	09:30	2	15	57	1326.221	-0.619	36	1606.610	-0.376	4261.440	-0.619	71.855	253.029	119.240	71.855
rsi5<30	<sma10d	long	09:30	3	8	44	1325.973	-0.658	28	2208.029	-0.273	5855.573	-0.658	71.837	397.781	146.309	71.837
bb20<-1.5sd	>sma100d	long	10:30	4	2	29	1325.969	-0.346	34	5917.978	-0.415	15694.115	-0.415	71.837	1344.529	253.459	71.837
rsi5<10	none	long	09:30	3	0	27	1325.942	-0.452	25	1259.430	-0.465	3339.864	-0.465	71.835	171.362	100.516	71.835
rsi5<35	<sma10d	long	12:00	4	0	51	1325.816	-0.695	33	962.117	-0.905	2551.181	-0.905	71.826	102.850	81.673	71.826
rsi5<30	>sma100d	long	10:30	4	3	28	1325.756	-0.423	43	1389.568	-0.518	3684.456	-0.518	71.822	201.785	107.861	71.822
bb20<-1.5sd	>sma100d	long	15:55	4	4	29	1325.644	-0.411	34	4568.485	-0.426	12112.373	-0.426	71.813	992.102	221.456	71.813
roc10<-2%	down3d	long	15:55	1	10	26	1325.620	-0.101	19	1317.172	-0.174	3492.139	-0.174	71.812	184.831	103.818	71.812
bb40>+1.5sd	>sma20d	short	15:55	4	2	51	2531.298	-0.624	38	825.039	-0.623	4176.840	-0.624	146.032	71.807	117.635	71.807
bb78<-1.5sd	down3d	long	12:00	5	15	31	1325.392	-0.645	19	3553.725	-0.780	9420.155	-0.780	71.795	732.492	193.175	71.795
bb78<-1.5sd	down3d	long	12:00	5	0	31	1325.392	-0.645	19	1799.103	-0.889	4769.032	-0.889	71.795	298.950	128.467	71.795
rsi3<20	down1d	long	10:30	3	15	40	1325.373	-0.681	26	1320.862	-0.565	3501.270	-0.681	71.794	185.694	104.013	71.794
rsi2<10	<sma20d	long	09:30	4	0	46	1325.180	-0.910	27	1926.932	-0.637	5107.062	-0.910	71.780	329.667	134.272	71.780
bb20<-1.5sd	down1d	long	10:30	5	10	48	1325.164	-0.800	21	1860.214	-0.835	4930.179	-0.835	71.779	313.614	131.266	71.779
rsi7<30	>sma50d	long	12:00	4	2	36	1325.115	-0.502	32	1048.539	-0.551	2778.871	-0.551	71.775	122.610	87.453	71.775
bb40<-1.5sd	down5d	long	15:55	2	15	34	1325.029	-0.359	27	2306.570	-0.516	6112.546	-0.516	71.769	421.830	150.215	71.769
macd12/26/9<-0.2%	<sma20d	long	15:55	4	10	26	1324.401	-0.871	13	2370.540	-0.407	6279.089	-0.871	71.724	437.486	152.692	71.724
kelt40<-1.5	down5d	long	10:30	3	0	46	1324.206	-0.756	31	853.267	-0.742	2259.804	-0.756	71.710	78.168	73.778	71.710
macd8/18/4<-0.0%	up1d	long	12:00	2	10	106	1324.202	-0.509	75	1748.242	-0.421	4630.050	-0.509	71.710	286.776	126.005	71.710
rsi5<25	<sma10d	long	09:30	3	2	41	1323.806	-0.380	24	843.239	-0.313	2232.570	-0.380	71.681	75.906	73.008	71.681
rsi2<20	<sma10d	long	09:30	3	0	54	1323.755	-0.719	34	1314.966	-0.602	3481.387	-0.719	71.678	184.316	103.588	71.678
macd12/26/9<-0.0%	none	long	09:30	3	15	223	1323.499	-0.934	111	3607.586	-0.632	9549.273	-0.934	71.659	746.135	194.641	71.659
rsi5<25	>sma50d	long	09:30	4	6	38	1323.462	-0.394	27	3142.865	-0.339	8318.925	-0.394	71.656	628.988	180.122	71.656
kelt20<-1.5	down3d	long	15:55	3	0	39	1323.393	-0.723	21	3124.311	-0.455	8269.380	-0.723	71.651	624.338	179.510	71.651
rsi2>85	>sma10d	short	15:55	2	2	100	1323.279	-0.481	48	1146.589	-0.328	3034.514	-0.481	71.643	145.187	93.595	71.643
macd5/18/4<-0.0%	<sma20d	long	09:30	4	2	81	1323.026	-0.549	52	1199.883	-0.774	3174.953	-0.774	71.625	157.525	96.831	71.625
macd8/18/4<-0.0%	none	long	15:55	2	8	203	1322.977	-0.783	115	2297.094	-0.617	6078.004	-0.783	71.621	419.513	149.696	71.621
bb20<-1.0sd	>sma50d	long	10:30	4	3	55	1322.596	-0.465	46	2450.119	-0.570	6481.035	-0.570	71.594	457.011	155.639	71.594
roc6>+1%	>sma50d	short	15:55	3	2	37	1322.564	-0.303	38	1472.566	-0.476	3895.126	-0.476	71.592	221.310	112.138	71.592
kelt20<-1.5	>sma50d	long	12:00	5	4	36	1322.524	-0.378	23	1018.734	-0.648	2694.601	-0.648	71.589	115.779	85.350	71.589
macd5/18/4>+0.1%	>sma20d	short	15:55	3	3	60	3069.601	-0.395	39	824.067	-0.576	5059.113	-0.576	173.826	71.588	133.464	71.588
rsi2<35	>sma50d	long	12:00	3	10	78	1322.456	-0.587	57	919.200	-0.802	2431.203	-0.802	71.584	93.090	78.496	71.584
bb40<-1.0sd	>sma100d	long	09:30	3	10	31	1322.042	-0.154	57	6304.675	-0.457	16670.097	-0.457	71.554	1446.792	261.358	71.554
bb40<-1.0sd	>sma100d	long	09:30	3	0	31	1322.042	-0.154	57	4505.852	-0.573	11913.854	-0.573	71.554	975.932	219.516	71.554
bb40<-1.0sd	>sma100d	long	09:30	3	15	31	1322.042	-0.154	57	4505.852	-0.573	11913.854	-0.573	71.554	975.932	219.516	71.554
bb78<-1.0sd	>sma50d	long	09:30	5	4	42	1321.739	-0.382	21	1335.197	-0.462	3529.565	-0.462	71.532	189.046	104.616	71.532
roc10<-1%	none	long	09:30	3	0	87	1321.385	-0.761	62	3403.185	-0.640	8993.834	-0.761	71.507	694.449	188.243	71.507
kelt40<-2.0	down5d	long	15:55	2	0	36	2146.123	-0.470	21	823.465	-0.542	3534.512	-0.542	124.490	71.452	104.721	71.452
rsi3<35	down5d	long	09:30	2	0	58	1596.883	-0.563	38	823.428	-0.387	2629.837	-0.563	90.517	71.444	83.706	71.444
bb40<-1.5sd	up1d	long	12:00	3	15	31	1320.368	-0.320	27	2002.764	-0.655	5288.772	-0.655	71.434	347.968	137.292	71.434
bb40<-1.5sd	up1d	long	12:00	3	10	31	1320.368	-0.320	27	2637.268	-0.546	6964.332	-0.546	71.434	503.126	162.464	71.434
bb40<-1.5sd	up1d	long	12:00	3	0	31	1320.368	-0.320	27	1736.421	-0.701	4585.431	-0.701	71.434	283.951	125.205	71.434
bb40<-1.0sd	>sma50d	long	12:00	2	4	50	1320.283	-0.246	42	1779.465	-0.329	4698.795	-0.329	71.427	294.246	127.229	71.427
bb20<-1.5sd	>sma100d	long	10:30	3	3	29	1320.261	-0.240	34	2187.274	-0.425	5775.545	-0.425	71.426	392.727	145.070	71.426
bb20<-1.5sd	down1d	long	12:00	2	0	48	1320.227	-0.448	21	1240.412	-0.467	3275.249	-0.467	71.423	166.937	99.086	71.423
bb20<-1.0sd	>sma50d	long	15:55	5	2	55	1319.800	-0.548	46	3169.182	-0.574	8365.371	-0.574	71.393	635.586	180.694	71.393
bb40>+2.0sd	up1d	short	15:55	5	3	26	1425.919	-0.810	17	823.162	-0.545	2347.524	-0.857	78.910	71.384	76.220	71.384
roc156<-1%	>sma10d	long	15:55	5	2	58	1319.630	-0.887	26	1552.892	-0.450	4098.487	-0.887	71.380	240.291	116.131	71.380
macd8/18/4<-0.0%	down1d	long	12:00	3	0	97	1523.720	-0.805	39	823.101	-0.750	2508.350	-0.805	85.621	71.371	80.550	71.371
roc78<-3%	>sma10d	long	10:30	5	10	28	1319.451	-0.793	14	1334.954	-0.507	3522.813	-0.793	71.367	188.989	104.472	71.367
kelt10>+1.0	>sma10d	short	12:00	4	2	59	1319.353	-0.688	39	1616.133	-0.517	4264.500	-0.688	71.360	255.291	119.297	71.360
roc20<-1%	none	long	09:30	2	10	102	1319.145	-0.580	67	1941.190	-0.542	5121.422	-0.580	71.345	333.104	134.513	71.345
roc20<-1%	<sma10d	long	09:30	5	0	54	1318.805	-0.914	36	2179.238	-0.853	5747.980	-0.914	71.321	390.771	144.641	71.321
rsi5<30	down5d	long	10:30	2	0	47	2236.144	-0.265	30	822.853	-0.506	3680.033	-0.506	129.669	71.315	107.769	71.315
macd8/18/4<-0.0%	<sma50d	long	15:55	4	3	98	1318.718	-0.927	47	1129.702	-0.533	2979.516	-0.927	71.315	141.287	92.302	71.315
rsi5>85	up3d	short	15:55	5	3	35	1318.671	-0.560	31	3652.933	-0.476	9634.036	-0.560	71.311	757.634	195.596	71.311
bb20<-1.5sd	>sma50d	long	15:55	3	4	44	1318.653	-0.321	25	1786.368	-0.398	4711.197	-0.398	71.310	295.899	127.448	71.310
bb40<-1.0sd	down3d	long	10:30	4	15	59	1318.652	-0.890	44	1782.132	-0.780	4700.025	-0.890	71.310	294.885	127.251	71.310
kelt40<-1.5	>sma100d	long	10:30	5	4	25	1479.451	-0.384	40	822.827	-0.798	2434.665	-0.798	82.608	71.309	78.589	71.309
bb40>+2.0sd	up1d	short	15:55	4	3	26	1318.585	-0.726	17	833.467	-0.456	2197.996	-0.773	71.305	73.704	72.022	71.305
bb40<-1.5sd	up1d	long	12:00	5	8	31	1318.527	-0.601	27	4340.476	-0.792	11446.073	-0.792	71.301	933.322	214.862	71.301
macd5/18/4>+0.1%	up3d	short	15:55	3	2	66	1318.489	-0.304	34	830.987	-0.341	2191.293	-0.384	71.298	73.145	71.829	71.298
rsi2<35	>sma50d	long	09:30	3	0	78	1318.374	-0.360	57	1692.857	-0.663	4463.636	-0.663	71.290	273.552	122.995	71.290
rsi2<35	>sma50d	long	09:30	3	15	78	1318.374	-0.360	57	1692.857	-0.663	4463.636	-0.663	71.290	273.552	122.995	71.290
rsi2<35	>sma50d	long	09:30	3	10	78	1318.374	-0.360	57	2345.588	-0.563	6184.722	-0.563	71.290	431.375	151.294	71.290
kelt20<-1.0	>sma100d	long	09:30	5	15	30	1567.115	-0.503	52	822.730	-0.931	2578.626	-0.931	88.538	71.287	82.387	71.287
kelt20<-1.0	>sma100d	long	09:30	5	0	30	1567.115	-0.503	52	822.730	-0.931	2578.626	-0.931	88.538	71.287	82.387	71.287
roc78<-1%	>sma10d	long	10:30	4	3	66	1318.263	-0.762	29	1011.243	-0.421	2666.170	-0.762	71.282	114.065	84.631	71.282
rsi3<15	<sma10d	long	10:30	2	0	32	1318.081	-0.229	23	1061.934	-0.599	2799.432	-0.599	71.269	125.684	87.960	71.269
roc10>+1%	>sma50d	short	15:55	2	2	34	1318.021	-0.126	37	1363.991	-0.402	3595.538	-0.402	71.264	195.787	106.009	71.264
rsi7<35	<sma100d	long	10:30	2	0	56	1317.781	-0.311	16	843.543	-0.276	2223.210	-0.371	71.247	75.974	72.742	71.247
bb40<-1.0sd	>sma100d	long	10:30	3	3	31	1317.759	-0.201	57	2161.875	-0.533	5697.660	-0.533	71.245	386.547	143.854	71.245
kelt20<-1.0	>sma100d	long	15:55	3	10	30	1317.680	-0.304	52	1937.921	-0.851	5107.120	-0.851	71.240	332.315	134.273	71.240
kelt20>+2.0	up3d	short	15:55	2	2	25	1486.971	-0.138	26	822.440	-0.219	2445.891	-0.219	83.123	71.222	78.890	71.222
rsi2<35	down5d	long	09:30	2	0	71	1317.412	-0.684	38	1038.235	-0.509	2735.567	-0.684	71.220	120.246	86.378	71.220
rsi7<30	none	long	10:30	2	0	89	1339.845	-0.604	57	822.347	-0.737	2203.636	-0.737	72.833	71.201	72.183	71.201
macd8/18/4<-0.0%	>sma100d	long	10:30	5	4	56	1317.132	-0.787	85	998.311	-0.775	2629.814	-0.787	71.200	111.109	83.705	71.200
kelt20>+2.0	>sma20d	short	15:55	3	4	28	1587.880	-0.366	25	822.209	-0.528	2611.138	-0.528	89.920	71.170	83.226	71.170
macd5/18/4<-0.0%	none	long	09:30	2	10	198	1316.412	-0.741	116	2580.709	-0.402	6794.552	-0.741	71.148	489.160	160.102	71.148
bb20<-1.0sd	>sma50d	long	15:55	2	10	55	1316.312	-0.306	46	1005.749	-0.494	2647.759	-0.494	71.141	112.809	84.163	71.141
bb20<-1.0sd	>sma50d	long	15:55	4	3	55	1316.307	-0.447	46	1701.032	-0.570	4478.161	-0.570	71.141	275.502	123.260	71.141
rsi3<30	<sma10d	long	09:30	2	15	51	1316.204	-0.570	33	877.873	-0.429	2310.921	-0.570	71.133	83.726	75.208	71.133
rsi7<25	down3d	long	12:00	3	10	38	2629.548	-0.405	18	821.994	-0.516	4322.946	-0.516	151.288	71.122	120.394	71.122
bb40<-1.0sd	down1d	long	09:30	5	0	66	1315.900	-0.953	34	1438.880	-0.786	3786.844	-0.953	71.111	213.375	109.958	71.111
bb40<-1.0sd	>sma10d	long	15:55	2	10	59	1315.751	-0.587	41	2021.271	-0.331	5318.980	-0.587	71.101	352.443	137.787	71.101
bb40<-1.5sd	none	long	15:55	2	15	76	1315.384	-0.614	53	8325.366	-0.662	21902.098	-0.662	71.074	1988.848	299.363	71.074
rsi5<30	>sma50d	long	12:00	4	3	47	1315.089	-0.443	33	1213.370	-0.445	3191.380	-0.445	71.053	160.654	97.203	71.053
rsi2<25	<sma10d	long	09:30	3	0	56	1314.975	-0.719	36	1488.397	-0.602	3914.411	-0.719	71.045	225.045	112.522	71.045
macd8/18/4<-0.0%	down5d	long	15:55	1	0	92	1314.919	-0.475	50	1129.749	-0.373	2971.058	-0.475	71.040	141.298	92.102	71.040
macd12/26/9<-0.0%	down5d	long	12:00	3	5	94	1314.872	-0.815	44	1017.516	-0.513	2675.805	-0.815	71.037	115.501	84.876	71.037
macd12/26/9<-0.0%	down5d	long	12:00	3	8	94	1314.810	-0.893	44	1363.969	-0.565	3586.719	-0.893	71.033	195.782	105.823	71.033
roc20<-2%	down5d	long	15:55	1	15	27	1314.741	-0.168	21	1289.320	-0.154	3390.246	-0.168	71.028	178.329	101.619	71.028
rsi5<30	down3d	long	10:30	5	15	54	1314.705	-0.938	32	1542.921	-0.830	4056.972	-0.938	71.025	237.931	115.326	71.025
rsi5<35	<sma10d	long	10:30	2	0	51	1314.627	-0.287	33	1270.451	-0.544	3340.339	-0.544	71.019	173.929	100.527	71.019
macd5/18/4<-0.0%	down5d	long	12:00	2	0	85	1314.580	-0.835	53	1114.448	-0.593	2930.063	-0.835	71.016	137.768	91.127	71.016
bb10>+1.5sd	>sma50d	short	15:55	4	2	46	2120.167	-0.457	37	821.260	-0.455	3482.418	-0.457	122.979	70.956	103.610	70.956
roc10<-2%	down3d	long	12:00	1	10	26	1313.515	-0.101	19	1062.418	-0.184	2791.004	-0.184	70.939	125.795	87.753	70.939
roc78<-3%	>sma10d	long	10:30	5	3	28	1313.515	-0.653	14	1743.592	-0.298	4580.466	-0.653	70.939	285.665	125.116	70.939
rsi3>85	>sma20d	short	12:00	2	3	60	1313.202	-0.213	43	1333.930	-0.357	3503.439	-0.357	70.916	188.749	104.060	70.916
macd5/18/4<-0.0%	none	long	09:30	4	0	198	1313.103	-0.961	116	833.005	-0.846	2187.644	-0.961	70.909	73.600	71.724	70.909
macd12/26/9<-0.0%	down5d	long	12:00	4	2	94	1313.020	-0.695	44	2623.494	-0.680	6889.401	-0.695	70.903	499.722	161.426	70.903
bb40<-1.5sd	none	long	15:55	3	15	76	1312.959	-0.784	53	19698.554	-0.838	51726.776	-0.838	70.899	5197.766	447.142	70.899
macd12/26/9<-0.0%	down5d	long	09:30	5	2	94	1977.300	-0.701	44	820.876	-0.732	3246.235	-0.802	114.509	70.870	98.438	70.870
bb10>+1.5sd	>sma20d	short	12:00	2	3	56	1312.390	-0.279	38	882.376	-0.320	2316.044	-0.320	70.858	84.745	75.350	70.858
kelt10>+1.0	>sma20d	short	15:55	3	5	54	1637.061	-0.699	41	820.814	-0.776	2687.445	-0.776	93.163	70.856	85.170	70.856
rsi7<25	none	long	10:30	2	0	71	1312.228	-0.533	40	1270.455	-0.588	3334.253	-0.588	70.846	173.930	100.393	70.846
rsi7<25	none	long	10:30	2	15	71	1312.228	-0.533	40	1482.313	-0.520	3890.265	-0.533	70.846	223.609	112.041	70.846
bb20>+2.0sd	>sma50d	short	15:55	3	2	30	1311.979	-0.404	22	891.091	-0.323	2338.185	-0.404	70.828	86.717	75.963	70.828
rsi3<20	down5d	long	09:30	5	10	39	1311.789	-0.939	29	1305.865	-0.579	3426.038	-0.939	70.814	182.190	102.396	70.814
macd8/18/4<-0.0%	none	long	15:55	1	5	203	1311.549	-0.467	115	1442.914	-0.306	3784.906	-0.467	70.797	214.324	109.919	70.797
macd8/18/4<-0.0%	down5d	long	10:30	2	6	92	1767.006	-0.667	50	820.400	-0.535	2899.302	-0.667	101.530	70.763	90.389	70.763
rsi5<15	none	long	09:30	3	8	43	1311.029	-0.760	35	1758.721	-0.474	4611.469	-0.760	70.759	289.282	125.673	70.759
macd8/18/4<-0.0%	up1d	long	15:55	2	10	106	1310.784	-0.489	75	2634.408	-0.504	6906.278	-0.524	70.742	502.419	161.661	70.742
rsi3>85	>sma20d	short	12:00	5	5	60	1310.460	-0.638	43	1388.975	-0.760	3640.392	-0.760	70.718	201.646	106.947	70.718
rsi3<20	down5d	long	12:00	2	15	39	1310.430	-0.557	29	942.009	-0.535	2468.873	-0.557	70.716	98.273	79.504	70.716
bb20<-1.5sd	down3d	long	09:30	5	4	43	1310.425	-0.790	22	941.249	-0.480	2466.873	-0.820	70.716	98.100	79.450	70.716
rsi7<35	>sma100d	long	15:55	4	4	33	1624.266	-0.334	51	820.186	-0.581	2664.402	-0.581	92.324	70.715	84.587	70.715
kelt20<-1.0	>sma50d	long	12:00	4	2	46	1310.213	-0.394	37	3823.268	-0.311	10018.592	-0.394	70.700	800.930	199.866	70.700
kelt40<-1.5	down3d	long	12:00	3	15	57	1310.205	-0.764	36	2732.807	-0.655	7161.076	-0.764	70.700	526.770	165.157	70.700
macd8/18/4<-0.0%	up3d	long	12:00	2	3	102	1310.142	-0.404	62	1098.626	-0.387	2878.712	-0.404	70.695	134.122	89.893	70.695
kelt40<-2.0	<sma20d	long	15:55	4	10	31	1310.054	-0.775	22	1520.456	-0.694	3983.759	-0.775	70.689	232.617	113.894	70.689
rsi3>90	>sma20d	short	10:30	5	2	54	1310.020	-0.513	38	1372.268	-0.583	3595.397	-0.583	70.686	197.727	106.006	70.686
bb20<-1.0sd	none	long	09:30	2	10	118	1309.979	-0.640	82	2377.166	-0.426	6228.077	-0.640	70.684	439.110	151.938	70.684
kelt10>+1.0	>sma20d	short	15:55	2	5	54	1309.612	-0.539	41	820.986	-0.608	2150.346	-0.608	70.657	70.895	70.646	70.657
bb40<-1.5sd	down5d	long	10:30	2	10	34	1309.600	-0.388	27	914.789	-0.408	2396.014	-0.408	70.656	92.089	77.545	70.656
rsi7<35	>sma100d	long	10:30	3	5	33	1309.387	-0.202	51	1455.072	-0.521	3810.505	-0.521	70.641	217.187	110.438	70.641
rsi14<35	<sma100d	long	10:30	5	10	39	1309.353	-0.755	16	830.135	-0.545	2173.880	-0.795	70.638	72.954	71.328	70.638
kelt20>+2.0	>sma20d	short	15:55	2	2	28	1309.296	-0.247	25	942.139	-0.253	2467.078	-0.253	70.634	98.302	79.456	70.634
rsi5<30	<sma20d	long	09:30	4	2	44	1308.883	-0.381	31	981.662	-0.561	2569.763	-0.561	70.604	107.307	82.157	70.604
bb10<-1.0sd	>sma50d	long	10:30	4	2	60	1308.800	-0.491	45	2640.339	-0.451	6911.355	-0.491	70.598	503.885	161.731	70.598
rsi3<25	<sma10d	long	09:30	3	10	43	1308.557	-0.732	30	1350.580	-0.517	3534.621	-0.732	70.581	192.646	104.723	70.581
bb40<-1.0sd	up1d	long	12:00	4	10	40	1308.533	-0.501	43	2269.548	-0.811	5939.555	-0.811	70.579	412.785	147.597	70.579
bb20<-1.5sd	<sma10d	long	12:00	3	10	34	1308.493	-0.477	19	1841.704	-0.382	4819.713	-0.477	70.576	309.168	129.354	70.576
rsi3<20	down3d	long	10:30	3	15	42	1308.195	-0.619	30	1958.178	-0.515	5123.357	-0.619	70.554	337.201	134.545	70.554
rsi5<30	>sma50d	long	15:55	5	2	47	1308.067	-0.535	33	2263.766	-0.451	5922.316	-0.535	70.545	411.373	147.334	70.545
bb40<-1.5sd	>sma50d	long	12:00	2	15	39	1308.057	-0.241	26	2065.524	-0.404	5403.649	-0.404	70.544	363.157	139.167	70.544
bb40<-1.5sd	>sma50d	long	12:00	2	10	39	1308.057	-0.241	26	2409.621	-0.349	6303.846	-0.349	70.544	447.068	153.056	70.544
bb40<-1.5sd	>sma50d	long	12:00	2	0	39	1308.057	-0.241	26	2065.524	-0.404	5403.649	-0.404	70.544	363.157	139.167	70.544
rsi5<25	>sma50d	long	09:30	3	15	38	1308.053	-0.351	27	1831.472	-0.368	4791.326	-0.368	70.544	306.712	128.858	70.544
rsi5<25	>sma50d	long	09:30	3	10	38	1308.053	-0.351	27	2017.416	-0.304	5277.777	-0.351	70.544	351.511	137.111	70.544
rsi5<25	>sma50d	long	09:30	3	0	38	1308.053	-0.351	27	1831.472	-0.368	4791.326	-0.368	70.544	306.712	128.858	70.544
kelt20<-1.5	>sma50d	long	10:30	3	15	36	1307.840	-0.323	23	1018.324	-0.572	2663.612	-0.572	70.529	115.686	84.567	70.529
kelt20<-1.5	>sma50d	long	10:30	3	0	36	1307.840	-0.323	23	953.166	-0.599	2493.179	-0.599	70.529	100.812	80.149	70.529
kelt20<-1.5	>sma50d	long	10:30	3	10	36	1307.840	-0.323	23	1294.550	-0.456	3386.130	-0.456	70.529	179.549	101.529	70.529
rsi5<35	down5d	long	09:30	2	8	54	1307.808	-0.484	36	1276.805	-0.244	3339.633	-0.484	70.526	175.410	100.511	70.526
rsi3<20	<sma10d	long	12:00	3	0	36	1684.766	-0.420	28	819.236	-0.809	2760.443	-0.809	96.268	70.501	86.997	70.501
bb40>+2.0sd	up5d	short	15:55	4	5	25	1307.438	-0.752	21	1040.033	-0.589	2719.558	-0.752	70.500	120.659	85.977	70.500
bb20<-1.5sd	down3d	long	15:55	2	5	43	1307.360	-0.450	22	1438.753	-0.226	3761.936	-0.450	70.494	213.345	109.452	70.494
bb20<-1.5sd	down1d	long	10:30	4	15	48	1307.215	-0.739	21	2845.272	-0.742	7438.766	-0.742	70.484	554.689	168.878	70.484
roc10<-1%	<sma100d	long	15:55	3	0	53	1306.915	-0.793	15	1269.059	-0.483	3317.104	-0.793	70.462	173.605	100.015	70.462
roc78<-1%	>sma10d	long	10:30	5	10	66	1306.899	-0.899	29	1153.069	-0.766	3013.889	-0.899	70.461	146.684	93.112	70.461
bb20<-1.5sd	down5d	long	12:00	2	8	33	1306.723	-0.300	21	985.568	-0.300	2575.729	-0.300	70.448	108.198	82.312	70.448
macd12/26/9<-0.1%	none	long	09:30	5	0	93	4213.343	-0.975	60	818.978	-0.936	6901.275	-0.975	226.455	70.443	161.591	70.443
macd12/26/9<-0.0%	down5d	long	15:55	1	0	94	1306.632	-0.517	44	1428.701	-0.292	3733.571	-0.517	70.441	210.980	108.872	70.441
roc20<-2%	down5d	long	12:00	2	10	27	1306.576	-0.320	21	1030.708	-0.349	2693.396	-0.349	70.437	118.521	85.320	70.437
bb20<-1.5sd	>sma100d	long	10:30	5	6	29	1306.250	-0.581	34	12558.651	-0.645	32809.468	-0.645	70.414	3157.172	363.092	70.414
rsi2<10	down3d	long	10:30	3	10	59	1306.196	-0.751	31	2438.764	-0.532	6371.007	-0.751	70.410	454.221	154.040	70.410
bb40<-1.0sd	none	long	10:30	2	10	106	1306.127	-0.593	78	4716.746	-0.545	12321.343	-0.593	70.405	1030.451	223.477	70.405
macd5/18/4<-0.0%	down5d	long	09:30	3	10	85	2800.271	-0.861	53	818.693	-0.667	4585.123	-0.861	160.217	70.379	125.199	70.379
roc6>+1%	>sma20d	short	15:55	3	3	43	1547.009	-0.408	35	818.608	-0.643	2532.787	-0.643	87.191	70.360	81.192	70.360
macd8/18/4<-0.0%	up1d	long	09:30	5	10	106	1305.462	-0.882	75	11087.568	-0.757	28948.789	-0.882	70.357	2746.897	342.333	70.357
bb40>+2.0sd	>sma20d	short	12:00	4	4	27	1344.703	-0.580	21	818.454	-0.599	2201.157	-0.599	73.180	70.325	72.112	70.325
roc6<-1%	<sma100d	long	09:30	4	0	45	1703.574	-0.859	16	818.454	-0.540	2788.593	-0.870	97.481	70.325	87.693	70.325
bb40<-1.0sd	>sma100d	long	10:30	4	5	31	1304.755	-0.453	57	2976.598	-0.773	7767.461	-0.773	70.305	587.403	173.171	70.305
macd5/18/4<-0.2%	down3d	long	09:30	4	10	28	1304.545	-0.769	18	1028.991	-0.550	2684.731	-0.769	70.290	118.128	85.101	70.290
macd8/18/4<-0.0%	none	long	10:30	2	3	203	1304.529	-0.655	115	2063.515	-0.347	5383.831	-0.655	70.289	362.670	138.845	70.289
macd12/26/9<-0.1%	none	long	10:30	2	2	93	1304.407	-0.321	60	2284.859	-0.325	5960.772	-0.325	70.280	416.524	147.921	70.280
kelt40<-1.0	>sma50d	long	12:00	5	15	56	1907.923	-0.721	39	818.247	-0.890	3122.304	-0.890	110.298	70.279	95.629	70.279
rsi14<30	down3d	long	10:30	4	10	31	1304.365	-0.553	17	940.499	-0.444	2453.508	-0.553	70.277	97.929	79.094	70.277
bb10<-1.0sd	down3d	long	09:30	2	0	61	1304.097	-0.559	32	1044.782	-0.301	2724.994	-0.559	70.258	121.748	86.113	70.258
kelt40>+2.0	up5d	short	15:55	3	2	51	1667.187	-0.435	37	818.142	-0.453	2727.994	-0.453	95.128	70.255	86.188	70.255
macd8/18/4<-0.0%	<sma50d	long	15:55	3	5	98	1304.028	-0.884	47	983.811	-0.643	2565.835	-0.884	70.253	107.797	82.055	70.253
kelt20<-1.5	<sma10d	long	09:30	3	10	33	2960.320	-0.451	19	818.090	-0.420	4843.615	-0.451	168.371	70.243	129.770	70.243
rsi5<25	<sma100d	long	15:55	4	0	48	1303.792	-0.686	14	1373.104	-0.643	3580.484	-0.686	70.235	197.924	105.692	70.235
kelt40<-1.5	down5d	long	15:55	1	10	46	1377.142	-0.275	31	818.048	-0.277	2253.137	-0.277	75.487	70.234	73.590	70.234
bb20<-1.5sd	>sma50d	long	09:30	5	5	44	1303.730	-0.440	25	5884.561	-0.453	15343.753	-0.453	70.231	1335.717	250.548	70.231
rsi14<35	down5d	long	09:30	3	8	37	3736.295	-0.352	23	818.009	-0.548	6112.647	-0.548	205.391	70.225	150.217	70.225
macd8/18/4<-0.0%	>sma20d	long	15:55	4	10	104	1303.015	-0.933	65	1155.397	-0.839	3010.998	-0.933	70.179	147.222	93.044	70.179
rsi7<35	>sma100d	long	12:00	5	5	33	1302.975	-0.414	51	1086.399	-0.761	2831.101	-0.761	70.176	131.308	88.736	70.176
bb40>+2.0sd	up3d	short	15:55	3	5	25	2333.694	-0.469	21	817.665	-0.440	3816.361	-0.469	135.178	70.148	110.557	70.148
rsi3<15	none	long	10:30	2	0	71	1302.438	-0.369	53	1309.470	-0.802	3411.006	-0.802	70.137	183.032	102.071	70.137
rsi5<25	<sma20d	long	15:55	4	4	37	1691.328	-0.798	27	817.608	-0.691	2765.687	-0.798	96.692	70.135	87.127	70.135
bb20>+1.5sd	>sma50d	short	15:55	4	2	52	1302.365	-0.692	36	1014.473	-0.584	2642.427	-0.692	70.132	114.804	84.027	70.132
macd8/18/4<-0.0%	down3d	long	09:30	2	10	99	1302.030	-0.653	53	2818.362	-0.233	7339.185	-0.653	70.108	548.001	167.554	70.108
rsi2>80	>sma20d	short	12:00	4	2	99	1301.594	-0.729	54	4056.124	-0.597	10558.851	-0.729	70.076	860.367	205.691	70.076
macd12/26/9<-0.1%	up1d	long	12:00	2	10	41	1301.425	-0.273	37	2558.282	-0.364	6658.826	-0.364	70.064	483.629	158.186	70.064
rsi5<35	<sma10d	long	12:00	3	0	51	1301.363	-0.552	33	1385.480	-0.772	3606.024	-0.772	70.059	200.826	106.229	70.059
macd8/18/4<-0.0%	>sma20d	long	12:00	3	10	104	1379.172	-0.859	65	817.179	-0.731	2254.059	-0.859	75.631	70.039	73.616	70.039
rsi2<10	down3d	long	10:30	2	15	59	1301.073	-0.566	31	1785.970	-0.374	4647.352	-0.566	70.038	295.804	126.314	70.038
bb40<-1.0sd	<sma10d	long	09:30	2	0	45	1301.011	-0.514	37	1469.131	-0.376	3822.711	-0.514	70.034	220.500	110.685	70.034
rsi7<35	>sma100d	long	10:30	5	6	33	1509.879	-0.341	51	817.103	-0.783	2467.454	-0.783	84.684	70.022	79.466	70.022
macd8/18/4<-0.0%	<sma20d	long	10:30	3	6	91	1300.706	-0.795	50	926.688	-0.748	2410.697	-0.795	70.012	94.790	77.942	70.012
roc40<-2%	>sma50d	long	10:30	4	15	30	1300.621	-0.782	19	3925.612	-0.405	10211.464	-0.782	70.006	827.018	201.968	70.006
rsi3<20	down1d	long	09:30	2	15	40	1300.551	-0.482	26	884.327	-0.248	2300.224	-0.482	70.001	85.186	74.911	70.001
roc6<-1%	down3d	long	12:00	4	0	48	1300.485	-0.886	26	1034.855	-0.878	2691.626	-0.891	69.996	119.472	85.275	69.996
kelt20<-1.5	<sma10d	long	09:30	4	10	33	4485.144	-0.575	19	816.964	-0.538	7328.404	-0.575	237.983	69.990	167.410	69.990
macd8/18/4<-0.0%	>sma100d	long	10:30	4	4	56	1300.374	-0.691	85	1313.305	-0.678	3415.576	-0.691	69.988	183.928	102.170	69.988
bb40<-1.5sd	<sma20d	long	12:00	3	10	32	1300.232	-0.644	27	1470.946	-0.684	3825.143	-0.684	69.977	220.928	110.734	69.977
rsi2<15	down3d	long	15:55	2	10	61	1300.155	-0.578	33	1906.067	-0.542	4956.366	-0.578	69.972	324.642	131.715	69.972
kelt20>+2.0	up1d	short	15:55	4	2	25	1299.874	-0.501	19	838.829	-0.398	2180.746	-0.568	69.951	74.912	71.526	69.951
macd8/18/4<-0.0%	>sma10d	long	15:55	4	4	113	1299.826	-0.755	67	2165.552	-0.582	5629.684	-0.755	69.948	387.441	142.785	69.948
bb20<-1.5sd	>sma50d	long	09:30	2	10	44	1299.778	-0.242	25	2082.195	-0.203	5412.783	-0.242	69.944	367.197	139.315	69.944
bb20<-1.5sd	>sma50d	long	09:30	2	0	44	1299.778	-0.242	25	1970.515	-0.245	5122.464	-0.245	69.944	340.178	134.530	69.944
bb20<-1.5sd	>sma50d	long	09:30	2	15	44	1299.778	-0.242	25	1970.515	-0.245	5122.464	-0.245	69.944	340.178	134.530	69.944
bb20<-1.5sd	<sma100d	long	12:00	3	15	40	1299.725	-0.557	12	1791.614	-0.185	4657.210	-0.557	69.941	297.156	126.490	69.941
roc78<-3%	>sma10d	long	12:00	2	10	28	1299.427	-0.435	14	1101.894	-0.220	2863.661	-0.435	69.919	134.875	89.529	69.919
kelt20<-1.0	down5d	long	09:30	2	10	43	1970.318	-0.587	32	816.621	-0.359	3218.008	-0.587	114.089	69.913	97.804	69.913
rsi14<35	<sma100d	long	15:55	3	15	39	1299.305	-0.453	16	1947.588	-0.454	5061.023	-0.454	69.910	334.646	133.496	69.910
roc6<-1%	down3d	long	15:55	2	0	48	1298.992	-0.573	26	1621.320	-0.560	4212.164	-0.573	69.887	256.523	118.308	69.887
bb20<-1.0sd	down5d	long	15:55	3	2	52	1359.129	-0.397	35	816.473	-0.596	2219.383	-0.596	74.209	69.880	72.633	69.880
rsi14<35	<sma20d	long	10:30	5	4	36	1298.735	-0.554	22	1490.272	-0.649	3870.939	-0.649	69.869	225.487	111.655	69.869
kelt40<-1.5	down1d	long	15:55	2	15	66	1298.712	-0.741	31	3691.896	-0.302	9589.416	-0.741	69.867	767.524	195.094	69.867
roc10<-1%	down5d	long	15:55	2	10	46	1298.121	-0.604	31	871.684	-0.497	2263.104	-0.604	69.824	82.327	73.871	69.824
bb20<-1.5sd	down5d	long	15:55	2	8	33	1298.096	-0.300	21	965.451	-0.325	2506.495	-0.325	69.822	103.610	80.501	69.822
macd12/26/9<-0.2%	<sma10d	long	10:30	2	0	25	1297.771	-0.454	12	858.264	-0.233	2227.660	-0.454	69.799	79.295	72.869	69.799
macd12/26/9<-0.1%	down3d	long	12:00	4	10	52	1297.606	-0.896	28	1638.338	-0.629	4251.834	-0.896	69.787	260.569	119.059	69.787
kelt20<-1.0	>sma100d	long	15:55	4	3	30	1297.570	-0.349	52	2145.579	-0.692	5568.078	-0.692	69.784	382.585	141.808	69.784
macd12/26/9<-0.2%	<sma10d	long	12:00	3	15	25	1297.472	-0.781	12	1314.977	-0.405	3412.291	-0.781	69.777	184.318	102.098	69.777
kelt20>+1.0	>sma20d	short	12:00	3	2	73	1297.320	-0.465	51	1183.391	-0.476	3070.474	-0.476	69.766	153.702	94.433	69.766
kelt20>+1.0	>sma50d	short	15:55	5	2	60	1297.309	-0.790	52	1192.298	-0.770	3093.557	-0.799	69.765	155.766	94.967	69.765
rsi7<25	>sma50d	long	12:00	4	15	28	1297.195	-0.362	24	884.245	-0.709	2294.076	-0.709	69.757	85.167	74.739	69.757
rsi7<25	>sma50d	long	12:00	4	10	28	1297.195	-0.362	24	1378.791	-0.624	3577.123	-0.624	69.757	199.257	105.622	69.757
rsi7<25	>sma50d	long	12:00	4	0	28	1297.195	-0.362	24	884.245	-0.709	2294.076	-0.709	69.757	85.167	74.739	69.757
bb40<-1.0sd	down1d	long	15:55	3	10	66	1745.918	-0.849	34	815.911	-0.714	2849.025	-0.849	100.191	69.753	89.173	69.753
rsi3>90	>sma50d	short	15:55	5	5	42	1297.062	-0.652	33	947.577	-0.764	2458.132	-0.764	69.747	99.539	79.217	69.747
bb10>+1.5sd	up3d	short	15:55	2	2	55	1472.786	-0.212	36	815.869	-0.325	2403.202	-0.325	82.151	69.744	77.740	69.744
bb10<-1.5sd	<sma10d	long	09:30	4	0	32	1296.799	-0.613	23	901.924	-0.603	2339.229	-0.613	69.728	89.171	75.991	69.728
roc40<-3%	down3d	long	15:55	3	0	32	1296.572	-0.760	19	4608.537	-0.455	11950.603	-0.760	69.712	1002.452	219.877	69.712
macd12/26/9<-0.1%	none	long	10:30	2	15	93	1296.418	-0.714	60	1721.075	-0.561	4462.467	-0.714	69.700	280.286	122.973	69.700
macd5/18/4<-0.0%	up1d	long	10:30	3	0	104	1296.392	-0.708	75	967.791	-0.736	2509.273	-0.736	69.699	104.143	80.574	69.699
rsi5<35	down3d	long	10:30	3	15	62	1296.312	-0.686	38	3138.698	-0.572	8137.466	-0.686	69.693	627.943	177.868	69.693
bb40<-1.5sd	none	long	12:00	2	15	76	1296.273	-0.619	53	4752.268	-0.610	12320.476	-0.619	69.690	1039.654	223.469	69.690
bb40<-1.5sd	>sma50d	long	12:00	5	5	39	1296.170	-0.475	26	5129.833	-0.485	13298.267	-0.485	69.682	1137.805	232.647	69.682
rsi2<10	>sma100d	long	10:30	5	2	37	1296.128	-0.473	50	3039.386	-0.682	7878.866	-0.682	69.679	603.085	174.600	69.679
rsi3>80	up3d	short	12:00	3	2	83	1296.025	-0.521	47	1851.762	-0.408	4799.861	-0.521	69.672	311.583	129.007	69.672
rsi2<25	down5d	long	09:30	2	0	59	1426.233	-0.609	37	815.477	-0.509	2326.121	-0.609	78.932	69.656	75.629	69.656
rsi2<30	down5d	long	09:30	2	0	65	1423.711	-0.588	37	815.477	-0.509	2322.008	-0.588	78.757	69.656	75.516	69.656
kelt40<-1.5	>sma100d	long	15:55	5	2	25	1677.857	-0.297	40	815.460	-0.845	2736.451	-0.845	95.821	69.652	86.400	69.652
rsi3<15	down1d	long	15:55	2	15	35	1530.974	-0.479	22	815.413	-0.522	2496.752	-0.522	86.111	69.641	80.244	69.641
bb40<-1.5sd	<sma100d	long	12:00	2	10	34	1295.279	-0.273	16	1206.457	-0.204	3125.396	-0.273	69.618	159.050	95.700	69.618
kelt10<-1.0	>sma50d	long	12:00	5	5	39	1295.240	-0.451	34	930.198	-0.753	2409.660	-0.753	69.615	95.588	77.914	69.615
rsi2>85	>sma20d	short	12:00	2	2	93	1295.059	-0.416	50	1539.138	-0.354	3986.550	-0.416	69.602	237.035	113.949	69.602
bb20<-1.5sd	down1d	long	10:30	2	10	48	1294.963	-0.388	21	1346.652	-0.437	3487.729	-0.437	69.595	191.726	103.724	69.595
rsi5<30	<sma10d	long	10:30	4	15	44	1294.960	-0.837	28	1206.175	-0.764	3123.897	-0.837	69.594	158.984	95.665	69.594
macd8/18/4<-0.0%	down3d	long	15:55	1	15	99	1294.933	-0.369	53	1390.387	-0.307	3600.917	-0.369	69.593	201.978	106.122	69.593
roc40<-2%	>sma10d	long	15:55	4	3	35	1294.776	-0.613	16	1109.149	-0.459	2872.200	-0.613	69.581	136.547	89.735	69.581
rsi5<35	down3d	long	12:00	3	15	62	1294.757	-0.670	38	2910.968	-0.676	7537.990	-0.692	69.580	571.040	170.187	69.580
bb20<-1.0sd	<sma100d	long	15:55	2	0	58	1294.707	-0.623	21	1584.765	-0.306	4103.610	-0.623	69.576	247.845	116.229	69.576
rsi7<35	none	long	09:30	3	10	114	1294.644	-0.722	67	1248.592	-0.659	3232.965	-0.722	69.571	168.840	98.141	69.571
macd8/18/4<-0.0%	>sma100d	long	15:55	2	15	56	1294.643	-0.349	85	1377.457	-0.659	3566.632	-0.659	69.571	198.944	105.400	69.571
rsi5<35	down3d	long	12:00	5	0	62	3546.790	-0.694	38	815.092	-0.924	5781.919	-0.924	196.693	69.569	145.169	69.569
rsi5<25	<sma20d	long	10:30	5	2	37	1294.527	-0.445	27	1381.529	-0.693	3576.853	-0.693	69.563	199.899	105.616	69.563
bb40<-1.5sd	<sma100d	long	12:00	2	15	34	1294.464	-0.302	16	1478.803	-0.073	3828.515	-0.302	69.558	222.781	110.802	69.558
bb20<-1.5sd	down1d	long	10:30	3	3	48	1452.231	-0.538	21	814.950	-0.395	2366.990	-0.538	80.736	69.537	76.754	69.537
kelt40<-1.5	<sma20d	long	15:55	2	10	41	1294.162	-0.547	33	1911.388	-0.599	4947.292	-0.599	69.536	325.923	131.560	69.536
roc40<-2%	>sma10d	long	10:30	3	0	35	1294.058	-0.630	16	928.942	-0.461	2404.208	-0.630	69.529	95.302	77.767	69.529
roc40<-2%	>sma10d	long	10:30	4	5	35	1294.049	-0.687	16	965.019	-0.553	2497.563	-0.687	69.528	103.511	80.265	69.528
bb20<-1.0sd	down3d	long	09:30	3	10	66	1293.969	-0.810	43	2665.782	-0.415	6898.877	-0.815	69.522	510.175	161.558	69.522
rsi14<35	none	long	15:55	3	10	73	1293.934	-0.707	44	2782.201	-0.502	7199.969	-0.707	69.520	539.021	165.683	69.520
macd12/26/9<-0.2%	<sma50d	long	12:00	2	10	28	1293.670	-0.553	13	1078.437	-0.204	2790.283	-0.553	69.501	129.477	87.735	69.501
bb20<-1.5sd	down3d	long	15:55	2	3	43	1293.639	-0.491	22	969.702	-0.192	2508.889	-0.491	69.498	104.579	80.564	69.498
rsi3<15	down5d	long	15:55	4	2	34	1293.308	-0.295	23	973.336	-0.553	2517.647	-0.553	69.474	105.407	80.795	69.474
rsi2<15	down5d	long	09:30	3	10	52	1293.280	-0.831	33	1060.420	-0.650	2742.839	-0.831	69.472	125.336	86.559	69.472
rsi3>85	>sma10d	short	15:55	2	2	65	1293.263	-0.334	43	820.411	-0.357	2122.012	-0.357	69.471	70.765	69.819	69.471
kelt20<-1.0	>sma50d	long	15:55	4	3	46	1293.113	-0.470	37	2779.357	-0.376	7188.046	-0.470	69.460	538.315	165.522	69.460
bb40<-1.0sd	<sma20d	long	12:00	2	0	44	1292.897	-0.427	36	2013.992	-0.637	5207.766	-0.637	69.444	350.682	135.954	69.444
rsi5>85	up3d	short	15:55	4	6	35	1292.896	-0.519	31	940.103	-0.666	2430.909	-0.666	69.444	97.839	78.488	69.444
kelt20<-1.0	>sma50d	long	10:30	4	6	46	1292.214	-0.455	37	7909.319	-0.574	20441.068	-0.574	69.395	1876.276	289.389	69.395
rsi5<30	>sma100d	long	12:00	3	10	28	1292.129	-0.389	43	1083.926	-0.598	2801.145	-0.598	69.389	130.739	88.002	69.389
rsi5<25	<sma20d	long	09:30	3	2	37	1291.912	-0.292	27	914.629	-0.462	2363.241	-0.462	69.373	92.052	76.651	69.373
macd12/26/9<-0.2%	<sma10d	long	12:00	2	10	25	1291.904	-0.533	12	938.017	-0.204	2423.656	-0.533	69.372	97.365	78.292	69.372
kelt10>+1.0	up3d	short	15:55	2	2	56	1291.645	-0.358	40	842.869	-0.325	2177.374	-0.358	69.353	75.822	71.429	69.353
rsi5<25	<sma20d	long	15:55	3	4	37	1713.048	-0.642	27	814.121	-0.561	2789.256	-0.642	98.090	69.351	87.710	69.351
macd8/18/4<-0.0%	down5d	long	12:00	1	15	92	1291.573	-0.500	50	959.943	-0.324	2479.674	-0.500	69.348	102.355	79.791	69.348
rsi5<25	>sma50d	long	09:30	3	8	38	1291.399	-0.355	27	2161.807	-0.254	5583.512	-0.355	69.335	386.530	142.053	69.335
bb20>+2.0sd	>sma20d	short	15:55	2	2	37	1428.669	-0.289	22	814.039	-0.270	2325.984	-0.289	79.102	69.333	75.626	69.333
bb20<-1.5sd	>sma50d	long	12:00	2	4	44	1291.314	-0.246	25	1236.287	-0.298	3192.868	-0.298	69.329	165.978	97.237	69.329
bb20<-1.0sd	down5d	long	15:55	4	2	52	1624.176	-0.497	35	813.967	-0.718	2644.052	-0.718	92.318	69.317	84.069	69.317
rsi3>90	>sma20d	short	15:55	2	4	54	1400.458	-0.287	38	813.962	-0.463	2279.839	-0.463	77.130	69.315	74.341	69.315
roc10<-2%	none	long	12:00	4	8	34	1708.839	-0.755	30	813.904	-0.694	2781.663	-0.864	97.820	69.302	87.522	69.302
macd12/26/9<-0.0%	<sma20d	long	09:30	2	10	93	1290.893	-0.762	46	1451.252	-0.355	3746.822	-0.762	69.299	216.288	109.143	69.299
macd12/26/9<-0.2%	<sma50d	long	12:00	3	15	28	1290.863	-0.794	13	1999.032	-0.110	5160.952	-0.794	69.296	347.066	135.174	69.296
rsi7<35	>sma50d	long	09:30	3	10	52	1290.803	-0.316	37	1658.040	-0.444	4280.407	-0.444	69.292	265.257	119.597	69.292
rsi7<35	>sma50d	long	09:30	3	0	52	1290.803	-0.316	37	1406.424	-0.503	3630.834	-0.503	69.292	205.743	106.747	69.292
rsi7<35	>sma50d	long	09:30	3	15	52	1290.803	-0.316	37	1406.424	-0.503	3630.834	-0.503	69.292	205.743	106.747	69.292
bb10>+1.5sd	>sma50d	short	12:00	5	2	46	1683.291	-0.596	37	813.787	-0.555	2739.681	-0.669	96.172	69.276	86.480	69.276
kelt20>+2.0	up3d	short	12:00	4	3	25	2468.523	-0.315	26	813.783	-0.431	4017.686	-0.431	142.626	69.275	114.560	69.275
macd5/18/4<-0.0%	none	long	09:30	2	15	198	1290.444	-0.803	116	1669.453	-0.474	4308.671	-0.803	69.266	267.975	120.127	69.266
rsi3>85	>sma20d	short	12:00	3	5	60	1290.153	-0.424	43	1429.877	-0.553	3689.522	-0.553	69.245	211.257	107.965	69.245
rsi3>85	>sma20d	short	10:30	5	2	60	1289.871	-0.457	43	1615.256	-0.612	4166.944	-0.612	69.224	255.083	117.446	69.224
rsi2<25	>sma50d	long	09:30	3	10	66	1289.852	-0.420	52	2167.877	-0.516	5592.479	-0.516	69.223	388.006	142.196	69.223
rsi2<25	>sma50d	long	09:30	3	15	66	1289.852	-0.420	52	1564.599	-0.626	4036.203	-0.626	69.223	243.064	114.921	69.223
rsi2<25	>sma50d	long	09:30	3	0	66	1289.852	-0.420	52	1564.599	-0.626	4036.203	-0.626	69.223	243.064	114.921	69.223
macd12/26/9<-0.2%	down3d	long	15:55	4	5	26	1289.792	-0.880	15	1081.958	-0.414	2791.001	-0.905	69.218	130.286	87.753	69.218
roc40<-3%	down1d	long	15:55	2	15	37	1289.788	-0.664	18	1061.894	-0.513	2739.236	-0.664	69.218	125.675	86.469	69.218
macd8/18/4<-0.0%	<sma10d	long	10:30	2	0	88	1289.425	-0.711	48	1118.400	-0.651	2884.187	-0.711	69.192	138.679	90.025	69.192
bb20<-1.5sd	>sma50d	long	15:55	4	6	44	1289.272	-0.564	25	5747.143	-0.503	14819.266	-0.564	69.181	1299.521	246.109	69.181
macd12/26/9<-0.2%	<sma10d	long	09:30	5	2	25	1304.034	-0.376	12	813.278	-0.247	2121.085	-0.376	70.253	69.162	69.792	69.162
rsi3<35	down5d	long	09:30	3	15	58	1288.914	-0.851	38	836.501	-0.534	2156.356	-0.851	69.154	74.387	70.821	69.154
roc156<-3%	>sma10d	long	15:55	3	3	30	1288.890	-0.570	15	879.968	-0.333	2268.365	-0.570	69.153	84.200	74.019	69.153
kelt20<-1.0	>sma50d	long	10:30	4	3	46	1288.639	-0.497	37	2971.852	-0.340	7659.287	-0.497	69.134	586.219	171.771	69.134
rsi3<25	none	long	09:30	2	15	100	1288.540	-0.708	69	860.587	-0.628	2217.801	-0.708	69.127	79.820	72.588	69.127
macd12/26/9>+0.0%	up3d	short	15:55	3	2	130	1288.464	-0.664	72	1023.076	-0.623	2636.393	-0.664	69.122	116.773	83.873	69.122
rsi5<15	down1d	long	10:30	2	0	25	1288.372	-0.235	16	844.163	-0.417	2175.191	-0.417	69.115	76.114	71.366	69.115
bb20<-1.5sd	down3d	long	09:30	4	8	43	1288.079	-0.819	22	4566.220	-0.326	11763.306	-0.819	69.094	991.517	218.031	69.094
macd8/18/4<-0.0%	<sma50d	long	09:30	3	0	98	1287.855	-0.861	47	1011.995	-0.638	2606.607	-0.861	69.077	114.237	83.110	69.077
roc10>+1%	>sma20d	short	15:55	2	3	46	1923.761	-0.283	31	812.867	-0.489	3127.523	-0.489	111.266	69.069	95.748	69.069
rsi3<30	none	long	09:30	3	10	122	1287.742	-0.801	75	881.925	-0.719	2271.385	-0.801	69.069	84.643	74.104	69.069
bb40<-1.0sd	down1d	long	15:55	1	15	66	1287.696	-0.417	34	1150.385	-0.257	2962.692	-0.417	69.066	146.064	91.904	69.066
bb40>+2.0sd	up3d	short	15:55	4	5	25	3193.883	-0.585	21	812.842	-0.547	5192.247	-0.585	179.925	69.064	135.696	69.064
macd8/18/4<-0.0%	down5d	long	15:55	1	15	92	1287.565	-0.491	50	1147.005	-0.359	2953.687	-0.491	69.056	145.283	91.690	69.056
kelt40<-2.0	>sma50d	long	09:30	4	15	32	1287.417	-0.457	18	2624.172	-0.265	6756.809	-0.457	69.045	499.890	159.572	69.045
kelt40<-2.0	>sma50d	long	09:30	4	10	32	1287.417	-0.457	18	2624.172	-0.265	6756.809	-0.457	69.045	499.890	159.572	69.045
kelt40<-2.0	>sma50d	long	09:30	4	0	32	1287.417	-0.457	18	2624.172	-0.265	6756.809	-0.457	69.045	499.890	159.572	69.045
rsi3<35	down1d	long	09:30	2	0	67	1287.372	-0.585	36	1062.000	-0.285	2734.378	-0.585	69.042	125.699	86.348	69.042
macd5/18/4<-0.0%	>sma50d	long	15:55	2	10	90	1287.135	-0.402	68	1218.062	-0.528	3135.621	-0.528	69.025	161.743	95.934	69.025
bb10>+1.5sd	up3d	short	12:00	3	2	55	1286.942	-0.352	36	1002.259	-0.400	2579.698	-0.400	69.011	112.011	82.415	69.011
roc20<-1%	down3d	long	15:55	2	15	64	1286.870	-0.685	44	2447.937	-0.658	6300.355	-0.685	69.006	456.474	153.005	69.006
kelt40<-1.5	>sma100d	long	10:30	4	4	25	1286.566	-0.315	40	916.550	-0.711	2358.405	-0.711	68.983	92.488	76.519	68.983
bb20<-1.0sd	>sma50d	long	10:30	3	2	55	1286.520	-0.364	46	2611.672	-0.386	6719.938	-0.386	68.980	496.803	159.052	68.980
bb20<-1.5sd	down1d	long	09:30	5	3	48	2140.537	-0.659	21	812.436	-0.452	3478.097	-0.659	124.166	68.972	103.518	68.972
macd8/18/4<-0.0%	>sma100d	long	10:30	3	3	56	1286.193	-0.476	85	1436.994	-0.491	3696.501	-0.491	68.956	212.931	108.109	68.956
bb10>+1.5sd	>sma10d	short	12:00	2	2	58	1286.156	-0.246	37	883.688	-0.298	2273.120	-0.298	68.953	85.041	74.153	68.953
roc20<-2%	<sma50d	long	09:30	4	10	25	2265.667	-0.527	22	812.297	-0.716	3680.786	-0.716	131.348	68.941	107.785	68.941
bb20<-1.5sd	>sma100d	long	12:00	2	15	29	1285.676	-0.218	34	1598.952	-0.409	4111.468	-0.409	68.918	251.211	116.381	68.918
bb20<-1.5sd	>sma100d	long	12:00	2	0	29	1285.676	-0.218	34	1342.112	-0.467	3451.042	-0.467	68.918	190.664	102.936	68.918
bb20<-1.5sd	>sma100d	long	12:00	2	10	29	1285.676	-0.218	34	1915.372	-0.361	4925.095	-0.361	68.918	326.882	131.179	68.918
bb20<-1.0sd	<sma10d	long	09:30	2	0	51	1285.647	-0.499	34	1289.852	-0.376	3316.589	-0.499	68.916	178.453	100.003	68.916
roc78<-3%	>sma10d	long	12:00	5	4	28	1285.424	-0.687	14	1398.590	-0.422	3595.563	-0.687	68.900	203.903	106.009	68.900
roc78<-1%	>sma10d	long	10:30	3	3	66	1285.405	-0.634	29	948.862	-0.328	2439.344	-0.634	68.899	99.832	78.714	68.899
bb40<-1.0sd	<sma20d	long	09:30	4	10	44	1285.354	-0.882	36	1894.126	-0.532	4869.246	-0.882	68.895	321.768	130.215	68.895
bb20<-1.0sd	down5d	long	10:30	3	0	52	1284.941	-0.774	35	1034.676	-0.742	2658.996	-0.774	68.865	119.431	84.449	68.865
macd12/26/9<-0.1%	>sma10d	long	09:30	4	0	43	1284.939	-0.557	34	1745.611	-0.617	4486.007	-0.617	68.865	286.147	123.404	68.865
macd12/26/9<-0.1%	>sma10d	long	09:30	4	10	43	1284.939	-0.557	34	2212.209	-0.584	5685.107	-0.584	68.865	398.799	143.658	68.865
macd12/26/9<-0.1%	>sma10d	long	09:30	4	15	43	1284.939	-0.557	34	1745.611	-0.617	4486.007	-0.617	68.865	286.147	123.404	68.865
rsi5<30	>sma50d	long	12:00	5	2	47	1284.372	-0.590	33	2701.426	-0.451	6939.272	-0.590	68.823	518.996	162.118	68.823
rsi5<35	>sma50d	long	15:55	4	10	59	1284.351	-0.511	41	1470.708	-0.711	3777.811	-0.711	68.822	220.872	109.775	68.822
bb40<-1.5sd	<sma10d	long	09:30	5	15	32	1284.241	-0.852	26	1271.352	-0.819	3265.444	-0.852	68.814	174.139	98.868	68.814
kelt20<-1.5	>sma50d	long	09:30	3	15	36	1284.199	-0.351	23	1892.313	-0.368	4860.214	-0.368	68.811	321.332	130.058	68.811
kelt20<-1.5	>sma50d	long	09:30	3	0	36	1284.199	-0.351	23	1892.313	-0.368	4860.214	-0.368	68.811	321.332	130.058	68.811
kelt20<-1.5	>sma50d	long	09:30	3	10	36	1284.199	-0.351	23	2084.435	-0.304	5353.659	-0.351	68.811	367.741	138.354	68.811
rsi14<30	down3d	long	10:30	5	10	31	1283.884	-0.670	17	845.271	-0.545	2170.461	-0.670	68.788	76.364	71.229	68.788
rsi5<30	>sma100d	long	10:30	4	4	28	1283.842	-0.521	43	1670.516	-0.581	4289.357	-0.581	68.785	268.228	119.765	68.785
macd5/18/4<-0.0%	down3d	long	10:30	2	0	95	1283.613	-0.548	54	1272.693	-0.613	3267.290	-0.613	68.768	174.452	98.909	68.768
bb20<-1.0sd	<sma20d	long	09:30	2	0	50	1283.552	-0.471	37	1120.547	-0.376	2876.562	-0.471	68.763	139.174	89.841	68.763
rsi7<30	up1d	long	09:30	4	8	42	1283.533	-0.344	35	933.742	-0.704	2396.978	-0.704	68.762	96.393	77.571	68.762
roc20<-1%	>sma50d	long	09:30	5	0	45	1283.305	-0.551	32	7620.261	-0.614	19558.244	-0.614	68.745	1798.344	283.142	68.745
roc20<-1%	>sma50d	long	09:30	5	10	45	1283.305	-0.551	32	10863.315	-0.507	27881.901	-0.551	68.745	2684.726	336.289	68.745
roc20<-1%	>sma50d	long	09:30	5	15	45	1283.305	-0.551	32	7620.261	-0.614	19558.244	-0.614	68.745	1798.344	283.142	68.745
bb20<-1.0sd	down5d	long	09:30	2	15	52	1672.639	-0.638	35	811.359	-0.376	2714.221	-0.638	95.482	68.730	85.844	68.730
bb20<-1.0sd	down5d	long	09:30	2	0	52	2261.834	-0.511	35	811.359	-0.376	3670.317	-0.511	131.130	68.730	107.568	68.730
rsi2>85	>sma50d	short	15:55	3	2	74	1282.858	-0.553	48	967.256	-0.521	2481.704	-0.553	68.713	104.021	79.845	68.713
rsi5<30	down5d	long	10:30	4	15	47	1671.610	-0.843	30	811.266	-0.764	2712.241	-0.843	95.416	68.709	85.794	68.709
roc78<-1%	<sma20d	long	15:55	2	0	86	1282.717	-0.629	52	854.910	-0.818	2193.215	-0.818	68.703	78.538	71.885	68.703
macd12/26/9<-0.1%	none	long	09:30	1	0	93	1282.675	-0.356	60	922.106	-0.251	2365.525	-0.356	68.699	93.750	76.714	68.699
kelt20>+1.0	>sma20d	short	12:00	4	3	73	1282.598	-0.645	51	1064.702	-0.661	2731.169	-0.661	68.694	126.320	86.268	68.694
rsi5<35	<sma20d	long	10:30	2	0	50	1282.346	-0.248	36	1824.275	-0.544	4678.702	-0.544	68.675	304.985	126.873	68.675
rsi3<15	down5d	long	12:00	3	0	34	3065.671	-0.422	23	811.080	-0.706	4973.009	-0.706	173.631	68.668	132.000	68.668
rsi3<25	<sma10d	long	09:30	2	15	43	1281.778	-0.570	30	998.637	-0.429	2560.062	-0.570	68.634	111.183	81.905	68.634
macd12/26/9<-0.1%	down3d	long	12:00	3	0	52	1658.828	-0.730	28	810.927	-0.605	2690.378	-0.730	94.585	68.633	85.244	68.633
kelt20>+2.0	up3d	short	12:00	3	3	25	1788.208	-0.244	26	810.845	-0.333	2899.918	-0.333	102.868	68.615	90.404	68.615
rsi5<30	>sma50d	long	10:30	5	2	47	1281.275	-0.624	33	2427.148	-0.451	6219.690	-0.624	68.597	451.369	151.813	68.597
rsi5<35	<sma20d	long	15:55	3	0	50	1281.254	-0.763	36	2430.322	-0.807	6227.720	-0.807	68.596	452.149	151.932	68.596
rsi14<35	<sma10d	long	15:55	4	10	34	1280.927	-0.641	22	2843.449	-0.526	7284.499	-0.641	68.572	554.236	166.822	68.572
roc20<-2%	down5d	long	15:55	1	10	27	1280.766	-0.161	21	1025.088	-0.193	2625.797	-0.193	68.560	117.234	83.602	68.560
rsi5<30	<sma10d	long	15:55	2	0	44	1461.348	-0.582	28	810.544	-0.614	2368.974	-0.614	81.365	68.547	76.808	68.547
kelt40<-1.0	down5d	long	09:30	2	10	60	1280.326	-0.554	38	1137.758	-0.458	2913.402	-0.554	68.528	143.146	90.728	68.528
rsi2<10	down3d	long	12:00	1	0	59	1280.017	-0.207	31	1079.454	-0.303	2763.439	-0.303	68.505	129.710	87.071	68.505
roc78<-3%	>sma10d	long	15:55	4	4	28	1279.961	-0.527	14	1304.497	-0.347	3339.409	-0.527	68.501	181.871	100.506	68.501
macd5/18/4<-0.0%	>sma50d	long	10:30	2	15	90	1279.644	-0.358	68	866.278	-0.648	2217.055	-0.648	68.478	81.105	72.567	68.478
macd5/18/4<-0.0%	>sma50d	long	10:30	2	10	90	1279.644	-0.358	68	1090.482	-0.544	2790.857	-0.544	68.478	132.247	87.749	68.478
macd5/18/4<-0.0%	>sma50d	long	10:30	2	0	90	1279.644	-0.358	68	926.248	-0.623	2370.535	-0.623	68.478	94.690	76.851	68.478
rsi3<15	down5d	long	09:30	3	8	34	1279.602	-0.670	23	2771.459	-0.245	7092.727	-0.670	68.475	536.355	164.227	68.475
bb20<-1.0sd	<sma100d	long	12:00	3	0	58	1279.461	-0.777	21	1511.092	-0.539	3866.767	-0.777	68.465	230.404	111.571	68.465
rsi3>85	>sma20d	short	15:55	4	5	60	2988.841	-0.588	43	810.144	-0.783	4842.784	-0.783	169.803	68.457	129.756	68.457
roc6<-1%	<sma100d	long	09:30	3	0	45	1529.236	-0.742	16	810.035	-0.396	2477.470	-0.742	85.994	68.433	79.733	68.433
kelt40<-1.5	none	long	09:30	4	0	92	1278.640	-0.881	57	1087.572	-0.894	2781.226	-0.894	68.405	131.578	87.511	68.405
rsi3<15	down1d	long	10:30	4	15	35	1278.528	-0.824	22	936.690	-0.738	2395.170	-0.824	68.396	97.063	77.522	68.396
macd5/18/4<-0.2%	none	long	09:30	2	0	39	1341.687	-0.338	31	809.850	-0.439	2173.132	-0.439	72.965	68.391	71.306	68.391
rsi2<15	down3d	long	15:55	4	15	61	1278.402	-0.883	33	4068.789	-0.833	10403.093	-0.883	68.387	863.608	204.031	68.387
bb40<-1.0sd	>sma10d	long	12:00	3	4	59	1278.373	-0.550	41	2943.261	-0.480	7525.169	-0.550	68.385	579.087	170.018	68.385
rsi2<30	>sma50d	long	09:30	3	10	72	1277.975	-0.401	54	2014.794	-0.516	5149.712	-0.516	68.356	350.876	134.987	68.356
rsi2<30	>sma50d	long	09:30	3	15	72	1277.975	-0.401	54	1454.116	-0.626	3716.649	-0.626	68.356	216.962	108.524	68.356
rsi2<30	>sma50d	long	09:30	3	0	72	1277.975	-0.401	54	1454.116	-0.626	3716.649	-0.626	68.356	216.962	108.524	68.356
roc20<-1%	<sma20d	long	09:30	4	10	53	1277.457	-0.870	34	1477.498	-0.722	3774.880	-0.870	68.318	222.473	109.715	68.318
roc10<-1%	down5d	long	12:00	3	15	46	1277.330	-0.802	31	1052.942	-0.737	2689.910	-0.802	68.309	123.620	85.232	68.309
roc78<-1%	>sma10d	long	10:30	4	15	66	1277.313	-0.852	29	1114.423	-0.603	2846.934	-0.852	68.308	137.762	89.122	68.308
rsi5<15	none	long	10:30	2	0	43	1277.289	-0.274	35	1043.759	-0.638	2666.362	-0.638	68.306	121.513	84.636	68.306
bb10>+1.5sd	>sma10d	short	12:00	2	3	58	1281.636	-0.299	37	809.440	-0.345	2074.816	-0.345	68.624	68.299	68.425	68.299
rsi14<35	down5d	long	09:30	2	0	37	2831.861	-0.263	23	809.427	-0.359	4584.372	-0.359	161.843	68.296	125.186	68.296
rsi14<35	down5d	long	09:30	2	15	37	2601.768	-0.323	23	809.427	-0.359	4211.885	-0.359	149.811	68.296	118.302	68.296
rsi14<35	down5d	long	09:30	2	10	37	2970.627	-0.227	23	809.427	-0.359	4809.014	-0.359	168.889	68.296	129.167	68.296
roc156<-3%	>sma10d	long	12:00	5	3	30	2009.056	-0.749	15	809.369	-0.503	3252.133	-0.749	116.415	68.283	98.570	68.283
macd8/18/4<-0.0%	>sma10d	long	15:55	2	4	113	1276.729	-0.472	67	1501.252	-0.330	3833.386	-0.472	68.265	228.079	110.900	68.265
rsi7<35	<sma100d	long	09:30	4	0	56	1509.842	-0.720	16	809.252	-0.516	2443.687	-0.720	84.681	68.257	78.831	68.257
rsi3<15	<sma20d	long	12:00	3	0	28	1276.349	-0.428	26	1551.880	-0.809	3961.481	-0.809	68.237	240.052	113.455	68.237
rsi3<20	<sma10d	long	15:55	3	0	36	1276.260	-0.550	28	1059.878	-0.842	2705.360	-0.842	68.231	125.212	85.621	68.231
rsi3<30	<sma20d	long	09:30	2	0	49	1652.253	-0.496	35	809.126	-0.445	2673.761	-0.496	94.156	68.229	84.824	68.229
rsi2<15	down3d	long	12:00	1	0	61	1276.223	-0.207	33	1268.919	-0.303	3238.847	-0.303	68.228	173.572	98.273	68.228
kelt20<-1.0	>sma50d	long	12:00	3	3	46	1275.657	-0.392	37	2210.077	-0.289	5638.602	-0.392	68.186	398.280	142.925	68.186
bb20>+1.0sd	>sma20d	short	12:00	4	2	86	1329.150	-0.612	54	808.879	-0.762	2150.243	-0.762	72.066	68.173	70.643	68.173
rsi2<30	down3d	long	10:30	2	0	74	1275.446	-0.549	40	1469.233	-0.516	3747.856	-0.549	68.171	220.524	109.164	68.171
rsi14<35	none	long	12:00	3	10	73	1275.416	-0.722	44	3371.440	-0.496	8599.975	-0.722	68.169	686.445	183.553	68.169
macd12/26/9<-0.1%	<sma100d	long	12:00	4	10	57	1275.113	-0.965	14	830.302	-0.530	2117.458	-0.965	68.147	72.991	69.685	68.147
kelt20<-1.0	>sma100d	long	12:00	4	3	30	1275.099	-0.362	52	1954.558	-0.692	4984.510	-0.692	68.146	336.328	132.196	68.146
bb40<-1.0sd	up1d	long	10:30	3	10	40	1274.926	-0.345	43	3439.228	-0.572	8769.520	-0.572	68.133	703.546	185.588	68.133
bb40<-1.0sd	up1d	long	10:30	3	15	40	1274.926	-0.345	43	1726.377	-0.785	4402.005	-0.785	68.133	281.552	121.862	68.133
bb40<-1.0sd	up1d	long	10:30	3	8	40	1274.926	-0.345	43	2973.780	-0.578	7582.696	-0.578	68.133	586.700	170.773	68.133
bb40<-1.0sd	up1d	long	10:30	3	0	40	1274.926	-0.345	43	1283.169	-0.840	3271.889	-0.840	68.133	176.894	99.011	68.133
rsi14<30	down3d	long	09:30	4	10	31	2695.184	-0.425	17	808.597	-0.436	4358.633	-0.436	154.750	68.110	121.059	68.110
rsi3<15	<sma20d	long	10:30	2	0	28	1274.553	-0.229	26	1442.908	-0.599	3678.124	-0.599	68.106	214.323	107.730	68.106
rsi5<35	<sma50d	long	09:30	4	15	52	1274.396	-0.836	31	905.323	-0.761	2307.480	-0.836	68.094	89.942	75.113	68.094
rsi3<15	<sma10d	long	09:30	2	10	32	1274.131	-0.384	23	1571.732	-0.365	4005.187	-0.384	68.075	244.755	114.315	68.075
rsi3<15	<sma10d	long	09:30	2	15	32	1274.131	-0.384	23	1413.390	-0.429	3601.688	-0.429	68.075	207.380	106.138	68.075
kelt40<-1.5	down3d	long	12:00	2	10	57	1274.032	-0.512	36	2143.435	-0.515	5461.612	-0.515	68.068	382.064	140.104	68.068
kelt20<-1.0	>sma100d	long	15:55	5	10	30	1556.043	-0.507	52	808.389	-0.975	2515.774	-0.975	87.797	68.063	80.746	68.063
macd12/26/9<-0.0%	down5d	long	15:55	1	4	94	1273.801	-0.432	44	813.530	-0.192	2072.549	-0.432	68.051	69.218	68.358	68.051
rsi14<35	up1d	long	09:30	5	8	32	1710.965	-0.371	19	808.320	-0.619	2766.015	-0.619	97.956	68.047	87.135	68.047
roc6>+1%	up1d	short	15:55	3	2	44	1273.601	-0.289	24	910.543	-0.379	2319.337	-0.379	68.036	91.125	75.442	68.036
bb40<-1.5sd	down5d	long	09:30	2	8	34	1544.991	-0.224	27	808.258	-0.329	2497.502	-0.329	87.055	68.033	80.264	68.033
bb40<-1.5sd	>sma50d	long	12:00	5	3	39	1273.472	-0.477	26	5371.809	-0.422	13681.694	-0.477	68.026	1201.018	236.129	68.026
kelt20<-2.0	down1d	long	15:55	3	0	28	1273.451	-0.437	15	1818.065	-0.351	4630.435	-0.437	68.025	303.496	126.012	68.025
kelt20<-2.0	down1d	long	15:55	3	15	28	1273.451	-0.437	15	1818.065	-0.351	4630.435	-0.437	68.025	303.496	126.012	68.025
rsi3<30	down5d	long	09:30	3	8	53	1273.400	-0.752	35	885.764	-0.580	2255.862	-0.811	68.021	85.511	73.667	68.021
macd5/18/4<-0.0%	>sma50d	long	12:00	3	2	90	1273.398	-0.515	68	1332.469	-0.505	3393.529	-0.515	68.021	188.408	101.691	68.021
rsi2<35	down5d	long	09:30	4	0	71	1273.371	-0.934	38	939.140	-0.799	2391.748	-0.934	68.019	97.620	77.429	68.019
kelt40<-1.5	down3d	long	12:00	2	15	57	1273.232	-0.573	36	2087.102	-0.477	5314.729	-0.573	68.009	368.387	137.718	68.009
roc78<-3%	>sma10d	long	12:00	3	4	28	1273.005	-0.421	14	1108.435	-0.267	2822.087	-0.421	67.992	136.382	88.516	67.992
kelt20>+1.0	>sma50d	short	15:55	4	2	60	1272.938	-0.706	52	1272.133	-0.671	3238.692	-0.706	67.987	174.321	98.269	67.987
roc78<-3%	>sma10d	long	15:55	3	5	28	1272.847	-0.431	14	985.164	-0.292	2507.926	-0.431	67.981	108.106	80.539	67.981
roc78<-1%	>sma10d	long	10:30	3	0	66	1272.845	-0.749	29	1386.327	-0.419	3529.157	-0.749	67.981	201.025	104.607	67.981
bb20<-1.5sd	down1d	long	09:30	2	15	48	1272.825	-0.500	21	1031.399	-0.279	2625.582	-0.500	67.979	118.680	83.597	67.979
rsi3>90	>sma50d	short	15:55	4	5	42	1272.708	-0.550	33	1057.282	-0.673	2691.223	-0.673	67.971	124.616	85.265	67.971
kelt10<-1.0	>sma50d	long	12:00	5	3	39	1272.559	-0.503	34	990.474	-0.671	2520.873	-0.671	67.960	109.318	80.880	67.960
macd12/26/9<-0.2%	down3d	long	09:30	5	2	26	1272.452	-0.508	15	1311.178	-0.368	3336.821	-0.569	67.952	183.431	100.449	67.952
rsi14<35	<sma20d	long	15:55	2	15	36	1272.232	-0.302	22	3125.900	-0.108	7953.738	-0.302	67.936	624.736	175.553	67.936
rsi5<25	down3d	long	09:30	5	2	47	1272.184	-0.507	27	2107.624	-0.508	5362.571	-0.508	67.932	373.366	138.499	67.932
bb20<-1.5sd	>sma50d	long	09:30	5	8	44	1272.153	-0.553	25	11077.626	-0.424	28184.873	-0.553	67.930	2744.139	338.020	67.930
bb20<-1.5sd	>sma50d	long	09:30	5	2	44	1271.846	-0.497	25	7561.439	-0.310	19233.968	-0.497	67.907	1782.513	280.802	67.907
macd12/26/9<-0.1%	<sma100d	long	12:00	2	15	57	1271.290	-0.747	14	867.641	-0.256	2206.047	-0.747	67.867	81.413	72.252	67.867
kelt20<-1.0	>sma50d	long	10:30	3	4	46	1270.861	-0.312	37	1824.812	-0.333	4638.165	-0.333	67.835	305.114	126.150	67.835
rsi5<30	down3d	long	09:30	5	10	54	1270.552	-0.946	32	5425.380	-0.537	13786.460	-0.946	67.813	1215.044	237.070	67.813
rsi14<35	<sma20d	long	10:30	4	4	36	1270.376	-0.446	22	1344.532	-0.539	3416.122	-0.539	67.800	191.230	102.182	67.800
macd12/26/9<-0.2%	<sma50d	long	10:30	2	0	28	1270.059	-0.458	13	1189.094	-0.125	3020.438	-0.458	67.776	155.023	93.266	67.776
bb40<-2.0sd	>sma50d	long	09:30	3	10	25	1269.845	-0.351	16	3057.490	-0.143	7765.075	-0.351	67.761	607.612	173.140	67.761
bb40<-2.0sd	>sma50d	long	09:30	3	0	25	1269.845	-0.351	16	3057.490	-0.143	7765.075	-0.351	67.761	607.612	173.140	67.761
bb40<-2.0sd	>sma50d	long	09:30	3	15	25	1269.845	-0.351	16	3057.490	-0.143	7765.075	-0.351	67.761	607.612	173.140	67.761
macd5/18/4<-0.0%	none	long	10:30	2	15	198	1269.692	-0.789	116	1671.739	-0.660	4245.188	-0.789	67.749	268.519	118.933	67.749
roc20<-1%	up1d	long	09:30	3	8	35	1269.667	-0.297	35	1441.066	-0.541	3659.347	-0.541	67.748	213.889	107.341	67.748
roc20<-1%	up1d	long	09:30	3	10	35	1269.667	-0.297	35	1223.331	-0.610	3106.445	-0.610	67.748	162.967	95.264	67.748
bb40<-1.5sd	>sma50d	long	10:30	4	6	39	1269.603	-0.397	26	11469.292	-0.370	29122.905	-0.397	67.743	2852.958	343.305	67.743
roc10>+1%	>sma50d	short	12:00	3	2	34	1269.565	-0.213	37	1651.292	-0.543	4192.846	-0.543	67.740	263.651	117.940	67.740
macd8/18/4<-0.0%	>sma50d	long	12:00	3	2	85	1269.526	-0.484	68	2358.362	-0.393	5988.004	-0.484	67.737	434.503	148.335	67.737
roc6<-1%	none	long	09:30	3	15	70	1269.488	-0.853	45	1763.926	-0.611	4478.566	-0.853	67.734	290.527	123.268	67.734
roc78<-3%	>sma10d	long	15:55	2	15	28	1269.335	-0.398	14	808.690	-0.324	2052.996	-0.398	67.723	68.131	67.774	67.723
rsi5<30	down5d	long	15:55	2	0	47	2074.957	-0.582	30	806.847	-0.614	3348.344	-0.614	120.327	67.716	100.703	67.716
rsi14<25	none	long	09:30	3	15	27	1269.232	-0.226	16	1095.663	-0.479	2781.300	-0.479	67.716	133.440	87.513	67.716
rsi14<25	none	long	09:30	3	0	27	1269.232	-0.226	16	988.573	-0.530	2509.457	-0.530	67.716	108.884	80.579	67.716
rsi14<25	none	long	09:30	3	10	27	1269.232	-0.226	16	1350.631	-0.358	3428.529	-0.358	67.716	192.658	102.450	67.716
bb20<-1.5sd	<sma10d	long	15:55	3	10	34	1269.097	-0.432	19	1407.250	-0.410	3571.874	-0.432	67.706	205.937	105.511	67.706
roc6<-2%	none	long	09:30	5	2	25	1586.290	-0.418	18	806.774	-0.521	2559.553	-0.521	89.815	67.700	81.892	67.700
rsi2<20	>sma100d	long	09:30	4	10	41	1784.983	-0.321	60	806.745	-0.834	2880.053	-0.834	102.665	67.694	89.925	67.694
macd12/26/9<-0.2%	<sma10d	long	15:55	3	10	25	1268.883	-0.714	12	864.050	-0.305	2192.757	-0.714	67.690	80.602	71.871	67.690
bb40>+2.0sd	up3d	short	15:55	2	2	25	1890.966	-0.205	21	806.705	-0.219	3050.904	-0.219	109.259	67.685	93.978	67.685
macd8/18/4<-0.0%	<sma20d	long	10:30	2	3	91	1268.676	-0.574	50	870.780	-0.356	2209.475	-0.574	67.675	82.122	72.350	67.675
rsi3<35	>sma50d	long	12:00	2	15	66	1268.631	-0.392	51	1097.237	-0.723	2783.978	-0.723	67.672	133.802	87.579	67.672
rsi3<35	>sma50d	long	12:00	2	0	66	1268.631	-0.392	51	1153.168	-0.707	2925.889	-0.707	67.672	146.707	91.027	67.672
rsi3<15	down1d	long	12:00	3	15	35	1891.269	-0.672	22	806.634	-0.602	3051.124	-0.672	109.277	67.669	93.983	67.669
kelt40<-1.5	<sma20d	long	15:55	2	15	41	1268.569	-0.576	33	3232.067	-0.662	8200.201	-0.662	67.667	651.371	178.651	67.667
rsi7<35	>sma100d	long	15:55	4	2	33	1268.157	-0.396	51	1188.331	-0.696	3013.981	-0.696	67.637	154.846	93.114	67.637
rsi2<15	down3d	long	10:30	2	15	61	1267.953	-0.566	33	2393.330	-0.355	6069.259	-0.566	67.622	443.072	149.565	67.622
rsi7<35	>sma100d	long	12:00	4	4	33	1810.384	-0.307	51	806.307	-0.581	2919.450	-0.581	104.261	67.595	90.873	67.595
macd12/26/9<-0.2%	down3d	long	12:00	1	0	26	1333.676	-0.071	15	806.289	-0.214	2150.658	-0.214	72.391	67.591	70.655	67.591
bb20>+1.5sd	>sma20d	short	15:55	3	2	63	1674.638	-0.566	38	806.250	-0.484	2700.354	-0.566	95.612	67.583	85.495	67.583
bb20<-1.5sd	down3d	long	09:30	4	4	43	1267.331	-0.698	22	915.306	-0.395	2319.991	-0.726	67.576	92.206	75.460	67.576
rsi3<35	>sma50d	long	09:30	2	0	66	1267.304	-0.247	51	2058.671	-0.451	5217.924	-0.451	67.574	361.496	136.122	67.574
rsi3<35	>sma50d	long	09:30	2	15	66	1267.304	-0.247	51	2058.671	-0.451	5217.924	-0.451	67.574	361.496	136.122	67.574
rsi3<35	>sma50d	long	09:30	2	10	66	1267.304	-0.247	51	2477.224	-0.364	6278.793	-0.364	67.574	463.672	152.687	67.574
rsi7<35	>sma50d	long	12:00	3	3	52	1267.277	-0.545	37	1071.738	-0.468	2716.378	-0.545	67.572	127.936	85.898	67.572
macd12/26/9<-0.2%	<sma10d	long	09:30	3	10	25	1267.259	-0.742	12	843.996	-0.231	2139.123	-0.742	67.571	76.076	70.319	67.571
roc6<-1%	<sma100d	long	15:55	2	0	45	1267.167	-0.609	16	836.995	-0.518	2121.224	-0.609	67.564	74.499	69.796	67.564
macd5/18/4<-0.0%	down5d	long	09:30	4	8	85	1875.782	-0.932	53	806.149	-0.770	3024.322	-0.967	108.324	67.560	93.357	67.560
kelt40<-1.5	<sma10d	long	09:30	2	0	45	1267.081	-0.508	32	1359.641	-0.376	3445.551	-0.508	67.558	194.768	102.818	67.558
rsi2<10	>sma100d	long	10:30	4	4	37	1267.004	-0.521	50	1053.700	-0.683	2670.086	-0.683	67.552	123.794	84.731	67.552
bb20<-1.5sd	>sma100d	long	09:30	3	15	29	1266.921	-0.278	34	1649.611	-0.544	4179.855	-0.544	67.546	263.251	117.693	67.546
bb20<-1.5sd	>sma100d	long	09:30	3	0	29	1266.921	-0.278	34	1649.611	-0.544	4179.855	-0.544	67.546	263.251	117.693	67.546
bb20<-1.5sd	>sma100d	long	09:30	3	10	29	1266.921	-0.278	34	2308.169	-0.420	5848.535	-0.420	67.546	422.221	146.201	67.546
macd8/18/4<-0.0%	<sma20d	long	10:30	2	6	91	1266.895	-0.615	50	928.271	-0.556	2352.043	-0.615	67.544	95.150	76.344	67.544
roc10<-1%	<sma10d	long	09:30	4	0	47	1266.891	-0.832	31	1274.639	-0.603	3229.657	-0.832	67.544	174.905	98.067	67.544
macd5/18/4<-0.0%	down3d	long	12:00	3	15	95	1266.752	-0.855	54	1871.552	-0.732	4741.584	-0.855	67.534	316.339	127.985	67.534
bb40<-1.0sd	>sma100d	long	15:55	2	10	31	1266.713	-0.240	57	2378.151	-0.619	6024.867	-0.619	67.531	439.351	148.894	67.531
rsi5<35	<sma20d	long	09:30	4	8	50	1266.519	-0.809	36	3578.695	-0.458	9064.973	-0.809	67.517	738.815	189.076	67.517
kelt20<-1.5	down3d	long	10:30	2	10	39	1266.472	-0.288	21	1347.328	-0.331	3412.708	-0.331	67.513	191.885	102.107	67.513
rsi5>85	>sma50d	short	15:55	3	4	31	1266.424	-0.471	27	1748.906	-0.434	4429.714	-0.471	67.510	286.935	122.373	67.510
kelt40<-1.0	down5d	long	09:30	4	10	60	1266.082	-0.887	38	1434.885	-0.743	3633.364	-0.887	67.485	212.435	106.800	67.485
rsi5>85	up5d	short	15:55	4	5	38	1265.989	-0.533	33	1606.111	-0.581	4066.638	-0.581	67.478	252.911	115.514	67.478
rsi14<30	down3d	long	15:55	4	15	31	2447.786	-0.555	17	805.728	-0.605	3944.500	-0.605	141.493	67.465	113.119	67.465
macd12/26/9<-0.2%	<sma20d	long	10:30	4	10	26	1265.734	-0.855	13	1298.595	-0.407	3287.352	-0.855	67.459	180.493	99.355	67.459
rsi2>80	>sma20d	short	15:55	4	3	99	1265.698	-0.800	54	1322.118	-0.818	3346.805	-0.818	67.456	185.987	100.669	67.456
macd8/18/4<-0.0%	down1d	long	12:00	2	15	97	1265.375	-0.679	39	965.273	-0.612	2442.866	-0.679	67.433	103.569	78.809	67.433
roc40<-2%	>sma10d	long	10:30	2	4	35	1265.363	-0.348	16	831.930	-0.282	2105.387	-0.348	67.432	73.358	69.330	67.432
rsi5>85	up5d	short	15:55	5	5	38	1265.256	-0.639	33	1553.889	-0.691	3932.134	-0.691	67.424	240.527	112.874	67.424
macd12/26/9<-0.1%	none	long	10:30	3	0	93	1265.247	-0.871	60	1340.132	-0.817	3391.196	-0.871	67.423	190.200	101.640	67.423
roc10<-2%	down1d	long	09:30	3	15	25	1729.768	-0.501	18	805.505	-0.473	2786.673	-0.501	99.161	67.415	87.646	67.415
roc10<-2%	down1d	long	09:30	3	0	25	2022.459	-0.417	18	805.505	-0.473	3258.201	-0.473	117.215	67.415	98.706	67.415
rsi5<30	none	long	15:55	1	0	107	1265.082	-0.330	61	1096.202	-0.411	2773.570	-0.411	67.411	133.564	87.322	67.411
macd8/18/4<-0.0%	>sma20d	long	12:00	2	10	104	1265.075	-0.697	65	931.299	-0.553	2356.325	-0.697	67.411	95.838	76.462	67.411
macd8/18/4<-0.0%	down1d	long	09:30	3	0	97	1581.303	-0.805	39	805.440	-0.437	2547.290	-0.805	89.483	67.401	81.572	67.401
bb20<-1.5sd	>sma50d	long	15:55	5	6	44	1264.889	-0.661	25	8105.714	-0.603	20505.650	-0.661	67.397	1929.358	289.839	67.397
macd8/18/4<-0.0%	>sma10d	long	12:00	2	4	113	1264.725	-0.491	67	1294.915	-0.340	3275.423	-0.491	67.385	179.634	99.090	67.385
macd5/18/4>+0.1%	up3d	short	15:55	4	2	66	1458.639	-0.386	34	805.341	-0.444	2349.404	-0.481	81.178	67.378	76.271	67.378
rsi5<35	down3d	long	15:55	5	0	62	1264.601	-0.958	38	1073.936	-0.916	2716.202	-0.958	67.376	128.442	85.893	67.376
bb10<-1.5sd	down1d	long	15:55	3	0	46	1264.512	-0.602	22	915.104	-0.740	2314.318	-0.740	67.369	92.160	75.303	67.369
bb20<-1.5sd	>sma50d	long	10:30	2	4	44	1264.427	-0.200	25	1319.274	-0.294	3336.250	-0.294	67.363	185.322	100.437	67.363
bb20<-1.5sd	<sma10d	long	12:00	3	15	34	1264.129	-0.533	19	1719.497	-0.514	4347.331	-0.533	67.341	279.909	120.848	67.341
kelt40<-1.0	down5d	long	09:30	3	15	60	1263.450	-0.791	38	999.214	-0.649	2524.915	-0.791	67.291	111.315	80.986	67.291
rsi3<10	down5d	long	09:30	4	10	29	1783.311	-0.822	17	804.927	-0.405	2870.871	-0.822	102.560	67.285	89.703	67.285
macd5/18/4<-0.0%	>sma50d	long	15:55	3	15	90	1263.254	-0.684	68	1209.932	-0.818	3056.901	-0.818	67.277	159.856	94.117	67.277
bb10<-1.0sd	>sma50d	long	12:00	3	10	60	1377.271	-0.549	45	804.886	-0.664	2217.094	-0.664	75.496	67.276	72.568	67.276
rsi2<10	>sma50d	long	10:30	5	10	57	1263.105	-0.799	43	997.487	-0.916	2519.861	-0.916	67.266	110.920	80.853	67.266
macd8/18/4<-0.0%	down3d	long	09:30	4	15	99	1262.817	-0.959	53	4506.985	-0.622	11382.995	-0.959	67.245	976.224	214.225	67.245
bb40<-1.5sd	down5d	long	10:30	2	15	34	1262.292	-0.327	27	1107.275	-0.429	2795.408	-0.429	67.206	136.115	87.861	67.206
roc20<-2%	<sma50d	long	10:30	2	15	25	1262.192	-0.307	22	928.330	-0.494	2343.460	-0.494	67.199	95.163	76.108	67.199
kelt20<-1.5	down1d	long	15:55	3	15	44	1262.178	-0.654	21	905.686	-0.689	2286.274	-0.689	67.198	90.024	74.521	67.198
rsi5<35	down5d	long	15:55	3	0	54	1262.174	-0.803	36	1352.662	-0.807	3414.588	-0.807	67.197	193.133	102.148	67.197
rsi3<20	<sma100d	long	09:30	3	15	44	1261.990	-0.656	14	1508.998	-0.408	3808.680	-0.656	67.184	229.909	110.401	67.184
macd8/18/4<-0.0%	down5d	long	12:00	1	0	92	1261.757	-0.512	50	971.474	-0.316	2451.528	-0.512	67.167	104.983	79.041	67.167
kelt20<-1.0	<sma10d	long	09:30	2	10	40	1261.608	-0.577	32	1341.973	-0.288	3386.089	-0.577	67.156	190.631	101.529	67.156
rsi3>80	up3d	short	12:00	5	2	83	1261.405	-0.721	47	2450.884	-0.594	6183.117	-0.721	67.141	457.199	151.270	67.141
roc78<-1%	>sma10d	long	10:30	2	10	66	1261.117	-0.525	29	992.216	-0.372	2502.599	-0.525	67.120	109.716	80.398	67.120
macd8/18/4<-0.0%	<sma20d	long	10:30	3	15	91	1261.115	-0.893	50	1953.307	-0.750	4926.690	-0.893	67.120	336.026	131.206	67.120
rsi3<20	down1d	long	09:30	5	0	40	4444.058	-0.745	26	804.161	-0.656	7147.475	-0.745	236.261	67.113	164.972	67.113
bb40<-1.5sd	>sma100d	long	12:00	4	15	25	1260.819	-0.410	37	1656.249	-0.914	4176.458	-0.914	67.098	264.831	117.628	67.098
bb40<-1.5sd	>sma100d	long	12:00	4	0	25	1260.819	-0.410	37	1250.867	-0.935	3154.234	-0.935	67.098	169.369	96.359	67.098
bb40<-1.5sd	>sma100d	long	12:00	4	10	25	1260.819	-0.410	37	2718.138	-0.836	6854.158	-0.836	67.098	523.136	160.935	67.098
kelt20<-1.0	down5d	long	09:30	4	8	43	1781.502	-0.889	32	804.012	-0.669	2864.697	-0.901	102.446	67.080	89.554	67.080
kelt40>+3.0	up1d	short	15:55	5	2	25	1260.516	-0.459	16	1132.681	-0.432	2855.526	-0.463	67.075	141.974	89.331	67.075
rsi5<30	<sma10d	long	09:30	4	2	44	1260.491	-0.527	28	984.178	-0.398	2481.096	-0.527	67.074	107.881	79.829	67.074
rsi5<30	<sma20d	long	15:55	3	0	44	2274.604	-0.763	31	803.929	-0.813	3657.240	-0.813	131.854	67.061	107.297	67.061
rsi5<30	down1d	long	09:30	5	0	57	1260.019	-0.840	28	899.570	-0.692	2266.951	-0.840	67.039	88.638	73.979	67.039
rsi3>90	>sma20d	short	12:00	3	3	54	1259.744	-0.396	38	1601.525	-0.446	4035.024	-0.446	67.019	251.822	114.898	67.019
bb20<-1.5sd	down5d	long	12:00	4	15	33	4329.432	-0.716	21	803.725	-0.709	6959.349	-0.716	231.418	67.016	162.395	67.016
roc20<-1%	down3d	long	15:55	1	0	64	1259.697	-0.281	44	1846.667	-0.296	4652.481	-0.296	67.015	310.360	126.406	67.015
rsi7<35	<sma100d	long	15:55	4	0	56	1362.445	-0.671	16	803.622	-0.715	2189.781	-0.715	74.445	66.992	71.786	66.992
kelt10>+1.0	>sma10d	short	15:55	2	3	59	1441.566	-0.534	39	803.598	-0.446	2316.878	-0.534	79.998	66.987	75.373	66.987
bb20<-1.5sd	>sma100d	long	15:55	2	10	29	1259.289	-0.231	34	1956.837	-0.365	4928.448	-0.365	66.985	336.877	131.236	66.985
bb20<-1.5sd	>sma100d	long	15:55	2	0	29	1259.289	-0.231	34	1346.488	-0.669	3391.235	-0.669	66.985	191.688	101.641	66.985
bb20<-1.5sd	>sma100d	long	15:55	2	15	29	1259.289	-0.231	34	2401.274	-0.411	6047.798	-0.411	66.985	445.021	149.241	66.985
rsi5<20	>sma50d	long	10:30	5	4	27	1259.161	-0.477	24	1073.902	-0.544	2704.431	-0.544	66.976	128.434	85.598	66.976
bb20<-1.5sd	<sma10d	long	09:30	5	15	34	3851.879	-0.843	19	803.525	-0.822	6190.158	-0.843	210.600	66.970	151.375	66.970
bb20<-1.5sd	<sma10d	long	09:30	5	0	34	6271.696	-0.745	19	803.525	-0.822	10078.922	-0.822	307.118	66.970	200.526	66.970
bb10<-1.0sd	<sma20d	long	09:30	4	10	51	1699.684	-0.883	30	803.500	-0.523	2731.391	-0.883	97.231	66.965	86.273	66.965
macd5/18/4>+0.1%	>sma20d	short	15:55	2	3	60	1945.498	-0.280	39	803.478	-0.419	3126.329	-0.419	112.587	66.960	95.721	66.960
bb20<-1.5sd	down3d	long	15:55	1	10	43	1258.901	-0.146	22	1201.865	-0.174	3026.057	-0.174	66.957	157.984	93.398	66.957
roc40<-2%	>sma10d	long	12:00	3	3	35	1258.840	-0.502	16	995.954	-0.359	2507.494	-0.502	66.952	110.570	80.527	66.952
macd8/18/4<-0.0%	>sma20d	long	10:30	2	15	104	1258.699	-0.561	65	831.322	-0.648	2092.768	-0.648	66.942	73.221	68.958	66.942
macd8/18/4<-0.0%	>sma20d	long	10:30	2	0	104	1258.699	-0.561	65	888.872	-0.623	2237.644	-0.623	66.942	86.215	73.152	66.942
macd12/26/9<-0.0%	down5d	long	12:00	3	2	94	1258.616	-0.572	44	2108.151	-0.566	5306.703	-0.572	66.936	373.494	137.586	66.936
rsi2<10	>sma100d	long	10:30	2	10	37	1258.565	-0.265	50	1153.859	-0.551	2904.413	-0.551	66.932	146.867	90.512	66.932
rsi2<10	>sma100d	long	10:30	2	15	37	1258.565	-0.265	50	1009.092	-0.653	2540.016	-0.653	66.932	113.573	81.382	66.932
rsi2<10	>sma100d	long	10:30	2	0	37	1258.565	-0.265	50	924.741	-0.632	2327.692	-0.632	66.932	94.348	75.673	66.932
rsi5<25	down3d	long	15:55	2	15	47	1258.518	-0.479	27	1049.044	-0.453	2640.482	-0.479	66.928	122.725	83.978	66.928
bb40<-1.5sd	none	long	15:55	2	10	76	1258.271	-0.690	53	5984.707	-0.497	15060.768	-0.690	66.910	1362.139	248.165	66.910
rsi2<30	down3d	long	15:55	2	0	74	1258.051	-0.741	40	1687.669	-0.526	4246.349	-0.741	66.894	272.315	118.955	66.894
bb40<-1.0sd	>sma50d	long	12:00	3	2	50	1258.040	-0.269	42	3639.001	-0.421	9156.017	-0.421	66.893	754.100	190.136	66.893
kelt20<-1.0	down3d	long	09:30	2	10	54	1257.973	-0.614	40	1485.085	-0.288	3736.393	-0.614	66.888	224.263	108.929	66.888
bb78<-1.5sd	none	long	15:55	1	0	53	1257.751	-0.275	30	1494.529	-0.155	3759.489	-0.275	66.872	226.492	109.402	66.872
bb78<-1.5sd	none	long	15:55	1	15	53	1257.751	-0.275	30	1495.711	-0.154	3762.461	-0.275	66.872	226.771	109.462	66.872
bb10<-1.0sd	>sma50d	long	12:00	3	2	60	1257.399	-0.401	45	1657.873	-0.421	4169.217	-0.421	66.846	265.217	117.490	66.846
bb40<-1.5sd	none	long	15:55	3	10	76	1257.205	-0.849	53	12583.920	-0.667	31641.125	-0.849	66.832	3164.254	356.981	66.832
roc40<-2%	>sma50d	long	15:55	4	10	30	1257.120	-0.723	19	1198.892	-0.662	3014.302	-0.723	66.825	157.295	93.122	66.825
bb40<-1.0sd	down5d	long	12:00	3	0	49	3283.514	-0.644	37	802.842	-0.769	5272.287	-0.769	184.259	66.817	137.020	66.817
rsi5<35	<sma100d	long	09:30	2	15	58	1256.958	-0.501	20	976.791	-0.236	2455.570	-0.501	66.814	106.195	79.149	66.814
macd5/18/4<-0.0%	down5d	long	15:55	2	15	85	1256.748	-0.777	53	1487.437	-0.648	3738.665	-0.777	66.798	224.818	108.976	66.798
bb40<-1.5sd	up1d	long	12:00	4	8	31	1256.682	-0.501	27	3570.363	-0.694	8973.620	-0.694	66.793	736.705	188.006	66.793
rsi7<35	<sma100d	long	15:55	2	0	56	1256.269	-0.393	16	804.044	-0.390	2020.192	-0.393	66.763	67.087	66.787	66.763
bb40<-1.0sd	>sma50d	long	10:30	3	8	50	1255.884	-0.352	42	6277.934	-0.408	15768.714	-0.408	66.734	1439.704	254.074	66.734
bb40>+2.0sd	up5d	short	12:00	4	2	25	1255.852	-0.556	21	1259.562	-0.398	3163.647	-0.556	66.732	171.393	96.574	66.732
kelt40<-1.0	down3d	long	09:30	2	0	75	1255.684	-0.543	46	1963.637	-0.376	4931.416	-0.543	66.720	338.518	131.287	66.720
rsi3<10	none	long	09:30	3	15	59	1255.584	-0.722	39	975.875	-0.667	2450.585	-0.722	66.712	105.986	79.016	66.712
rsi3<10	none	long	09:30	3	10	59	1255.584	-0.722	39	1306.326	-0.555	3280.403	-0.722	66.712	182.298	99.201	66.712
roc6>+1%	>sma100d	short	15:55	2	2	28	1255.559	-0.164	48	1130.854	-0.410	2839.709	-0.410	66.710	141.553	88.946	66.710
bb20<-2.0sd	none	long	09:30	5	10	46	1255.557	-0.574	30	1693.589	-0.699	4252.797	-0.699	66.710	273.727	119.077	66.710
rsi5<35	>sma50d	long	15:55	3	10	59	1255.401	-0.397	41	1623.231	-0.584	4075.611	-0.584	66.699	256.978	115.688	66.699
rsi3>85	>sma50d	short	15:55	4	2	50	1255.394	-0.452	39	2477.130	-0.536	6219.545	-0.536	66.698	463.649	151.811	66.698
bb40<-1.5sd	<sma20d	long	12:00	4	10	32	1255.326	-0.777	27	1470.606	-0.807	3692.181	-0.807	66.693	220.848	108.020	66.693
macd12/26/9<-0.0%	down5d	long	12:00	2	0	94	1255.322	-0.844	44	1368.480	-0.597	3435.767	-0.844	66.693	196.839	102.607	66.693
rsi3>90	>sma10d	short	12:00	5	3	55	1609.451	-0.752	37	802.267	-0.639	2582.417	-0.752	91.348	66.688	82.485	66.688
macd12/26/9<-0.2%	<sma50d	long	15:55	3	10	28	1255.134	-0.737	13	1744.171	-0.305	4378.336	-0.737	66.679	285.803	121.424	66.679
rsi5>85	up5d	short	15:55	5	3	38	1254.958	-0.452	33	5616.638	-0.450	14097.293	-0.452	66.666	1265.211	239.834	66.666
rsi14>65	up3d	short	12:00	3	2	45	1254.808	-0.379	36	976.324	-0.487	2450.200	-0.487	66.655	106.089	79.005	66.655
rsi2<20	down3d	long	09:30	3	15	65	1254.705	-0.764	37	2907.835	-0.481	7296.948	-0.764	66.647	570.259	166.989	66.647
bb20<-1.0sd	<sma100d	long	12:00	2	0	58	1254.701	-0.583	21	1177.663	-0.371	2955.229	-0.583	66.647	152.375	91.727	66.647
macd12/26/9<-0.0%	up1d	long	10:30	4	15	122	1254.638	-0.845	77	3068.165	-0.783	7698.874	-0.845	66.643	610.282	172.285	66.643
kelt20<-1.0	none	long	09:30	2	0	101	1254.554	-0.573	71	919.480	-0.655	2307.076	-0.655	66.636	93.154	75.101	66.636
macd12/26/9<-0.2%	<sma20d	long	12:00	2	0	26	1254.483	-0.602	13	1482.529	-0.024	3719.614	-0.602	66.631	223.660	108.585	66.631
rsi7<35	>sma100d	long	10:30	3	2	33	1254.382	-0.169	51	1154.224	-0.577	2895.675	-0.577	66.624	146.951	90.302	66.624
rsi7<35	down3d	long	12:00	3	10	58	1254.295	-0.670	30	1030.600	-0.597	2585.352	-0.670	66.617	118.497	82.561	66.617
bb40<-1.5sd	down1d	long	09:30	3	10	45	1254.054	-0.469	25	1599.920	-0.407	4012.772	-0.469	66.599	251.441	114.463	66.599
rsi5<35	>sma100d	long	09:30	5	15	38	1254.024	-0.532	52	1248.970	-0.822	3132.478	-0.822	66.597	168.928	95.862	66.597
rsi5<35	>sma100d	long	09:30	5	10	38	1254.024	-0.532	52	3317.880	-0.666	8321.401	-0.666	66.597	672.952	180.153	66.597
rsi5<35	>sma100d	long	09:30	5	0	38	1254.024	-0.532	52	1248.970	-0.822	3132.478	-0.822	66.597	168.928	95.862	66.597
bb40<-1.5sd	>sma50d	long	12:00	5	6	39	1254.018	-0.543	26	21808.686	-0.522	54696.954	-0.543	66.597	5813.587	458.449	66.597
kelt20<-1.5	>sma50d	long	12:00	2	10	36	1253.740	-0.248	23	961.630	-0.349	2411.269	-0.349	66.576	102.739	77.958	66.576
rsi5<25	>sma50d	long	15:55	5	2	38	1253.724	-0.416	27	2392.078	-0.300	5998.011	-0.416	66.575	442.765	148.487	66.575
rsi14<35	<sma50d	long	10:30	4	10	36	1253.596	-0.657	23	1390.531	-0.514	3486.329	-0.657	66.566	202.012	103.694	66.566
macd12/26/9<-0.2%	none	long	09:30	2	0	37	1253.499	-0.617	25	1164.575	-0.245	2919.588	-0.617	66.558	149.346	90.876	66.558
rsi7<35	down3d	long	09:30	2	10	58	1564.798	-0.490	30	801.686	-0.252	2508.954	-0.490	88.383	66.558	80.566	66.558
macd5/18/4<-0.1%	>sma50d	long	09:30	3	10	28	1253.381	-0.322	35	2048.431	-0.365	5134.931	-0.365	66.550	359.016	134.739	66.550
macd5/18/4<-0.1%	>sma50d	long	09:30	3	0	28	1253.381	-0.322	35	1737.571	-0.433	4355.679	-0.433	66.550	284.226	121.004	66.550
macd5/18/4<-0.1%	>sma50d	long	09:30	3	15	28	1253.381	-0.322	35	1737.571	-0.433	4355.679	-0.433	66.550	284.226	121.004	66.550
roc10>+1%	>sma50d	short	15:55	3	3	34	1253.282	-0.362	37	1113.752	-0.635	2791.691	-0.635	66.543	137.607	87.770	66.543
macd8/18/4<-0.0%	<sma50d	long	10:30	3	3	98	1253.128	-0.814	47	1655.122	-0.376	4148.162	-0.814	66.531	264.562	117.087	66.531
rsi7<35	>sma100d	long	10:30	2	10	33	1259.914	-0.149	51	801.523	-0.502	2019.699	-0.502	67.031	66.521	66.772	66.521
roc10<-2%	down3d	long	15:55	1	15	26	1252.601	-0.151	19	1373.772	-0.151	3441.576	-0.151	66.492	198.080	102.732	66.492
rsi7<35	>sma50d	long	10:30	5	2	52	1252.568	-0.619	37	2338.547	-0.511	5858.381	-0.619	66.490	429.652	146.352	66.490
bb20<-1.5sd	down5d	long	12:00	2	10	33	1931.118	-0.332	21	801.374	-0.349	3095.095	-0.349	111.714	66.487	95.002	66.487
roc156<-3%	>sma10d	long	12:00	5	4	30	1799.471	-0.791	15	801.370	-0.543	2884.086	-0.791	103.577	66.487	90.023	66.487
rsi5<25	down3d	long	12:00	3	15	47	1252.511	-0.670	27	1113.716	-0.640	2789.883	-0.726	66.486	137.599	87.725	66.486
macd8/18/4<-0.0%	>sma10d	long	15:55	1	15	113	1252.498	-0.262	67	922.995	-0.401	2312.098	-0.401	66.485	93.951	75.241	66.485
roc10<-2%	down1d	long	12:00	4	10	25	5074.477	-0.420	18	801.325	-0.610	8132.611	-0.610	261.956	66.477	177.807	66.477
bb78<-1.0sd	>sma100d	long	09:30	5	0	26	1252.226	-0.530	31	1234.683	-0.819	3092.205	-0.819	66.465	165.605	94.936	66.465
bb78<-1.0sd	>sma100d	long	09:30	5	15	26	1252.226	-0.530	31	1234.683	-0.819	3092.205	-0.819	66.465	165.605	94.936	66.465
bb78<-1.0sd	>sma100d	long	09:30	5	10	26	1252.226	-0.530	31	2470.885	-0.638	6188.213	-0.638	66.465	462.114	151.346	66.465
kelt40<-1.0	>sma50d	long	12:00	2	15	56	1252.148	-0.352	39	1865.456	-0.404	4671.653	-0.404	66.459	314.873	126.747	66.459
kelt40<-1.0	>sma50d	long	12:00	2	10	56	1252.148	-0.352	39	2041.417	-0.365	5112.313	-0.365	66.459	357.318	134.360	66.459
kelt40<-1.0	>sma50d	long	12:00	2	0	56	1252.148	-0.352	39	1660.496	-0.418	4158.374	-0.418	66.459	265.842	117.282	66.459
roc156<-1%	>sma10d	long	12:00	3	4	58	1252.145	-0.748	26	1629.944	-0.359	4081.853	-0.748	66.459	258.573	115.809	66.459
roc40<-2%	>sma10d	long	15:55	4	4	35	1252.056	-0.672	16	920.946	-0.507	2306.152	-0.672	66.452	93.486	75.076	66.452
rsi7<25	down3d	long	12:00	2	10	38	1740.040	-0.273	18	801.185	-0.364	2788.187	-0.364	99.817	66.445	87.683	66.445
roc78<-1%	up1d	long	09:30	5	8	32	1251.716	-0.408	22	1061.210	-0.743	2656.669	-0.743	66.427	125.518	84.390	66.427
kelt20<-1.5	down5d	long	15:55	2	0	33	1251.616	-0.522	21	900.926	-0.561	2255.228	-0.561	66.420	88.945	73.649	66.420
bb40<-1.0sd	none	long	12:00	1	0	106	1251.562	-0.333	78	1547.394	-0.372	3873.319	-0.372	66.416	238.989	111.702	66.416
macd5/18/4>+0.1%	>sma20d	short	12:00	2	2	60	1251.540	-0.205	39	966.799	-0.293	2419.975	-0.293	66.414	103.917	78.193	66.414
roc6>+1%	>sma10d	short	15:55	2	2	44	1262.136	-0.272	31	800.832	-0.313	2021.517	-0.313	67.195	66.366	66.827	66.366
macd12/26/9<-0.0%	up1d	long	09:30	2	10	122	1250.813	-0.517	77	3245.631	-0.364	8119.354	-0.517	66.360	654.780	177.641	66.360
rsi5<25	<sma100d	long	12:00	4	0	48	1250.780	-0.597	14	1749.786	-0.512	4377.195	-0.597	66.358	287.145	121.403	66.358
bb20<-1.0sd	>sma50d	long	15:55	4	2	55	1250.762	-0.466	46	2658.055	-0.486	6649.188	-0.486	66.357	508.264	158.049	66.357
bb20<-1.0sd	down5d	long	10:30	2	0	52	1250.429	-0.570	35	1055.138	-0.548	2638.751	-0.570	66.332	124.124	83.934	66.332
roc40<-2%	>sma50d	long	12:00	2	15	30	1250.370	-0.444	19	1993.442	-0.254	4985.078	-0.444	66.328	345.715	132.206	66.328
roc40<-2%	>sma10d	long	12:00	5	3	35	1250.334	-0.758	16	1211.643	-0.548	3029.916	-0.758	66.325	160.253	93.488	66.325
rsi7<35	down3d	long	10:30	3	10	58	1316.173	-0.659	30	800.584	-0.600	2107.414	-0.659	71.131	66.310	69.390	66.310
rsi5<25	<sma10d	long	09:30	5	8	41	1249.856	-0.936	24	1582.632	-0.446	3956.124	-0.936	66.290	247.339	113.349	66.290
rsi5<15	down1d	long	10:30	5	2	25	1249.681	-0.445	16	840.865	-0.318	2101.626	-0.445	66.277	75.371	69.219	66.277
rsi3<25	>sma50d	long	09:30	2	10	49	1249.556	-0.236	43	863.393	-0.408	2157.715	-0.408	66.267	80.453	70.860	66.267
kelt40<-1.0	down5d	long	15:55	2	0	60	1249.419	-0.627	38	2109.262	-0.609	5270.705	-0.627	66.257	373.764	136.994	66.257
roc78<-2%	>sma10d	long	15:55	3	15	41	1249.170	-0.520	21	1633.101	-0.480	4080.042	-0.520	66.239	259.324	115.774	66.239
rsi5<30	>sma50d	long	12:00	5	4	47	1249.014	-0.628	33	854.335	-0.634	2134.153	-0.634	66.227	78.408	70.174	66.227
macd12/26/9<-0.2%	<sma20d	long	12:00	2	15	26	1248.824	-0.603	13	1482.529	-0.024	3702.836	-0.603	66.213	223.660	108.240	66.213
roc20<-2%	down3d	long	12:00	3	15	27	3785.549	-0.212	28	800.108	-0.734	6057.698	-0.734	207.619	66.203	149.390	66.203
bb20<-1.5sd	<sma20d	long	15:55	4	4	34	1248.660	-0.562	22	1059.684	-0.809	2646.372	-0.809	66.201	125.168	84.128	66.201
bb40>+2.0sd	>sma20d	short	12:00	2	2	27	1248.584	-0.263	21	856.867	-0.253	2139.741	-0.263	66.196	78.980	70.337	66.196
kelt40<-2.0	<sma100d	long	15:55	3	10	35	1248.581	-0.690	13	1668.424	-0.305	4166.326	-0.690	66.195	267.729	117.434	66.195
kelt20>+2.0	>sma20d	short	15:55	4	4	28	1976.824	-0.474	25	799.962	-0.655	3162.769	-0.655	114.481	66.171	96.554	66.171
rsi3>75	>sma20d	short	12:00	2	2	83	1248.212	-0.433	51	1138.986	-0.303	2843.391	-0.433	66.168	143.430	89.036	66.168
rsi5<30	>sma50d	long	09:30	2	15	47	1248.137	-0.242	33	1434.763	-0.266	3581.564	-0.266	66.163	212.406	105.715	66.163
rsi5<30	>sma50d	long	09:30	2	0	47	1248.137	-0.242	33	1434.763	-0.266	3581.564	-0.266	66.163	212.406	105.715	66.163
rsi5<30	>sma50d	long	09:30	2	10	47	1248.137	-0.242	33	1530.549	-0.217	3820.670	-0.242	66.163	235.003	110.644	66.163
rsi2<15	down3d	long	15:55	3	10	61	1248.087	-0.760	33	2535.466	-0.711	6328.965	-0.760	66.159	478.007	153.425	66.159
bb10>+1.5sd	>sma50d	short	12:00	3	2	46	1248.036	-0.404	37	862.843	-0.358	2153.719	-0.415	66.155	80.329	70.744	66.155
kelt40<-1.5	down5d	long	10:30	2	0	46	1247.863	-0.542	31	914.518	-0.548	2282.385	-0.548	66.142	92.027	74.412	66.142
rsi5<35	down5d	long	10:30	4	2	54	1270.828	-0.333	36	799.805	-0.662	2032.829	-0.662	67.833	66.135	67.169	66.135
roc78<-1%	up1d	long	10:30	5	10	32	1247.748	-0.467	22	1355.381	-0.860	3382.349	-0.860	66.134	193.770	101.447	66.134
macd5/18/4<-0.0%	none	long	12:00	2	10	198	1247.537	-0.808	116	1145.197	-0.627	2857.353	-0.808	66.118	144.865	89.376	66.118
bb40<-1.5sd	down5d	long	12:00	4	15	34	2735.617	-0.604	27	799.703	-0.821	4375.362	-0.821	156.865	66.112	121.369	66.112
rsi14<35	<sma20d	long	12:00	2	15	36	1247.346	-0.355	22	2744.284	-0.052	6846.142	-0.355	66.104	529.615	160.824	66.104
rsi2<10	>sma100d	long	12:00	2	10	37	1303.965	-0.223	50	799.652	-0.625	2085.436	-0.625	70.248	66.101	68.741	66.101
macd12/26/9<-0.1%	>sma50d	long	09:30	5	5	31	1247.289	-0.451	33	13045.236	-0.388	32542.362	-0.451	66.100	3293.755	361.707	66.100
rsi5>85	>sma50d	short	12:00	5	8	31	1247.236	-0.499	27	2110.649	-0.694	5264.955	-0.694	66.096	374.100	136.900	66.096
rsi3<20	<sma10d	long	12:00	2	0	36	1247.184	-0.290	28	921.244	-0.628	2297.921	-0.628	66.092	93.554	74.846	66.092
macd8/18/4<-0.0%	<sma100d	long	15:55	2	15	103	1247.053	-0.760	30	1616.760	-0.512	4032.370	-0.760	66.083	255.440	114.847	66.083
bb40>+2.0sd	up3d	short	15:55	4	3	25	4491.752	-0.430	21	799.552	-0.456	7182.780	-0.456	238.259	66.079	165.451	66.079
kelt40<-1.5	down5d	long	12:00	3	15	46	1246.396	-0.807	31	1398.801	-0.682	3486.921	-0.807	66.034	203.953	103.707	66.034
bb20<-1.5sd	<sma10d	long	10:30	2	10	34	1246.171	-0.303	19	1373.481	-0.208	3423.185	-0.303	66.017	198.012	102.335	66.017
rsi5<25	<sma20d	long	12:00	3	0	37	1279.865	-0.410	27	799.263	-0.783	2045.898	-0.783	68.494	66.014	67.561	66.014
bb40<-1.0sd	down5d	long	10:30	4	0	49	2028.751	-0.876	37	799.208	-0.891	3242.788	-0.891	117.590	66.001	98.361	66.001
bb40<-1.5sd	>sma50d	long	12:00	3	4	39	1245.753	-0.255	26	2162.317	-0.359	5387.426	-0.359	65.986	386.654	138.904	65.986
rsi2<20	down5d	long	09:30	2	0	57	1430.366	-0.609	36	799.079	-0.509	2285.951	-0.609	79.220	65.972	74.512	65.972
macd12/26/9<-0.0%	down5d	long	10:30	3	10	94	1245.480	-0.913	44	1614.116	-0.469	4020.698	-0.913	65.966	254.812	114.619	65.966
rsi2<10	>sma100d	long	10:30	3	3	37	1245.187	-0.334	50	1493.249	-0.488	3718.748	-0.488	65.945	226.190	108.567	65.945
macd5/18/4<-0.0%	up1d	long	09:30	2	10	104	1244.923	-0.503	75	1789.850	-0.364	4456.450	-0.503	65.925	296.733	122.863	65.925
bb40<-1.0sd	<sma10d	long	15:55	2	10	45	1244.922	-0.581	37	1114.346	-0.599	2774.549	-0.599	65.925	137.744	87.346	65.925
macd8/18/4<-0.0%	up1d	long	10:30	2	0	106	1244.894	-0.510	75	1929.533	-0.535	4804.126	-0.535	65.923	330.294	129.082	65.923
rsi5>85	>sma50d	short	15:55	3	6	31	1244.862	-0.418	27	1204.975	-0.526	3000.053	-0.526	65.920	158.706	92.787	65.920
bb20<-1.5sd	down3d	long	15:55	2	6	43	1244.584	-0.415	22	1877.108	-0.243	4672.436	-0.415	65.900	317.674	126.761	65.900
macd8/18/4<-0.0%	down3d	long	12:00	2	10	99	1244.561	-0.587	53	2224.571	-0.460	5537.226	-0.587	65.898	401.812	141.316	65.898
rsi2<10	>sma50d	long	10:30	3	10	57	1244.298	-0.561	43	1417.962	-0.722	3528.734	-0.722	65.879	208.455	104.598	65.879
rsi2<10	>sma50d	long	10:30	3	0	57	1244.298	-0.561	43	1276.119	-0.804	3175.745	-0.804	65.879	175.250	96.849	65.879
rsi2<10	>sma50d	long	10:30	3	15	57	1244.298	-0.561	43	1133.074	-0.826	2819.763	-0.826	65.879	142.065	88.459	65.879
kelt40<-2.0	<sma10d	long	09:30	2	10	33	1351.826	-0.389	22	798.659	-0.288	2159.294	-0.389	73.689	65.878	70.906	65.878
bb40<-1.5sd	>sma100d	long	10:30	3	10	25	1244.196	-0.295	37	4719.469	-0.587	11743.887	-0.587	65.871	1031.157	217.839	65.871
bb40<-1.5sd	>sma100d	long	10:30	3	0	25	1244.196	-0.295	37	3488.296	-0.764	8680.246	-0.764	65.871	715.941	184.520	65.871
bb40<-1.5sd	>sma100d	long	10:30	3	15	25	1244.196	-0.295	37	4801.238	-0.675	11947.360	-0.675	65.871	1052.350	219.845	65.871
kelt20<-1.0	>sma100d	long	12:00	4	4	30	1244.098	-0.445	52	2437.915	-0.759	6066.011	-0.759	65.864	454.013	149.516	65.864
rsi14<30	down3d	long	15:55	2	0	31	1375.410	-0.278	17	798.570	-0.343	2196.723	-0.343	75.364	65.858	71.985	65.858
kelt20>+2.0	>sma20d	short	12:00	3	2	28	1243.613	-0.363	25	984.246	-0.358	2448.042	-0.363	65.828	107.896	78.947	65.828
rsi3<15	down5d	long	10:30	3	15	34	1243.494	-0.700	23	1665.785	-0.606	4142.787	-0.700	65.819	267.101	116.983	65.819
roc40<-3%	none	long	15:55	3	15	46	1243.493	-0.804	26	3126.048	-0.760	7774.434	-0.804	65.819	624.773	173.261	65.819
rsi2<15	down3d	long	09:30	5	15	61	1243.276	-0.968	33	3502.310	-0.754	8708.675	-0.968	65.803	719.484	184.861	65.803
bb40<-1.0sd	none	long	10:30	3	10	106	1243.169	-0.790	78	8297.811	-0.712	20631.166	-0.790	65.795	1981.378	290.712	65.795
bb20>+2.0sd	>sma50d	short	12:00	4	2	30	1243.146	-0.504	22	849.703	-0.404	2112.610	-0.542	65.794	77.363	69.543	65.794
rsi2<15	<sma20d	long	09:30	2	0	47	1242.884	-0.641	31	1128.521	-0.490	2805.242	-0.641	65.774	141.014	88.103	65.774
rsi5<15	down1d	long	09:30	5	0	25	2194.946	-0.739	16	798.195	-0.656	3503.990	-0.739	127.311	65.774	104.071	65.774
bb78>+1.5sd	up5d	short	12:00	3	3	34	1259.984	-0.301	27	798.191	-0.458	2011.414	-0.458	67.036	65.773	66.521	65.773
rsi2<10	>sma50d	long	12:00	3	0	57	1242.839	-0.658	43	817.329	-0.829	2031.616	-0.829	65.771	70.072	67.132	65.771
rsi5<30	none	long	15:55	2	15	107	1242.790	-0.573	61	2494.504	-0.584	6200.291	-0.584	65.767	467.922	151.525	65.767
bb20<-1.5sd	none	long	10:30	2	0	84	1242.692	-0.566	46	4282.866	-0.442	10644.568	-0.566	65.760	918.510	206.598	65.760
rsi3>80	>sma20d	short	12:00	4	3	70	1242.427	-0.632	48	1265.121	-0.603	3143.643	-0.632	65.740	172.688	96.117	65.740
roc20<-1%	<sma20d	long	09:30	2	10	53	1242.021	-0.535	34	1137.875	-0.432	2826.527	-0.535	65.710	143.174	88.625	65.710
bb10<-1.0sd	<sma10d	long	09:30	2	0	51	1645.455	-0.418	27	797.908	-0.301	2625.844	-0.418	93.712	65.710	83.603	65.710
kelt40<-2.0	<sma10d	long	09:30	5	10	33	2694.905	-0.805	22	797.888	-0.638	4300.464	-0.805	154.736	65.705	119.973	65.705
roc6>+1%	up3d	short	12:00	2	2	46	1241.778	-0.233	32	828.585	-0.251	2057.838	-0.251	65.692	72.605	67.919	65.692
bb40<-1.0sd	>sma100d	long	15:55	4	4	31	1241.687	-0.458	57	3914.953	-0.711	9722.297	-0.711	65.685	824.299	196.586	65.685
bb40<-1.5sd	none	long	10:30	3	10	76	1241.657	-0.766	53	11917.009	-0.585	29593.667	-0.766	65.683	2977.717	345.917	65.683
kelt40<-1.5	<sma20d	long	09:30	2	0	41	1241.544	-0.454	33	1290.426	-0.376	3204.242	-0.454	65.675	178.586	97.494	65.675
roc6<-1%	<sma10d	long	09:30	3	15	43	1408.710	-0.811	26	797.710	-0.603	2247.483	-0.811	77.709	65.665	73.431	65.665
roc6<-1%	<sma10d	long	09:30	3	0	43	2471.796	-0.669	26	797.710	-0.603	3943.551	-0.669	142.805	65.665	113.101	65.665
bb40>+2.0sd	>sma20d	short	15:55	2	3	27	1479.581	-0.340	21	797.678	-0.303	2360.459	-0.340	82.617	65.658	76.575	65.658
rsi2<15	down5d	long	09:30	2	15	52	1377.219	-0.685	33	797.668	-0.509	2197.125	-0.685	75.492	65.656	71.997	65.656
rsi2<15	down5d	long	09:30	2	0	52	1710.307	-0.609	33	797.668	-0.509	2728.512	-0.609	97.914	65.656	86.201	65.656
macd12/26/9<-0.2%	<sma20d	long	15:55	2	10	26	1241.279	-0.553	13	1239.385	-0.204	3076.846	-0.553	65.655	166.698	94.580	65.655
roc10<-2%	down3d	long	12:00	1	15	26	1241.164	-0.151	19	966.313	-0.214	2398.706	-0.214	65.647	103.806	77.618	65.647
bb10<-1.0sd	up1d	long	09:30	4	0	54	1349.168	-0.444	40	797.583	-0.782	2152.148	-0.782	73.499	65.637	70.698	65.637
bb10<-1.0sd	up1d	long	09:30	4	15	54	1349.168	-0.444	40	797.583	-0.782	2152.148	-0.782	73.499	65.637	70.698	65.637
bb78>+1.5sd	up5d	short	12:00	4	3	34	1545.040	-0.388	27	797.553	-0.567	2464.502	-0.567	87.059	65.630	79.387	65.630
bb40<-1.5sd	up1d	long	15:55	5	10	31	1240.886	-0.638	27	9411.176	-0.761	23356.395	-0.761	65.626	2284.733	308.880	65.626
bb40<-1.5sd	up1d	long	15:55	5	0	31	1240.886	-0.638	27	6305.351	-0.840	15648.445	-0.840	65.626	1446.971	253.082	65.626
bb40<-1.5sd	up1d	long	15:55	5	15	31	1240.886	-0.638	27	2336.211	-0.941	5797.943	-0.941	65.626	429.080	145.418	65.626
kelt40>+2.0	up5d	short	15:55	4	2	51	2056.155	-0.542	37	797.520	-0.557	3279.647	-0.557	119.217	65.622	99.184	65.622
roc40<-2%	>sma10d	long	10:30	3	5	35	1240.565	-0.550	16	889.639	-0.441	2207.309	-0.550	65.602	86.388	72.288	65.602
macd5/18/4<-0.1%	<sma10d	long	09:30	3	10	46	1240.550	-0.700	27	853.217	-0.619	2116.916	-0.700	65.601	78.156	69.669	65.601
roc10<-1%	down5d	long	12:00	2	15	46	1240.453	-0.618	31	1081.795	-0.542	2683.831	-0.618	65.594	130.249	85.079	65.594
roc10<-1%	down3d	long	15:55	2	15	53	1240.357	-0.571	32	5071.488	-0.362	12580.917	-0.571	65.587	1122.598	225.957	65.587
macd5/18/4<-0.0%	down3d	long	15:55	1	0	95	1240.240	-0.309	54	1178.846	-0.282	2924.104	-0.309	65.578	152.649	90.984	65.578
roc156<-1%	>sma10d	long	12:00	4	4	58	1240.087	-0.861	26	2088.615	-0.456	5180.126	-0.861	65.567	368.754	135.494	65.567
kelt20<-1.5	down3d	long	15:55	5	6	39	1438.938	-0.761	21	797.272	-0.670	2294.449	-0.810	79.815	65.567	74.750	65.567
macd12/26/9<-0.0%	down5d	long	09:30	1	10	94	1240.061	-0.434	44	841.445	-0.194	2086.885	-0.434	65.565	75.501	68.784	65.565
rsi3<20	down5d	long	09:30	3	8	39	1240.023	-0.672	29	1366.859	-0.369	3389.871	-0.672	65.562	196.459	101.611	65.562
rsi3<30	<sma20d	long	09:30	3	15	49	1428.760	-0.808	35	797.250	-0.637	2278.157	-0.808	79.108	65.562	74.294	65.562
rsi3<30	<sma20d	long	09:30	3	0	49	2506.977	-0.664	35	797.250	-0.637	3997.374	-0.664	144.717	65.562	114.162	65.562
